Date,Time,Instrument,StudyTimeframe,HigherTimeframeCandleOpenTime,Open,High,Low,Close,Range,Level50,Level25,FirstLevel50TouchTime,Outcome,OutcomeTime,MinutesFromLevel50ToOutcome,MaximumPriceAfterLevel50,MinimumPriceAfterLevel50,SessionTemplate,DataResolution
2026-01-01,18:45:00,NQ SEP26,15m,2026-01-01 18:45:00,25976.00,25989.00,25969.25,25983.00,19.75,25979.13,25974.19,2026-01-01 19:08:00,UP,2026-01-01 19:08:00,0,25989.25,25971.50,CME US Index Futures ETH,1-Minute
2026-01-01,19:00:00,NQ SEP26,15m,2026-01-01 19:00:00,25982.25,25995.00,25979.25,25988.00,15.75,25987.13,25983.19,2026-01-01 19:15:00,DOWN,2026-01-01 19:15:00,0,25978.75,25974.00,CME US Index Futures ETH,1-Minute
2026-01-01,22:15:00,NQ SEP26,15m,2026-01-01 22:15:00,26094.25,26099.75,26087.00,26095.25,12.75,26093.38,26090.19,2026-01-01 22:32:00,DOWN,2026-01-01 22:33:00,1,26094.25,26087.00,CME US Index Futures ETH,1-Minute
2026-01-01,23:15:00,NQ SEP26,15m,2026-01-01 23:15:00,26116.50,26124.25,26110.50,26120.25,13.75,26117.38,26113.94,2026-01-01 23:30:00,DOWN,2026-01-01 23:36:00,6,26121.50,26109.00,CME US Index Futures ETH,1-Minute
2026-01-01,23:30:00,NQ SEP26,15m,2026-01-01 23:30:00,26119.00,26129.25,26112.25,26120.25,17.00,26120.75,26116.50,2026-01-01 23:58:00,UNRESOLVED,,,26119.50,26116.00,CME US Index Futures ETH,1-Minute
2026-01-01,23:45:00,NQ SEP26,15m,2026-01-01 23:45:00,26120.25,26125.50,26108.25,26123.50,17.25,26116.88,26112.56,2026-01-02 00:03:00,DOWN,2026-01-02 00:05:00,2,26115.50,26107.25,CME US Index Futures ETH,1-Minute
2026-01-02,00:30:00,NQ SEP26,15m,2026-01-02 00:30:00,26113.25,26124.25,26113.00,26121.25,11.25,26118.63,26115.81,2026-01-02 00:45:00,DOWN,2026-01-02 00:45:00,0,26113.75,26112.50,CME US Index Futures ETH,1-Minute
2026-01-02,01:15:00,NQ SEP26,15m,2026-01-02 01:15:00,26129.25,26135.00,26125.00,26131.00,10.00,26130.00,26127.50,2026-01-02 01:31:00,UP,2026-01-02 01:41:00,10,26139.50,26125.50,CME US Index Futures ETH,1-Minute
2026-01-02,01:45:00,NQ SEP26,15m,2026-01-02 01:45:00,26130.50,26141.00,26125.50,26137.75,15.50,26133.25,26129.38,2026-01-02 02:00:00,DOWN,2026-01-02 02:14:00,14,26138.50,26122.75,CME US Index Futures ETH,1-Minute
2026-01-02,02:30:00,NQ SEP26,15m,2026-01-02 02:30:00,26122.25,26133.75,26115.75,26128.25,18.00,26124.75,26120.25,2026-01-02 02:50:00,UP,2026-01-02 02:59:00,9,26134.00,26118.00,CME US Index Futures ETH,1-Minute
2026-01-02,02:45:00,NQ SEP26,15m,2026-01-02 02:45:00,26128.25,26134.75,26125.75,26131.25,9.00,26130.25,26128.00,2026-01-02 03:01:00,UP,2026-01-02 03:01:00,0,26143.75,26128.00,CME US Index Futures ETH,1-Minute
2026-01-02,05:00:00,NQ SEP26,15m,2026-01-02 05:00:00,26221.25,26228.00,26212.75,26224.00,15.25,26220.38,26216.56,2026-01-02 05:15:00,DOWN,2026-01-02 05:22:00,7,26227.25,26212.25,CME US Index Futures ETH,1-Minute
2026-01-02,06:00:00,NQ SEP26,15m,2026-01-02 06:00:00,26213.50,26227.50,26213.00,26221.75,14.50,26220.25,26216.63,2026-01-02 06:19:00,DOWN,2026-01-02 06:21:00,2,26222.75,26211.25,CME US Index Futures ETH,1-Minute
2026-01-02,06:15:00,NQ SEP26,15m,2026-01-02 06:15:00,26221.25,26233.75,26220.50,26226.00,13.25,26227.13,26223.81,2026-01-02 06:30:00,DOWN,2026-01-02 06:30:00,0,26209.00,26205.25,CME US Index Futures ETH,1-Minute
2026-01-02,06:45:00,NQ SEP26,15m,2026-01-02 06:45:00,26208.25,26220.00,26208.25,26218.75,11.75,26214.13,26211.19,2026-01-02 07:01:00,DOWN,2026-01-02 07:02:00,1,26218.25,26203.25,CME US Index Futures ETH,1-Minute
2026-01-02,07:00:00,NQ SEP26,15m,2026-01-02 07:00:00,26218.00,26220.25,26207.50,26218.25,12.75,26213.88,26210.69,2026-01-02 07:15:00,DOWN,2026-01-02 07:15:00,0,26183.75,26177.25,CME US Index Futures ETH,1-Minute
2026-01-02,07:45:00,NQ SEP26,15m,2026-01-02 07:45:00,26186.25,26196.50,26178.50,26194.25,18.00,26187.50,26183.00,2026-01-02 08:25:00,DOWN,2026-01-02 08:51:00,26,26194.00,26176.75,CME US Index Futures ETH,1-Minute
2026-01-02,09:45:00,NQ SEP26,15m,2026-01-02 09:45:00,26177.50,26224.50,26129.25,26181.75,95.25,26176.88,26153.06,2026-01-02 10:12:00,DOWN,2026-01-02 10:13:00,1,26180.50,26108.75,CME US Index Futures ETH,1-Minute
2026-01-02,10:00:00,NQ SEP26,15m,2026-01-02 10:00:00,26182.00,26294.75,26180.25,26224.00,114.50,26237.50,26208.88,2026-01-02 10:15:00,DOWN,2026-01-02 10:15:00,0,26118.50,26084.50,CME US Index Futures ETH,1-Minute
2026-01-02,10:45:00,NQ SEP26,15m,2026-01-02 10:45:00,25981.00,26095.50,25959.00,26073.25,136.50,26027.25,25993.13,2026-01-02 11:00:00,DOWN,2026-01-02 11:00:00,0,25877.25,25851.50,CME US Index Futures ETH,1-Minute
2026-01-02,11:15:00,NQ SEP26,15m,2026-01-02 11:15:00,25866.75,25872.50,25784.75,25869.75,87.75,25828.63,25806.69,2026-01-02 11:53:00,UP,2026-01-02 12:13:00,20,25875.75,25794.50,CME US Index Futures ETH,1-Minute
2026-01-02,12:15:00,NQ SEP26,15m,2026-01-02 12:15:00,25832.25,25894.25,25806.25,25888.00,88.00,25850.25,25828.25,2026-01-02 12:49:00,DOWN,2026-01-02 12:59:00,10,25858.25,25804.75,CME US Index Futures ETH,1-Minute
2026-01-02,13:30:00,NQ SEP26,15m,2026-01-02 13:30:00,25806.75,25854.75,25796.25,25823.50,58.50,25825.50,25810.88,2026-01-02 13:49:00,DOWN,2026-01-02 13:50:00,1,25833.25,25773.75,CME US Index Futures ETH,1-Minute
2026-01-02,13:45:00,NQ SEP26,15m,2026-01-02 13:45:00,25823.75,25838.75,25806.50,25830.25,32.25,25822.63,25814.56,2026-01-02 14:00:00,DOWN,2026-01-02 14:00:00,0,25786.75,25765.00,CME US Index Futures ETH,1-Minute
2026-01-02,14:45:00,NQ SEP26,15m,2026-01-02 14:45:00,25901.75,25948.00,25900.75,25925.50,47.25,25924.38,25912.56,2026-01-02 15:00:00,DOWN,2026-01-02 15:00:00,0,25892.25,25878.25,CME US Index Futures ETH,1-Minute
2026-01-02,15:30:00,NQ SEP26,15m,2026-01-02 15:30:00,25912.25,25941.50,25906.50,25923.00,35.00,25924.00,25915.25,2026-01-02 15:45:00,DOWN,2026-01-02 15:45:00,0,25897.25,25882.25,CME US Index Futures ETH,1-Minute
2026-01-02,16:15:00,NQ SEP26,15m,2026-01-02 16:15:00,25875.50,25906.00,25872.50,25887.50,33.50,25889.25,25880.88,2026-01-02 16:50:00,DOWN,2026-01-02 16:53:00,3,25883.75,25870.25,CME US Index Futures ETH,1-Minute
2026-01-02,16:45:00,NQ SEP26,15m,2026-01-02 16:45:00,25886.00,25892.25,25885.25,25890.25,7.00,25888.75,25887.00,2026-01-02 17:00:00,DOWN,2026-01-02 17:00:00,0,25887.50,25881.00,CME US Index Futures ETH,1-Minute
2026-01-04,18:30:00,NQ SEP26,15m,2026-01-04 18:30:00,25916.00,25954.25,25912.25,25950.25,42.00,25933.25,25922.75,2026-01-04 18:45:00,DOWN,2026-01-04 18:46:00,1,25929.00,25908.50,CME US Index Futures ETH,1-Minute
2026-01-04,19:30:00,NQ SEP26,15m,2026-01-04 19:30:00,25944.75,25970.50,25944.25,25960.25,26.25,25957.38,25950.81,2026-01-04 19:45:00,DOWN,2026-01-04 19:45:00,0,25946.75,25942.00,CME US Index Futures ETH,1-Minute
2026-01-04,20:00:00,NQ SEP26,15m,2026-01-04 20:00:00,25943.75,25962.25,25943.50,25957.75,18.75,25952.88,25948.19,2026-01-04 20:15:00,DOWN,2026-01-04 20:22:00,7,25957.25,25941.00,CME US Index Futures ETH,1-Minute
2026-01-04,20:30:00,NQ SEP26,15m,2026-01-04 20:30:00,25955.75,25960.75,25941.00,25959.75,19.75,25950.88,25945.94,2026-01-04 20:51:00,UNRESOLVED,,,25958.75,25943.00,CME US Index Futures ETH,1-Minute
2026-01-04,20:45:00,NQ SEP26,15m,2026-01-04 20:45:00,25959.50,25977.00,25954.75,25969.25,22.25,25965.88,25960.31,2026-01-04 21:00:00,DOWN,2026-01-04 21:00:00,0,25952.75,25948.75,CME US Index Futures ETH,1-Minute
2026-01-04,21:15:00,NQ SEP26,15m,2026-01-04 21:15:00,25950.25,25974.25,25950.00,25960.50,24.25,25962.13,25956.06,2026-01-04 21:31:00,DOWN,2026-01-04 21:32:00,1,25957.75,25950.00,CME US Index Futures ETH,1-Minute
2026-01-04,22:00:00,NQ SEP26,15m,2026-01-04 22:00:00,25957.00,25971.00,25957.00,25965.00,14.00,25964.00,25960.50,2026-01-04 22:18:00,DOWN,2026-01-04 22:37:00,19,25968.25,25956.00,CME US Index Futures ETH,1-Minute
2026-01-04,22:30:00,NQ SEP26,15m,2026-01-04 22:30:00,25963.00,25968.25,25958.25,25965.75,10.00,25963.25,25960.75,2026-01-04 22:45:00,DOWN,2026-01-04 22:45:00,0,25960.25,25956.00,CME US Index Futures ETH,1-Minute
2026-01-05,00:00:00,NQ SEP26,15m,2026-01-05 00:00:00,25972.25,25982.75,25972.25,25978.50,10.50,25977.50,25974.88,2026-01-05 00:15:00,DOWN,2026-01-05 00:15:00,0,25965.50,25960.75,CME US Index Futures ETH,1-Minute
2026-01-05,01:00:00,NQ SEP26,15m,2026-01-05 01:00:00,25973.00,25988.00,25970.75,25986.25,17.25,25979.38,25975.06,2026-01-05 01:28:00,UNRESOLVED,,,25980.00,25974.25,CME US Index Futures ETH,1-Minute
2026-01-05,01:15:00,NQ SEP26,15m,2026-01-05 01:15:00,25985.50,25993.00,25982.25,25986.25,10.75,25987.63,25984.94,2026-01-05 01:30:00,DOWN,2026-01-05 01:30:00,0,25977.75,25969.00,CME US Index Futures ETH,1-Minute
2026-01-05,02:00:00,NQ SEP26,15m,2026-01-05 02:00:00,25980.25,25998.25,25979.25,25997.25,19.00,25988.75,25984.00,2026-01-05 02:15:00,DOWN,2026-01-05 02:18:00,3,25986.25,25977.25,CME US Index Futures ETH,1-Minute
2026-01-05,03:30:00,NQ SEP26,15m,2026-01-05 03:30:00,26012.75,26047.75,26009.00,26028.50,38.75,26028.38,26018.69,2026-01-05 03:45:00,DOWN,2026-01-05 03:45:00,0,26014.00,26008.25,CME US Index Futures ETH,1-Minute
2026-01-05,04:15:00,NQ SEP26,15m,2026-01-05 04:15:00,26002.25,26023.25,25997.50,26014.25,25.75,26010.38,26003.94,2026-01-05 04:30:00,DOWN,2026-01-05 04:30:00,0,25993.75,25989.50,CME US Index Futures ETH,1-Minute
2026-01-05,05:30:00,NQ SEP26,15m,2026-01-05 05:30:00,26032.50,26046.00,26031.00,26035.25,15.00,26038.50,26034.75,2026-01-05 05:45:00,UP,2026-01-05 05:49:00,4,26048.75,26031.75,CME US Index Futures ETH,1-Minute
2026-01-05,06:15:00,NQ SEP26,15m,2026-01-05 06:15:00,26045.25,26054.25,26035.00,26045.50,19.25,26044.63,26039.81,2026-01-05 06:30:00,UP,2026-01-05 06:36:00,6,26055.25,26039.00,CME US Index Futures ETH,1-Minute
2026-01-05,07:00:00,NQ SEP26,15m,2026-01-05 07:00:00,26057.25,26068.00,26056.75,26058.50,11.25,26062.38,26059.56,2026-01-05 07:15:00,UP,2026-01-05 07:21:00,6,26069.75,26057.00,CME US Index Futures ETH,1-Minute
2026-01-05,07:15:00,NQ SEP26,15m,2026-01-05 07:15:00,26058.50,26079.25,26053.00,26061.50,26.25,26066.13,26059.56,2026-01-05 07:30:00,DOWN,2026-01-05 07:30:00,0,26052.75,26049.00,CME US Index Futures ETH,1-Minute
2026-01-05,08:00:00,NQ SEP26,15m,2026-01-05 08:00:00,26042.75,26054.50,26035.50,26048.25,19.00,26045.00,26040.25,2026-01-05 08:21:00,DOWN,2026-01-05 08:21:00,0,26042.75,26035.00,CME US Index Futures ETH,1-Minute
2026-01-05,08:15:00,NQ SEP26,15m,2026-01-05 08:15:00,26049.25,26063.25,26036.00,26053.00,27.25,26049.63,26042.81,2026-01-05 08:30:00,DOWN,2026-01-05 08:30:00,0,26032.25,26025.25,CME US Index Futures ETH,1-Minute
2026-01-05,09:15:00,NQ SEP26,15m,2026-01-05 09:15:00,26067.00,26107.75,26066.50,26097.75,41.25,26087.13,26076.81,2026-01-05 09:35:00,DOWN,2026-01-05 09:36:00,1,26101.00,26062.75,CME US Index Futures ETH,1-Minute
2026-01-05,09:30:00,NQ SEP26,15m,2026-01-05 09:30:00,26098.25,26138.00,26097.50,26133.75,40.50,26117.75,26107.63,2026-01-05 09:45:00,DOWN,2026-01-05 09:45:00,0,26104.25,26076.75,CME US Index Futures ETH,1-Minute
2026-01-05,10:30:00,NQ SEP26,15m,2026-01-05 10:30:00,26130.50,26174.75,26116.75,26164.00,58.00,26145.75,26131.25,2026-01-05 10:45:00,UP,2026-01-05 11:09:00,24,26177.50,26128.00,CME US Index Futures ETH,1-Minute
2026-01-05,11:30:00,NQ SEP26,15m,2026-01-05 11:30:00,26163.50,26181.50,26159.25,26174.75,22.25,26170.38,26164.81,2026-01-05 11:56:00,DOWN,2026-01-05 11:57:00,1,26174.75,26157.00,CME US Index Futures ETH,1-Minute
2026-01-05,12:15:00,NQ SEP26,15m,2026-01-05 12:15:00,26150.00,26164.50,26134.75,26162.00,29.75,26149.63,26142.19,2026-01-05 12:30:00,DOWN,2026-01-05 12:30:00,0,26123.50,26109.50,CME US Index Futures ETH,1-Minute
2026-01-05,13:00:00,NQ SEP26,15m,2026-01-05 13:00:00,26104.50,26126.00,26101.25,26117.75,24.75,26113.63,26107.44,2026-01-05 13:15:00,DOWN,2026-01-05 13:15:00,0,26089.25,26083.25,CME US Index Futures ETH,1-Minute
2026-01-05,13:45:00,NQ SEP26,15m,2026-01-05 13:45:00,26096.25,26111.50,26080.00,26108.75,31.50,26095.75,26087.88,2026-01-05 14:12:00,DOWN,2026-01-05 14:28:00,16,26098.50,26078.75,CME US Index Futures ETH,1-Minute
2026-01-05,15:30:00,NQ SEP26,15m,2026-01-05 15:30:00,26091.00,26096.25,26083.75,26091.50,12.50,26090.00,26086.88,2026-01-05 15:52:00,DOWN,2026-01-05 15:53:00,1,26093.50,26079.00,CME US Index Futures ETH,1-Minute
2026-01-05,16:30:00,NQ SEP26,15m,2026-01-05 16:30:00,26070.25,26079.50,26067.75,26075.50,11.75,26073.63,26070.69,2026-01-05 16:45:00,DOWN,2026-01-05 17:00:00,15,26075.75,26067.25,CME US Index Futures ETH,1-Minute
2026-01-05,18:15:00,NQ SEP26,15m,2026-01-05 18:15:00,26074.00,26089.75,26070.00,26079.75,19.75,26079.88,26074.94,2026-01-05 18:31:00,DOWN,2026-01-05 18:31:00,0,26079.00,26060.50,CME US Index Futures ETH,1-Minute
2026-01-05,19:30:00,NQ SEP26,15m,2026-01-05 19:30:00,26047.00,26063.25,26045.25,26063.25,18.00,26054.25,26049.75,2026-01-05 19:45:00,UP,2026-01-05 20:06:00,21,26066.25,26046.25,CME US Index Futures ETH,1-Minute
2026-01-05,21:00:00,NQ SEP26,15m,2026-01-05 21:00:00,26084.75,26093.75,26081.75,26088.50,12.00,26087.75,26084.75,2026-01-05 21:15:00,UP,2026-01-05 21:24:00,9,26094.50,26083.25,CME US Index Futures ETH,1-Minute
2026-01-05,22:15:00,NQ SEP26,15m,2026-01-05 22:15:00,26114.75,26120.25,26111.75,26116.25,8.50,26116.00,26113.88,2026-01-05 22:30:00,DOWN,2026-01-05 22:50:00,20,26118.25,26108.25,CME US Index Futures ETH,1-Minute
2026-01-05,22:45:00,NQ SEP26,15m,2026-01-05 22:45:00,26114.00,26118.25,26112.00,26117.50,6.25,26115.13,26113.56,2026-01-05 23:00:00,DOWN,2026-01-05 23:00:00,0,26112.75,26111.25,CME US Index Futures ETH,1-Minute
2026-01-06,00:15:00,NQ SEP26,15m,2026-01-06 00:15:00,26138.00,26142.75,26131.50,26141.75,11.25,26137.13,26134.31,2026-01-06 00:45:00,DOWN,2026-01-06 00:47:00,2,26139.50,26129.50,CME US Index Futures ETH,1-Minute
2026-01-06,01:45:00,NQ SEP26,15m,2026-01-06 01:45:00,26152.75,26165.25,26151.50,26164.00,13.75,26158.38,26154.94,2026-01-06 02:02:00,DOWN,2026-01-06 02:02:00,0,26156.25,26147.50,CME US Index Futures ETH,1-Minute
2026-01-06,06:15:00,NQ SEP26,15m,2026-01-06 06:15:00,26084.50,26096.25,26083.25,26090.75,13.00,26089.75,26086.50,2026-01-06 06:30:00,DOWN,2026-01-06 06:30:00,0,26085.25,26083.00,CME US Index Futures ETH,1-Minute
2026-01-06,06:45:00,NQ SEP26,15m,2026-01-06 06:45:00,26083.50,26088.50,26081.50,26085.75,7.00,26085.00,26083.25,2026-01-06 07:02:00,UP,2026-01-06 07:02:00,0,26089.00,26082.50,CME US Index Futures ETH,1-Minute
2026-01-06,08:00:00,NQ SEP26,15m,2026-01-06 08:00:00,26125.00,26140.00,26123.00,26132.25,17.00,26131.50,26127.25,2026-01-06 08:15:00,DOWN,2026-01-06 08:15:00,0,26130.25,26121.50,CME US Index Futures ETH,1-Minute
2026-01-06,10:15:00,NQ SEP26,15m,2026-01-06 10:15:00,26244.00,26263.75,26217.50,26245.00,46.25,26240.63,26229.06,2026-01-06 10:37:00,UNRESOLVED,,,26251.00,26219.50,CME US Index Futures ETH,1-Minute
2026-01-06,10:30:00,NQ SEP26,15m,2026-01-06 10:30:00,26245.00,26270.00,26224.25,26263.25,45.75,26247.13,26235.69,2026-01-06 10:45:00,DOWN,2026-01-06 10:45:00,0,26227.75,26206.50,CME US Index Futures ETH,1-Minute
2026-01-06,11:30:00,NQ SEP26,15m,2026-01-06 11:30:00,26161.50,26198.75,26149.75,26167.25,49.00,26174.25,26162.00,2026-01-06 11:45:00,DOWN,2026-01-06 11:45:00,0,26158.75,26149.75,CME US Index Futures ETH,1-Minute
2026-01-06,12:45:00,NQ SEP26,15m,2026-01-06 12:45:00,26226.50,26276.50,26225.25,26259.25,51.25,26250.88,26238.06,2026-01-06 13:08:00,UNRESOLVED,,,26271.75,26236.00,CME US Index Futures ETH,1-Minute
2026-01-06,13:15:00,NQ SEP26,15m,2026-01-06 13:15:00,26250.75,26256.00,26236.00,26254.75,20.00,26246.00,26241.00,2026-01-06 13:35:00,UP,2026-01-06 13:38:00,3,26260.00,26241.00,CME US Index Futures ETH,1-Minute
2026-01-06,14:45:00,NQ SEP26,15m,2026-01-06 14:45:00,26300.00,26312.00,26297.25,26307.25,14.75,26304.63,26300.94,2026-01-06 15:00:00,DOWN,2026-01-06 15:01:00,1,26305.25,26295.00,CME US Index Futures ETH,1-Minute
2026-01-06,15:45:00,NQ SEP26,15m,2026-01-06 15:45:00,26301.00,26326.50,26298.75,26320.00,27.75,26312.63,26305.69,2026-01-06 16:00:00,UP,2026-01-06 16:00:00,0,26327.00,26302.75,CME US Index Futures ETH,1-Minute
2026-01-06,16:45:00,NQ SEP26,15m,2026-01-06 16:45:00,26313.75,26318.50,26309.50,26317.00,9.00,26314.00,26311.75,2026-01-06 18:01:00,UP,2026-01-06 18:01:00,0,26326.00,26311.50,CME US Index Futures ETH,1-Minute
2026-01-06,17:00:00,NQ SEP26,15m,2026-01-06 17:00:00,26317.00,26324.00,26316.00,26322.25,8.00,26320.00,26318.00,2026-01-06 18:17:00,DOWN,2026-01-06 18:23:00,6,26320.50,26313.50,CME US Index Futures ETH,1-Minute
2026-01-06,19:15:00,NQ SEP26,15m,2026-01-06 19:15:00,26316.25,26333.25,26311.75,26323.00,21.50,26322.50,26317.13,2026-01-06 19:31:00,DOWN,2026-01-06 19:42:00,11,26323.00,26311.75,CME US Index Futures ETH,1-Minute
2026-01-06,20:00:00,NQ SEP26,15m,2026-01-06 20:00:00,26314.75,26329.75,26314.00,26320.50,15.75,26321.88,26317.94,2026-01-06 20:16:00,DOWN,2026-01-06 20:16:00,0,26322.00,26310.25,CME US Index Futures ETH,1-Minute
2026-01-06,20:15:00,NQ SEP26,15m,2026-01-06 20:15:00,26319.75,26326.00,26317.75,26322.25,8.25,26321.88,26319.81,2026-01-06 20:30:00,DOWN,2026-01-06 20:30:00,0,26308.25,26304.75,CME US Index Futures ETH,1-Minute
2026-01-06,20:45:00,NQ SEP26,15m,2026-01-06 20:45:00,26306.75,26320.75,26302.50,26310.00,18.25,26311.63,26307.06,2026-01-06 21:01:00,UP,2026-01-06 21:06:00,5,26323.75,26304.75,CME US Index Futures ETH,1-Minute
2026-01-06,22:30:00,NQ SEP26,15m,2026-01-06 22:30:00,26304.00,26313.00,26303.50,26307.50,9.50,26308.25,26305.88,2026-01-06 22:45:00,DOWN,2026-01-06 22:55:00,10,26310.75,26303.00,CME US Index Futures ETH,1-Minute
2026-01-06,23:45:00,NQ SEP26,15m,2026-01-06 23:45:00,26272.50,26281.00,26271.50,26280.25,9.50,26276.25,26273.88,2026-01-07 00:01:00,DOWN,2026-01-07 00:01:00,0,26277.75,26270.50,CME US Index Futures ETH,1-Minute
2026-01-07,01:15:00,NQ SEP26,15m,2026-01-07 01:15:00,26273.75,26289.50,26273.75,26288.50,15.75,26281.63,26277.69,2026-01-07 01:30:00,DOWN,2026-01-07 01:35:00,5,26283.75,26273.50,CME US Index Futures ETH,1-Minute
2026-01-07,02:15:00,NQ SEP26,15m,2026-01-07 02:15:00,26259.75,26267.75,26255.75,26263.25,12.00,26261.75,26258.75,2026-01-07 02:37:00,UNRESOLVED,,,26266.00,26257.50,CME US Index Futures ETH,1-Minute
2026-01-07,02:30:00,NQ SEP26,15m,2026-01-07 02:30:00,26263.00,26270.50,26262.00,26267.00,8.50,26266.25,26264.13,2026-01-07 02:45:00,DOWN,2026-01-07 02:45:00,0,26261.75,26259.75,CME US Index Futures ETH,1-Minute
2026-01-07,03:15:00,NQ SEP26,15m,2026-01-07 03:15:00,26257.00,26269.75,26250.50,26265.50,19.25,26260.13,26255.31,2026-01-07 03:51:00,DOWN,2026-01-07 03:59:00,8,26260.50,26249.25,CME US Index Futures ETH,1-Minute
2026-01-07,03:45:00,NQ SEP26,15m,2026-01-07 03:45:00,26261.75,26266.00,26256.00,26263.25,10.00,26261.00,26258.50,2026-01-07 04:00:00,DOWN,2026-01-07 04:00:00,0,26249.50,26244.50,CME US Index Futures ETH,1-Minute
2026-01-07,04:45:00,NQ SEP26,15m,2026-01-07 04:45:00,26235.25,26246.25,26231.25,26241.75,15.00,26238.75,26235.00,2026-01-07 05:03:00,UP,2026-01-07 05:05:00,2,26246.75,26235.00,CME US Index Futures ETH,1-Minute
2026-01-07,05:00:00,NQ SEP26,15m,2026-01-07 05:00:00,26242.00,26248.75,26238.75,26244.00,10.00,26243.75,26241.25,2026-01-07 05:18:00,DOWN,2026-01-07 05:20:00,2,26245.00,26238.75,CME US Index Futures ETH,1-Minute
2026-01-07,05:15:00,NQ SEP26,15m,2026-01-07 05:15:00,26243.50,26253.00,26235.00,26249.75,18.00,26244.00,26239.50,2026-01-07 05:30:00,DOWN,2026-01-07 05:30:00,0,26229.25,26225.50,CME US Index Futures ETH,1-Minute
2026-01-07,07:15:00,NQ SEP26,15m,2026-01-07 07:15:00,26259.00,26272.50,26253.50,26263.50,19.00,26263.00,26258.25,2026-01-07 07:32:00,DOWN,2026-01-07 07:34:00,2,26262.50,26244.00,CME US Index Futures ETH,1-Minute
2026-01-07,07:30:00,NQ SEP26,15m,2026-01-07 07:30:00,26262.50,26273.25,26260.50,26265.50,12.75,26266.88,26263.69,2026-01-07 07:45:00,DOWN,2026-01-07 07:45:00,0,26260.75,26257.75,CME US Index Futures ETH,1-Minute
2026-01-07,08:45:00,NQ SEP26,15m,2026-01-07 08:45:00,26266.75,26284.75,26257.00,26281.75,27.75,26270.88,26263.94,2026-01-07 09:06:00,DOWN,2026-01-07 09:06:00,0,26267.50,26256.50,CME US Index Futures ETH,1-Minute
2026-01-07,10:00:00,NQ SEP26,15m,2026-01-07 10:00:00,26345.50,26371.00,26331.50,26346.00,39.50,26351.25,26341.38,2026-01-07 10:16:00,DOWN,2026-01-07 10:16:00,0,26351.25,26325.50,CME US Index Futures ETH,1-Minute
2026-01-07,10:15:00,NQ SEP26,15m,2026-01-07 10:15:00,26348.25,26361.50,26303.25,26350.25,58.25,26332.38,26317.81,2026-01-07 10:40:00,DOWN,2026-01-07 10:40:00,0,26345.25,26301.75,CME US Index Futures ETH,1-Minute
2026-01-07,11:15:00,NQ SEP26,15m,2026-01-07 11:15:00,26396.00,26418.50,26393.75,26415.25,24.75,26406.13,26399.94,2026-01-07 11:30:00,DOWN,2026-01-07 11:30:00,0,26387.25,26370.25,CME US Index Futures ETH,1-Minute
2026-01-07,12:30:00,NQ SEP26,15m,2026-01-07 12:30:00,26466.75,26481.00,26460.50,26475.25,20.50,26470.75,26465.63,2026-01-07 12:51:00,DOWN,2026-01-07 12:52:00,1,26474.25,26459.50,CME US Index Futures ETH,1-Minute
2026-01-07,12:45:00,NQ SEP26,15m,2026-01-07 12:45:00,26475.50,26487.25,26466.00,26484.75,21.25,26476.63,26471.31,2026-01-07 13:00:00,DOWN,2026-01-07 13:00:00,0,26465.75,26457.75,CME US Index Futures ETH,1-Minute
2026-01-07,13:45:00,NQ SEP26,15m,2026-01-07 13:45:00,26421.50,26463.25,26420.00,26460.50,43.25,26441.63,26430.81,2026-01-07 14:10:00,DOWN,2026-01-07 14:10:00,0,26433.50,26418.00,CME US Index Futures ETH,1-Minute
2026-01-07,14:45:00,NQ SEP26,15m,2026-01-07 14:45:00,26390.50,26412.25,26382.75,26405.50,29.50,26397.50,26390.13,2026-01-07 15:01:00,DOWN,2026-01-07 15:13:00,12,26404.50,26381.50,CME US Index Futures ETH,1-Minute
2026-01-07,16:00:00,NQ SEP26,15m,2026-01-07 16:00:00,26324.00,26338.00,26309.25,26325.25,28.75,26323.63,26316.44,2026-01-07 16:15:00,UNRESOLVED,,,26326.50,26311.00,CME US Index Futures ETH,1-Minute
2026-01-07,16:45:00,NQ SEP26,15m,2026-01-07 16:45:00,26321.25,26323.75,26318.25,26321.50,5.50,26321.00,26319.63,2026-01-07 18:14:00,DOWN,2026-01-07 18:14:00,0,26323.00,26318.25,CME US Index Futures ETH,1-Minute
2026-01-07,17:00:00,NQ SEP26,15m,2026-01-07 17:00:00,26321.75,26330.25,26321.00,26326.75,9.25,26325.63,26323.31,2026-01-07 18:15:00,DOWN,2026-01-07 18:15:00,0,26322.00,26317.00,CME US Index Futures ETH,1-Minute
2026-01-07,18:30:00,NQ SEP26,15m,2026-01-07 18:30:00,26318.75,26328.75,26313.75,26321.00,15.00,26321.25,26317.50,2026-01-07 18:51:00,DOWN,2026-01-07 18:52:00,1,26321.50,26312.25,CME US Index Futures ETH,1-Minute
2026-01-07,18:45:00,NQ SEP26,15m,2026-01-07 18:45:00,26321.00,26326.25,26317.00,26324.50,9.25,26321.63,26319.31,2026-01-07 19:00:00,DOWN,2026-01-07 19:00:00,0,26315.00,26312.00,CME US Index Futures ETH,1-Minute
2026-01-07,20:00:00,NQ SEP26,15m,2026-01-07 20:00:00,26325.50,26334.50,26324.25,26333.50,10.25,26329.38,26326.81,2026-01-07 20:15:00,DOWN,2026-01-07 20:15:00,0,26312.00,26309.00,CME US Index Futures ETH,1-Minute
2026-01-07,21:00:00,NQ SEP26,15m,2026-01-07 21:00:00,26326.00,26331.25,26322.25,26328.75,9.00,26326.75,26324.50,2026-01-07 21:15:00,DOWN,2026-01-07 21:15:00,0,26322.25,26317.25,CME US Index Futures ETH,1-Minute
2026-01-07,22:15:00,NQ SEP26,15m,2026-01-07 22:15:00,26277.50,26286.25,26268.75,26280.75,17.50,26277.50,26273.13,2026-01-07 22:30:00,DOWN,2026-01-07 22:37:00,7,26281.50,26266.25,CME US Index Futures ETH,1-Minute
2026-01-07,23:15:00,NQ SEP26,15m,2026-01-07 23:15:00,26267.25,26276.50,26264.75,26274.25,11.75,26270.63,26267.69,2026-01-07 23:37:00,DOWN,2026-01-07 23:37:00,0,26270.50,26264.75,CME US Index Futures ETH,1-Minute
2026-01-07,23:30:00,NQ SEP26,15m,2026-01-07 23:30:00,26274.50,26285.00,26266.00,26275.00,19.00,26275.50,26270.75,2026-01-07 23:45:00,DOWN,2026-01-07 23:45:00,0,26268.25,26266.00,CME US Index Futures ETH,1-Minute
2026-01-08,00:00:00,NQ SEP26,15m,2026-01-08 00:00:00,26268.00,26272.50,26263.75,26269.50,8.75,26268.13,26265.94,2026-01-08 00:15:00,DOWN,2026-01-08 00:15:00,0,26263.25,26250.25,CME US Index Futures ETH,1-Minute
2026-01-08,00:30:00,NQ SEP26,15m,2026-01-08 00:30:00,26251.25,26259.00,26250.00,26254.50,9.00,26254.50,26252.25,2026-01-08 00:45:00,DOWN,2026-01-08 00:45:00,0,26238.75,26235.75,CME US Index Futures ETH,1-Minute
2026-01-08,02:45:00,NQ SEP26,15m,2026-01-08 02:45:00,26248.75,26270.50,26232.75,26264.00,37.75,26251.63,26242.19,2026-01-08 03:00:00,UP,2026-01-08 03:20:00,20,26271.50,26238.50,CME US Index Futures ETH,1-Minute
2026-01-08,03:45:00,NQ SEP26,15m,2026-01-08 03:45:00,26278.50,26294.50,26268.25,26291.50,26.25,26281.38,26274.81,2026-01-08 04:00:00,DOWN,2026-01-08 04:01:00,1,26277.00,26267.50,CME US Index Futures ETH,1-Minute
2026-01-08,04:15:00,NQ SEP26,15m,2026-01-08 04:15:00,26271.75,26286.50,26263.25,26275.50,23.25,26274.88,26269.06,2026-01-08 04:30:00,DOWN,2026-01-08 04:30:00,0,26263.75,26260.50,CME US Index Futures ETH,1-Minute
2026-01-08,05:00:00,NQ SEP26,15m,2026-01-08 05:00:00,26250.75,26261.00,26242.00,26261.00,19.00,26251.50,26246.75,2026-01-08 05:15:00,DOWN,2026-01-08 05:15:00,0,26242.50,26238.75,CME US Index Futures ETH,1-Minute
2026-01-08,06:15:00,NQ SEP26,15m,2026-01-08 06:15:00,26263.75,26272.00,26255.00,26264.50,17.00,26263.50,26259.25,2026-01-08 06:32:00,DOWN,2026-01-08 06:32:00,0,26271.00,26229.75,CME US Index Futures ETH,1-Minute
2026-01-08,06:30:00,NQ SEP26,15m,2026-01-08 06:30:00,26265.00,26276.75,26257.50,26270.00,19.25,26267.13,26262.31,2026-01-08 06:46:00,DOWN,2026-01-08 07:01:00,15,26276.00,26249.75,CME US Index Futures ETH,1-Minute
2026-01-08,07:30:00,NQ SEP26,15m,2026-01-08 07:30:00,26251.00,26269.00,26250.00,26265.25,19.00,26259.50,26254.75,2026-01-08 07:45:00,DOWN,2026-01-08 07:45:00,0,26252.50,26247.25,CME US Index Futures ETH,1-Minute
2026-01-08,08:30:00,NQ SEP26,15m,2026-01-08 08:30:00,26273.75,26301.25,26263.75,26295.75,37.50,26282.50,26273.13,2026-01-08 09:01:00,UP,2026-01-08 09:12:00,11,26302.00,26272.00,CME US Index Futures ETH,1-Minute
2026-01-08,10:30:00,NQ SEP26,15m,2026-01-08 10:30:00,26168.75,26204.50,26158.50,26187.75,46.00,26181.50,26170.00,2026-01-08 10:46:00,DOWN,2026-01-08 10:47:00,1,26183.00,26155.50,CME US Index Futures ETH,1-Minute
2026-01-08,11:00:00,NQ SEP26,15m,2026-01-08 11:00:00,26174.00,26183.00,26102.00,26175.25,81.00,26142.50,26122.25,2026-01-08 11:16:00,DOWN,2026-01-08 11:31:00,15,26160.75,26100.25,CME US Index Futures ETH,1-Minute
2026-01-08,12:00:00,NQ SEP26,15m,2026-01-08 12:00:00,26139.25,26170.50,26123.50,26162.25,47.00,26147.00,26135.25,2026-01-08 12:15:00,UP,2026-01-08 12:23:00,8,26171.00,26134.25,CME US Index Futures ETH,1-Minute
2026-01-08,12:45:00,NQ SEP26,15m,2026-01-08 12:45:00,26127.50,26172.50,26125.50,26164.25,47.00,26149.00,26137.25,2026-01-08 13:09:00,DOWN,2026-01-08 13:12:00,3,26148.50,26123.25,CME US Index Futures ETH,1-Minute
2026-01-08,13:00:00,NQ SEP26,15m,2026-01-08 13:00:00,26165.00,26194.75,26164.00,26171.50,30.75,26179.38,26171.69,2026-01-08 13:15:00,DOWN,2026-01-08 13:15:00,0,26120.75,26112.25,CME US Index Futures ETH,1-Minute
2026-01-08,13:30:00,NQ SEP26,15m,2026-01-08 13:30:00,26117.25,26160.25,26110.25,26149.25,50.00,26135.25,26122.75,2026-01-08 13:56:00,UNRESOLVED,,,26132.50,26117.00,CME US Index Futures ETH,1-Minute
2026-01-08,13:45:00,NQ SEP26,15m,2026-01-08 13:45:00,26149.50,26156.75,26139.25,26150.50,17.50,26148.00,26143.63,2026-01-08 14:00:00,DOWN,2026-01-08 14:00:00,0,26127.75,26115.50,CME US Index Futures ETH,1-Minute
2026-01-08,16:45:00,NQ SEP26,15m,2026-01-08 16:45:00,26186.75,26232.75,26186.75,26221.75,46.00,26209.75,26198.25,2026-01-08 18:15:00,DOWN,2026-01-08 18:29:00,14,26202.25,26186.00,CME US Index Futures ETH,1-Minute
2026-01-08,19:15:00,NQ SEP26,15m,2026-01-08 19:15:00,26166.25,26179.00,26163.25,26178.00,15.75,26171.13,26167.19,2026-01-08 19:55:00,DOWN,2026-01-08 19:56:00,1,26170.75,26160.75,CME US Index Futures ETH,1-Minute
2026-01-08,19:45:00,NQ SEP26,15m,2026-01-08 19:45:00,26176.50,26186.00,26175.00,26185.50,11.00,26180.50,26177.75,2026-01-08 20:00:00,DOWN,2026-01-08 20:00:00,0,26159.75,26155.25,CME US Index Futures ETH,1-Minute
2026-01-08,20:15:00,NQ SEP26,15m,2026-01-08 20:15:00,26157.50,26170.25,26154.50,26159.50,15.75,26162.38,26158.44,2026-01-08 20:30:00,DOWN,2026-01-08 20:30:00,0,26130.50,26126.00,CME US Index Futures ETH,1-Minute
2026-01-08,21:45:00,NQ SEP26,15m,2026-01-08 21:45:00,26179.00,26181.75,26164.50,26179.50,17.25,26173.13,26168.81,2026-01-08 22:03:00,DOWN,2026-01-08 22:06:00,3,26170.75,26160.00,CME US Index Futures ETH,1-Minute
2026-01-08,22:15:00,NQ SEP26,15m,2026-01-08 22:15:00,26173.75,26178.50,26160.00,26175.25,18.50,26169.25,26164.63,2026-01-08 22:30:00,DOWN,2026-01-08 22:35:00,5,26170.00,26157.00,CME US Index Futures ETH,1-Minute
2026-01-08,22:45:00,NQ SEP26,15m,2026-01-08 22:45:00,26163.75,26173.75,26157.00,26171.75,16.75,26165.38,26161.19,2026-01-08 23:03:00,DOWN,2026-01-08 23:05:00,2,26167.25,26155.75,CME US Index Futures ETH,1-Minute
2026-01-09,00:00:00,NQ SEP26,15m,2026-01-09 00:00:00,26164.50,26171.75,26156.50,26168.25,15.25,26164.13,26160.31,2026-01-09 00:38:00,UNRESOLVED,,,26168.00,26157.75,CME US Index Futures ETH,1-Minute
2026-01-09,00:30:00,NQ SEP26,15m,2026-01-09 00:30:00,26167.00,26174.00,26163.75,26172.00,10.25,26168.88,26166.31,2026-01-09 00:45:00,DOWN,2026-01-09 00:45:00,0,26163.50,26161.50,CME US Index Futures ETH,1-Minute
2026-01-09,01:45:00,NQ SEP26,15m,2026-01-09 01:45:00,26173.00,26187.50,26172.50,26185.25,15.00,26180.00,26176.25,2026-01-09 02:01:00,DOWN,2026-01-09 02:05:00,4,26182.75,26172.25,CME US Index Futures ETH,1-Minute
2026-01-09,03:15:00,NQ SEP26,15m,2026-01-09 03:15:00,26164.75,26191.00,26162.50,26181.00,28.50,26176.75,26169.63,2026-01-09 03:32:00,DOWN,2026-01-09 03:33:00,1,26174.00,26162.50,CME US Index Futures ETH,1-Minute
2026-01-09,03:30:00,NQ SEP26,15m,2026-01-09 03:30:00,26180.50,26192.75,26173.75,26181.50,19.00,26183.25,26178.50,2026-01-09 03:47:00,DOWN,2026-01-09 03:48:00,1,26179.75,26169.25,CME US Index Futures ETH,1-Minute
2026-01-09,05:30:00,NQ SEP26,15m,2026-01-09 05:30:00,26213.75,26229.00,26213.75,26220.50,15.25,26221.38,26217.56,2026-01-09 05:45:00,DOWN,2026-01-09 06:02:00,17,26226.50,26212.25,CME US Index Futures ETH,1-Minute
2026-01-09,06:00:00,NQ SEP26,15m,2026-01-09 06:00:00,26217.00,26226.50,26216.25,26218.75,10.25,26221.38,26218.81,2026-01-09 06:15:00,DOWN,2026-01-09 06:16:00,1,26218.00,26215.75,CME US Index Futures ETH,1-Minute
2026-01-09,06:45:00,NQ SEP26,15m,2026-01-09 06:45:00,26236.25,26258.25,26235.25,26256.50,23.00,26246.75,26241.00,2026-01-09 07:00:00,DOWN,2026-01-09 07:00:00,0,26233.75,26230.50,CME US Index Futures ETH,1-Minute
2026-01-09,08:00:00,NQ SEP26,15m,2026-01-09 08:00:00,26219.25,26240.25,26219.25,26239.75,21.00,26229.75,26224.50,2026-01-09 08:16:00,DOWN,2026-01-09 08:17:00,1,26233.25,26217.50,CME US Index Futures ETH,1-Minute
2026-01-09,08:45:00,NQ SEP26,15m,2026-01-09 08:45:00,26233.75,26296.75,26227.50,26285.25,69.25,26262.13,26244.81,2026-01-09 09:13:00,UNRESOLVED,,,26266.50,26244.00,CME US Index Futures ETH,1-Minute
2026-01-09,09:00:00,NQ SEP26,15m,2026-01-09 09:00:00,26285.50,26298.50,26273.75,26295.75,24.75,26286.13,26279.94,2026-01-09 09:15:00,DOWN,2026-01-09 09:15:00,0,26262.50,26254.50,CME US Index Futures ETH,1-Minute
2026-01-09,09:45:00,NQ SEP26,15m,2026-01-09 09:45:00,26205.25,26281.25,26139.50,26242.75,141.75,26210.38,26174.94,2026-01-09 10:07:00,DOWN,2026-01-09 10:09:00,2,26201.75,26106.50,CME US Index Futures ETH,1-Minute
2026-01-09,10:30:00,NQ SEP26,15m,2026-01-09 10:30:00,26238.25,26351.75,26223.25,26344.25,128.50,26287.50,26255.38,2026-01-09 10:46:00,UP,2026-01-09 11:09:00,23,26365.00,26252.25,CME US Index Futures ETH,1-Minute
2026-01-09,12:15:00,NQ SEP26,15m,2026-01-09 12:15:00,26401.00,26417.25,26390.00,26404.25,27.25,26403.63,26396.81,2026-01-09 12:32:00,UNRESOLVED,,,26417.00,26395.00,CME US Index Futures ETH,1-Minute
2026-01-09,12:30:00,NQ SEP26,15m,2026-01-09 12:30:00,26404.00,26413.50,26376.50,26404.50,37.00,26395.00,26385.75,2026-01-09 13:09:00,UNRESOLVED,,,26404.00,26377.25,CME US Index Futures ETH,1-Minute
2026-01-09,13:00:00,NQ SEP26,15m,2026-01-09 13:00:00,26401.50,26427.00,26396.75,26414.50,30.25,26411.88,26404.31,2026-01-09 13:15:00,DOWN,2026-01-09 13:15:00,0,26387.00,26380.25,CME US Index Futures ETH,1-Minute
2026-01-09,14:30:00,NQ SEP26,15m,2026-01-09 14:30:00,26445.50,26457.75,26445.25,26450.00,12.50,26451.50,26448.38,2026-01-09 14:56:00,DOWN,2026-01-09 14:56:00,0,26456.00,26445.00,CME US Index Futures ETH,1-Minute
2026-01-09,14:45:00,NQ SEP26,15m,2026-01-09 14:45:00,26450.25,26454.75,26443.25,26453.25,11.50,26449.00,26446.13,2026-01-09 15:00:00,DOWN,2026-01-09 15:01:00,1,26450.75,26440.50,CME US Index Futures ETH,1-Minute
2026-01-09,15:15:00,NQ SEP26,15m,2026-01-09 15:15:00,26445.25,26465.00,26440.50,26457.50,24.50,26452.75,26446.63,2026-01-09 15:43:00,UNRESOLVED,,,26454.00,26445.00,CME US Index Futures ETH,1-Minute
2026-01-09,15:30:00,NQ SEP26,15m,2026-01-09 15:30:00,26457.25,26476.50,26455.00,26458.50,21.50,26465.75,26460.38,2026-01-09 15:45:00,DOWN,2026-01-09 15:45:00,0,26453.50,26447.75,CME US Index Futures ETH,1-Minute
2026-01-09,16:15:00,NQ SEP26,15m,2026-01-09 16:15:00,26423.50,26434.00,26415.25,26424.50,18.75,26424.63,26419.94,2026-01-09 16:36:00,UNRESOLVED,,,26424.00,26416.75,CME US Index Futures ETH,1-Minute
2026-01-09,16:30:00,NQ SEP26,15m,2026-01-09 16:30:00,26423.75,26431.50,26420.50,26424.75,11.00,26426.00,26423.25,2026-01-09 16:45:00,DOWN,2026-01-09 16:45:00,0,26419.00,26415.75,CME US Index Futures ETH,1-Minute
2026-01-09,17:00:00,NQ SEP26,15m,2026-01-09 17:00:00,26416.75,26425.25,26414.25,26422.75,11.00,26419.75,26417.00,2026-01-11 18:15:00,DOWN,2026-01-11 18:15:00,0,26400.75,26391.00,CME US Index Futures ETH,1-Minute
2026-01-11,18:45:00,NQ SEP26,15m,2026-01-11 18:45:00,26393.75,26403.00,26387.50,26396.75,15.50,26395.25,26391.38,2026-01-11 19:00:00,DOWN,2026-01-11 19:00:00,0,26393.50,26385.00,CME US Index Futures ETH,1-Minute
2026-01-11,19:30:00,NQ SEP26,15m,2026-01-11 19:30:00,26352.25,26363.00,26346.25,26352.75,16.75,26354.63,26350.44,2026-01-11 19:45:00,DOWN,2026-01-11 19:45:00,0,26305.00,26294.00,CME US Index Futures ETH,1-Minute
2026-01-11,21:00:00,NQ SEP26,15m,2026-01-11 21:00:00,26261.25,26276.00,26258.25,26269.50,17.75,26267.13,26262.69,2026-01-11 21:15:00,DOWN,2026-01-11 21:15:00,0,26241.25,26236.00,CME US Index Futures ETH,1-Minute
2026-01-11,21:45:00,NQ SEP26,15m,2026-01-11 21:45:00,26231.50,26250.25,26231.50,26246.00,18.75,26240.88,26236.19,2026-01-11 22:00:00,DOWN,2026-01-11 22:02:00,2,26240.50,26229.50,CME US Index Futures ETH,1-Minute
2026-01-11,22:30:00,NQ SEP26,15m,2026-01-11 22:30:00,26235.75,26243.50,26231.50,26236.25,12.00,26237.50,26234.50,2026-01-11 22:46:00,DOWN,2026-01-11 22:46:00,0,26238.00,26229.00,CME US Index Futures ETH,1-Minute
2026-01-11,22:45:00,NQ SEP26,15m,2026-01-11 22:45:00,26236.25,26244.25,26231.25,26237.00,13.00,26237.75,26234.50,2026-01-11 23:00:00,DOWN,2026-01-11 23:00:00,0,26228.75,26225.75,CME US Index Futures ETH,1-Minute
2026-01-11,23:45:00,NQ SEP26,15m,2026-01-11 23:45:00,26219.25,26229.00,26214.75,26220.00,14.25,26221.88,26218.31,2026-01-12 00:00:00,DOWN,2026-01-12 00:01:00,1,26220.50,26213.50,CME US Index Futures ETH,1-Minute
2026-01-12,02:15:00,NQ SEP26,15m,2026-01-12 02:15:00,26209.00,26237.25,26206.75,26226.00,30.50,26222.00,26214.38,2026-01-12 02:46:00,UP,2026-01-12 03:03:00,17,26241.00,26214.25,CME US Index Futures ETH,1-Minute
2026-01-12,03:00:00,NQ SEP26,15m,2026-01-12 03:00:00,26217.50,26227.00,26214.25,26222.00,12.75,26220.63,26217.44,2026-01-12 03:15:00,DOWN,2026-01-12 03:15:00,0,26222.25,26206.50,CME US Index Futures ETH,1-Minute
2026-01-12,04:15:00,NQ SEP26,15m,2026-01-12 04:15:00,26151.00,26191.50,26151.00,26186.75,40.50,26171.25,26161.13,2026-01-12 04:34:00,UP,2026-01-12 04:58:00,24,26195.75,26157.00,CME US Index Futures ETH,1-Minute
2026-01-12,05:45:00,NQ SEP26,15m,2026-01-12 05:45:00,26196.25,26214.00,26196.00,26206.50,18.00,26205.00,26200.50,2026-01-12 06:00:00,UP,2026-01-12 06:11:00,11,26220.50,26196.25,CME US Index Futures ETH,1-Minute
2026-01-12,06:15:00,NQ SEP26,15m,2026-01-12 06:15:00,26198.50,26224.00,26196.25,26219.50,27.75,26210.13,26203.19,2026-01-12 06:31:00,UP,2026-01-12 07:06:00,35,26227.25,26201.00,CME US Index Futures ETH,1-Minute
2026-01-12,07:45:00,NQ SEP26,15m,2026-01-12 07:45:00,26220.00,26238.75,26219.25,26234.25,19.50,26229.00,26224.13,2026-01-12 08:10:00,DOWN,2026-01-12 08:11:00,1,26235.00,26219.25,CME US Index Futures ETH,1-Minute
2026-01-12,08:00:00,NQ SEP26,15m,2026-01-12 08:00:00,26233.75,26252.50,26227.25,26243.75,25.25,26239.88,26233.56,2026-01-12 08:15:00,DOWN,2026-01-12 08:15:00,0,26225.00,26221.25,CME US Index Futures ETH,1-Minute
2026-01-12,08:30:00,NQ SEP26,15m,2026-01-12 08:30:00,26222.00,26254.00,26221.50,26245.50,32.50,26237.75,26229.63,2026-01-12 09:06:00,DOWN,2026-01-12 09:17:00,11,26245.25,26215.25,CME US Index Futures ETH,1-Minute
2026-01-12,10:15:00,NQ SEP26,15m,2026-01-12 10:15:00,26392.00,26399.00,26358.50,26396.75,40.50,26378.75,26368.63,2026-01-12 10:35:00,UP,2026-01-12 10:36:00,1,26402.00,26368.50,CME US Index Futures ETH,1-Minute
2026-01-12,10:30:00,NQ SEP26,15m,2026-01-12 10:30:00,26397.00,26424.50,26376.50,26412.75,48.00,26400.50,26388.50,2026-01-12 10:45:00,DOWN,2026-01-12 10:45:00,0,26385.50,26365.75,CME US Index Futures ETH,1-Minute
2026-01-12,12:15:00,NQ SEP26,15m,2026-01-12 12:15:00,26452.00,26465.00,26442.50,26460.75,22.50,26453.75,26448.13,2026-01-12 12:31:00,DOWN,2026-01-12 12:34:00,3,26453.75,26440.25,CME US Index Futures ETH,1-Minute
2026-01-12,13:30:00,NQ SEP26,15m,2026-01-12 13:30:00,26476.50,26488.50,26466.50,26482.00,22.00,26477.50,26472.00,2026-01-12 13:46:00,DOWN,2026-01-12 13:56:00,10,26483.75,26465.75,CME US Index Futures ETH,1-Minute
2026-01-12,14:45:00,NQ SEP26,15m,2026-01-12 14:45:00,26487.25,26507.00,26486.25,26497.75,20.75,26496.63,26491.44,2026-01-12 15:11:00,UNRESOLVED,,,26499.50,26490.25,CME US Index Futures ETH,1-Minute
2026-01-12,15:00:00,NQ SEP26,15m,2026-01-12 15:00:00,26497.50,26507.50,26495.25,26505.75,12.25,26501.38,26498.31,2026-01-12 15:15:00,DOWN,2026-01-12 15:15:00,0,26494.25,26488.00,CME US Index Futures ETH,1-Minute
2026-01-12,16:30:00,NQ SEP26,15m,2026-01-12 16:30:00,26450.00,26465.00,26444.00,26462.00,21.00,26454.50,26449.25,2026-01-12 16:47:00,DOWN,2026-01-12 16:47:00,0,26459.00,26436.50,CME US Index Futures ETH,1-Minute
2026-01-12,21:15:00,NQ SEP26,15m,2026-01-12 21:15:00,26370.75,26388.75,26368.00,26381.75,20.75,26378.38,26373.19,2026-01-12 21:30:00,DOWN,2026-01-12 21:32:00,2,26373.50,26367.00,CME US Index Futures ETH,1-Minute
2026-01-12,21:45:00,NQ SEP26,15m,2026-01-12 21:45:00,26369.75,26383.25,26367.00,26378.25,16.25,26375.13,26371.06,2026-01-12 22:00:00,DOWN,2026-01-12 22:01:00,1,26369.75,26361.25,CME US Index Futures ETH,1-Minute
2026-01-12,22:15:00,NQ SEP26,15m,2026-01-12 22:15:00,26368.75,26380.25,26358.00,26376.25,22.25,26369.13,26363.56,2026-01-12 22:35:00,DOWN,2026-01-12 22:38:00,3,26364.25,26357.00,CME US Index Futures ETH,1-Minute
2026-01-12,22:30:00,NQ SEP26,15m,2026-01-12 22:30:00,26376.50,26383.25,26370.50,26376.75,12.75,26376.88,26373.69,2026-01-12 22:45:00,DOWN,2026-01-12 22:45:00,0,26362.50,26357.50,CME US Index Futures ETH,1-Minute
2026-01-12,23:30:00,NQ SEP26,15m,2026-01-12 23:30:00,26368.75,26382.75,26366.50,26375.25,16.25,26374.63,26370.56,2026-01-12 23:45:00,DOWN,2026-01-12 23:45:00,0,26364.50,26361.25,CME US Index Futures ETH,1-Minute
2026-01-13,01:30:00,NQ SEP26,15m,2026-01-13 01:30:00,26403.25,26412.00,26400.50,26408.50,11.50,26406.25,26403.38,2026-01-13 02:00:00,DOWN,2026-01-13 02:01:00,1,26410.00,26397.50,CME US Index Futures ETH,1-Minute
2026-01-13,02:00:00,NQ SEP26,15m,2026-01-13 02:00:00,26407.00,26423.75,26401.75,26408.00,22.00,26412.75,26407.25,2026-01-13 02:17:00,DOWN,2026-01-13 02:22:00,5,26411.00,26398.50,CME US Index Futures ETH,1-Minute
2026-01-13,02:15:00,NQ SEP26,15m,2026-01-13 02:15:00,26407.25,26415.25,26397.50,26415.00,17.75,26406.38,26401.94,2026-01-13 02:32:00,UNRESOLVED,,,26414.75,26400.25,CME US Index Futures ETH,1-Minute
2026-01-13,02:45:00,NQ SEP26,15m,2026-01-13 02:45:00,26405.00,26410.50,26400.25,26408.25,10.25,26405.38,26402.81,2026-01-13 03:01:00,DOWN,2026-01-13 03:01:00,0,26408.50,26399.50,CME US Index Futures ETH,1-Minute
2026-01-13,03:00:00,NQ SEP26,15m,2026-01-13 03:00:00,26408.00,26414.75,26407.25,26408.25,7.50,26411.00,26409.13,2026-01-13 03:15:00,DOWN,2026-01-13 03:15:00,0,26396.00,26392.50,CME US Index Futures ETH,1-Minute
2026-01-13,03:30:00,NQ SEP26,15m,2026-01-13 03:30:00,26392.75,26415.25,26392.00,26409.00,23.25,26403.63,26397.81,2026-01-13 03:50:00,UP,2026-01-13 04:04:00,14,26421.50,26395.25,CME US Index Futures ETH,1-Minute
2026-01-13,04:15:00,NQ SEP26,15m,2026-01-13 04:15:00,26398.00,26421.75,26398.00,26419.00,23.75,26409.88,26403.94,2026-01-13 04:42:00,DOWN,2026-01-13 04:43:00,1,26405.50,26397.25,CME US Index Futures ETH,1-Minute
2026-01-13,05:00:00,NQ SEP26,15m,2026-01-13 05:00:00,26389.00,26406.50,26384.50,26400.75,22.00,26395.50,26390.00,2026-01-13 05:15:00,DOWN,2026-01-13 05:15:00,0,26377.75,26367.00,CME US Index Futures ETH,1-Minute
2026-01-13,05:45:00,NQ SEP26,15m,2026-01-13 05:45:00,26372.50,26387.00,26371.50,26375.25,15.50,26379.25,26375.38,2026-01-13 06:00:00,DOWN,2026-01-13 06:00:00,0,26371.00,26366.75,CME US Index Futures ETH,1-Minute
2026-01-13,06:15:00,NQ SEP26,15m,2026-01-13 06:15:00,26369.50,26386.75,26367.50,26374.25,19.25,26377.13,26372.31,2026-01-13 06:31:00,DOWN,2026-01-13 06:34:00,3,26380.75,26361.50,CME US Index Futures ETH,1-Minute
2026-01-13,06:30:00,NQ SEP26,15m,2026-01-13 06:30:00,26374.00,26385.25,26371.00,26379.50,14.25,26378.13,26374.56,2026-01-13 06:45:00,DOWN,2026-01-13 06:45:00,0,26372.50,26363.50,CME US Index Futures ETH,1-Minute
2026-01-13,07:30:00,NQ SEP26,15m,2026-01-13 07:30:00,26395.00,26409.25,26394.00,26406.50,15.25,26401.63,26397.81,2026-01-13 07:52:00,DOWN,2026-01-13 07:55:00,3,26407.00,26392.75,CME US Index Futures ETH,1-Minute
2026-01-13,07:45:00,NQ SEP26,15m,2026-01-13 07:45:00,26406.00,26409.75,26400.50,26406.25,9.25,26405.13,26402.81,2026-01-13 08:00:00,DOWN,2026-01-13 08:00:00,0,26387.25,26380.00,CME US Index Futures ETH,1-Minute
2026-01-13,08:45:00,NQ SEP26,15m,2026-01-13 08:45:00,26403.00,26536.50,26396.50,26480.00,140.00,26466.50,26431.50,2026-01-13 09:31:00,UNRESOLVED,,,26533.75,26421.75,CME US Index Futures ETH,1-Minute
2026-01-13,09:45:00,NQ SEP26,15m,2026-01-13 09:45:00,26441.25,26533.75,26421.75,26482.25,112.00,26477.75,26449.75,2026-01-13 10:00:00,DOWN,2026-01-13 10:03:00,3,26460.75,26389.50,CME US Index Futures ETH,1-Minute
2026-01-13,12:00:00,NQ SEP26,15m,2026-01-13 12:00:00,26463.50,26516.75,26461.25,26499.25,55.50,26489.00,26475.13,2026-01-13 12:16:00,DOWN,2026-01-13 12:17:00,1,26487.00,26452.75,CME US Index Futures ETH,1-Minute
2026-01-13,13:15:00,NQ SEP26,15m,2026-01-13 13:15:00,26367.50,26395.00,26342.50,26395.00,52.50,26368.75,26355.63,2026-01-13 13:45:00,DOWN,2026-01-13 13:51:00,6,26372.50,26331.75,CME US Index Futures ETH,1-Minute
2026-01-13,14:30:00,NQ SEP26,15m,2026-01-13 14:30:00,26321.50,26362.25,26319.50,26357.25,42.75,26340.88,26330.19,2026-01-13 15:14:00,UNRESOLVED,,,26335.25,26329.50,CME US Index Futures ETH,1-Minute
2026-01-13,15:00:00,NQ SEP26,15m,2026-01-13 15:00:00,26348.00,26376.25,26335.25,26357.25,41.00,26355.75,26345.50,2026-01-13 15:15:00,DOWN,2026-01-13 15:15:00,0,26336.75,26331.25,CME US Index Futures ETH,1-Minute
2026-01-13,16:15:00,NQ SEP26,15m,2026-01-13 16:15:00,26395.75,26417.50,26394.75,26402.75,22.75,26406.13,26400.44,2026-01-13 16:32:00,DOWN,2026-01-13 16:43:00,11,26404.25,26391.25,CME US Index Futures ETH,1-Minute
2026-01-13,16:30:00,NQ SEP26,15m,2026-01-13 16:30:00,26401.75,26408.50,26397.50,26405.25,11.00,26403.00,26400.25,2026-01-13 16:45:00,DOWN,2026-01-13 16:45:00,0,26392.25,26389.75,CME US Index Futures ETH,1-Minute
2026-01-13,18:15:00,NQ SEP26,15m,2026-01-13 18:15:00,26391.75,26404.75,26382.00,26392.00,22.75,26393.38,26387.69,2026-01-13 18:30:00,DOWN,2026-01-13 18:30:00,0,26383.50,26379.25,CME US Index Futures ETH,1-Minute
2026-01-13,18:45:00,NQ SEP26,15m,2026-01-13 18:45:00,26382.25,26393.50,26380.75,26388.75,12.75,26387.13,26383.94,2026-01-13 19:00:00,DOWN,2026-01-13 19:01:00,1,26384.75,26373.50,CME US Index Futures ETH,1-Minute
2026-01-13,19:30:00,NQ SEP26,15m,2026-01-13 19:30:00,26406.50,26414.25,26401.50,26413.00,12.75,26407.88,26404.69,2026-01-13 19:45:00,DOWN,2026-01-13 19:52:00,7,26408.25,26401.50,CME US Index Futures ETH,1-Minute
2026-01-13,20:30:00,NQ SEP26,15m,2026-01-13 20:30:00,26394.75,26415.50,26393.75,26412.00,21.75,26404.63,26399.19,2026-01-13 20:45:00,DOWN,2026-01-13 20:45:00,0,26395.25,26390.25,CME US Index Futures ETH,1-Minute
2026-01-13,22:45:00,NQ SEP26,15m,2026-01-13 22:45:00,26407.50,26416.75,26406.25,26412.75,10.50,26411.50,26408.88,2026-01-13 23:00:00,DOWN,2026-01-13 23:00:00,0,26408.50,26406.00,CME US Index Futures ETH,1-Minute
2026-01-13,23:30:00,NQ SEP26,15m,2026-01-13 23:30:00,26388.75,26394.75,26386.50,26391.75,8.25,26390.63,26388.56,2026-01-13 23:45:00,DOWN,2026-01-13 23:45:00,0,26385.00,26381.75,CME US Index Futures ETH,1-Minute
2026-01-14,00:45:00,NQ SEP26,15m,2026-01-14 00:45:00,26355.50,26366.00,26352.25,26355.75,13.75,26359.13,26355.69,2026-01-14 01:00:00,DOWN,2026-01-14 01:00:00,0,26350.75,26347.25,CME US Index Futures ETH,1-Minute
2026-01-14,02:45:00,NQ SEP26,15m,2026-01-14 02:45:00,26350.75,26362.75,26349.25,26358.75,13.50,26356.00,26352.63,2026-01-14 03:00:00,UP,2026-01-14 03:02:00,2,26367.00,26349.75,CME US Index Futures ETH,1-Minute
2026-01-14,03:15:00,NQ SEP26,15m,2026-01-14 03:15:00,26353.25,26367.00,26349.75,26353.75,17.25,26358.38,26354.06,2026-01-14 03:30:00,DOWN,2026-01-14 03:31:00,1,26356.75,26347.50,CME US Index Futures ETH,1-Minute
2026-01-14,03:30:00,NQ SEP26,15m,2026-01-14 03:30:00,26354.00,26359.50,26342.75,26355.75,16.75,26351.13,26346.94,2026-01-14 03:45:00,DOWN,2026-01-14 03:45:00,0,26348.00,26340.25,CME US Index Futures ETH,1-Minute
2026-01-14,04:15:00,NQ SEP26,15m,2026-01-14 04:15:00,26349.50,26370.00,26345.50,26364.00,24.50,26357.75,26351.63,2026-01-14 04:39:00,DOWN,2026-01-14 04:44:00,5,26358.25,26338.75,CME US Index Futures ETH,1-Minute
2026-01-14,06:30:00,NQ SEP26,15m,2026-01-14 06:30:00,26228.75,26257.50,26225.75,26249.50,31.75,26241.63,26233.69,2026-01-14 06:59:00,DOWN,2026-01-14 07:01:00,2,26241.25,26220.25,CME US Index Futures ETH,1-Minute
2026-01-14,07:45:00,NQ SEP26,15m,2026-01-14 07:45:00,26264.75,26275.50,26261.50,26269.50,14.00,26268.50,26265.00,2026-01-14 08:02:00,DOWN,2026-01-14 08:04:00,2,26270.00,26257.00,CME US Index Futures ETH,1-Minute
2026-01-14,08:00:00,NQ SEP26,15m,2026-01-14 08:00:00,26269.25,26272.25,26260.25,26270.75,12.00,26266.25,26263.25,2026-01-14 08:15:00,DOWN,2026-01-14 08:15:00,0,26263.00,26256.50,CME US Index Futures ETH,1-Minute
2026-01-14,08:30:00,NQ SEP26,15m,2026-01-14 08:30:00,26256.75,26289.00,26243.00,26288.50,46.00,26266.00,26254.50,2026-01-14 08:45:00,DOWN,2026-01-14 08:45:00,0,26257.50,26237.00,CME US Index Futures ETH,1-Minute
2026-01-14,09:00:00,NQ SEP26,15m,2026-01-14 09:00:00,26237.50,26252.75,26223.50,26245.75,29.25,26238.13,26230.81,2026-01-14 09:29:00,DOWN,2026-01-14 09:31:00,2,26252.25,26204.50,CME US Index Futures ETH,1-Minute
2026-01-14,10:15:00,NQ SEP26,15m,2026-01-14 10:15:00,26077.25,26167.00,26021.50,26164.75,145.50,26094.25,26057.88,2026-01-14 10:44:00,DOWN,2026-01-14 10:47:00,3,26090.75,26013.75,CME US Index Futures ETH,1-Minute
2026-01-14,11:30:00,NQ SEP26,15m,2026-01-14 11:30:00,25990.75,26080.50,25981.25,26069.75,99.25,26030.88,26006.06,2026-01-14 11:45:00,DOWN,2026-01-14 11:47:00,2,26018.00,25972.75,CME US Index Futures ETH,1-Minute
2026-01-14,12:15:00,NQ SEP26,15m,2026-01-14 12:15:00,25950.50,25996.75,25934.25,25986.50,62.50,25965.50,25949.88,2026-01-14 12:33:00,UP,2026-01-14 12:47:00,14,26000.00,25937.50,CME US Index Futures ETH,1-Minute
2026-01-14,13:15:00,NQ SEP26,15m,2026-01-14 13:15:00,25940.75,25985.25,25935.75,25978.75,49.50,25960.50,25948.13,2026-01-14 13:33:00,DOWN,2026-01-14 13:34:00,1,25965.25,25931.00,CME US Index Futures ETH,1-Minute
2026-01-14,13:30:00,NQ SEP26,15m,2026-01-14 13:30:00,25979.00,25991.00,25954.00,25988.00,37.00,25972.50,25963.25,2026-01-14 13:45:00,DOWN,2026-01-14 13:45:00,0,25955.50,25942.75,CME US Index Futures ETH,1-Minute
2026-01-14,14:30:00,NQ SEP26,15m,2026-01-14 14:30:00,25992.25,26015.75,25983.75,26004.50,32.00,25999.75,25991.75,2026-01-14 14:56:00,DOWN,2026-01-14 15:00:00,4,26007.50,25983.75,CME US Index Futures ETH,1-Minute
2026-01-14,16:00:00,NQ SEP26,15m,2026-01-14 16:00:00,26078.00,26135.25,26056.25,26127.75,79.00,26095.75,26076.00,2026-01-14 16:55:00,DOWN,2026-01-14 16:55:00,0,26119.50,26044.25,CME US Index Futures ETH,1-Minute
2026-01-14,19:00:00,NQ SEP26,15m,2026-01-14 19:00:00,26082.00,26100.75,26077.75,26096.25,23.00,26089.25,26083.50,2026-01-14 19:21:00,UP,2026-01-14 19:46:00,25,26101.75,26078.25,CME US Index Futures ETH,1-Minute
2026-01-14,19:45:00,NQ SEP26,15m,2026-01-14 19:45:00,26085.00,26091.00,26085.00,26090.00,6.00,26088.00,26086.50,2026-01-14 20:00:00,AMBIGUOUS,2026-01-14 20:00:00,0,26096.50,26081.00,CME US Index Futures ETH,1-Minute
2026-01-14,20:15:00,NQ SEP26,15m,2026-01-14 20:15:00,26093.50,26134.00,26092.50,26111.25,41.50,26113.25,26102.88,2026-01-14 20:31:00,DOWN,2026-01-14 20:32:00,1,26108.25,26086.25,CME US Index Futures ETH,1-Minute
2026-01-14,21:00:00,NQ SEP26,15m,2026-01-14 21:00:00,26097.25,26123.50,26094.50,26120.75,29.00,26109.00,26101.75,2026-01-14 21:22:00,DOWN,2026-01-14 21:36:00,14,26108.50,26092.50,CME US Index Futures ETH,1-Minute
2026-01-14,22:00:00,NQ SEP26,15m,2026-01-14 22:00:00,26097.50,26108.25,26088.00,26100.00,20.25,26098.13,26093.06,2026-01-14 22:28:00,UNRESOLVED,,,26100.50,26091.50,CME US Index Futures ETH,1-Minute
2026-01-14,22:15:00,NQ SEP26,15m,2026-01-14 22:15:00,26100.75,26118.25,26100.75,26106.25,17.50,26109.50,26105.13,2026-01-14 22:30:00,DOWN,2026-01-14 22:30:00,0,26095.25,26087.00,CME US Index Futures ETH,1-Minute
2026-01-14,22:45:00,NQ SEP26,15m,2026-01-14 22:45:00,26088.00,26106.50,26079.00,26092.00,27.50,26092.75,26085.88,2026-01-14 23:00:00,DOWN,2026-01-14 23:00:00,0,26076.50,26072.50,CME US Index Futures ETH,1-Minute
2026-01-14,23:15:00,NQ SEP26,15m,2026-01-14 23:15:00,26072.50,26085.00,26068.50,26083.00,16.50,26076.75,26072.63,2026-01-14 23:31:00,DOWN,2026-01-14 23:31:00,0,26082.50,26068.25,CME US Index Futures ETH,1-Minute
2026-01-15,00:45:00,NQ SEP26,15m,2026-01-15 00:45:00,26102.50,26128.00,26099.75,26128.00,28.25,26113.88,26106.81,2026-01-15 01:01:00,UP,2026-01-15 01:11:00,10,26140.50,26102.25,CME US Index Futures ETH,1-Minute
2026-01-15,01:45:00,NQ SEP26,15m,2026-01-15 01:45:00,26190.25,26214.00,26176.50,26212.50,37.50,26195.25,26185.88,2026-01-15 02:01:00,DOWN,2026-01-15 02:19:00,18,26199.00,26170.00,CME US Index Futures ETH,1-Minute
2026-01-15,02:45:00,NQ SEP26,15m,2026-01-15 02:45:00,26174.75,26193.50,26172.25,26176.50,21.25,26182.88,26177.56,2026-01-15 03:02:00,DOWN,2026-01-15 03:03:00,1,26187.25,26168.00,CME US Index Futures ETH,1-Minute
2026-01-15,04:45:00,NQ SEP26,15m,2026-01-15 04:45:00,26295.50,26323.75,26295.00,26319.25,28.75,26309.38,26302.19,2026-01-15 05:00:00,DOWN,2026-01-15 05:24:00,24,26321.25,26292.50,CME US Index Futures ETH,1-Minute
2026-01-15,05:15:00,NQ SEP26,15m,2026-01-15 05:15:00,26303.25,26321.25,26301.50,26316.25,19.75,26311.38,26306.44,2026-01-15 05:30:00,DOWN,2026-01-15 05:30:00,0,26304.50,26301.50,CME US Index Futures ETH,1-Minute
2026-01-15,06:45:00,NQ SEP26,15m,2026-01-15 06:45:00,26324.25,26341.75,26321.00,26329.50,20.75,26331.38,26326.19,2026-01-15 07:01:00,DOWN,2026-01-15 07:04:00,3,26335.50,26320.50,CME US Index Futures ETH,1-Minute
2026-01-15,07:00:00,NQ SEP26,15m,2026-01-15 07:00:00,26329.00,26346.75,26329.00,26333.50,17.75,26337.88,26333.44,2026-01-15 07:15:00,DOWN,2026-01-15 07:15:00,0,26321.75,26318.75,CME US Index Futures ETH,1-Minute
2026-01-15,09:00:00,NQ SEP26,15m,2026-01-15 09:00:00,26384.50,26407.75,26383.25,26384.75,24.50,26395.50,26389.38,2026-01-15 09:15:00,UP,2026-01-15 09:21:00,6,26411.75,26385.25,CME US Index Futures ETH,1-Minute
2026-01-15,09:15:00,NQ SEP26,15m,2026-01-15 09:15:00,26384.75,26412.00,26382.25,26391.25,29.75,26397.13,26389.69,2026-01-15 09:31:00,UP,2026-01-15 09:31:00,0,26437.25,26384.75,CME US Index Futures ETH,1-Minute
2026-01-15,09:30:00,NQ SEP26,15m,2026-01-15 09:30:00,26391.25,26442.00,26385.25,26415.75,56.75,26413.63,26399.44,2026-01-15 09:45:00,UP,2026-01-15 09:46:00,1,26443.75,26389.25,CME US Index Futures ETH,1-Minute
2026-01-15,09:45:00,NQ SEP26,15m,2026-01-15 09:45:00,26415.00,26437.25,26344.50,26418.00,92.75,26390.88,26367.69,2026-01-15 10:00:00,DOWN,2026-01-15 10:08:00,8,26382.50,26332.50,CME US Index Futures ETH,1-Minute
2026-01-15,10:15:00,NQ SEP26,15m,2026-01-15 10:15:00,26354.50,26383.50,26332.50,26371.00,51.00,26358.00,26345.25,2026-01-15 10:30:00,UP,2026-01-15 10:35:00,5,26398.25,26342.25,CME US Index Futures ETH,1-Minute
2026-01-15,11:15:00,NQ SEP26,15m,2026-01-15 11:15:00,26376.75,26406.75,26368.25,26385.50,38.50,26387.50,26377.88,2026-01-15 11:36:00,UP,2026-01-15 11:42:00,6,26411.00,26373.00,CME US Index Futures ETH,1-Minute
2026-01-15,12:00:00,NQ SEP26,15m,2026-01-15 12:00:00,26406.50,26428.25,26393.50,26415.75,34.75,26410.88,26402.19,2026-01-15 12:15:00,DOWN,2026-01-15 12:16:00,1,26406.75,26391.25,CME US Index Futures ETH,1-Minute
2026-01-15,12:45:00,NQ SEP26,15m,2026-01-15 12:45:00,26372.00,26380.00,26351.00,26372.75,29.00,26365.50,26358.25,2026-01-15 13:00:00,DOWN,2026-01-15 13:00:00,0,26348.75,26340.25,CME US Index Futures ETH,1-Minute
2026-01-15,13:30:00,NQ SEP26,15m,2026-01-15 13:30:00,26375.00,26389.25,26362.25,26388.25,27.00,26375.75,26369.00,2026-01-15 13:52:00,DOWN,2026-01-15 14:01:00,9,26386.50,26361.50,CME US Index Futures ETH,1-Minute
2026-01-15,20:00:00,NQ SEP26,15m,2026-01-15 20:00:00,26247.75,26253.25,26243.50,26251.75,9.75,26248.38,26245.94,2026-01-15 20:22:00,DOWN,2026-01-15 20:26:00,4,26251.75,26239.50,CME US Index Futures ETH,1-Minute
2026-01-15,20:45:00,NQ SEP26,15m,2026-01-15 20:45:00,26251.00,26274.25,26250.50,26261.50,23.75,26262.38,26256.44,2026-01-15 21:01:00,UP,2026-01-15 21:08:00,7,26275.00,26253.50,CME US Index Futures ETH,1-Minute
2026-01-15,21:45:00,NQ SEP26,15m,2026-01-15 21:45:00,26279.50,26288.00,26277.75,26281.00,10.25,26282.88,26280.31,2026-01-15 22:00:00,DOWN,2026-01-15 22:05:00,5,26283.25,26276.50,CME US Index Futures ETH,1-Minute
2026-01-15,22:15:00,NQ SEP26,15m,2026-01-15 22:15:00,26278.75,26284.75,26276.50,26282.00,8.25,26280.63,26278.56,2026-01-15 22:46:00,DOWN,2026-01-15 22:47:00,1,26280.50,26275.25,CME US Index Futures ETH,1-Minute
2026-01-16,00:30:00,NQ SEP26,15m,2026-01-16 00:30:00,26296.75,26311.25,26294.75,26309.25,16.50,26303.00,26298.88,2026-01-16 00:45:00,DOWN,2026-01-16 01:06:00,21,26302.00,26294.25,CME US Index Futures ETH,1-Minute
2026-01-16,02:00:00,NQ SEP26,15m,2026-01-16 02:00:00,26308.25,26318.00,26307.25,26314.00,10.75,26312.63,26309.94,2026-01-16 02:16:00,DOWN,2026-01-16 02:16:00,0,26311.75,26306.25,CME US Index Futures ETH,1-Minute
2026-01-16,03:00:00,NQ SEP26,15m,2026-01-16 03:00:00,26315.25,26329.00,26314.00,26315.50,15.00,26321.50,26317.75,2026-01-16 03:15:00,DOWN,2026-01-16 03:22:00,7,26328.00,26310.50,CME US Index Futures ETH,1-Minute
2026-01-16,03:15:00,NQ SEP26,15m,2026-01-16 03:15:00,26314.50,26336.25,26314.25,26318.00,22.00,26325.25,26319.75,2026-01-16 03:30:00,DOWN,2026-01-16 03:30:00,0,26312.25,26308.00,CME US Index Futures ETH,1-Minute
2026-01-16,04:00:00,NQ SEP26,15m,2026-01-16 04:00:00,26300.50,26325.25,26297.00,26308.25,28.25,26311.13,26304.06,2026-01-16 04:21:00,UP,2026-01-16 04:29:00,8,26327.75,26301.00,CME US Index Futures ETH,1-Minute
2026-01-16,04:30:00,NQ SEP26,15m,2026-01-16 04:30:00,26323.25,26331.75,26301.00,26330.50,30.75,26316.38,26308.69,2026-01-16 04:58:00,UP,2026-01-16 05:28:00,30,26332.75,26301.25,CME US Index Futures ETH,1-Minute
2026-01-16,06:30:00,NQ SEP26,15m,2026-01-16 06:30:00,26353.25,26364.25,26351.25,26358.50,13.00,26357.75,26354.50,2026-01-16 06:45:00,DOWN,2026-01-16 06:45:00,0,26346.00,26341.25,CME US Index Futures ETH,1-Minute
2026-01-16,07:15:00,NQ SEP26,15m,2026-01-16 07:15:00,26323.75,26334.75,26313.00,26328.00,21.75,26323.88,26318.44,2026-01-16 07:33:00,UP,2026-01-16 07:42:00,9,26335.00,26313.50,CME US Index Futures ETH,1-Minute
2026-01-16,07:45:00,NQ SEP26,15m,2026-01-16 07:45:00,26325.00,26338.25,26313.50,26336.75,24.75,26325.88,26319.69,2026-01-16 08:00:00,DOWN,2026-01-16 08:00:00,0,26323.00,26312.00,CME US Index Futures ETH,1-Minute
2026-01-16,09:30:00,NQ SEP26,15m,2026-01-16 09:30:00,26330.25,26369.00,26317.25,26359.50,51.75,26343.13,26330.19,2026-01-16 09:45:00,DOWN,2026-01-16 09:45:00,0,26334.25,26310.75,CME US Index Futures ETH,1-Minute
2026-01-16,11:30:00,NQ SEP26,15m,2026-01-16 11:30:00,26181.00,26210.75,26170.75,26207.25,40.00,26190.75,26180.75,2026-01-16 11:57:00,UP,2026-01-16 11:59:00,2,26213.75,26177.50,CME US Index Futures ETH,1-Minute
2026-01-16,11:45:00,NQ SEP26,15m,2026-01-16 11:45:00,26208.00,26234.00,26204.25,26228.75,29.75,26219.13,26211.69,2026-01-16 12:00:00,DOWN,2026-01-16 12:01:00,1,26212.75,26198.75,CME US Index Futures ETH,1-Minute
2026-01-16,12:45:00,NQ SEP26,15m,2026-01-16 12:45:00,26191.50,26204.50,26167.00,26191.75,37.50,26185.75,26176.38,2026-01-16 13:00:00,DOWN,2026-01-16 13:00:00,0,26171.50,26148.75,CME US Index Futures ETH,1-Minute
2026-01-16,13:30:00,NQ SEP26,15m,2026-01-16 13:30:00,26184.25,26220.25,26184.25,26210.50,36.00,26202.25,26193.25,2026-01-16 14:14:00,DOWN,2026-01-16 14:15:00,1,26201.75,26182.50,CME US Index Futures ETH,1-Minute
2026-01-16,15:00:00,NQ SEP26,15m,2026-01-16 15:00:00,26200.50,26220.25,26199.00,26207.25,21.25,26209.63,26204.31,2026-01-16 15:17:00,UP,2026-01-16 15:23:00,6,26220.50,26201.00,CME US Index Futures ETH,1-Minute
2026-01-16,15:15:00,NQ SEP26,15m,2026-01-16 15:15:00,26206.75,26218.00,26195.00,26213.25,23.00,26206.50,26200.75,2026-01-16 15:31:00,DOWN,2026-01-16 15:31:00,0,26202.25,26186.50,CME US Index Futures ETH,1-Minute
2026-01-16,16:30:00,NQ SEP26,15m,2026-01-16 16:30:00,26170.25,26179.00,26168.50,26177.25,10.50,26173.75,26171.13,2026-01-16 16:54:00,DOWN,2026-01-18 18:01:00,2947,26177.75,25887.00,CME US Index Futures ETH,1-Minute
2026-01-18,18:45:00,NQ SEP26,15m,2026-01-18 18:45:00,25931.00,25946.00,25921.00,25931.75,25.00,25933.50,25927.25,2026-01-18 19:08:00,DOWN,2026-01-18 19:14:00,6,25939.50,25911.25,CME US Index Futures ETH,1-Minute
2026-01-18,19:00:00,NQ SEP26,15m,2026-01-18 19:00:00,25933.00,25959.75,25912.75,25957.75,47.00,25936.25,25924.50,2026-01-18 19:15:00,DOWN,2026-01-18 19:16:00,1,25921.25,25892.75,CME US Index Futures ETH,1-Minute
2026-01-18,20:15:00,NQ SEP26,15m,2026-01-18 20:15:00,25919.75,25931.50,25898.00,25926.50,33.50,25914.75,25906.38,2026-01-18 20:30:00,DOWN,2026-01-18 20:30:00,0,25902.75,25894.00,CME US Index Futures ETH,1-Minute
2026-01-18,21:45:00,NQ SEP26,15m,2026-01-18 21:45:00,25903.00,25909.25,25898.50,25905.00,10.75,25903.88,25901.19,2026-01-18 22:04:00,DOWN,2026-01-18 22:06:00,2,25905.00,25896.00,CME US Index Futures ETH,1-Minute
2026-01-18,22:00:00,NQ SEP26,15m,2026-01-18 22:00:00,25905.75,25910.50,25899.00,25908.50,11.50,25904.75,25901.88,2026-01-18 22:15:00,DOWN,2026-01-18 22:15:00,0,25894.75,25889.00,CME US Index Futures ETH,1-Minute
2026-01-18,22:45:00,NQ SEP26,15m,2026-01-18 22:45:00,25872.50,25886.00,25862.50,25878.75,23.50,25874.25,25868.38,2026-01-18 23:08:00,UNRESOLVED,,,25886.00,25862.75,CME US Index Futures ETH,1-Minute
2026-01-18,23:30:00,NQ SEP26,15m,2026-01-18 23:30:00,25868.50,25882.75,25864.50,25879.75,18.25,25873.63,25869.06,2026-01-18 23:59:00,UNRESOLVED,,,25871.50,25866.25,CME US Index Futures ETH,1-Minute
2026-01-18,23:45:00,NQ SEP26,15m,2026-01-18 23:45:00,25880.25,25886.00,25876.00,25880.75,10.00,25881.00,25878.50,2026-01-19 00:00:00,DOWN,2026-01-19 00:00:00,0,25871.00,25865.75,CME US Index Futures ETH,1-Minute
2026-01-19,01:15:00,NQ SEP26,15m,2026-01-19 01:15:00,25884.25,25901.50,25881.50,25899.25,20.00,25891.50,25886.50,2026-01-19 01:42:00,UP,2026-01-19 01:48:00,6,25902.00,25882.50,CME US Index Futures ETH,1-Minute
2026-01-19,01:45:00,NQ SEP26,15m,2026-01-19 01:45:00,25892.00,25905.25,25882.50,25896.00,22.75,25893.88,25888.19,2026-01-19 02:00:00,DOWN,2026-01-19 02:00:00,0,25875.75,25872.00,CME US Index Futures ETH,1-Minute
2026-01-19,03:30:00,NQ SEP26,15m,2026-01-19 03:30:00,25847.25,25897.25,25841.75,25873.25,55.50,25869.50,25855.63,2026-01-19 04:08:00,DOWN,2026-01-19 04:14:00,6,25861.50,25833.50,CME US Index Futures ETH,1-Minute
2026-01-19,04:00:00,NQ SEP26,15m,2026-01-19 04:00:00,25870.00,25888.25,25864.25,25882.00,24.00,25876.25,25870.25,2026-01-19 04:15:00,DOWN,2026-01-19 04:15:00,0,25839.00,25827.00,CME US Index Futures ETH,1-Minute
2026-01-19,05:30:00,NQ SEP26,15m,2026-01-19 05:30:00,25788.00,25803.50,25778.25,25797.25,25.25,25790.88,25784.56,2026-01-19 05:45:00,DOWN,2026-01-19 05:45:00,0,25768.75,25760.50,CME US Index Futures ETH,1-Minute
2026-01-19,06:30:00,NQ SEP26,15m,2026-01-19 06:30:00,25773.00,25805.50,25769.00,25804.50,36.50,25787.25,25778.13,2026-01-19 06:51:00,DOWN,2026-01-19 07:03:00,12,25785.75,25764.25,CME US Index Futures ETH,1-Minute
2026-01-19,07:45:00,NQ SEP26,15m,2026-01-19 07:45:00,25795.00,25833.25,25785.25,25830.75,48.00,25809.25,25797.25,2026-01-19 08:17:00,DOWN,2026-01-19 08:21:00,4,25806.75,25780.50,CME US Index Futures ETH,1-Minute
2026-01-19,09:00:00,NQ SEP26,15m,2026-01-19 09:00:00,25809.75,25824.75,25809.00,25812.50,15.75,25816.88,25812.94,2026-01-19 09:15:00,DOWN,2026-01-19 09:15:00,0,25805.50,25800.25,CME US Index Futures ETH,1-Minute
2026-01-19,10:15:00,NQ SEP26,15m,2026-01-19 10:15:00,25807.00,25835.00,25803.25,25814.25,31.75,25819.13,25811.19,2026-01-19 10:30:00,DOWN,2026-01-19 10:31:00,1,25816.25,25800.50,CME US Index Futures ETH,1-Minute
2026-01-19,11:15:00,NQ SEP26,15m,2026-01-19 11:15:00,25818.75,25870.50,25812.00,25870.50,58.50,25841.25,25826.63,2026-01-19 11:30:00,UP,2026-01-19 11:47:00,17,25874.25,25816.50,CME US Index Futures ETH,1-Minute
2026-01-19,12:30:00,NQ SEP26,15m,2026-01-19 12:30:00,25880.50,25902.50,25876.00,25899.50,26.50,25889.25,25882.63,2026-01-19 18:01:00,DOWN,2026-01-19 18:01:00,0,25895.75,25872.25,CME US Index Futures ETH,1-Minute
2026-01-19,18:30:00,NQ SEP26,15m,2026-01-19 18:30:00,25865.75,25880.50,25858.25,25879.00,22.25,25869.38,25863.81,2026-01-19 18:56:00,DOWN,2026-01-19 19:01:00,5,25874.50,25852.50,CME US Index Futures ETH,1-Minute
2026-01-19,21:00:00,NQ SEP26,15m,2026-01-19 21:00:00,25909.00,25923.50,25906.25,25911.25,17.25,25914.88,25910.56,2026-01-19 21:15:00,DOWN,2026-01-19 21:15:00,0,25911.50,25905.25,CME US Index Futures ETH,1-Minute
2026-01-19,21:45:00,NQ SEP26,15m,2026-01-19 21:45:00,25900.00,25923.75,25900.00,25919.75,23.75,25911.88,25905.94,2026-01-19 22:08:00,UNRESOLVED,,,25922.50,25904.00,CME US Index Futures ETH,1-Minute
2026-01-19,22:15:00,NQ SEP26,15m,2026-01-19 22:15:00,25915.75,25922.50,25904.00,25917.50,18.50,25913.25,25908.63,2026-01-19 22:30:00,DOWN,2026-01-19 22:31:00,1,25913.00,25898.00,CME US Index Futures ETH,1-Minute
2026-01-19,23:00:00,NQ SEP26,15m,2026-01-19 23:00:00,25898.75,25911.75,25893.50,25901.00,18.25,25902.63,25898.06,2026-01-19 23:15:00,DOWN,2026-01-19 23:15:00,0,25889.75,25888.00,CME US Index Futures ETH,1-Minute
2026-01-19,23:30:00,NQ SEP26,15m,2026-01-19 23:30:00,25888.50,25895.50,25882.75,25894.00,12.75,25889.13,25885.94,2026-01-19 23:45:00,DOWN,2026-01-19 23:45:00,0,25888.50,25882.75,CME US Index Futures ETH,1-Minute
2026-01-20,00:30:00,NQ SEP26,15m,2026-01-20 00:30:00,25875.50,25903.00,25866.25,25897.50,36.75,25884.63,25875.44,2026-01-20 00:46:00,DOWN,2026-01-20 01:07:00,21,25890.50,25863.00,CME US Index Futures ETH,1-Minute
2026-01-20,02:00:00,NQ SEP26,15m,2026-01-20 02:00:00,25785.00,25805.25,25751.00,25801.50,54.25,25778.13,25764.56,2026-01-20 02:20:00,DOWN,2026-01-20 02:21:00,1,25767.50,25747.75,CME US Index Futures ETH,1-Minute
2026-01-20,02:30:00,NQ SEP26,15m,2026-01-20 02:30:00,25778.25,25792.25,25747.75,25788.25,44.50,25770.00,25758.88,2026-01-20 02:46:00,DOWN,2026-01-20 03:03:00,17,25785.75,25738.50,CME US Index Futures ETH,1-Minute
2026-01-20,03:00:00,NQ SEP26,15m,2026-01-20 03:00:00,25763.75,25785.75,25748.25,25775.25,37.50,25767.00,25757.63,2026-01-20 03:15:00,DOWN,2026-01-20 03:16:00,1,25767.00,25743.00,CME US Index Futures ETH,1-Minute
2026-01-20,05:30:00,NQ SEP26,15m,2026-01-20 05:30:00,25654.75,25698.50,25653.50,25686.50,45.00,25676.00,25664.75,2026-01-20 05:57:00,UP,2026-01-20 06:03:00,6,25701.50,25663.75,CME US Index Futures ETH,1-Minute
2026-01-20,06:15:00,NQ SEP26,15m,2026-01-20 06:15:00,25665.75,25701.50,25663.75,25689.25,37.75,25682.63,25673.19,2026-01-20 06:38:00,UNRESOLVED,,,25690.50,25666.25,CME US Index Futures ETH,1-Minute
2026-01-20,06:30:00,NQ SEP26,15m,2026-01-20 06:30:00,25689.25,25719.00,25665.50,25692.25,53.50,25692.25,25678.88,2026-01-20 06:48:00,UP,2026-01-20 07:10:00,22,25721.25,25673.00,CME US Index Futures ETH,1-Minute
2026-01-20,07:45:00,NQ SEP26,15m,2026-01-20 07:45:00,25724.50,25767.00,25717.75,25762.25,49.25,25742.38,25730.06,2026-01-20 08:08:00,DOWN,2026-01-20 08:14:00,6,25745.25,25717.50,CME US Index Futures ETH,1-Minute
2026-01-20,08:30:00,NQ SEP26,15m,2026-01-20 08:30:00,25717.50,25768.25,25714.50,25738.25,53.75,25741.38,25727.94,2026-01-20 08:45:00,DOWN,2026-01-20 08:45:00,0,25717.25,25702.75,CME US Index Futures ETH,1-Minute
2026-01-20,09:45:00,NQ SEP26,15m,2026-01-20 09:45:00,25734.25,25848.25,25724.75,25825.00,123.50,25786.50,25755.63,2026-01-20 10:09:00,UP,2026-01-20 10:26:00,17,25848.50,25745.75,CME US Index Futures ETH,1-Minute
2026-01-20,10:45:00,NQ SEP26,15m,2026-01-20 10:45:00,25852.75,25908.00,25838.75,25879.75,69.25,25873.38,25856.06,2026-01-20 11:00:00,DOWN,2026-01-20 11:00:00,0,25858.75,25815.50,CME US Index Futures ETH,1-Minute
2026-01-20,11:15:00,NQ SEP26,15m,2026-01-20 11:15:00,25854.00,25919.25,25849.25,25890.00,70.00,25884.25,25866.75,2026-01-20 11:32:00,UP,2026-01-20 11:41:00,9,25920.75,25862.00,CME US Index Futures ETH,1-Minute
2026-01-20,11:30:00,NQ SEP26,15m,2026-01-20 11:30:00,25889.50,25898.00,25824.75,25895.25,73.25,25861.38,25843.06,2026-01-20 11:45:00,UP,2026-01-20 11:59:00,14,25904.75,25826.75,CME US Index Futures ETH,1-Minute
2026-01-20,12:00:00,NQ SEP26,15m,2026-01-20 12:00:00,25844.50,25904.75,25826.75,25889.50,78.00,25865.75,25846.25,2026-01-20 12:17:00,DOWN,2026-01-20 12:24:00,7,25861.75,25824.00,CME US Index Futures ETH,1-Minute
2026-01-20,13:00:00,NQ SEP26,15m,2026-01-20 13:00:00,25782.75,25793.50,25748.50,25783.75,45.00,25771.00,25759.75,2026-01-20 13:20:00,DOWN,2026-01-20 13:23:00,3,25768.75,25747.50,CME US Index Futures ETH,1-Minute
2026-01-20,15:00:00,NQ SEP26,15m,2026-01-20 15:00:00,25640.75,25668.25,25632.50,25660.25,35.75,25650.38,25641.44,2026-01-20 15:15:00,DOWN,2026-01-20 15:15:00,0,25633.00,25608.75,CME US Index Futures ETH,1-Minute
2026-01-20,15:30:00,NQ SEP26,15m,2026-01-20 15:30:00,25613.00,25660.75,25607.00,25620.50,53.75,25633.88,25620.44,2026-01-20 15:45:00,DOWN,2026-01-20 15:45:00,0,25613.75,25600.00,CME US Index Futures ETH,1-Minute
2026-01-20,16:15:00,NQ SEP26,15m,2026-01-20 16:15:00,25630.00,25658.25,25618.25,25654.00,40.00,25638.25,25628.25,2026-01-20 16:33:00,DOWN,2026-01-20 16:34:00,1,25632.00,25618.25,CME US Index Futures ETH,1-Minute
2026-01-20,18:15:00,NQ SEP26,15m,2026-01-20 18:15:00,25640.50,25666.25,25628.25,25650.50,38.00,25647.25,25637.75,2026-01-20 18:49:00,DOWN,2026-01-20 18:49:00,0,25643.25,25618.50,CME US Index Futures ETH,1-Minute
2026-01-20,18:45:00,NQ SEP26,15m,2026-01-20 18:45:00,25646.00,25655.50,25641.75,25653.00,13.75,25648.63,25645.19,2026-01-20 19:00:00,DOWN,2026-01-20 19:00:00,0,25607.50,25600.50,CME US Index Futures ETH,1-Minute
2026-01-20,20:45:00,NQ SEP26,15m,2026-01-20 20:45:00,25702.50,25709.75,25688.50,25703.50,21.25,25699.13,25693.81,2026-01-20 21:00:00,DOWN,2026-01-20 21:03:00,3,25698.75,25686.25,CME US Index Futures ETH,1-Minute
2026-01-20,21:15:00,NQ SEP26,15m,2026-01-20 21:15:00,25693.25,25700.00,25684.50,25698.00,15.50,25692.25,25688.38,2026-01-20 21:30:00,DOWN,2026-01-20 21:30:00,0,25674.25,25669.00,CME US Index Futures ETH,1-Minute
2026-01-20,22:30:00,NQ SEP26,15m,2026-01-20 22:30:00,25695.75,25718.50,25693.75,25712.25,24.75,25706.13,25699.94,2026-01-20 22:45:00,DOWN,2026-01-20 22:45:00,0,25702.00,25692.75,CME US Index Futures ETH,1-Minute
2026-01-20,23:30:00,NQ SEP26,15m,2026-01-20 23:30:00,25687.50,25704.25,25674.00,25697.75,30.25,25689.13,25681.56,2026-01-21 00:06:00,UP,2026-01-21 00:12:00,6,25704.50,25675.75,CME US Index Futures ETH,1-Minute
2026-01-21,00:45:00,NQ SEP26,15m,2026-01-21 00:45:00,25701.00,25716.50,25701.00,25715.50,15.50,25708.75,25704.88,2026-01-21 01:01:00,UP,2026-01-21 01:10:00,9,25717.25,25704.00,CME US Index Futures ETH,1-Minute
2026-01-21,01:15:00,NQ SEP26,15m,2026-01-21 01:15:00,25710.75,25721.25,25704.00,25716.25,17.25,25712.63,25708.31,2026-01-21 01:30:00,UP,2026-01-21 01:34:00,4,25722.50,25706.50,CME US Index Futures ETH,1-Minute
2026-01-21,02:30:00,NQ SEP26,15m,2026-01-21 02:30:00,25724.75,25737.50,25723.75,25731.50,13.75,25730.63,25727.19,2026-01-21 02:45:00,DOWN,2026-01-21 02:45:00,0,25724.75,25722.25,CME US Index Futures ETH,1-Minute
2026-01-21,03:30:00,NQ SEP26,15m,2026-01-21 03:30:00,25689.25,25725.00,25688.50,25712.00,36.50,25706.75,25697.63,2026-01-21 03:57:00,UNRESOLVED,,,25706.50,25696.00,CME US Index Futures ETH,1-Minute
2026-01-21,03:45:00,NQ SEP26,15m,2026-01-21 03:45:00,25712.25,25718.50,25699.25,25716.25,19.25,25708.88,25704.06,2026-01-21 04:00:00,DOWN,2026-01-21 04:00:00,0,25700.50,25694.50,CME US Index Futures ETH,1-Minute
2026-01-21,04:15:00,NQ SEP26,15m,2026-01-21 04:15:00,25695.50,25716.25,25684.00,25701.00,32.25,25700.13,25692.06,2026-01-21 04:30:00,DOWN,2026-01-21 04:30:00,0,25690.25,25684.00,CME US Index Futures ETH,1-Minute
2026-01-21,05:30:00,NQ SEP26,15m,2026-01-21 05:30:00,25650.75,25674.25,25643.00,25667.75,31.25,25658.63,25650.81,2026-01-21 05:55:00,DOWN,2026-01-21 05:59:00,4,25658.00,25642.50,CME US Index Futures ETH,1-Minute
2026-01-21,05:45:00,NQ SEP26,15m,2026-01-21 05:45:00,25668.50,25679.25,25662.50,25673.50,16.75,25670.88,25666.69,2026-01-21 06:00:00,DOWN,2026-01-21 06:00:00,0,25647.75,25643.00,CME US Index Futures ETH,1-Minute
2026-01-21,06:30:00,NQ SEP26,15m,2026-01-21 06:30:00,25629.25,25650.25,25626.00,25633.00,24.25,25638.13,25632.06,2026-01-21 06:45:00,DOWN,2026-01-21 06:45:00,0,25611.00,25605.00,CME US Index Futures ETH,1-Minute
2026-01-21,07:30:00,NQ SEP26,15m,2026-01-21 07:30:00,25550.50,25580.25,25539.25,25562.25,41.00,25559.75,25549.50,2026-01-21 07:45:00,DOWN,2026-01-21 07:45:00,0,25546.00,25538.75,CME US Index Futures ETH,1-Minute
2026-01-21,08:15:00,NQ SEP26,15m,2026-01-21 08:15:00,25577.50,25604.25,25561.25,25587.25,43.00,25582.75,25572.00,2026-01-21 08:30:00,DOWN,2026-01-21 08:31:00,1,25575.75,25559.50,CME US Index Futures ETH,1-Minute
2026-01-21,09:30:00,NQ SEP26,15m,2026-01-21 09:30:00,25687.50,25749.00,25657.75,25688.50,91.25,25703.38,25680.56,2026-01-21 09:45:00,UP,2026-01-21 09:52:00,7,25751.00,25677.75,CME US Index Futures ETH,1-Minute
2026-01-21,11:00:00,NQ SEP26,15m,2026-01-21 11:00:00,25943.00,25979.00,25943.00,25961.00,36.00,25961.00,25952.00,2026-01-21 11:15:00,DOWN,2026-01-21 11:16:00,1,25974.25,25942.50,CME US Index Futures ETH,1-Minute
2026-01-21,11:30:00,NQ SEP26,15m,2026-01-21 11:30:00,25948.00,25969.00,25933.75,25948.50,35.25,25951.38,25942.56,2026-01-21 11:45:00,DOWN,2026-01-21 11:45:00,0,25814.50,25781.75,CME US Index Futures ETH,1-Minute
2026-01-21,12:30:00,NQ SEP26,15m,2026-01-21 12:30:00,25645.75,25722.75,25633.00,25696.75,89.75,25677.88,25655.44,2026-01-21 13:04:00,UP,2026-01-21 13:13:00,9,25740.50,25641.75,CME US Index Futures ETH,1-Minute
2026-01-21,13:00:00,NQ SEP26,15m,2026-01-21 13:00:00,25673.25,25751.75,25657.75,25737.25,94.00,25704.75,25681.25,2026-01-21 13:21:00,UNRESOLVED,,,25748.75,25674.50,CME US Index Futures ETH,1-Minute
2026-01-21,15:00:00,NQ SEP26,15m,2026-01-21 15:00:00,26048.50,26139.25,26048.50,26129.75,90.75,26093.88,26071.19,2026-01-21 15:16:00,DOWN,2026-01-21 15:18:00,2,26084.00,26047.00,CME US Index Futures ETH,1-Minute
2026-01-21,18:15:00,NQ SEP26,15m,2026-01-21 18:15:00,26020.50,26060.25,26020.50,26036.25,39.75,26040.38,26030.44,2026-01-21 18:33:00,DOWN,2026-01-21 18:36:00,3,26034.50,26014.25,CME US Index Futures ETH,1-Minute
2026-01-21,18:30:00,NQ SEP26,15m,2026-01-21 18:30:00,26036.25,26053.25,26035.00,26049.00,18.25,26044.13,26039.56,2026-01-21 18:45:00,DOWN,2026-01-21 18:45:00,0,26040.50,26028.75,CME US Index Futures ETH,1-Minute
2026-01-21,20:45:00,NQ SEP26,15m,2026-01-21 20:45:00,26080.75,26090.75,26076.50,26089.75,14.25,26083.63,26080.06,2026-01-21 21:17:00,DOWN,2026-01-21 21:22:00,5,26084.75,26076.50,CME US Index Futures ETH,1-Minute
2026-01-21,22:30:00,NQ SEP26,15m,2026-01-21 22:30:00,26073.75,26083.00,26065.75,26075.75,17.25,26074.38,26070.06,2026-01-21 22:45:00,UNRESOLVED,,,26083.00,26067.75,CME US Index Futures ETH,1-Minute
2026-01-21,23:00:00,NQ SEP26,15m,2026-01-21 23:00:00,26070.25,26083.00,26067.75,26080.50,15.25,26075.38,26071.56,2026-01-21 23:16:00,DOWN,2026-01-21 23:16:00,0,26073.00,26062.75,CME US Index Futures ETH,1-Minute
2026-01-22,00:00:00,NQ SEP26,15m,2026-01-22 00:00:00,26059.50,26069.00,26057.25,26065.50,11.75,26063.13,26060.19,2026-01-22 00:15:00,DOWN,2026-01-22 00:16:00,1,26060.25,26054.75,CME US Index Futures ETH,1-Minute
2026-01-22,02:00:00,NQ SEP26,15m,2026-01-22 02:00:00,26017.50,26037.50,26008.00,26030.75,29.50,26022.75,26015.38,2026-01-22 02:15:00,DOWN,2026-01-22 02:15:00,0,26007.25,25995.25,CME US Index Futures ETH,1-Minute
2026-01-22,04:45:00,NQ SEP26,15m,2026-01-22 04:45:00,26185.00,26200.75,26180.50,26192.00,20.25,26190.63,26185.56,2026-01-22 05:05:00,DOWN,2026-01-22 05:09:00,4,26189.75,26179.00,CME US Index Futures ETH,1-Minute
2026-01-22,06:00:00,NQ SEP26,15m,2026-01-22 06:00:00,26178.25,26187.00,26174.00,26179.25,13.00,26180.50,26177.25,2026-01-22 06:16:00,DOWN,2026-01-22 06:16:00,0,26183.25,26164.50,CME US Index Futures ETH,1-Minute
2026-01-22,06:15:00,NQ SEP26,15m,2026-01-22 06:15:00,26179.75,26205.00,26178.50,26183.25,26.50,26191.75,26185.13,2026-01-22 06:30:00,DOWN,2026-01-22 06:30:00,0,26176.25,26172.50,CME US Index Futures ETH,1-Minute
2026-01-22,08:00:00,NQ SEP26,15m,2026-01-22 08:00:00,26175.00,26187.25,26167.50,26182.50,19.75,26177.38,26172.44,2026-01-22 08:32:00,UP,2026-01-22 08:32:00,0,26197.75,26171.75,CME US Index Futures ETH,1-Minute
2026-01-22,08:30:00,NQ SEP26,15m,2026-01-22 08:30:00,26182.50,26198.50,26182.50,26194.50,16.00,26190.50,26186.50,2026-01-22 08:45:00,DOWN,2026-01-22 08:45:00,0,26184.00,26176.25,CME US Index Futures ETH,1-Minute
2026-01-22,09:00:00,NQ SEP26,15m,2026-01-22 09:00:00,26182.25,26230.75,26182.25,26227.25,48.50,26206.50,26194.38,2026-01-22 09:31:00,DOWN,2026-01-22 09:31:00,0,26222.75,26164.75,CME US Index Futures ETH,1-Minute
2026-01-22,09:30:00,NQ SEP26,15m,2026-01-22 09:30:00,26209.00,26229.50,26201.00,26220.00,28.50,26215.25,26208.13,2026-01-22 09:45:00,DOWN,2026-01-22 09:45:00,0,26146.75,26130.50,CME US Index Futures ETH,1-Minute
2026-01-22,11:45:00,NQ SEP26,15m,2026-01-22 11:45:00,26163.50,26181.00,26151.25,26172.25,29.75,26166.13,26158.69,2026-01-22 12:00:00,DOWN,2026-01-22 12:01:00,1,26165.00,26145.50,CME US Index Futures ETH,1-Minute
2026-01-22,13:00:00,NQ SEP26,15m,2026-01-22 13:00:00,26191.75,26213.00,26189.50,26203.25,23.50,26201.25,26195.38,2026-01-22 13:15:00,DOWN,2026-01-22 13:15:00,0,26194.00,26181.25,CME US Index Futures ETH,1-Minute
2026-01-22,13:30:00,NQ SEP26,15m,2026-01-22 13:30:00,26186.50,26199.75,26174.00,26188.75,25.75,26186.88,26180.44,2026-01-22 13:54:00,DOWN,2026-01-22 13:56:00,2,26184.00,26171.50,CME US Index Futures ETH,1-Minute
2026-01-22,14:15:00,NQ SEP26,15m,2026-01-22 14:15:00,26164.50,26201.75,26162.50,26191.75,39.25,26182.13,26172.31,2026-01-22 14:40:00,DOWN,2026-01-22 14:43:00,3,26181.75,26161.75,CME US Index Futures ETH,1-Minute
2026-01-22,14:30:00,NQ SEP26,15m,2026-01-22 14:30:00,26192.25,26206.25,26183.25,26200.25,23.00,26194.75,26189.00,2026-01-22 14:45:00,DOWN,2026-01-22 14:45:00,0,26172.50,26162.50,CME US Index Futures ETH,1-Minute
2026-01-22,15:15:00,NQ SEP26,15m,2026-01-22 15:15:00,26130.50,26144.00,26122.00,26138.50,22.00,26133.00,26127.50,2026-01-22 15:30:00,DOWN,2026-01-22 15:30:00,0,26109.75,26098.75,CME US Index Futures ETH,1-Minute
2026-01-22,16:30:00,NQ SEP26,15m,2026-01-22 16:30:00,26135.75,26153.75,26133.50,26152.00,20.25,26143.63,26138.56,2026-01-22 16:45:00,DOWN,2026-01-22 16:45:00,0,26137.50,26132.50,CME US Index Futures ETH,1-Minute
2026-01-22,18:45:00,NQ SEP26,15m,2026-01-22 18:45:00,26106.75,26120.25,26104.00,26115.00,16.25,26112.13,26108.06,2026-01-22 19:00:00,DOWN,2026-01-22 19:01:00,1,26112.75,26102.50,CME US Index Futures ETH,1-Minute
2026-01-22,21:00:00,NQ SEP26,15m,2026-01-22 21:00:00,26160.00,26179.00,26157.75,26177.75,21.25,26168.38,26163.06,2026-01-22 21:32:00,DOWN,2026-01-22 21:53:00,21,26167.25,26156.00,CME US Index Futures ETH,1-Minute
2026-01-22,22:30:00,NQ SEP26,15m,2026-01-22 22:30:00,26185.00,26198.75,26185.00,26193.00,13.75,26191.88,26188.44,2026-01-22 22:46:00,DOWN,2026-01-22 22:48:00,2,26193.00,26184.75,CME US Index Futures ETH,1-Minute
2026-01-22,23:15:00,NQ SEP26,15m,2026-01-22 23:15:00,26187.00,26191.25,26180.25,26189.25,11.00,26185.75,26183.00,2026-01-22 23:47:00,UP,2026-01-22 23:53:00,6,26191.75,26180.50,CME US Index Futures ETH,1-Minute
2026-01-23,01:15:00,NQ SEP26,15m,2026-01-23 01:15:00,26204.50,26222.50,26203.75,26213.75,18.75,26213.13,26208.44,2026-01-23 01:36:00,DOWN,2026-01-23 01:36:00,0,26214.75,26201.00,CME US Index Futures ETH,1-Minute
2026-01-23,01:30:00,NQ SEP26,15m,2026-01-23 01:30:00,26212.75,26222.25,26209.00,26214.75,13.25,26215.63,26212.31,2026-01-23 01:45:00,DOWN,2026-01-23 01:45:00,0,26198.25,26195.75,CME US Index Futures ETH,1-Minute
2026-01-23,02:30:00,NQ SEP26,15m,2026-01-23 02:30:00,26190.25,26215.75,26190.25,26209.00,25.50,26203.00,26196.63,2026-01-23 02:45:00,DOWN,2026-01-23 02:45:00,0,26197.25,26190.25,CME US Index Futures ETH,1-Minute
2026-01-23,04:30:00,NQ SEP26,15m,2026-01-23 04:30:00,26090.00,26114.00,26085.75,26093.75,28.25,26099.88,26092.81,2026-01-23 04:45:00,DOWN,2026-01-23 04:45:00,0,26046.25,26040.25,CME US Index Futures ETH,1-Minute
2026-01-23,05:30:00,NQ SEP26,15m,2026-01-23 05:30:00,26045.00,26065.25,26041.00,26053.75,24.25,26053.13,26047.06,2026-01-23 05:45:00,UP,2026-01-23 06:00:00,15,26065.75,26045.00,CME US Index Futures ETH,1-Minute
2026-01-23,06:30:00,NQ SEP26,15m,2026-01-23 06:30:00,26118.00,26137.25,26110.50,26135.75,26.75,26123.88,26117.19,2026-01-23 06:47:00,DOWN,2026-01-23 06:52:00,5,26123.00,26107.00,CME US Index Futures ETH,1-Minute
2026-01-23,07:15:00,NQ SEP26,15m,2026-01-23 07:15:00,26097.50,26118.50,26090.00,26102.50,28.50,26104.25,26097.13,2026-01-23 07:33:00,DOWN,2026-01-23 07:33:00,0,26098.00,26086.25,CME US Index Futures ETH,1-Minute
2026-01-23,08:00:00,NQ SEP26,15m,2026-01-23 08:00:00,26108.00,26123.75,26104.75,26119.75,19.00,26114.25,26109.50,2026-01-23 08:17:00,DOWN,2026-01-23 08:19:00,2,26117.50,26102.25,CME US Index Futures ETH,1-Minute
2026-01-23,08:45:00,NQ SEP26,15m,2026-01-23 08:45:00,26063.50,26096.00,26062.25,26079.25,33.75,26079.13,26070.69,2026-01-23 09:00:00,DOWN,2026-01-23 09:00:00,0,26063.75,26054.75,CME US Index Futures ETH,1-Minute
2026-01-23,11:00:00,NQ SEP26,15m,2026-01-23 11:00:00,26272.25,26318.50,26262.25,26317.50,56.25,26290.38,26276.31,2026-01-23 11:29:00,DOWN,2026-01-23 11:33:00,4,26293.75,26256.75,CME US Index Futures ETH,1-Minute
2026-01-23,11:45:00,NQ SEP26,15m,2026-01-23 11:45:00,26282.25,26317.00,26252.00,26303.75,65.00,26284.50,26268.25,2026-01-23 12:01:00,UNRESOLVED,,,26299.00,26257.50,CME US Index Futures ETH,1-Minute
2026-01-23,12:15:00,NQ SEP26,15m,2026-01-23 12:15:00,26280.00,26296.25,26257.50,26296.25,38.75,26276.88,26267.19,2026-01-23 12:34:00,DOWN,2026-01-23 12:41:00,7,26280.50,26242.75,CME US Index Futures ETH,1-Minute
2026-01-23,13:30:00,NQ SEP26,15m,2026-01-23 13:30:00,26221.00,26255.25,26218.50,26244.00,36.75,26236.88,26227.69,2026-01-23 13:45:00,DOWN,2026-01-23 13:46:00,1,26226.00,26205.25,CME US Index Futures ETH,1-Minute
2026-01-23,14:15:00,NQ SEP26,15m,2026-01-23 14:15:00,26217.25,26259.25,26214.75,26238.25,44.50,26237.00,26225.88,2026-01-23 14:39:00,DOWN,2026-01-23 14:42:00,3,26230.00,26210.50,CME US Index Futures ETH,1-Minute
2026-01-23,14:45:00,NQ SEP26,15m,2026-01-23 14:45:00,26236.50,26249.50,26210.50,26237.00,39.00,26230.00,26220.25,2026-01-23 15:07:00,DOWN,2026-01-23 15:09:00,2,26224.75,26195.75,CME US Index Futures ETH,1-Minute
2026-01-23,15:00:00,NQ SEP26,15m,2026-01-23 15:00:00,26237.50,26245.50,26221.50,26239.00,24.00,26233.50,26227.50,2026-01-23 15:15:00,DOWN,2026-01-23 15:15:00,0,26221.00,26213.00,CME US Index Futures ETH,1-Minute
2026-01-23,15:45:00,NQ SEP26,15m,2026-01-23 15:45:00,26201.25,26224.00,26187.00,26222.00,37.00,26205.50,26196.25,2026-01-23 16:13:00,UNRESOLVED,,,26199.50,26193.25,CME US Index Futures ETH,1-Minute
2026-01-23,16:00:00,NQ SEP26,15m,2026-01-23 16:00:00,26222.25,26246.75,26204.00,26225.50,42.75,26225.38,26214.69,2026-01-23 16:15:00,DOWN,2026-01-23 16:15:00,0,26198.50,26193.25,CME US Index Futures ETH,1-Minute
2026-01-23,16:45:00,NQ SEP26,15m,2026-01-23 16:45:00,26178.50,26187.25,26174.50,26181.50,12.75,26180.88,26177.69,2026-01-23 17:00:00,DOWN,2026-01-23 17:00:00,0,26171.50,26168.25,CME US Index Futures ETH,1-Minute
2026-01-25,18:30:00,NQ SEP26,15m,2026-01-25 18:30:00,25988.00,26033.25,25979.00,26021.75,54.25,26006.13,25992.56,2026-01-25 18:45:00,UP,2026-01-25 18:51:00,6,26039.50,25986.00,CME US Index Futures ETH,1-Minute
2026-01-25,19:30:00,NQ SEP26,15m,2026-01-25 19:30:00,26070.00,26101.00,26063.00,26098.00,38.00,26082.00,26072.50,2026-01-25 19:45:00,DOWN,2026-01-25 19:46:00,1,26073.25,26059.00,CME US Index Futures ETH,1-Minute
2026-01-25,21:00:00,NQ SEP26,15m,2026-01-25 21:00:00,26137.50,26159.75,26132.00,26140.50,27.75,26145.88,26138.94,2026-01-25 21:26:00,UNRESOLVED,,,26140.75,26132.50,CME US Index Futures ETH,1-Minute
2026-01-25,21:15:00,NQ SEP26,15m,2026-01-25 21:15:00,26140.25,26156.75,26138.50,26148.75,18.25,26147.63,26143.06,2026-01-25 21:30:00,DOWN,2026-01-25 21:30:00,0,26143.00,26134.25,CME US Index Futures ETH,1-Minute
2026-01-25,23:30:00,NQ SEP26,15m,2026-01-25 23:30:00,26119.00,26142.50,26116.00,26141.00,26.50,26129.25,26122.63,2026-01-25 23:45:00,DOWN,2026-01-25 23:45:00,0,26122.25,26113.75,CME US Index Futures ETH,1-Minute
2026-01-26,01:15:00,NQ SEP26,15m,2026-01-26 01:15:00,26166.50,26180.00,26164.50,26178.25,15.50,26172.25,26168.38,2026-01-26 01:35:00,DOWN,2026-01-26 01:41:00,6,26178.75,26164.00,CME US Index Futures ETH,1-Minute
2026-01-26,01:30:00,NQ SEP26,15m,2026-01-26 01:30:00,26178.50,26193.00,26174.50,26184.75,18.50,26183.75,26179.13,2026-01-26 01:45:00,DOWN,2026-01-26 01:45:00,0,26165.25,26162.00,CME US Index Futures ETH,1-Minute
2026-01-26,03:30:00,NQ SEP26,15m,2026-01-26 03:30:00,26202.50,26233.00,26195.75,26220.00,37.25,26214.38,26205.06,2026-01-26 03:50:00,UNRESOLVED,,,26226.00,26200.75,CME US Index Futures ETH,1-Minute
2026-01-26,04:00:00,NQ SEP26,15m,2026-01-26 04:00:00,26214.00,26222.00,26204.75,26218.50,17.25,26213.38,26209.06,2026-01-26 04:15:00,DOWN,2026-01-26 04:15:00,0,26201.00,26194.75,CME US Index Futures ETH,1-Minute
2026-01-26,05:45:00,NQ SEP26,15m,2026-01-26 05:45:00,26142.00,26165.50,26138.75,26148.00,26.75,26152.13,26145.44,2026-01-26 06:00:00,DOWN,2026-01-26 06:04:00,4,26150.75,26136.00,CME US Index Futures ETH,1-Minute
2026-01-26,07:15:00,NQ SEP26,15m,2026-01-26 07:15:00,26160.50,26205.50,26159.75,26197.75,45.75,26182.63,26171.19,2026-01-26 07:42:00,UNRESOLVED,,,26192.00,26166.50,CME US Index Futures ETH,1-Minute
2026-01-26,08:15:00,NQ SEP26,15m,2026-01-26 08:15:00,26179.50,26194.25,26167.50,26192.75,26.75,26180.88,26174.19,2026-01-26 08:34:00,DOWN,2026-01-26 08:36:00,2,26184.50,26163.00,CME US Index Futures ETH,1-Minute
2026-01-26,09:15:00,NQ SEP26,15m,2026-01-26 09:15:00,26207.25,26229.00,26207.25,26213.25,21.75,26218.13,26212.69,2026-01-26 09:31:00,AMBIGUOUS,2026-01-26 09:31:00,0,26251.50,26195.25,CME US Index Futures ETH,1-Minute
2026-01-26,10:30:00,NQ SEP26,15m,2026-01-26 10:30:00,26330.00,26377.50,26320.00,26336.75,57.50,26348.75,26334.38,2026-01-26 10:45:00,UP,2026-01-26 10:53:00,8,26384.75,26325.00,CME US Index Futures ETH,1-Minute
2026-01-26,11:00:00,NQ SEP26,15m,2026-01-26 11:00:00,26330.25,26389.50,26330.00,26372.25,59.50,26359.75,26344.88,2026-01-26 11:21:00,UP,2026-01-26 11:26:00,5,26390.50,26341.75,CME US Index Futures ETH,1-Minute
2026-01-26,12:15:00,NQ SEP26,15m,2026-01-26 12:15:00,26397.50,26427.50,26393.75,26405.00,33.75,26410.63,26402.19,2026-01-26 12:31:00,DOWN,2026-01-26 12:32:00,1,26404.75,26393.00,CME US Index Futures ETH,1-Minute
2026-01-26,14:00:00,NQ SEP26,15m,2026-01-26 14:00:00,26387.00,26396.00,26376.00,26389.75,20.00,26386.00,26381.00,2026-01-26 14:22:00,DOWN,2026-01-26 14:26:00,4,26391.25,26375.50,CME US Index Futures ETH,1-Minute
2026-01-26,14:15:00,NQ SEP26,15m,2026-01-26 14:15:00,26389.25,26404.25,26383.50,26398.50,20.75,26393.88,26388.69,2026-01-26 14:30:00,DOWN,2026-01-26 14:33:00,3,26394.75,26381.00,CME US Index Futures ETH,1-Minute
2026-01-26,14:45:00,NQ SEP26,15m,2026-01-26 14:45:00,26391.00,26404.75,26381.00,26394.75,23.75,26392.88,26386.94,2026-01-26 15:00:00,DOWN,2026-01-26 15:00:00,0,26374.50,26368.75,CME US Index Futures ETH,1-Minute
2026-01-26,15:15:00,NQ SEP26,15m,2026-01-26 15:15:00,26370.00,26381.50,26362.50,26373.00,19.00,26372.00,26367.25,2026-01-26 15:51:00,DOWN,2026-01-26 15:51:00,0,26377.75,26358.00,CME US Index Futures ETH,1-Minute
2026-01-26,15:45:00,NQ SEP26,15m,2026-01-26 15:45:00,26372.00,26386.00,26368.50,26376.00,17.50,26377.25,26372.88,2026-01-26 16:00:00,DOWN,2026-01-26 16:00:00,0,26347.75,26332.00,CME US Index Futures ETH,1-Minute
2026-01-26,16:30:00,NQ SEP26,15m,2026-01-26 16:30:00,26346.00,26362.00,26345.25,26359.50,16.75,26353.63,26349.44,2026-01-26 16:58:00,DOWN,2026-01-26 16:58:00,0,26357.75,26342.75,CME US Index Futures ETH,1-Minute
2026-01-26,23:45:00,NQ SEP26,15m,2026-01-26 23:45:00,26477.25,26483.25,26477.00,26481.25,6.25,26480.13,26478.56,2026-01-27 00:01:00,DOWN,2026-01-27 00:02:00,1,26481.00,26476.25,CME US Index Futures ETH,1-Minute
2026-01-27,01:15:00,NQ SEP26,15m,2026-01-27 01:15:00,26498.75,26519.25,26498.50,26509.25,20.75,26508.88,26503.69,2026-01-27 01:34:00,DOWN,2026-01-27 01:38:00,4,26508.75,26497.75,CME US Index Futures ETH,1-Minute
2026-01-27,01:30:00,NQ SEP26,15m,2026-01-27 01:30:00,26509.00,26516.75,26506.25,26515.50,10.50,26511.50,26508.88,2026-01-27 01:45:00,DOWN,2026-01-27 01:45:00,0,26497.50,26495.25,CME US Index Futures ETH,1-Minute
2026-01-27,02:15:00,NQ SEP26,15m,2026-01-27 02:15:00,26493.50,26505.00,26491.50,26496.00,13.50,26498.25,26494.88,2026-01-27 02:30:00,DOWN,2026-01-27 02:30:00,0,26490.25,26488.25,CME US Index Futures ETH,1-Minute
2026-01-27,02:45:00,NQ SEP26,15m,2026-01-27 02:45:00,26489.75,26511.50,26486.75,26502.75,24.75,26499.13,26492.94,2026-01-27 03:02:00,DOWN,2026-01-27 03:06:00,4,26502.75,26485.25,CME US Index Futures ETH,1-Minute
2026-01-27,04:00:00,NQ SEP26,15m,2026-01-27 04:00:00,26469.00,26480.75,26466.75,26475.50,14.00,26473.75,26470.25,2026-01-27 04:15:00,UP,2026-01-27 04:17:00,2,26485.75,26468.50,CME US Index Futures ETH,1-Minute
2026-01-27,04:30:00,NQ SEP26,15m,2026-01-27 04:30:00,26471.75,26485.75,26471.00,26474.75,14.75,26478.38,26474.69,2026-01-27 04:45:00,DOWN,2026-01-27 04:46:00,1,26477.00,26471.00,CME US Index Futures ETH,1-Minute
2026-01-27,04:45:00,NQ SEP26,15m,2026-01-27 04:45:00,26474.00,26480.25,26467.75,26474.25,12.50,26474.00,26470.88,2026-01-27 05:00:00,DOWN,2026-01-27 05:00:00,0,26467.50,26463.25,CME US Index Futures ETH,1-Minute
2026-01-27,06:00:00,NQ SEP26,15m,2026-01-27 06:00:00,26485.50,26498.75,26484.50,26496.75,14.25,26491.63,26488.06,2026-01-27 06:19:00,DOWN,2026-01-27 06:20:00,1,26491.00,26483.00,CME US Index Futures ETH,1-Minute
2026-01-27,06:45:00,NQ SEP26,15m,2026-01-27 06:45:00,26496.00,26524.50,26493.50,26522.25,31.00,26509.00,26501.25,2026-01-27 07:08:00,UNRESOLVED,,,26511.00,26501.25,CME US Index Futures ETH,1-Minute
2026-01-27,07:00:00,NQ SEP26,15m,2026-01-27 07:00:00,26522.50,26534.00,26516.25,26523.00,17.75,26525.13,26520.69,2026-01-27 07:15:00,DOWN,2026-01-27 07:15:00,0,26508.00,26505.50,CME US Index Futures ETH,1-Minute
2026-01-27,08:15:00,NQ SEP26,15m,2026-01-27 08:15:00,26494.75,26509.00,26493.00,26507.00,16.00,26501.00,26497.00,2026-01-27 08:30:00,DOWN,2026-01-27 08:30:00,0,26499.00,26492.00,CME US Index Futures ETH,1-Minute
2026-01-27,09:15:00,NQ SEP26,15m,2026-01-27 09:15:00,26481.50,26501.00,26481.50,26486.25,19.50,26491.25,26486.38,2026-01-27 09:30:00,DOWN,2026-01-27 09:30:00,0,26492.25,26472.00,CME US Index Futures ETH,1-Minute
2026-01-27,11:15:00,NQ SEP26,15m,2026-01-27 11:15:00,26569.50,26590.75,26564.25,26589.00,26.50,26577.50,26570.88,2026-01-27 11:47:00,DOWN,2026-01-27 12:06:00,19,26587.50,26562.50,CME US Index Futures ETH,1-Minute
2026-01-27,12:30:00,NQ SEP26,15m,2026-01-27 12:30:00,26561.25,26579.75,26541.25,26574.50,38.50,26560.50,26550.88,2026-01-27 12:59:00,DOWN,2026-01-27 13:02:00,3,26556.00,26538.75,CME US Index Futures ETH,1-Minute
2026-01-27,13:45:00,NQ SEP26,15m,2026-01-27 13:45:00,26567.75,26582.75,26567.25,26572.25,15.50,26575.00,26571.13,2026-01-27 14:04:00,DOWN,2026-01-27 14:04:00,0,26577.25,26566.50,CME US Index Futures ETH,1-Minute
2026-01-27,14:00:00,NQ SEP26,15m,2026-01-27 14:00:00,26572.50,26588.75,26570.50,26581.25,18.25,26579.63,26575.06,2026-01-27 14:41:00,DOWN,2026-01-27 14:42:00,1,26577.00,26569.50,CME US Index Futures ETH,1-Minute
2026-01-27,14:30:00,NQ SEP26,15m,2026-01-27 14:30:00,26577.50,26586.00,26575.25,26583.75,10.75,26580.63,26577.94,2026-01-27 14:45:00,DOWN,2026-01-27 14:45:00,0,26578.75,26575.25,CME US Index Futures ETH,1-Minute
2026-01-27,15:15:00,NQ SEP26,15m,2026-01-27 15:15:00,26583.00,26602.75,26574.75,26601.00,28.00,26588.75,26581.75,2026-01-27 15:31:00,DOWN,2026-01-27 15:47:00,16,26588.50,26573.25,CME US Index Futures ETH,1-Minute
2026-01-27,20:15:00,NQ SEP26,15m,2026-01-27 20:15:00,26697.75,26719.25,26697.75,26714.00,21.50,26708.50,26703.13,2026-01-27 20:44:00,UNRESOLVED,,,26707.50,26702.50,CME US Index Futures ETH,1-Minute
2026-01-27,20:30:00,NQ SEP26,15m,2026-01-27 20:30:00,26714.50,26717.00,26706.50,26715.00,10.50,26711.75,26709.13,2026-01-27 20:45:00,DOWN,2026-01-27 20:45:00,0,26704.00,26699.00,CME US Index Futures ETH,1-Minute
2026-01-27,21:15:00,NQ SEP26,15m,2026-01-27 21:15:00,26695.00,26712.75,26694.75,26708.25,18.00,26703.75,26699.25,2026-01-27 21:45:00,UNRESOLVED,,,26712.00,26697.75,CME US Index Futures ETH,1-Minute
2026-01-27,22:00:00,NQ SEP26,15m,2026-01-27 22:00:00,26701.75,26712.00,26700.00,26705.00,12.00,26706.00,26703.00,2026-01-27 22:15:00,DOWN,2026-01-27 22:26:00,11,26707.25,26699.75,CME US Index Futures ETH,1-Minute
2026-01-27,23:30:00,NQ SEP26,15m,2026-01-27 23:30:00,26710.75,26718.50,26709.25,26716.25,9.25,26713.88,26711.56,2026-01-27 23:45:00,DOWN,2026-01-27 23:46:00,1,26711.50,26708.25,CME US Index Futures ETH,1-Minute
2026-01-28,01:45:00,NQ SEP26,15m,2026-01-28 01:45:00,26793.50,26840.00,26792.25,26807.75,47.75,26816.13,26804.19,2026-01-28 02:00:00,DOWN,2026-01-28 02:00:00,0,26798.00,26791.50,CME US Index Futures ETH,1-Minute
2026-01-28,02:15:00,NQ SEP26,15m,2026-01-28 02:15:00,26792.75,26815.00,26783.00,26812.50,32.00,26799.00,26791.00,2026-01-28 02:31:00,DOWN,2026-01-28 02:37:00,6,26794.50,26780.00,CME US Index Futures ETH,1-Minute
2026-01-28,02:45:00,NQ SEP26,15m,2026-01-28 02:45:00,26794.50,26812.50,26780.00,26810.00,32.50,26796.25,26788.13,2026-01-28 03:18:00,DOWN,2026-01-28 03:19:00,1,26792.25,26773.75,CME US Index Futures ETH,1-Minute
2026-01-28,03:45:00,NQ SEP26,15m,2026-01-28 03:45:00,26793.00,26805.75,26791.00,26795.00,14.75,26798.38,26794.69,2026-01-28 04:00:00,DOWN,2026-01-28 04:00:00,0,26771.25,26762.00,CME US Index Futures ETH,1-Minute
2026-01-28,05:45:00,NQ SEP26,15m,2026-01-28 05:45:00,26785.75,26807.50,26783.25,26800.25,24.25,26795.38,26789.31,2026-01-28 06:04:00,UNRESOLVED,,,26806.75,26786.50,CME US Index Futures ETH,1-Minute
2026-01-28,06:00:00,NQ SEP26,15m,2026-01-28 06:00:00,26799.50,26811.75,26791.25,26807.75,20.50,26801.50,26796.38,2026-01-28 06:15:00,DOWN,2026-01-28 06:15:00,0,26792.00,26787.00,CME US Index Futures ETH,1-Minute
2026-01-28,06:45:00,NQ SEP26,15m,2026-01-28 06:45:00,26800.25,26809.75,26799.50,26805.00,10.25,26804.63,26802.06,2026-01-28 07:01:00,UP,2026-01-28 07:01:00,0,26810.75,26800.00,CME US Index Futures ETH,1-Minute
2026-01-28,07:00:00,NQ SEP26,15m,2026-01-28 07:00:00,26804.00,26817.75,26797.25,26809.75,20.50,26807.50,26802.38,2026-01-28 07:15:00,DOWN,2026-01-28 07:15:00,0,26789.75,26781.50,CME US Index Futures ETH,1-Minute
2026-01-28,07:45:00,NQ SEP26,15m,2026-01-28 07:45:00,26769.00,26787.50,26761.25,26776.75,26.25,26774.38,26767.81,2026-01-28 08:15:00,DOWN,2026-01-28 08:15:00,0,26771.75,26759.25,CME US Index Futures ETH,1-Minute
2026-01-28,08:30:00,NQ SEP26,15m,2026-01-28 08:30:00,26760.75,26784.75,26758.75,26769.50,26.00,26771.75,26765.25,2026-01-28 08:45:00,DOWN,2026-01-28 08:45:00,0,26759.75,26749.75,CME US Index Futures ETH,1-Minute
2026-01-28,09:00:00,NQ SEP26,15m,2026-01-28 09:00:00,26751.75,26776.25,26750.50,26764.50,25.75,26763.38,26756.94,2026-01-28 09:15:00,DOWN,2026-01-28 09:15:00,0,26739.50,26734.25,CME US Index Futures ETH,1-Minute
2026-01-28,09:30:00,NQ SEP26,15m,2026-01-28 09:30:00,26737.25,26753.50,26725.50,26744.00,28.00,26739.50,26732.50,2026-01-28 09:48:00,UP,2026-01-28 09:48:00,0,26760.50,26727.75,CME US Index Futures ETH,1-Minute
2026-01-28,09:45:00,NQ SEP26,15m,2026-01-28 09:45:00,26743.50,26787.00,26704.75,26776.00,82.25,26745.88,26725.31,2026-01-28 10:10:00,DOWN,2026-01-28 10:13:00,3,26741.25,26703.50,CME US Index Futures ETH,1-Minute
2026-01-28,10:30:00,NQ SEP26,15m,2026-01-28 10:30:00,26707.25,26745.00,26696.00,26711.75,49.00,26720.50,26708.25,2026-01-28 10:45:00,DOWN,2026-01-28 10:45:00,0,26687.00,26672.25,CME US Index Futures ETH,1-Minute
2026-01-28,11:15:00,NQ SEP26,15m,2026-01-28 11:15:00,26653.50,26689.50,26653.25,26674.75,36.25,26671.38,26662.31,2026-01-28 11:31:00,DOWN,2026-01-28 11:31:00,0,26673.75,26653.25,CME US Index Futures ETH,1-Minute
2026-01-28,12:15:00,NQ SEP26,15m,2026-01-28 12:15:00,26608.25,26646.75,26605.00,26642.75,41.75,26625.88,26615.44,2026-01-28 12:30:00,DOWN,2026-01-28 12:34:00,4,26620.25,26602.75,CME US Index Futures ETH,1-Minute
2026-01-28,13:30:00,NQ SEP26,15m,2026-01-28 13:30:00,26650.00,26661.75,26643.50,26650.75,18.25,26652.63,26648.06,2026-01-28 13:45:00,DOWN,2026-01-28 13:46:00,1,26651.25,26643.25,CME US Index Futures ETH,1-Minute
2026-01-28,14:00:00,NQ SEP26,15m,2026-01-28 14:00:00,26646.25,26671.00,26638.50,26662.50,32.50,26654.75,26646.63,2026-01-28 14:15:00,DOWN,2026-01-28 14:15:00,0,26642.75,26628.75,CME US Index Futures ETH,1-Minute
2026-01-28,15:15:00,NQ SEP26,15m,2026-01-28 15:15:00,26652.00,26703.25,26644.50,26688.50,58.75,26673.88,26659.19,2026-01-28 15:32:00,DOWN,2026-01-28 15:35:00,3,26666.50,26643.25,CME US Index Futures ETH,1-Minute
2026-01-28,16:45:00,NQ SEP26,15m,2026-01-28 16:45:00,26754.00,26765.25,26736.25,26757.50,29.00,26750.75,26743.50,2026-01-28 18:08:00,DOWN,2026-01-28 18:10:00,2,26752.00,26723.00,CME US Index Futures ETH,1-Minute
2026-01-28,17:00:00,NQ SEP26,15m,2026-01-28 17:00:00,26758.00,26778.75,26735.00,26759.25,43.75,26756.88,26745.94,2026-01-28 18:15:00,DOWN,2026-01-28 18:15:00,0,26701.25,26651.75,CME US Index Futures ETH,1-Minute
2026-01-28,18:30:00,NQ SEP26,15m,2026-01-28 18:30:00,26653.00,26735.00,26651.50,26699.75,83.50,26693.25,26672.38,2026-01-28 18:59:00,DOWN,2026-01-28 18:59:00,0,26681.75,26651.00,CME US Index Futures ETH,1-Minute
2026-01-28,19:30:00,NQ SEP26,15m,2026-01-28 19:30:00,26635.75,26662.00,26620.00,26662.00,42.00,26641.00,26630.50,2026-01-28 19:45:00,DOWN,2026-01-28 19:54:00,9,26634.25,26619.00,CME US Index Futures ETH,1-Minute
2026-01-28,20:00:00,NQ SEP26,15m,2026-01-28 20:00:00,26626.50,26654.75,26619.00,26654.25,35.75,26636.88,26627.94,2026-01-28 20:17:00,DOWN,2026-01-28 20:17:00,0,26635.25,26617.25,CME US Index Futures ETH,1-Minute
2026-01-28,23:45:00,NQ SEP26,15m,2026-01-28 23:45:00,26706.00,26721.00,26706.00,26715.25,15.00,26713.50,26709.75,2026-01-29 00:04:00,UP,2026-01-29 00:06:00,2,26721.25,26708.75,CME US Index Futures ETH,1-Minute
2026-01-29,00:00:00,NQ SEP26,15m,2026-01-29 00:00:00,26715.00,26724.25,26711.25,26719.00,13.00,26717.75,26714.50,2026-01-29 00:15:00,DOWN,2026-01-29 00:15:00,0,26709.00,26703.00,CME US Index Futures ETH,1-Minute
2026-01-29,00:45:00,NQ SEP26,15m,2026-01-29 00:45:00,26723.25,26740.50,26721.00,26740.00,19.50,26730.75,26725.88,2026-01-29 01:00:00,DOWN,2026-01-29 01:00:00,0,26727.00,26720.50,CME US Index Futures ETH,1-Minute
2026-01-29,01:15:00,NQ SEP26,15m,2026-01-29 01:15:00,26724.25,26755.75,26723.50,26754.00,32.25,26739.63,26731.56,2026-01-29 01:48:00,DOWN,2026-01-29 01:53:00,5,26735.50,26722.75,CME US Index Futures ETH,1-Minute
2026-01-29,02:15:00,NQ SEP26,15m,2026-01-29 02:15:00,26737.50,26749.50,26732.00,26738.00,17.50,26740.75,26736.38,2026-01-29 02:30:00,UP,2026-01-29 02:35:00,5,26753.00,26732.75,CME US Index Futures ETH,1-Minute
2026-01-29,02:45:00,NQ SEP26,15m,2026-01-29 02:45:00,26740.75,26767.50,26736.00,26764.00,31.50,26751.75,26743.88,2026-01-29 03:00:00,DOWN,2026-01-29 03:02:00,2,26752.00,26729.50,CME US Index Futures ETH,1-Minute
2026-01-29,03:30:00,NQ SEP26,15m,2026-01-29 03:30:00,26755.50,26771.50,26740.75,26759.00,30.75,26756.13,26748.44,2026-01-29 03:46:00,DOWN,2026-01-29 03:50:00,4,26756.50,26737.25,CME US Index Futures ETH,1-Minute
2026-01-29,04:15:00,NQ SEP26,15m,2026-01-29 04:15:00,26739.75,26764.25,26736.00,26757.25,28.25,26750.13,26743.06,2026-01-29 04:30:00,DOWN,2026-01-29 04:32:00,2,26750.75,26735.00,CME US Index Futures ETH,1-Minute
2026-01-29,04:45:00,NQ SEP26,15m,2026-01-29 04:45:00,26743.00,26756.75,26731.75,26744.25,25.00,26744.25,26738.00,2026-01-29 05:00:00,DOWN,2026-01-29 05:00:00,0,26706.50,26701.25,CME US Index Futures ETH,1-Minute
2026-01-29,05:30:00,NQ SEP26,15m,2026-01-29 05:30:00,26695.75,26728.00,26695.50,26719.50,32.50,26711.75,26703.63,2026-01-29 05:45:00,DOWN,2026-01-29 05:56:00,11,26715.25,26691.75,CME US Index Futures ETH,1-Minute
2026-01-29,06:15:00,NQ SEP26,15m,2026-01-29 06:15:00,26682.75,26697.75,26666.25,26685.75,31.50,26682.00,26674.13,2026-01-29 06:38:00,UNRESOLVED,,,26690.00,26669.50,CME US Index Futures ETH,1-Minute
2026-01-29,07:00:00,NQ SEP26,15m,2026-01-29 07:00:00,26684.00,26699.75,26682.00,26691.00,17.75,26690.88,26686.44,2026-01-29 07:24:00,DOWN,2026-01-29 07:26:00,2,26694.75,26679.50,CME US Index Futures ETH,1-Minute
2026-01-29,07:15:00,NQ SEP26,15m,2026-01-29 07:15:00,26692.00,26712.75,26690.00,26703.25,22.75,26701.38,26695.69,2026-01-29 07:30:00,DOWN,2026-01-29 07:30:00,0,26691.50,26687.75,CME US Index Futures ETH,1-Minute
2026-01-29,08:00:00,NQ SEP26,15m,2026-01-29 08:00:00,26653.00,26671.00,26647.50,26667.25,23.50,26659.25,26653.38,2026-01-29 08:17:00,DOWN,2026-01-29 08:18:00,1,26664.50,26643.25,CME US Index Futures ETH,1-Minute
2026-01-29,08:45:00,NQ SEP26,15m,2026-01-29 08:45:00,26664.25,26694.50,26649.75,26688.75,44.75,26672.13,26660.94,2026-01-29 09:04:00,DOWN,2026-01-29 09:04:00,0,26665.50,26649.00,CME US Index Futures ETH,1-Minute
2026-01-29,10:30:00,NQ SEP26,15m,2026-01-29 10:30:00,26212.50,26313.75,26211.25,26226.75,102.50,26262.50,26236.88,2026-01-29 10:45:00,DOWN,2026-01-29 10:45:00,0,26120.50,26100.75,CME US Index Futures ETH,1-Minute
2026-01-29,12:30:00,NQ SEP26,15m,2026-01-29 12:30:00,26291.00,26343.25,26282.25,26330.50,61.00,26312.75,26297.50,2026-01-29 12:47:00,DOWN,2026-01-29 12:48:00,1,26305.00,26279.50,CME US Index Futures ETH,1-Minute
2026-01-29,13:45:00,NQ SEP26,15m,2026-01-29 13:45:00,26337.25,26382.50,26311.75,26358.75,70.75,26347.13,26329.44,2026-01-29 14:00:00,DOWN,2026-01-29 14:02:00,2,26343.75,26311.00,CME US Index Futures ETH,1-Minute
2026-01-29,14:30:00,NQ SEP26,15m,2026-01-29 14:30:00,26367.00,26389.50,26359.00,26369.50,30.50,26374.25,26366.63,2026-01-29 14:45:00,DOWN,2026-01-29 14:45:00,0,26349.25,26341.75,CME US Index Futures ETH,1-Minute
2026-01-29,15:15:00,NQ SEP26,15m,2026-01-29 15:15:00,26340.25,26372.25,26332.50,26360.00,39.75,26352.38,26342.44,2026-01-29 15:31:00,UP,2026-01-29 15:37:00,6,26375.25,26337.50,CME US Index Futures ETH,1-Minute
2026-01-29,16:30:00,NQ SEP26,15m,2026-01-29 16:30:00,26473.00,26515.00,26442.00,26478.00,73.00,26478.50,26460.25,2026-01-29 18:04:00,DOWN,2026-01-29 18:05:00,1,26475.25,26440.00,CME US Index Futures ETH,1-Minute
2026-01-29,18:45:00,NQ SEP26,15m,2026-01-29 18:45:00,26432.75,26511.00,26431.00,26494.25,80.00,26471.00,26451.00,2026-01-29 19:13:00,DOWN,2026-01-29 19:13:00,0,26453.25,26429.50,CME US Index Futures ETH,1-Minute
2026-01-29,20:00:00,NQ SEP26,15m,2026-01-29 20:00:00,26413.50,26439.50,26407.50,26421.00,32.00,26423.50,26415.50,2026-01-29 20:15:00,DOWN,2026-01-29 20:15:00,0,26399.25,26391.50,CME US Index Futures ETH,1-Minute
2026-01-29,21:00:00,NQ SEP26,15m,2026-01-29 21:00:00,26315.00,26357.50,26300.00,26343.25,57.50,26328.75,26314.38,2026-01-29 21:15:00,DOWN,2026-01-29 21:18:00,3,26325.25,26299.50,CME US Index Futures ETH,1-Minute
2026-01-29,22:15:00,NQ SEP26,15m,2026-01-29 22:15:00,26334.75,26379.00,26331.00,26346.50,48.00,26355.00,26343.00,2026-01-29 22:30:00,UNRESOLVED,,,26370.50,26334.25,CME US Index Futures ETH,1-Minute
2026-01-29,22:45:00,NQ SEP26,15m,2026-01-29 22:45:00,26340.00,26370.50,26334.25,26344.50,36.25,26352.38,26343.31,2026-01-29 23:00:00,DOWN,2026-01-29 23:01:00,1,26345.75,26334.25,CME US Index Futures ETH,1-Minute
2026-01-29,23:15:00,NQ SEP26,15m,2026-01-29 23:15:00,26337.75,26377.75,26334.25,26377.75,43.50,26356.00,26345.13,2026-01-29 23:58:00,UP,2026-01-30 00:10:00,12,26378.00,26342.75,CME US Index Futures ETH,1-Minute
2026-01-30,00:15:00,NQ SEP26,15m,2026-01-30 00:15:00,26350.50,26378.00,26347.75,26357.00,30.25,26362.88,26355.31,2026-01-30 00:31:00,DOWN,2026-01-30 00:34:00,3,26358.25,26341.75,CME US Index Futures ETH,1-Minute
2026-01-30,00:30:00,NQ SEP26,15m,2026-01-30 00:30:00,26355.75,26364.75,26341.00,26359.25,23.75,26352.88,26346.94,2026-01-30 00:45:00,DOWN,2026-01-30 00:45:00,0,26346.50,26335.75,CME US Index Futures ETH,1-Minute
2026-01-30,01:45:00,NQ SEP26,15m,2026-01-30 01:45:00,26273.75,26305.00,26261.50,26279.75,43.50,26283.25,26272.38,2026-01-30 02:00:00,DOWN,2026-01-30 02:00:00,0,26255.00,26238.00,CME US Index Futures ETH,1-Minute
2026-01-30,02:15:00,NQ SEP26,15m,2026-01-30 02:15:00,26241.75,26295.00,26235.50,26281.25,59.50,26265.25,26250.38,2026-01-30 02:30:00,DOWN,2026-01-30 02:38:00,8,26271.00,26223.50,CME US Index Futures ETH,1-Minute
2026-01-30,03:15:00,NQ SEP26,15m,2026-01-30 03:15:00,26201.50,26237.50,26173.00,26231.75,64.50,26205.25,26189.13,2026-01-30 03:35:00,UNRESOLVED,,,26220.00,26182.75,CME US Index Futures ETH,1-Minute
2026-01-30,03:30:00,NQ SEP26,15m,2026-01-30 03:30:00,26231.75,26262.00,26213.50,26238.75,48.50,26237.75,26225.63,2026-01-30 03:45:00,DOWN,2026-01-30 03:45:00,0,26218.75,26211.00,CME US Index Futures ETH,1-Minute
2026-01-30,04:00:00,NQ SEP26,15m,2026-01-30 04:00:00,26219.25,26283.50,26207.00,26259.75,76.50,26245.25,26226.13,2026-01-30 04:15:00,DOWN,2026-01-30 04:16:00,1,26218.75,26202.50,CME US Index Futures ETH,1-Minute
2026-01-30,04:45:00,NQ SEP26,15m,2026-01-30 04:45:00,26197.50,26222.00,26184.75,26198.00,37.25,26203.38,26194.06,2026-01-30 05:00:00,UP,2026-01-30 05:02:00,2,26224.25,26185.00,CME US Index Futures ETH,1-Minute
2026-01-30,06:30:00,NQ SEP26,15m,2026-01-30 06:30:00,26296.25,26310.25,26284.50,26308.75,25.75,26297.38,26290.94,2026-01-30 06:50:00,AMBIGUOUS,2026-01-30 06:50:00,0,26312.25,26279.00,CME US Index Futures ETH,1-Minute
2026-01-30,08:15:00,NQ SEP26,15m,2026-01-30 08:15:00,26338.00,26376.75,26331.50,26369.75,45.25,26354.13,26342.81,2026-01-30 08:30:00,AMBIGUOUS,2026-01-30 08:30:00,0,26379.00,26326.50,CME US Index Futures ETH,1-Minute
2026-01-30,09:15:00,NQ SEP26,15m,2026-01-30 09:15:00,26316.75,26341.00,26299.50,26325.50,41.50,26320.25,26309.88,2026-01-30 09:33:00,UP,2026-01-30 09:33:00,0,26354.50,26304.50,CME US Index Futures ETH,1-Minute
2026-01-30,09:45:00,NQ SEP26,15m,2026-01-30 09:45:00,26324.50,26431.00,26304.50,26362.75,126.50,26367.75,26336.13,2026-01-30 10:00:00,DOWN,2026-01-30 10:00:00,0,26335.25,26297.25,CME US Index Futures ETH,1-Minute
2026-01-30,10:15:00,NQ SEP26,15m,2026-01-30 10:15:00,26317.50,26416.50,26301.25,26387.00,115.25,26358.88,26330.06,2026-01-30 10:30:00,DOWN,2026-01-30 10:30:00,0,26313.75,26281.75,CME US Index Futures ETH,1-Minute
2026-01-30,10:45:00,NQ SEP26,15m,2026-01-30 10:45:00,26285.00,26403.50,26261.75,26384.75,141.75,26332.63,26297.19,2026-01-30 11:17:00,DOWN,2026-01-30 11:22:00,5,26315.50,26245.75,CME US Index Futures ETH,1-Minute
2026-01-30,11:45:00,NQ SEP26,15m,2026-01-30 11:45:00,26289.75,26351.00,26275.00,26326.50,76.00,26313.00,26294.00,2026-01-30 12:00:00,DOWN,2026-01-30 12:00:00,0,26252.50,26235.25,CME US Index Futures ETH,1-Minute
2026-01-30,12:30:00,NQ SEP26,15m,2026-01-30 12:30:00,26193.75,26280.25,26179.25,26273.25,101.00,26229.75,26204.50,2026-01-30 12:53:00,DOWN,2026-01-30 13:00:00,7,26242.25,26169.25,CME US Index Futures ETH,1-Minute
2026-01-30,14:15:00,NQ SEP26,15m,2026-01-30 14:15:00,26232.25,26272.50,26217.50,26235.00,55.00,26245.00,26231.25,2026-01-30 14:30:00,DOWN,2026-01-30 14:30:00,0,26254.00,26206.00,CME US Index Futures ETH,1-Minute
2026-01-30,16:00:00,NQ SEP26,15m,2026-01-30 16:00:00,26139.75,26222.75,26116.00,26162.50,106.75,26169.38,26142.69,2026-01-30 16:15:00,UNRESOLVED,,,26167.50,26120.75,CME US Index Futures ETH,1-Minute
2026-01-30,16:30:00,NQ SEP26,15m,2026-01-30 16:30:00,26138.75,26167.50,26135.50,26141.50,32.00,26151.50,26143.50,2026-01-30 16:45:00,DOWN,2026-01-30 16:45:00,0,26125.75,26123.00,CME US Index Futures ETH,1-Minute
2026-01-30,17:00:00,NQ SEP26,15m,2026-01-30 17:00:00,26123.75,26141.00,26120.50,26130.25,20.50,26130.75,26125.63,2026-02-01 18:15:00,DOWN,2026-02-01 18:15:00,0,25945.00,25927.25,CME US Index Futures ETH,1-Minute
2026-02-01,19:45:00,NQ SEP26,15m,2026-02-01 19:45:00,26105.00,26136.75,26082.00,26114.75,54.75,26109.38,26095.69,2026-02-01 20:01:00,DOWN,2026-02-01 20:08:00,7,26128.00,26067.75,CME US Index Futures ETH,1-Minute
2026-02-01,20:30:00,NQ SEP26,15m,2026-02-01 20:30:00,25985.50,26038.00,25971.75,26017.75,66.25,26004.88,25988.31,2026-02-01 20:45:00,DOWN,2026-02-01 20:45:00,0,25953.25,25939.25,CME US Index Futures ETH,1-Minute
2026-02-01,21:15:00,NQ SEP26,15m,2026-02-01 21:15:00,25899.25,25940.75,25877.25,25912.75,63.50,25909.00,25893.13,2026-02-01 21:35:00,DOWN,2026-02-01 21:51:00,16,25937.00,25868.75,CME US Index Futures ETH,1-Minute
2026-02-01,21:45:00,NQ SEP26,15m,2026-02-01 21:45:00,25911.50,25939.75,25888.50,25918.75,51.25,25914.13,25901.31,2026-02-01 22:00:00,DOWN,2026-02-01 22:00:00,0,25860.75,25855.50,CME US Index Futures ETH,1-Minute
2026-02-01,23:45:00,NQ SEP26,15m,2026-02-01 23:45:00,25800.50,25867.00,25798.25,25859.00,68.75,25832.63,25815.44,2026-02-02 00:07:00,DOWN,2026-02-02 00:11:00,4,25825.25,25798.25,CME US Index Futures ETH,1-Minute
2026-02-02,01:30:00,NQ SEP26,15m,2026-02-02 01:30:00,25699.50,25741.00,25676.75,25737.25,64.25,25708.88,25692.81,2026-02-02 01:49:00,UP,2026-02-02 02:01:00,12,25743.50,25678.50,CME US Index Futures ETH,1-Minute
2026-02-02,03:45:00,NQ SEP26,15m,2026-02-02 03:45:00,25882.00,25910.50,25870.75,25896.00,39.75,25890.63,25880.69,2026-02-02 04:03:00,DOWN,2026-02-02 04:03:00,0,25884.00,25862.50,CME US Index Futures ETH,1-Minute
2026-02-02,04:45:00,NQ SEP26,15m,2026-02-02 04:45:00,25927.75,25954.00,25923.50,25935.00,30.50,25938.75,25931.13,2026-02-02 05:09:00,UNRESOLVED,,,25945.25,25926.25,CME US Index Futures ETH,1-Minute
2026-02-02,05:00:00,NQ SEP26,15m,2026-02-02 05:00:00,25934.75,25950.25,25930.00,25945.00,20.25,25940.13,25935.06,2026-02-02 05:15:00,UP,2026-02-02 05:22:00,7,25954.50,25933.75,CME US Index Futures ETH,1-Minute
2026-02-02,05:30:00,NQ SEP26,15m,2026-02-02 05:30:00,25937.00,25954.50,25930.50,25939.75,24.00,25942.50,25936.50,2026-02-02 05:45:00,DOWN,2026-02-02 05:45:00,0,25899.50,25891.25,CME US Index Futures ETH,1-Minute
2026-02-02,06:45:00,NQ SEP26,15m,2026-02-02 06:45:00,25947.00,25963.25,25931.00,25957.00,32.25,25947.13,25939.06,2026-02-02 07:00:00,UP,2026-02-02 07:05:00,5,25970.25,25938.50,CME US Index Futures ETH,1-Minute
2026-02-02,07:30:00,NQ SEP26,15m,2026-02-02 07:30:00,25967.50,26005.75,25964.75,26000.75,41.00,25985.25,25975.00,2026-02-02 07:58:00,UNRESOLVED,,,25989.75,25966.75,CME US Index Futures ETH,1-Minute
2026-02-02,07:45:00,NQ SEP26,15m,2026-02-02 07:45:00,26000.25,26015.25,25990.50,26012.25,24.75,26002.88,25996.69,2026-02-02 08:00:00,DOWN,2026-02-02 08:00:00,0,25980.25,25971.50,CME US Index Futures ETH,1-Minute
2026-02-02,08:15:00,NQ SEP26,15m,2026-02-02 08:15:00,25977.75,25988.50,25947.00,25983.50,41.50,25967.75,25957.38,2026-02-02 08:34:00,UP,2026-02-02 08:46:00,12,25993.50,25948.75,CME US Index Futures ETH,1-Minute
2026-02-02,10:45:00,NQ SEP26,15m,2026-02-02 10:45:00,26356.50,26397.50,26342.75,26365.00,54.75,26370.13,26356.44,2026-02-02 11:00:00,DOWN,2026-02-02 11:00:00,0,26334.75,26308.50,CME US Index Futures ETH,1-Minute
2026-02-02,11:30:00,NQ SEP26,15m,2026-02-02 11:30:00,26346.75,26389.75,26338.75,26384.00,51.00,26364.25,26351.50,2026-02-02 11:46:00,DOWN,2026-02-02 11:48:00,2,26360.75,26333.25,CME US Index Futures ETH,1-Minute
2026-02-02,13:00:00,NQ SEP26,15m,2026-02-02 13:00:00,26403.00,26432.75,26399.00,26414.50,33.75,26415.88,26407.44,2026-02-02 13:19:00,DOWN,2026-02-02 13:21:00,2,26415.25,26395.75,CME US Index Futures ETH,1-Minute
2026-02-02,13:15:00,NQ SEP26,15m,2026-02-02 13:15:00,26414.75,26427.75,26414.00,26416.50,13.75,26420.88,26417.44,2026-02-02 13:30:00,DOWN,2026-02-02 13:30:00,0,26406.00,26399.75,CME US Index Futures ETH,1-Minute
2026-02-02,14:00:00,NQ SEP26,15m,2026-02-02 14:00:00,26417.00,26440.50,26416.00,26432.75,24.50,26428.25,26422.13,2026-02-02 14:15:00,DOWN,2026-02-02 14:28:00,13,26431.00,26416.00,CME US Index Futures ETH,1-Minute
2026-02-02,15:15:00,NQ SEP26,15m,2026-02-02 15:15:00,26338.00,26391.00,26312.75,26361.50,78.25,26351.88,26332.31,2026-02-02 15:51:00,UNRESOLVED,,,26387.00,26322.75,CME US Index Futures ETH,1-Minute
2026-02-02,16:30:00,NQ SEP26,15m,2026-02-02 16:30:00,26367.50,26379.75,26354.50,26375.50,25.25,26367.13,26360.81,2026-02-02 16:46:00,UP,2026-02-02 18:01:00,75,26382.50,26357.00,CME US Index Futures ETH,1-Minute
2026-02-02,18:45:00,NQ SEP26,15m,2026-02-02 18:45:00,26428.75,26468.00,26423.00,26452.25,45.00,26445.50,26434.25,2026-02-02 19:01:00,DOWN,2026-02-02 19:11:00,10,26446.00,26423.00,CME US Index Futures ETH,1-Minute
2026-02-02,19:30:00,NQ SEP26,15m,2026-02-02 19:30:00,26432.00,26475.75,26426.50,26464.25,49.25,26451.13,26438.81,2026-02-02 19:53:00,UP,2026-02-02 20:17:00,24,26478.50,26434.50,CME US Index Futures ETH,1-Minute
2026-02-02,20:15:00,NQ SEP26,15m,2026-02-02 20:15:00,26445.00,26472.25,26443.00,26468.75,29.25,26457.63,26450.31,2026-02-02 20:41:00,DOWN,2026-02-02 20:49:00,8,26467.00,26441.00,CME US Index Futures ETH,1-Minute
2026-02-02,20:45:00,NQ SEP26,15m,2026-02-02 20:45:00,26463.25,26468.00,26446.50,26465.00,21.50,26457.25,26451.88,2026-02-02 21:00:00,DOWN,2026-02-02 21:01:00,1,26452.50,26443.25,CME US Index Futures ETH,1-Minute
2026-02-02,21:30:00,NQ SEP26,15m,2026-02-02 21:30:00,26415.75,26443.00,26413.00,26417.75,30.00,26428.00,26420.50,2026-02-02 21:45:00,DOWN,2026-02-02 21:45:00,0,26406.75,26399.25,CME US Index Futures ETH,1-Minute
2026-02-02,23:15:00,NQ SEP26,15m,2026-02-02 23:15:00,26446.75,26467.25,26446.50,26454.00,20.75,26456.88,26451.69,2026-02-02 23:30:00,UP,2026-02-02 23:33:00,3,26472.75,26448.50,CME US Index Futures ETH,1-Minute
2026-02-02,23:45:00,NQ SEP26,15m,2026-02-02 23:45:00,26453.00,26474.25,26453.00,26470.50,21.25,26463.63,26458.31,2026-02-03 00:05:00,DOWN,2026-02-03 00:09:00,4,26465.00,26450.50,CME US Index Futures ETH,1-Minute
2026-02-03,00:00:00,NQ SEP26,15m,2026-02-03 00:00:00,26471.00,26479.00,26466.00,26471.50,13.00,26472.50,26469.25,2026-02-03 00:15:00,DOWN,2026-02-03 00:15:00,0,26450.75,26448.00,CME US Index Futures ETH,1-Minute
2026-02-03,01:45:00,NQ SEP26,15m,2026-02-03 01:45:00,26476.75,26498.25,26473.50,26493.75,24.75,26485.88,26479.69,2026-02-03 02:02:00,DOWN,2026-02-03 02:20:00,18,26494.25,26471.50,CME US Index Futures ETH,1-Minute
2026-02-03,02:15:00,NQ SEP26,15m,2026-02-03 02:15:00,26482.25,26494.25,26476.50,26486.50,17.75,26485.38,26480.94,2026-02-03 02:30:00,DOWN,2026-02-03 02:30:00,0,26479.75,26474.75,CME US Index Futures ETH,1-Minute
2026-02-03,02:45:00,NQ SEP26,15m,2026-02-03 02:45:00,26479.00,26503.25,26474.50,26502.50,28.75,26488.88,26481.69,2026-02-03 03:01:00,UP,2026-02-03 03:01:00,0,26503.50,26481.50,CME US Index Futures ETH,1-Minute
2026-02-03,03:00:00,NQ SEP26,15m,2026-02-03 03:00:00,26501.50,26518.75,26498.50,26503.50,20.25,26508.63,26503.56,2026-02-03 03:19:00,DOWN,2026-02-03 03:21:00,2,26509.50,26495.25,CME US Index Futures ETH,1-Minute
2026-02-03,03:15:00,NQ SEP26,15m,2026-02-03 03:15:00,26503.00,26514.25,26481.50,26511.75,32.75,26497.88,26489.69,2026-02-03 03:31:00,DOWN,2026-02-03 03:38:00,7,26495.50,26476.50,CME US Index Futures ETH,1-Minute
2026-02-03,04:15:00,NQ SEP26,15m,2026-02-03 04:15:00,26468.00,26500.75,26466.00,26468.50,34.75,26483.38,26474.69,2026-02-03 04:30:00,DOWN,2026-02-03 04:30:00,0,26461.25,26454.25,CME US Index Futures ETH,1-Minute
2026-02-03,04:45:00,NQ SEP26,15m,2026-02-03 04:45:00,26456.00,26470.00,26449.25,26459.50,20.75,26459.63,26454.44,2026-02-03 05:00:00,UP,2026-02-03 05:04:00,4,26472.25,26452.50,CME US Index Futures ETH,1-Minute
2026-02-03,05:15:00,NQ SEP26,15m,2026-02-03 05:15:00,26461.50,26481.00,26458.00,26468.00,23.00,26469.50,26463.75,2026-02-03 05:30:00,DOWN,2026-02-03 05:31:00,1,26464.25,26456.25,CME US Index Futures ETH,1-Minute
2026-02-03,06:00:00,NQ SEP26,15m,2026-02-03 06:00:00,26442.25,26455.00,26438.00,26446.75,17.00,26446.50,26442.25,2026-02-03 06:19:00,DOWN,2026-02-03 06:28:00,9,26455.00,26433.25,CME US Index Futures ETH,1-Minute
2026-02-03,06:45:00,NQ SEP26,15m,2026-02-03 06:45:00,26437.50,26447.50,26426.00,26442.50,21.50,26436.75,26431.38,2026-02-03 07:01:00,DOWN,2026-02-03 07:02:00,1,26447.50,26422.50,CME US Index Futures ETH,1-Minute
2026-02-03,08:15:00,NQ SEP26,15m,2026-02-03 08:15:00,26474.00,26494.50,26467.75,26480.00,26.75,26481.13,26474.44,2026-02-03 08:35:00,DOWN,2026-02-03 08:41:00,6,26486.25,26467.00,CME US Index Futures ETH,1-Minute
2026-02-03,08:30:00,NQ SEP26,15m,2026-02-03 08:30:00,26480.50,26489.75,26466.75,26482.50,23.00,26478.25,26472.50,2026-02-03 08:45:00,DOWN,2026-02-03 08:45:00,0,26468.25,26463.25,CME US Index Futures ETH,1-Minute
2026-02-03,11:00:00,NQ SEP26,15m,2026-02-03 11:00:00,26014.50,26122.50,25988.50,26108.50,134.00,26055.50,26022.00,2026-02-03 11:23:00,DOWN,2026-02-03 11:24:00,1,26035.00,25984.75,CME US Index Futures ETH,1-Minute
2026-02-03,11:45:00,NQ SEP26,15m,2026-02-03 11:45:00,25988.50,26025.25,25969.50,25995.00,55.75,25997.38,25983.44,2026-02-03 12:00:00,DOWN,2026-02-03 12:01:00,1,25992.75,25969.50,CME US Index Futures ETH,1-Minute
2026-02-03,13:00:00,NQ SEP26,15m,2026-02-03 13:00:00,25849.50,25918.75,25844.25,25878.25,74.50,25881.50,25862.88,2026-02-03 13:15:00,DOWN,2026-02-03 13:15:00,0,25828.50,25817.00,CME US Index Futures ETH,1-Minute
2026-02-03,14:15:00,NQ SEP26,15m,2026-02-03 14:15:00,25737.25,25817.00,25710.00,25813.75,107.00,25763.50,25736.75,2026-02-03 14:52:00,UP,2026-02-03 15:00:00,8,25820.00,25725.50,CME US Index Futures ETH,1-Minute
2026-02-03,16:00:00,NQ SEP26,15m,2026-02-03 16:00:00,25883.75,25950.00,25876.75,25936.50,73.25,25913.38,25895.06,2026-02-03 16:18:00,DOWN,2026-02-03 16:20:00,2,25909.50,25871.50,CME US Index Futures ETH,1-Minute
2026-02-03,16:15:00,NQ SEP26,15m,2026-02-03 16:15:00,25936.50,25963.25,25926.50,25938.75,36.75,25944.88,25935.69,2026-02-03 16:30:00,DOWN,2026-02-03 16:30:00,0,25918.25,25910.00,CME US Index Futures ETH,1-Minute
2026-02-03,17:00:00,NQ SEP26,15m,2026-02-03 17:00:00,25906.00,25915.00,25892.25,25912.25,22.75,25903.63,25897.94,2026-02-03 18:22:00,DOWN,2026-02-03 18:24:00,2,25906.25,25891.00,CME US Index Futures ETH,1-Minute
2026-02-03,19:00:00,NQ SEP26,15m,2026-02-03 19:00:00,25888.50,25924.75,25880.25,25919.00,44.50,25902.50,25891.38,2026-02-03 19:15:00,UP,2026-02-03 19:18:00,3,25926.00,25890.00,CME US Index Futures ETH,1-Minute
2026-02-03,19:30:00,NQ SEP26,15m,2026-02-03 19:30:00,25896.25,25926.75,25888.50,25898.25,38.25,25907.63,25898.06,2026-02-03 19:45:00,DOWN,2026-02-03 19:49:00,4,25902.25,25879.00,CME US Index Futures ETH,1-Minute
2026-02-03,20:30:00,NQ SEP26,15m,2026-02-03 20:30:00,25927.00,25943.00,25923.00,25935.75,20.00,25933.00,25928.00,2026-02-03 20:45:00,DOWN,2026-02-03 20:45:00,0,25922.75,25919.25,CME US Index Futures ETH,1-Minute
2026-02-03,21:00:00,NQ SEP26,15m,2026-02-03 21:00:00,25923.25,25935.00,25905.50,25931.75,29.50,25920.25,25912.88,2026-02-03 21:28:00,DOWN,2026-02-03 21:28:00,0,25925.75,25905.00,CME US Index Futures ETH,1-Minute
2026-02-03,21:15:00,NQ SEP26,15m,2026-02-03 21:15:00,25932.50,25964.75,25932.00,25946.50,32.75,25948.38,25940.19,2026-02-03 21:30:00,DOWN,2026-02-03 21:30:00,0,25918.00,25911.00,CME US Index Futures ETH,1-Minute
2026-02-03,22:45:00,NQ SEP26,15m,2026-02-03 22:45:00,25914.00,25942.75,25913.00,25922.00,29.75,25927.88,25920.44,2026-02-03 23:10:00,UNRESOLVED,,,25930.50,25916.25,CME US Index Futures ETH,1-Minute
2026-02-03,23:45:00,NQ SEP26,15m,2026-02-03 23:45:00,25916.00,25939.00,25915.00,25930.75,24.00,25927.00,25921.00,2026-02-04 00:00:00,DOWN,2026-02-04 00:08:00,8,25928.00,25911.25,CME US Index Futures ETH,1-Minute
2026-02-04,02:45:00,NQ SEP26,15m,2026-02-04 02:45:00,25981.00,25999.25,25965.75,25996.25,33.50,25982.50,25974.13,2026-02-04 03:04:00,DOWN,2026-02-04 03:04:00,0,25976.25,25955.75,CME US Index Futures ETH,1-Minute
2026-02-04,03:45:00,NQ SEP26,15m,2026-02-04 03:45:00,25903.25,25943.50,25891.75,25941.75,51.75,25917.63,25904.69,2026-02-04 04:01:00,DOWN,2026-02-04 04:18:00,17,25940.50,25882.00,CME US Index Futures ETH,1-Minute
2026-02-04,05:45:00,NQ SEP26,15m,2026-02-04 05:45:00,25934.75,25957.25,25927.50,25935.00,29.75,25942.38,25934.94,2026-02-04 06:11:00,UNRESOLVED,,,25937.25,25927.75,CME US Index Futures ETH,1-Minute
2026-02-04,06:00:00,NQ SEP26,15m,2026-02-04 06:00:00,25935.25,25952.25,25925.50,25940.50,26.75,25938.88,25932.19,2026-02-04 06:15:00,UP,2026-02-04 06:26:00,11,25953.25,25931.00,CME US Index Futures ETH,1-Minute
2026-02-04,06:45:00,NQ SEP26,15m,2026-02-04 06:45:00,25940.50,25970.00,25936.25,25953.75,33.75,25953.13,25944.69,2026-02-04 07:06:00,DOWN,2026-02-04 07:08:00,2,25959.25,25933.25,CME US Index Futures ETH,1-Minute
2026-02-04,07:00:00,NQ SEP26,15m,2026-02-04 07:00:00,25954.00,25974.50,25946.25,25965.25,28.25,25960.38,25953.31,2026-02-04 07:15:00,DOWN,2026-02-04 07:15:00,0,25952.25,25944.75,CME US Index Futures ETH,1-Minute
2026-02-04,08:30:00,NQ SEP26,15m,2026-02-04 08:30:00,25883.00,25899.75,25860.50,25885.25,39.25,25880.13,25870.31,2026-02-04 08:46:00,DOWN,2026-02-04 08:48:00,2,25884.00,25854.75,CME US Index Futures ETH,1-Minute
2026-02-04,08:45:00,NQ SEP26,15m,2026-02-04 08:45:00,25882.75,25909.00,25864.75,25884.25,44.25,25886.88,25875.81,2026-02-04 09:00:00,DOWN,2026-02-04 09:00:00,0,25856.00,25847.75,CME US Index Futures ETH,1-Minute
2026-02-04,09:30:00,NQ SEP26,15m,2026-02-04 09:30:00,25839.75,25879.50,25824.50,25877.00,55.00,25852.00,25838.25,2026-02-04 09:45:00,DOWN,2026-02-04 09:45:00,0,25841.25,25821.50,CME US Index Futures ETH,1-Minute
2026-02-04,10:15:00,NQ SEP26,15m,2026-02-04 10:15:00,25685.25,25751.50,25599.00,25709.50,152.50,25675.25,25637.13,2026-02-04 10:37:00,UP,2026-02-04 10:42:00,5,25762.00,25610.50,CME US Index Futures ETH,1-Minute
2026-02-04,10:30:00,NQ SEP26,15m,2026-02-04 10:30:00,25710.50,25796.00,25671.25,25739.50,124.75,25733.63,25702.44,2026-02-04 10:45:00,DOWN,2026-02-04 10:47:00,2,25721.00,25643.50,CME US Index Futures ETH,1-Minute
2026-02-04,11:30:00,NQ SEP26,15m,2026-02-04 11:30:00,25602.25,25630.25,25532.50,25622.50,97.75,25581.38,25556.94,2026-02-04 11:45:00,DOWN,2026-02-04 11:45:00,0,25483.00,25466.00,CME US Index Futures ETH,1-Minute
2026-02-04,12:00:00,NQ SEP26,15m,2026-02-04 12:00:00,25469.50,25534.75,25419.00,25526.50,115.75,25476.88,25447.94,2026-02-04 12:27:00,DOWN,2026-02-04 12:28:00,1,25468.25,25374.50,CME US Index Futures ETH,1-Minute
2026-02-04,13:30:00,NQ SEP26,15m,2026-02-04 13:30:00,25341.25,25441.00,25316.00,25432.25,125.00,25378.50,25347.25,2026-02-04 13:51:00,UP,2026-02-04 13:58:00,7,25446.25,25324.75,CME US Index Futures ETH,1-Minute
2026-02-04,15:00:00,NQ SEP26,15m,2026-02-04 15:00:00,25516.75,25606.50,25502.00,25597.25,104.50,25554.25,25528.13,2026-02-04 15:15:00,UNRESOLVED,,,25589.50,25518.25,CME US Index Futures ETH,1-Minute
2026-02-04,15:30:00,NQ SEP26,15m,2026-02-04 15:30:00,25538.75,25580.50,25518.25,25550.75,62.25,25549.38,25533.81,2026-02-04 15:52:00,DOWN,2026-02-04 15:53:00,1,25547.25,25516.00,CME US Index Futures ETH,1-Minute
2026-02-04,15:45:00,NQ SEP26,15m,2026-02-04 15:45:00,25550.25,25589.50,25530.50,25556.00,59.00,25560.00,25545.25,2026-02-04 16:00:00,DOWN,2026-02-04 16:00:00,0,25503.50,25480.75,CME US Index Futures ETH,1-Minute
2026-02-04,16:45:00,NQ SEP26,15m,2026-02-04 16:45:00,25533.25,25672.25,25527.25,25644.75,145.00,25599.75,25563.50,2026-02-04 18:01:00,UNRESOLVED,,,25605.00,25546.00,CME US Index Futures ETH,1-Minute
2026-02-04,18:15:00,NQ SEP26,15m,2026-02-04 18:15:00,25552.75,25605.00,25546.00,25563.50,59.00,25575.50,25560.75,2026-02-04 18:42:00,UNRESOLVED,,,25578.75,25555.50,CME US Index Futures ETH,1-Minute
2026-02-04,18:30:00,NQ SEP26,15m,2026-02-04 18:30:00,25563.50,25588.50,25553.75,25586.50,34.75,25571.13,25562.44,2026-02-04 18:57:00,DOWN,2026-02-04 18:57:00,0,25568.00,25533.00,CME US Index Futures ETH,1-Minute
2026-02-04,19:45:00,NQ SEP26,15m,2026-02-04 19:45:00,25605.50,25626.50,25593.25,25619.50,33.25,25609.88,25601.56,2026-02-04 20:00:00,DOWN,2026-02-04 20:01:00,1,25605.25,25590.25,CME US Index Futures ETH,1-Minute
2026-02-04,20:45:00,NQ SEP26,15m,2026-02-04 20:45:00,25624.00,25643.25,25613.25,25635.75,30.00,25628.25,25620.75,2026-02-04 21:00:00,DOWN,2026-02-04 21:00:00,0,25615.00,25609.50,CME US Index Futures ETH,1-Minute
2026-02-04,21:30:00,NQ SEP26,15m,2026-02-04 21:30:00,25504.00,25555.25,25450.25,25550.75,105.00,25502.75,25476.50,2026-02-04 21:59:00,UNRESOLVED,,,25505.25,25462.25,CME US Index Futures ETH,1-Minute
2026-02-04,21:45:00,NQ SEP26,15m,2026-02-04 21:45:00,25550.50,25585.50,25546.75,25563.00,38.75,25566.13,25556.44,2026-02-04 22:00:00,DOWN,2026-02-04 22:00:00,0,25476.00,25450.75,CME US Index Futures ETH,1-Minute
2026-02-04,22:15:00,NQ SEP26,15m,2026-02-04 22:15:00,25453.00,25510.00,25439.25,25498.00,70.75,25474.63,25456.94,2026-02-04 22:40:00,UNRESOLVED,,,25491.50,25449.50,CME US Index Futures ETH,1-Minute
2026-02-04,22:30:00,NQ SEP26,15m,2026-02-04 22:30:00,25498.25,25528.00,25470.50,25504.75,57.50,25499.25,25484.88,2026-02-04 22:45:00,DOWN,2026-02-04 22:48:00,3,25493.00,25466.50,CME US Index Futures ETH,1-Minute
2026-02-04,23:15:00,NQ SEP26,15m,2026-02-04 23:15:00,25440.00,25476.25,25432.00,25448.50,44.25,25454.13,25443.06,2026-02-04 23:30:00,DOWN,2026-02-04 23:30:00,0,25441.00,25429.00,CME US Index Futures ETH,1-Minute
2026-02-05,00:45:00,NQ SEP26,15m,2026-02-05 00:45:00,25493.75,25536.50,25474.25,25519.50,62.25,25505.38,25489.81,2026-02-05 01:00:00,UP,2026-02-05 01:17:00,17,25536.75,25481.00,CME US Index Futures ETH,1-Minute
2026-02-05,02:00:00,NQ SEP26,15m,2026-02-05 02:00:00,25541.75,25568.25,25541.75,25564.00,26.50,25555.00,25548.38,2026-02-05 02:24:00,UP,2026-02-05 02:26:00,2,25570.50,25546.25,CME US Index Futures ETH,1-Minute
2026-02-05,02:30:00,NQ SEP26,15m,2026-02-05 02:30:00,25556.75,25580.75,25546.25,25572.00,34.50,25563.50,25554.88,2026-02-05 02:45:00,DOWN,2026-02-05 02:51:00,6,25570.75,25540.25,CME US Index Futures ETH,1-Minute
2026-02-05,03:15:00,NQ SEP26,15m,2026-02-05 03:15:00,25534.75,25605.00,25534.25,25589.25,70.75,25569.63,25551.94,2026-02-05 03:51:00,DOWN,2026-02-05 03:53:00,2,25559.00,25519.00,CME US Index Futures ETH,1-Minute
2026-02-05,05:15:00,NQ SEP26,15m,2026-02-05 05:15:00,25522.00,25570.75,25513.50,25569.75,57.25,25542.13,25527.81,2026-02-05 05:38:00,UNRESOLVED,,,25550.25,25517.75,CME US Index Futures ETH,1-Minute
2026-02-05,05:30:00,NQ SEP26,15m,2026-02-05 05:30:00,25570.50,25583.00,25556.25,25575.75,26.75,25569.63,25562.94,2026-02-05 05:45:00,DOWN,2026-02-05 05:45:00,0,25543.00,25526.25,CME US Index Futures ETH,1-Minute
2026-02-05,06:15:00,NQ SEP26,15m,2026-02-05 06:15:00,25524.75,25532.75,25502.50,25526.50,30.25,25517.63,25510.06,2026-02-05 06:31:00,DOWN,2026-02-05 06:32:00,1,25523.75,25500.50,CME US Index Futures ETH,1-Minute
2026-02-05,07:00:00,NQ SEP26,15m,2026-02-05 07:00:00,25503.50,25525.25,25496.75,25519.25,28.50,25511.00,25503.88,2026-02-05 07:19:00,DOWN,2026-02-05 07:19:00,0,25508.75,25484.50,CME US Index Futures ETH,1-Minute
2026-02-05,07:15:00,NQ SEP26,15m,2026-02-05 07:15:00,25522.50,25547.50,25492.75,25530.75,54.75,25520.13,25506.44,2026-02-05 07:30:00,DOWN,2026-02-05 07:30:00,0,25417.75,25394.00,CME US Index Futures ETH,1-Minute
2026-02-05,08:15:00,NQ SEP26,15m,2026-02-05 08:15:00,25283.50,25330.25,25262.25,25295.25,68.00,25296.25,25279.25,2026-02-05 08:30:00,DOWN,2026-02-05 08:31:00,1,25292.25,25254.00,CME US Index Futures ETH,1-Minute
2026-02-05,08:45:00,NQ SEP26,15m,2026-02-05 08:45:00,25284.25,25360.25,25254.00,25306.50,106.25,25307.13,25280.56,2026-02-05 09:00:00,DOWN,2026-02-05 09:01:00,1,25284.25,25226.50,CME US Index Futures ETH,1-Minute
2026-02-05,09:45:00,NQ SEP26,15m,2026-02-05 09:45:00,25261.25,25427.00,25143.00,25404.50,284.00,25285.00,25214.00,2026-02-05 10:01:00,DOWN,2026-02-05 10:09:00,8,25291.75,25133.00,CME US Index Futures ETH,1-Minute
2026-02-05,10:30:00,NQ SEP26,15m,2026-02-05 10:30:00,25050.00,25155.00,25041.00,25068.75,114.00,25098.00,25069.50,2026-02-05 10:49:00,UNRESOLVED,,,25146.50,25059.25,CME US Index Futures ETH,1-Minute
2026-02-05,10:45:00,NQ SEP26,15m,2026-02-05 10:45:00,25069.50,25191.25,25043.75,25168.50,147.50,25117.50,25080.63,2026-02-05 11:05:00,DOWN,2026-02-05 11:15:00,10,25104.00,25034.25,CME US Index Futures ETH,1-Minute
2026-02-05,11:45:00,NQ SEP26,15m,2026-02-05 11:45:00,25271.00,25316.00,25251.50,25274.50,64.50,25283.75,25267.63,2026-02-05 12:04:00,DOWN,2026-02-05 12:05:00,1,25286.25,25234.00,CME US Index Futures ETH,1-Minute
2026-02-05,12:00:00,NQ SEP26,15m,2026-02-05 12:00:00,25275.00,25347.50,25221.25,25320.00,126.25,25284.38,25252.81,2026-02-05 12:15:00,DOWN,2026-02-05 12:21:00,6,25274.75,25214.00,CME US Index Futures ETH,1-Minute
2026-02-05,12:45:00,NQ SEP26,15m,2026-02-05 12:45:00,25330.25,25368.25,25287.00,25341.75,81.25,25327.63,25307.31,2026-02-05 13:00:00,DOWN,2026-02-05 13:00:00,0,25284.50,25268.00,CME US Index Futures ETH,1-Minute
2026-02-05,14:15:00,NQ SEP26,15m,2026-02-05 14:15:00,25191.25,25308.00,25175.00,25293.25,133.00,25241.50,25208.25,2026-02-05 14:33:00,DOWN,2026-02-05 14:34:00,1,25214.75,25173.75,CME US Index Futures ETH,1-Minute
2026-02-05,15:00:00,NQ SEP26,15m,2026-02-05 15:00:00,25188.00,25207.75,25163.50,25203.00,44.25,25185.63,25174.56,2026-02-05 15:21:00,DOWN,2026-02-05 15:22:00,1,25190.25,25157.00,CME US Index Futures ETH,1-Minute
2026-02-05,15:15:00,NQ SEP26,15m,2026-02-05 15:15:00,25202.75,25299.00,25183.75,25239.50,115.25,25241.38,25212.56,2026-02-05 15:30:00,DOWN,2026-02-05 15:30:00,0,25139.00,25121.50,CME US Index Futures ETH,1-Minute
2026-02-05,16:00:00,NQ SEP26,15m,2026-02-05 16:00:00,25105.50,25155.00,25058.75,25129.25,96.25,25106.88,25082.81,2026-02-05 16:16:00,DOWN,2026-02-05 16:20:00,4,25105.25,25024.00,CME US Index Futures ETH,1-Minute
2026-02-05,18:15:00,NQ SEP26,15m,2026-02-05 18:15:00,24907.00,24965.00,24886.25,24924.00,78.75,24925.63,24905.94,2026-02-05 18:30:00,DOWN,2026-02-05 18:35:00,5,24925.50,24872.75,CME US Index Futures ETH,1-Minute
2026-02-05,20:00:00,NQ SEP26,15m,2026-02-05 20:00:00,24863.50,24900.25,24834.75,24891.00,65.50,24867.50,24851.13,2026-02-05 20:17:00,DOWN,2026-02-05 20:21:00,4,24883.75,24831.75,CME US Index Futures ETH,1-Minute
2026-02-05,21:15:00,NQ SEP26,15m,2026-02-05 21:15:00,25022.00,25062.00,25021.25,25035.25,40.75,25041.63,25031.44,2026-02-05 21:31:00,DOWN,2026-02-05 21:32:00,1,25057.00,25021.00,CME US Index Futures ETH,1-Minute
2026-02-05,21:30:00,NQ SEP26,15m,2026-02-05 21:30:00,25034.00,25058.75,25011.50,25048.00,47.25,25035.13,25023.31,2026-02-05 21:46:00,DOWN,2026-02-05 21:47:00,1,25049.00,25001.75,CME US Index Futures ETH,1-Minute
2026-02-05,22:15:00,NQ SEP26,15m,2026-02-05 22:15:00,25025.25,25056.50,25015.50,25027.25,41.00,25036.00,25025.75,2026-02-05 22:30:00,DOWN,2026-02-05 22:30:00,0,25021.25,25011.00,CME US Index Futures ETH,1-Minute
2026-02-05,23:00:00,NQ SEP26,15m,2026-02-05 23:00:00,24972.00,25025.50,24970.50,25019.25,55.00,24998.00,24984.25,2026-02-05 23:24:00,DOWN,2026-02-05 23:34:00,10,24993.00,24956.25,CME US Index Futures ETH,1-Minute
2026-02-06,01:15:00,NQ SEP26,15m,2026-02-06 01:15:00,25073.00,25101.25,25068.00,25085.75,33.25,25084.63,25076.31,2026-02-06 01:34:00,DOWN,2026-02-06 01:36:00,2,25084.75,25063.00,CME US Index Futures ETH,1-Minute
2026-02-06,01:30:00,NQ SEP26,15m,2026-02-06 01:30:00,25084.75,25102.75,25072.00,25087.75,30.75,25087.38,25079.69,2026-02-06 01:45:00,DOWN,2026-02-06 01:45:00,0,25051.75,25042.75,CME US Index Futures ETH,1-Minute
2026-02-06,02:30:00,NQ SEP26,15m,2026-02-06 02:30:00,25020.50,25068.25,25013.25,25063.50,55.00,25040.75,25027.00,2026-02-06 02:47:00,DOWN,2026-02-06 03:03:00,16,25053.25,24985.75,CME US Index Futures ETH,1-Minute
2026-02-06,04:45:00,NQ SEP26,15m,2026-02-06 04:45:00,25212.75,25274.75,25211.00,25265.25,63.75,25242.88,25226.94,2026-02-06 05:02:00,DOWN,2026-02-06 05:05:00,3,25234.50,25210.25,CME US Index Futures ETH,1-Minute
2026-02-06,06:45:00,NQ SEP26,15m,2026-02-06 06:45:00,25302.00,25353.50,25300.50,25336.25,53.00,25327.00,25313.75,2026-02-06 07:11:00,DOWN,2026-02-06 07:14:00,3,25324.75,25293.00,CME US Index Futures ETH,1-Minute
2026-02-06,07:00:00,NQ SEP26,15m,2026-02-06 07:00:00,25334.75,25364.25,25316.50,25346.00,47.75,25340.38,25328.44,2026-02-06 07:15:00,DOWN,2026-02-06 07:15:00,0,25300.50,25291.00,CME US Index Futures ETH,1-Minute
2026-02-06,07:45:00,NQ SEP26,15m,2026-02-06 07:45:00,25284.00,25315.00,25266.00,25285.00,49.00,25290.50,25278.25,2026-02-06 08:00:00,DOWN,2026-02-06 08:02:00,2,25286.50,25266.00,CME US Index Futures ETH,1-Minute
2026-02-06,08:30:00,NQ SEP26,15m,2026-02-06 08:30:00,25292.25,25339.75,25272.25,25311.50,67.50,25306.00,25289.13,2026-02-06 08:51:00,DOWN,2026-02-06 08:53:00,2,25312.00,25267.75,CME US Index Futures ETH,1-Minute
2026-02-06,09:45:00,NQ SEP26,15m,2026-02-06 09:45:00,25251.50,25421.00,25191.75,25416.50,229.25,25306.38,25249.06,2026-02-06 10:17:00,UP,2026-02-06 10:35:00,18,25424.50,25234.25,CME US Index Futures ETH,1-Minute
2026-02-06,10:45:00,NQ SEP26,15m,2026-02-06 10:45:00,25395.50,25438.00,25350.75,25415.25,87.25,25394.38,25372.56,2026-02-06 11:00:00,UP,2026-02-06 11:04:00,4,25442.00,25356.75,CME US Index Futures ETH,1-Minute
2026-02-06,11:30:00,NQ SEP26,15m,2026-02-06 11:30:00,25493.25,25527.25,25465.75,25497.75,61.50,25496.50,25481.13,2026-02-06 11:59:00,UNRESOLVED,,,25487.75,25470.00,CME US Index Futures ETH,1-Minute
2026-02-06,11:45:00,NQ SEP26,15m,2026-02-06 11:45:00,25497.75,25542.75,25494.50,25516.25,48.25,25518.63,25506.56,2026-02-06 12:00:00,DOWN,2026-02-06 12:00:00,0,25494.75,25479.75,CME US Index Futures ETH,1-Minute
2026-02-06,13:00:00,NQ SEP26,15m,2026-02-06 13:00:00,25562.25,25599.75,25562.00,25583.50,37.75,25580.88,25571.44,2026-02-06 13:29:00,UNRESOLVED,,,25576.25,25565.00,CME US Index Futures ETH,1-Minute
2026-02-06,13:15:00,NQ SEP26,15m,2026-02-06 13:15:00,25583.25,25615.00,25582.75,25588.25,32.25,25598.88,25590.81,2026-02-06 13:30:00,DOWN,2026-02-06 13:30:00,0,25583.50,25567.75,CME US Index Futures ETH,1-Minute
2026-02-06,13:45:00,NQ SEP26,15m,2026-02-06 13:45:00,25580.75,25598.00,25571.25,25586.50,26.75,25584.63,25577.94,2026-02-06 14:00:00,DOWN,2026-02-06 14:01:00,1,25583.00,25570.75,CME US Index Futures ETH,1-Minute
2026-02-06,14:30:00,NQ SEP26,15m,2026-02-06 14:30:00,25566.50,25598.25,25556.25,25596.00,42.00,25577.25,25566.75,2026-02-06 14:45:00,DOWN,2026-02-06 15:01:00,16,25597.25,25543.75,CME US Index Futures ETH,1-Minute
2026-02-06,15:45:00,NQ SEP26,15m,2026-02-06 15:45:00,25600.50,25641.25,25590.50,25640.50,50.75,25615.88,25603.19,2026-02-06 16:25:00,DOWN,2026-02-06 16:45:00,20,25611.00,25589.50,CME US Index Futures ETH,1-Minute
2026-02-08,19:15:00,NQ SEP26,15m,2026-02-08 19:15:00,25766.00,25825.75,25760.25,25819.75,65.50,25793.00,25776.63,2026-02-08 19:48:00,DOWN,2026-02-08 19:50:00,2,25781.75,25755.00,CME US Index Futures ETH,1-Minute
2026-02-08,19:45:00,NQ SEP26,15m,2026-02-08 19:45:00,25785.50,25820.50,25779.75,25787.75,40.75,25800.13,25789.94,2026-02-08 20:00:00,DOWN,2026-02-08 20:00:00,0,25760.25,25753.50,CME US Index Futures ETH,1-Minute
2026-02-08,21:45:00,NQ SEP26,15m,2026-02-08 21:45:00,25717.25,25754.75,25716.25,25749.25,38.50,25735.50,25725.88,2026-02-08 22:00:00,DOWN,2026-02-08 22:00:00,0,25720.75,25712.25,CME US Index Futures ETH,1-Minute
2026-02-08,23:15:00,NQ SEP26,15m,2026-02-08 23:15:00,25680.50,25714.00,25679.75,25705.50,34.25,25696.88,25688.31,2026-02-08 23:34:00,DOWN,2026-02-08 23:53:00,19,25700.00,25673.75,CME US Index Futures ETH,1-Minute
2026-02-09,00:30:00,NQ SEP26,15m,2026-02-09 00:30:00,25686.75,25713.25,25686.75,25701.00,26.50,25700.00,25693.38,2026-02-09 00:45:00,DOWN,2026-02-09 00:46:00,1,25698.25,25682.50,CME US Index Futures ETH,1-Minute
2026-02-09,01:00:00,NQ SEP26,15m,2026-02-09 01:00:00,25689.75,25710.75,25682.00,25706.25,28.75,25696.38,25689.19,2026-02-09 01:15:00,DOWN,2026-02-09 01:15:00,0,25688.75,25678.00,CME US Index Futures ETH,1-Minute
2026-02-09,01:45:00,NQ SEP26,15m,2026-02-09 01:45:00,25657.75,25691.75,25655.50,25674.25,36.25,25673.63,25664.56,2026-02-09 02:00:00,DOWN,2026-02-09 02:00:00,0,25659.75,25647.50,CME US Index Futures ETH,1-Minute
2026-02-09,03:15:00,NQ SEP26,15m,2026-02-09 03:15:00,25649.25,25706.25,25645.50,25692.50,60.75,25675.88,25660.69,2026-02-09 03:32:00,DOWN,2026-02-09 03:34:00,2,25671.25,25639.25,CME US Index Futures ETH,1-Minute
2026-02-09,06:30:00,NQ SEP26,15m,2026-02-09 06:30:00,25524.50,25561.75,25518.50,25556.75,43.25,25540.13,25529.31,2026-02-09 06:48:00,DOWN,2026-02-09 07:02:00,14,25554.25,25516.50,CME US Index Futures ETH,1-Minute
2026-02-09,08:15:00,NQ SEP26,15m,2026-02-09 08:15:00,25592.00,25643.50,25591.00,25628.50,52.50,25617.25,25604.13,2026-02-09 08:31:00,DOWN,2026-02-09 08:34:00,3,25614.50,25590.00,CME US Index Futures ETH,1-Minute
2026-02-09,12:15:00,NQ SEP26,15m,2026-02-09 12:15:00,25881.75,25907.50,25873.75,25898.75,33.75,25890.63,25882.19,2026-02-09 12:30:00,DOWN,2026-02-09 12:30:00,0,25879.50,25873.50,CME US Index Futures ETH,1-Minute
2026-02-09,13:15:00,NQ SEP26,15m,2026-02-09 13:15:00,25846.00,25872.75,25835.00,25864.00,37.75,25853.88,25844.44,2026-02-09 13:30:00,DOWN,2026-02-09 13:30:00,0,25839.00,25829.00,CME US Index Futures ETH,1-Minute
2026-02-09,14:30:00,NQ SEP26,15m,2026-02-09 14:30:00,25886.75,25914.25,25882.75,25909.25,31.50,25898.50,25890.63,2026-02-09 15:00:00,DOWN,2026-02-09 15:17:00,17,25904.00,25881.00,CME US Index Futures ETH,1-Minute
2026-02-09,15:15:00,NQ SEP26,15m,2026-02-09 15:15:00,25890.25,25904.00,25884.50,25891.75,19.50,25894.25,25889.38,2026-02-09 15:30:00,DOWN,2026-02-09 15:30:00,0,25858.00,25847.00,CME US Index Futures ETH,1-Minute
2026-02-09,15:45:00,NQ SEP26,15m,2026-02-09 15:45:00,25855.00,25869.50,25825.00,25857.75,44.50,25847.25,25836.13,2026-02-09 16:00:00,AMBIGUOUS,2026-02-09 16:00:00,0,25870.00,25823.25,CME US Index Futures ETH,1-Minute
2026-02-09,16:45:00,NQ SEP26,15m,2026-02-09 16:45:00,25855.75,25862.75,25853.00,25861.00,9.75,25857.88,25855.44,2026-02-09 17:00:00,DOWN,2026-02-09 17:00:00,0,25854.00,25849.75,CME US Index Futures ETH,1-Minute
2026-02-09,18:45:00,NQ SEP26,15m,2026-02-09 18:45:00,25843.50,25864.00,25827.00,25855.00,37.00,25845.50,25836.25,2026-02-09 19:00:00,DOWN,2026-02-09 19:09:00,9,25853.75,25827.00,CME US Index Futures ETH,1-Minute
2026-02-09,19:30:00,NQ SEP26,15m,2026-02-09 19:30:00,25809.00,25826.50,25807.75,25817.50,18.75,25817.13,25812.44,2026-02-09 19:45:00,DOWN,2026-02-09 19:45:00,0,25813.25,25806.75,CME US Index Futures ETH,1-Minute
2026-02-09,20:00:00,NQ SEP26,15m,2026-02-09 20:00:00,25807.00,25833.50,25801.00,25826.25,32.50,25817.25,25809.13,2026-02-09 20:18:00,DOWN,2026-02-09 20:31:00,13,25831.25,25793.75,CME US Index Futures ETH,1-Minute
2026-02-09,20:45:00,NQ SEP26,15m,2026-02-09 20:45:00,25808.00,25829.00,25791.00,25823.75,38.00,25810.00,25800.50,2026-02-09 21:13:00,UNRESOLVED,,,25812.25,25800.00,CME US Index Futures ETH,1-Minute
2026-02-09,21:00:00,NQ SEP26,15m,2026-02-09 21:00:00,25824.00,25843.00,25809.75,25825.75,33.25,25826.38,25818.06,2026-02-09 21:15:00,DOWN,2026-02-09 21:15:00,0,25815.75,25808.00,CME US Index Futures ETH,1-Minute
2026-02-09,22:00:00,NQ SEP26,15m,2026-02-09 22:00:00,25796.00,25806.50,25787.50,25797.25,19.00,25797.00,25792.25,2026-02-09 22:15:00,DOWN,2026-02-09 22:15:00,0,25778.50,25776.50,CME US Index Futures ETH,1-Minute
2026-02-10,00:00:00,NQ SEP26,15m,2026-02-10 00:00:00,25815.50,25839.00,25813.00,25835.50,26.00,25826.00,25819.50,2026-02-10 00:18:00,DOWN,2026-02-10 00:23:00,5,25823.50,25812.50,CME US Index Futures ETH,1-Minute
2026-02-10,01:00:00,NQ SEP26,15m,2026-02-10 01:00:00,25829.00,25849.25,25825.00,25842.75,24.25,25837.13,25831.06,2026-02-10 01:15:00,DOWN,2026-02-10 01:15:00,0,25824.25,25820.50,CME US Index Futures ETH,1-Minute
2026-02-10,02:45:00,NQ SEP26,15m,2026-02-10 02:45:00,25822.25,25834.50,25817.75,25828.25,16.75,25826.13,25821.94,2026-02-10 03:03:00,DOWN,2026-02-10 03:03:00,0,25828.75,25815.00,CME US Index Futures ETH,1-Minute
2026-02-10,03:00:00,NQ SEP26,15m,2026-02-10 03:00:00,25827.75,25840.00,25820.00,25839.50,20.00,25830.00,25825.00,2026-02-10 03:21:00,UP,2026-02-10 03:23:00,2,25844.75,25825.00,CME US Index Futures ETH,1-Minute
2026-02-10,03:15:00,NQ SEP26,15m,2026-02-10 03:15:00,25840.75,25858.00,25813.75,25854.50,44.25,25835.88,25824.81,2026-02-10 03:34:00,UP,2026-02-10 04:06:00,32,25862.50,25817.00,CME US Index Futures ETH,1-Minute
2026-02-10,04:30:00,NQ SEP26,15m,2026-02-10 04:30:00,25869.50,25898.50,25869.50,25887.25,29.00,25884.00,25876.75,2026-02-10 04:46:00,DOWN,2026-02-10 04:47:00,1,25878.75,25866.00,CME US Index Futures ETH,1-Minute
2026-02-10,06:00:00,NQ SEP26,15m,2026-02-10 06:00:00,25843.50,25865.25,25840.25,25846.25,25.00,25852.75,25846.50,2026-02-10 06:15:00,DOWN,2026-02-10 06:15:00,0,25840.75,25836.25,CME US Index Futures ETH,1-Minute
2026-02-10,07:15:00,NQ SEP26,15m,2026-02-10 07:15:00,25860.75,25888.25,25860.25,25883.00,28.00,25874.25,25867.25,2026-02-10 07:41:00,DOWN,2026-02-10 07:41:00,0,25879.50,25858.75,CME US Index Futures ETH,1-Minute
2026-02-10,07:30:00,NQ SEP26,15m,2026-02-10 07:30:00,25883.25,25906.00,25881.25,25905.75,24.75,25893.63,25887.44,2026-02-10 07:45:00,DOWN,2026-02-10 07:45:00,0,25870.00,25862.75,CME US Index Futures ETH,1-Minute
2026-02-10,09:15:00,NQ SEP26,15m,2026-02-10 09:15:00,25863.75,25876.75,25858.25,25874.00,18.50,25867.50,25862.88,2026-02-10 09:31:00,AMBIGUOUS,2026-02-10 09:31:00,0,25890.00,25848.75,CME US Index Futures ETH,1-Minute
2026-02-10,10:30:00,NQ SEP26,15m,2026-02-10 10:30:00,25881.50,25918.50,25853.50,25892.50,65.00,25886.00,25869.75,2026-02-10 10:53:00,DOWN,2026-02-10 10:57:00,4,25886.75,25839.00,CME US Index Futures ETH,1-Minute
2026-02-10,10:45:00,NQ SEP26,15m,2026-02-10 10:45:00,25891.50,25929.75,25873.75,25903.75,56.00,25901.75,25887.75,2026-02-10 11:00:00,DOWN,2026-02-10 11:00:00,0,25885.75,25864.50,CME US Index Futures ETH,1-Minute
2026-02-10,11:15:00,NQ SEP26,15m,2026-02-10 11:15:00,25866.00,25891.25,25841.50,25867.50,49.75,25866.38,25853.94,2026-02-10 11:30:00,DOWN,2026-02-10 11:30:00,0,25855.25,25838.50,CME US Index Futures ETH,1-Minute
2026-02-10,12:45:00,NQ SEP26,15m,2026-02-10 12:45:00,25858.25,25873.25,25844.00,25867.50,29.25,25858.63,25851.31,2026-02-10 13:06:00,DOWN,2026-02-10 13:08:00,2,25863.75,25841.50,CME US Index Futures ETH,1-Minute
2026-02-10,13:00:00,NQ SEP26,15m,2026-02-10 13:00:00,25867.00,25888.75,25866.75,25874.75,22.00,25877.75,25872.25,2026-02-10 13:15:00,DOWN,2026-02-10 13:15:00,0,25847.50,25832.75,CME US Index Futures ETH,1-Minute
2026-02-10,14:00:00,NQ SEP26,15m,2026-02-10 14:00:00,25788.00,25813.75,25766.75,25803.50,47.00,25790.25,25778.50,2026-02-10 14:17:00,DOWN,2026-02-10 14:18:00,1,25786.75,25766.00,CME US Index Futures ETH,1-Minute
2026-02-10,15:00:00,NQ SEP26,15m,2026-02-10 15:00:00,25773.00,25795.50,25766.75,25785.50,28.75,25781.13,25773.94,2026-02-10 15:15:00,DOWN,2026-02-10 15:15:00,0,25747.00,25740.75,CME US Index Futures ETH,1-Minute
2026-02-10,15:30:00,NQ SEP26,15m,2026-02-10 15:30:00,25742.25,25766.25,25735.00,25745.25,31.25,25750.63,25742.81,2026-02-10 15:45:00,DOWN,2026-02-10 15:45:00,0,25740.25,25734.50,CME US Index Futures ETH,1-Minute
2026-02-10,18:30:00,NQ SEP26,15m,2026-02-10 18:30:00,25769.75,25778.75,25767.75,25770.00,11.00,25773.25,25770.50,2026-02-10 18:45:00,DOWN,2026-02-10 18:45:00,0,25773.00,25766.25,CME US Index Futures ETH,1-Minute
2026-02-10,18:45:00,NQ SEP26,15m,2026-02-10 18:45:00,25768.50,25773.00,25758.75,25770.50,14.25,25765.88,25762.31,2026-02-10 19:20:00,DOWN,2026-02-10 19:23:00,3,25764.75,25757.75,CME US Index Futures ETH,1-Minute
2026-02-10,21:00:00,NQ SEP26,15m,2026-02-10 21:00:00,25805.00,25817.25,25804.50,25807.25,12.75,25810.88,25807.69,2026-02-10 21:16:00,UP,2026-02-10 21:23:00,7,25817.50,25807.00,CME US Index Futures ETH,1-Minute
2026-02-10,21:15:00,NQ SEP26,15m,2026-02-10 21:15:00,25806.75,25812.75,25799.00,25808.75,13.75,25805.88,25802.44,2026-02-10 21:41:00,DOWN,2026-02-10 21:42:00,1,25806.50,25797.75,CME US Index Futures ETH,1-Minute
2026-02-10,21:30:00,NQ SEP26,15m,2026-02-10 21:30:00,25809.75,25821.00,25804.00,25811.25,17.00,25812.50,25808.25,2026-02-10 21:45:00,DOWN,2026-02-10 21:45:00,0,25802.00,25799.25,CME US Index Futures ETH,1-Minute
2026-02-10,22:00:00,NQ SEP26,15m,2026-02-10 22:00:00,25801.25,25818.50,25801.00,25813.25,17.50,25809.75,25805.38,2026-02-10 22:15:00,DOWN,2026-02-10 22:19:00,4,25808.75,25797.50,CME US Index Futures ETH,1-Minute
2026-02-10,22:45:00,NQ SEP26,15m,2026-02-10 22:45:00,25814.00,25826.25,25808.00,25823.25,18.25,25817.13,25812.56,2026-02-10 23:14:00,UNRESOLVED,,,25814.25,25811.50,CME US Index Futures ETH,1-Minute
2026-02-10,23:00:00,NQ SEP26,15m,2026-02-10 23:00:00,25823.50,25836.50,25822.25,25828.75,14.25,25829.38,25825.81,2026-02-10 23:15:00,DOWN,2026-02-10 23:15:00,0,25816.75,25812.25,CME US Index Futures ETH,1-Minute
2026-02-11,00:15:00,NQ SEP26,15m,2026-02-11 00:15:00,25796.50,25810.75,25793.50,25805.25,17.25,25802.13,25797.81,2026-02-11 00:30:00,DOWN,2026-02-11 00:31:00,1,25798.25,25789.25,CME US Index Futures ETH,1-Minute
2026-02-11,01:00:00,NQ SEP26,15m,2026-02-11 01:00:00,25776.00,25783.50,25769.75,25778.50,13.75,25776.63,25773.19,2026-02-11 01:16:00,DOWN,2026-02-11 01:17:00,1,25781.75,25768.75,CME US Index Futures ETH,1-Minute
2026-02-11,01:15:00,NQ SEP26,15m,2026-02-11 01:15:00,25778.75,25807.00,25778.00,25782.00,29.00,25792.50,25785.25,2026-02-11 01:30:00,DOWN,2026-02-11 01:30:00,0,25767.25,25764.50,CME US Index Futures ETH,1-Minute
2026-02-11,01:45:00,NQ SEP26,15m,2026-02-11 01:45:00,25766.50,25777.00,25762.00,25768.75,15.00,25769.50,25765.75,2026-02-11 02:00:00,DOWN,2026-02-11 02:00:00,0,25762.75,25760.25,CME US Index Futures ETH,1-Minute
2026-02-11,02:30:00,NQ SEP26,15m,2026-02-11 02:30:00,25747.00,25781.00,25746.25,25774.75,34.75,25763.63,25754.94,2026-02-11 02:57:00,DOWN,2026-02-11 03:07:00,10,25769.50,25745.50,CME US Index Futures ETH,1-Minute
2026-02-11,03:45:00,NQ SEP26,15m,2026-02-11 03:45:00,25729.25,25756.50,25729.25,25748.50,27.25,25742.88,25736.06,2026-02-11 04:01:00,UP,2026-02-11 04:03:00,2,25760.25,25733.00,CME US Index Futures ETH,1-Minute
2026-02-11,04:15:00,NQ SEP26,15m,2026-02-11 04:15:00,25741.00,25770.00,25733.00,25750.00,37.00,25751.50,25742.25,2026-02-11 04:31:00,DOWN,2026-02-11 04:33:00,2,25748.25,25727.00,CME US Index Futures ETH,1-Minute
2026-02-11,05:30:00,NQ SEP26,15m,2026-02-11 05:30:00,25654.50,25689.00,25650.75,25681.25,38.25,25669.88,25660.31,2026-02-11 05:50:00,UP,2026-02-11 05:58:00,8,25691.25,25657.75,CME US Index Futures ETH,1-Minute
2026-02-11,06:30:00,NQ SEP26,15m,2026-02-11 06:30:00,25707.75,25739.00,25706.50,25738.75,32.50,25722.75,25714.63,2026-02-11 06:45:00,DOWN,2026-02-11 06:46:00,1,25721.00,25705.00,CME US Index Futures ETH,1-Minute
2026-02-11,07:15:00,NQ SEP26,15m,2026-02-11 07:15:00,25701.00,25767.00,25697.00,25764.50,70.00,25732.00,25714.50,2026-02-11 07:56:00,UNRESOLVED,,,25747.00,25713.75,CME US Index Futures ETH,1-Minute
2026-02-11,08:15:00,NQ SEP26,15m,2026-02-11 08:15:00,25736.75,25747.00,25727.25,25739.50,19.75,25737.13,25732.19,2026-02-11 08:30:00,UP,2026-02-11 08:31:00,1,25834.00,25729.00,CME US Index Futures ETH,1-Minute
2026-02-11,09:00:00,NQ SEP26,15m,2026-02-11 09:00:00,25834.50,25943.00,25834.00,25935.25,109.00,25888.50,25861.25,2026-02-11 09:35:00,DOWN,2026-02-11 09:40:00,5,25917.75,25830.25,CME US Index Futures ETH,1-Minute
2026-02-11,11:15:00,NQ SEP26,15m,2026-02-11 11:15:00,25735.25,25755.25,25672.75,25749.00,82.50,25714.00,25693.38,2026-02-11 11:30:00,DOWN,2026-02-11 11:31:00,1,25705.25,25666.00,CME US Index Futures ETH,1-Minute
2026-02-11,11:45:00,NQ SEP26,15m,2026-02-11 11:45:00,25684.00,25747.75,25666.00,25719.50,81.75,25706.88,25686.44,2026-02-11 12:00:00,DOWN,2026-02-11 12:01:00,1,25682.00,25656.00,CME US Index Futures ETH,1-Minute
2026-02-11,12:45:00,NQ SEP26,15m,2026-02-11 12:45:00,25781.00,25803.50,25754.00,25795.00,49.50,25778.75,25766.38,2026-02-11 13:00:00,DOWN,2026-02-11 13:00:00,0,25761.75,25747.75,CME US Index Futures ETH,1-Minute
2026-02-11,14:30:00,NQ SEP26,15m,2026-02-11 14:30:00,25807.00,25851.50,25807.00,25839.75,44.50,25829.25,25818.13,2026-02-11 14:46:00,DOWN,2026-02-11 14:46:00,0,25835.25,25776.75,CME US Index Futures ETH,1-Minute
2026-02-11,15:45:00,NQ SEP26,15m,2026-02-11 15:45:00,25776.00,25811.00,25762.75,25795.50,48.25,25786.88,25774.81,2026-02-11 16:00:00,DOWN,2026-02-11 16:11:00,11,25799.00,25759.00,CME US Index Futures ETH,1-Minute
2026-02-11,16:30:00,NQ SEP26,15m,2026-02-11 16:30:00,25767.25,25789.00,25765.00,25777.50,24.00,25777.00,25771.00,2026-02-11 16:45:00,DOWN,2026-02-11 18:01:00,76,25783.00,25757.00,CME US Index Futures ETH,1-Minute
2026-02-11,20:45:00,NQ SEP26,15m,2026-02-11 20:45:00,25771.25,25805.75,25765.00,25793.00,40.75,25785.38,25775.19,2026-02-11 21:18:00,DOWN,2026-02-11 21:19:00,1,25778.00,25763.00,CME US Index Futures ETH,1-Minute
2026-02-11,22:45:00,NQ SEP26,15m,2026-02-11 22:45:00,25797.25,25811.50,25794.75,25810.50,16.75,25803.13,25798.94,2026-02-11 23:02:00,DOWN,2026-02-11 23:09:00,7,25804.50,25794.00,CME US Index Futures ETH,1-Minute
2026-02-12,00:15:00,NQ SEP26,15m,2026-02-12 00:15:00,25819.00,25829.50,25818.50,25827.00,11.00,25824.00,25821.25,2026-02-12 00:31:00,UP,2026-02-12 00:43:00,12,25835.75,25818.75,CME US Index Futures ETH,1-Minute
2026-02-12,00:45:00,NQ SEP26,15m,2026-02-12 00:45:00,25824.00,25835.75,25818.75,25827.25,17.00,25827.25,25823.00,2026-02-12 01:00:00,DOWN,2026-02-12 01:04:00,4,25832.75,25816.50,CME US Index Futures ETH,1-Minute
2026-02-12,01:00:00,NQ SEP26,15m,2026-02-12 01:00:00,25827.00,25832.25,25821.00,25828.00,11.25,25826.63,25823.81,2026-02-12 01:18:00,UP,2026-02-12 01:18:00,0,25833.00,25823.50,CME US Index Futures ETH,1-Minute
2026-02-12,03:15:00,NQ SEP26,15m,2026-02-12 03:15:00,25841.25,25860.25,25830.00,25841.50,30.25,25845.13,25837.56,2026-02-12 03:30:00,DOWN,2026-02-12 03:32:00,2,25841.75,25826.25,CME US Index Futures ETH,1-Minute
2026-02-12,04:15:00,NQ SEP26,15m,2026-02-12 04:15:00,25843.75,25854.50,25832.75,25847.50,21.75,25843.63,25838.19,2026-02-12 04:31:00,DOWN,2026-02-12 04:31:00,0,25841.50,25832.00,CME US Index Futures ETH,1-Minute
2026-02-12,05:00:00,NQ SEP26,15m,2026-02-12 05:00:00,25835.25,25849.50,25821.00,25846.75,28.50,25835.25,25828.13,2026-02-12 05:22:00,UNRESOLVED,,,25842.75,25825.00,CME US Index Futures ETH,1-Minute
2026-02-12,05:45:00,NQ SEP26,15m,2026-02-12 05:45:00,25833.25,25842.75,25829.50,25833.75,13.25,25836.13,25832.81,2026-02-12 06:05:00,AMBIGUOUS,2026-02-12 06:05:00,0,25847.00,25829.25,CME US Index Futures ETH,1-Minute
2026-02-12,06:15:00,NQ SEP26,15m,2026-02-12 06:15:00,25840.75,25851.50,25829.25,25846.75,22.25,25840.38,25834.81,2026-02-12 06:42:00,UNRESOLVED,,,25838.50,25833.50,CME US Index Futures ETH,1-Minute
2026-02-12,06:30:00,NQ SEP26,15m,2026-02-12 06:30:00,25847.25,25861.25,25844.00,25858.50,17.25,25852.63,25848.31,2026-02-12 06:45:00,DOWN,2026-02-12 06:45:00,0,25837.25,25834.50,CME US Index Futures ETH,1-Minute
2026-02-12,07:00:00,NQ SEP26,15m,2026-02-12 07:00:00,25835.50,25860.50,25835.50,25857.50,25.00,25848.00,25841.75,2026-02-12 07:15:00,UP,2026-02-12 07:32:00,17,25867.50,25839.00,CME US Index Futures ETH,1-Minute
2026-02-12,07:30:00,NQ SEP26,15m,2026-02-12 07:30:00,25845.75,25859.00,25839.00,25856.00,20.00,25849.00,25844.00,2026-02-12 07:55:00,UNRESOLVED,,,25853.25,25842.75,CME US Index Futures ETH,1-Minute
2026-02-12,07:45:00,NQ SEP26,15m,2026-02-12 07:45:00,25855.00,25875.00,25854.25,25856.00,20.75,25864.63,25859.44,2026-02-12 08:00:00,DOWN,2026-02-12 08:00:00,0,25851.00,25847.75,CME US Index Futures ETH,1-Minute
2026-02-12,08:45:00,NQ SEP26,15m,2026-02-12 08:45:00,25833.75,25910.75,25822.25,25902.75,88.50,25866.50,25844.38,2026-02-12 09:29:00,DOWN,2026-02-12 09:31:00,2,25858.25,25809.00,CME US Index Futures ETH,1-Minute
2026-02-12,10:15:00,NQ SEP26,15m,2026-02-12 10:15:00,25699.25,25742.50,25660.75,25723.75,81.75,25701.63,25681.19,2026-02-12 10:33:00,DOWN,2026-02-12 10:37:00,4,25715.75,25646.25,CME US Index Futures ETH,1-Minute
2026-02-12,11:45:00,NQ SEP26,15m,2026-02-12 11:45:00,25309.75,25412.75,25296.75,25366.25,116.00,25354.75,25325.75,2026-02-12 12:02:00,UNRESOLVED,,,25394.75,25322.25,CME US Index Futures ETH,1-Minute
2026-02-12,12:00:00,NQ SEP26,15m,2026-02-12 12:00:00,25367.25,25393.00,25334.00,25369.50,59.00,25363.50,25348.75,2026-02-12 12:15:00,DOWN,2026-02-12 12:17:00,2,25367.75,25330.50,CME US Index Futures ETH,1-Minute
2026-02-12,12:30:00,NQ SEP26,15m,2026-02-12 12:30:00,25349.00,25415.00,25325.00,25362.25,90.00,25370.00,25347.50,2026-02-12 12:54:00,DOWN,2026-02-12 12:58:00,4,25367.25,25319.50,CME US Index Futures ETH,1-Minute
2026-02-12,12:45:00,NQ SEP26,15m,2026-02-12 12:45:00,25362.00,25431.75,25353.25,25389.75,78.50,25392.50,25372.88,2026-02-12 13:00:00,DOWN,2026-02-12 13:00:00,0,25322.75,25314.75,CME US Index Futures ETH,1-Minute
2026-02-12,13:15:00,NQ SEP26,15m,2026-02-12 13:15:00,25316.50,25372.75,25291.25,25346.25,81.50,25332.00,25311.63,2026-02-12 13:30:00,UP,2026-02-12 13:39:00,9,25379.00,25300.00,CME US Index Futures ETH,1-Minute
2026-02-12,14:45:00,NQ SEP26,15m,2026-02-12 14:45:00,25361.75,25429.00,25361.50,25406.50,67.50,25395.25,25378.38,2026-02-12 15:00:00,DOWN,2026-02-12 15:09:00,9,25403.75,25358.75,CME US Index Futures ETH,1-Minute
2026-02-12,16:45:00,NQ SEP26,15m,2026-02-12 16:45:00,25314.25,25324.75,25310.50,25314.75,14.25,25317.63,25314.06,2026-02-12 17:00:00,DOWN,2026-02-12 17:00:00,0,25315.25,25310.25,CME US Index Futures ETH,1-Minute
2026-02-12,18:30:00,NQ SEP26,15m,2026-02-12 18:30:00,25326.50,25347.75,25313.25,25332.00,34.50,25330.50,25321.88,2026-02-12 18:45:00,DOWN,2026-02-12 18:45:00,0,25281.00,25273.75,CME US Index Futures ETH,1-Minute
2026-02-12,19:00:00,NQ SEP26,15m,2026-02-12 19:00:00,25278.25,25326.25,25268.50,25315.00,57.75,25297.38,25282.94,2026-02-12 19:25:00,DOWN,2026-02-12 19:26:00,1,25309.50,25262.75,CME US Index Futures ETH,1-Minute
2026-02-12,19:15:00,NQ SEP26,15m,2026-02-12 19:15:00,25311.00,25355.75,25292.50,25334.75,63.25,25324.13,25308.31,2026-02-12 19:30:00,DOWN,2026-02-12 19:30:00,0,25274.50,25263.50,CME US Index Futures ETH,1-Minute
2026-02-12,21:15:00,NQ SEP26,15m,2026-02-12 21:15:00,25279.25,25316.50,25279.25,25310.50,37.25,25297.88,25288.56,2026-02-12 21:47:00,DOWN,2026-02-12 22:21:00,34,25311.75,25273.50,CME US Index Futures ETH,1-Minute
2026-02-12,22:45:00,NQ SEP26,15m,2026-02-12 22:45:00,25266.50,25287.50,25265.25,25273.75,22.25,25276.38,25270.81,2026-02-12 23:00:00,DOWN,2026-02-12 23:00:00,0,25246.75,25241.00,CME US Index Futures ETH,1-Minute
2026-02-12,23:30:00,NQ SEP26,15m,2026-02-12 23:30:00,25260.00,25293.50,25259.75,25275.00,33.75,25276.63,25268.19,2026-02-12 23:45:00,DOWN,2026-02-12 23:45:00,0,25253.75,25249.25,CME US Index Futures ETH,1-Minute
2026-02-13,01:00:00,NQ SEP26,15m,2026-02-13 01:00:00,25203.00,25227.75,25188.75,25203.50,39.00,25208.25,25198.50,2026-02-13 01:16:00,DOWN,2026-02-13 01:26:00,10,25222.00,25176.00,CME US Index Futures ETH,1-Minute
2026-02-13,01:15:00,NQ SEP26,15m,2026-02-13 01:15:00,25202.75,25222.00,25195.75,25209.75,26.25,25208.88,25202.31,2026-02-13 01:30:00,DOWN,2026-02-13 01:30:00,0,25177.75,25171.00,CME US Index Futures ETH,1-Minute
2026-02-13,02:15:00,NQ SEP26,15m,2026-02-13 02:15:00,25204.50,25235.75,25202.25,25227.00,33.50,25219.00,25210.63,2026-02-13 02:39:00,UNRESOLVED,,,25226.00,25210.50,CME US Index Futures ETH,1-Minute
2026-02-13,02:30:00,NQ SEP26,15m,2026-02-13 02:30:00,25227.00,25253.25,25225.75,25229.50,27.50,25239.50,25232.63,2026-02-13 02:45:00,DOWN,2026-02-13 02:45:00,0,25223.00,25216.75,CME US Index Futures ETH,1-Minute
2026-02-13,03:00:00,NQ SEP26,15m,2026-02-13 03:00:00,25218.75,25241.50,25206.00,25238.00,35.50,25223.75,25214.88,2026-02-13 03:17:00,DOWN,2026-02-13 03:17:00,0,25218.00,25194.50,CME US Index Futures ETH,1-Minute
2026-02-13,04:00:00,NQ SEP26,15m,2026-02-13 04:00:00,25241.00,25276.50,25241.00,25266.25,35.50,25258.75,25249.88,2026-02-13 04:15:00,UP,2026-02-13 04:17:00,2,25277.75,25245.50,CME US Index Futures ETH,1-Minute
2026-02-13,04:30:00,NQ SEP26,15m,2026-02-13 04:30:00,25246.25,25298.00,25245.50,25286.50,52.50,25271.75,25258.63,2026-02-13 04:56:00,UNRESOLVED,,,25290.50,25250.50,CME US Index Futures ETH,1-Minute
2026-02-13,05:15:00,NQ SEP26,15m,2026-02-13 05:15:00,25264.25,25281.25,25250.50,25276.50,30.75,25265.88,25258.19,2026-02-13 05:36:00,DOWN,2026-02-13 05:36:00,0,25260.75,25247.75,CME US Index Futures ETH,1-Minute
2026-02-13,05:30:00,NQ SEP26,15m,2026-02-13 05:30:00,25277.50,25290.50,25267.00,25279.25,23.50,25278.75,25272.88,2026-02-13 05:45:00,DOWN,2026-02-13 05:45:00,0,25256.50,25245.75,CME US Index Futures ETH,1-Minute
2026-02-13,07:00:00,NQ SEP26,15m,2026-02-13 07:00:00,25164.75,25214.00,25151.25,25212.25,62.75,25182.63,25166.94,2026-02-13 07:17:00,UP,2026-02-13 07:26:00,9,25215.50,25161.50,CME US Index Futures ETH,1-Minute
2026-02-13,07:30:00,NQ SEP26,15m,2026-02-13 07:30:00,25175.25,25215.50,25161.50,25199.00,54.00,25188.50,25175.00,2026-02-13 07:59:00,DOWN,2026-02-13 07:59:00,0,25213.50,25158.25,CME US Index Futures ETH,1-Minute
2026-02-13,07:45:00,NQ SEP26,15m,2026-02-13 07:45:00,25198.75,25221.50,25194.25,25213.50,27.25,25207.88,25201.06,2026-02-13 08:00:00,DOWN,2026-02-13 08:00:00,0,25191.00,25176.75,CME US Index Futures ETH,1-Minute
2026-02-13,08:45:00,NQ SEP26,15m,2026-02-13 08:45:00,25197.00,25314.25,25186.50,25266.25,127.75,25250.38,25218.44,2026-02-13 09:10:00,UNRESOLVED,,,25241.25,25209.00,CME US Index Futures ETH,1-Minute
2026-02-13,09:00:00,NQ SEP26,15m,2026-02-13 09:00:00,25265.50,25303.25,25220.50,25272.50,82.75,25261.88,25241.19,2026-02-13 09:15:00,DOWN,2026-02-13 09:20:00,5,25247.50,25219.75,CME US Index Futures ETH,1-Minute
2026-02-13,10:30:00,NQ SEP26,15m,2026-02-13 10:30:00,25250.75,25361.50,25209.00,25339.50,152.50,25285.25,25247.13,2026-02-13 10:47:00,UP,2026-02-13 11:07:00,20,25372.50,25212.00,CME US Index Futures ETH,1-Minute
2026-02-13,11:15:00,NQ SEP26,15m,2026-02-13 11:15:00,25302.00,25379.75,25291.50,25331.50,88.25,25335.63,25313.56,2026-02-13 11:32:00,UP,2026-02-13 11:41:00,9,25380.00,25301.50,CME US Index Futures ETH,1-Minute
2026-02-13,12:45:00,NQ SEP26,15m,2026-02-13 12:45:00,25441.25,25484.50,25434.00,25456.50,50.50,25459.25,25446.63,2026-02-13 13:00:00,DOWN,2026-02-13 13:00:00,0,25440.00,25423.25,CME US Index Futures ETH,1-Minute
2026-02-13,13:30:00,NQ SEP26,15m,2026-02-13 13:30:00,25433.75,25482.50,25423.50,25445.75,59.00,25453.00,25438.25,2026-02-13 13:45:00,DOWN,2026-02-13 13:53:00,8,25475.00,25414.00,CME US Index Futures ETH,1-Minute
2026-02-13,14:15:00,NQ SEP26,15m,2026-02-13 14:15:00,25431.50,25456.75,25412.00,25438.25,44.75,25434.38,25423.19,2026-02-13 14:30:00,DOWN,2026-02-13 14:30:00,0,25426.00,25403.00,CME US Index Futures ETH,1-Minute
2026-02-13,16:45:00,NQ SEP26,15m,2026-02-13 16:45:00,25273.50,25286.00,25272.00,25273.75,14.00,25279.00,25275.50,2026-02-13 17:00:00,DOWN,2026-02-13 17:00:00,0,25276.25,25262.00,CME US Index Futures ETH,1-Minute
2026-02-15,18:30:00,NQ SEP26,15m,2026-02-15 18:30:00,25289.50,25321.00,25286.00,25309.00,35.00,25303.50,25294.75,2026-02-15 18:53:00,DOWN,2026-02-15 18:54:00,1,25301.50,25284.25,CME US Index Futures ETH,1-Minute
2026-02-15,20:00:00,NQ SEP26,15m,2026-02-15 20:00:00,25323.25,25339.00,25318.25,25325.25,20.75,25328.63,25323.44,2026-02-15 20:16:00,UNRESOLVED,,,25334.00,25318.75,CME US Index Futures ETH,1-Minute
2026-02-15,20:30:00,NQ SEP26,15m,2026-02-15 20:30:00,25323.50,25334.00,25322.75,25326.25,11.25,25328.38,25325.56,2026-02-15 20:45:00,DOWN,2026-02-15 20:46:00,1,25328.75,25322.75,CME US Index Futures ETH,1-Minute
2026-02-15,21:00:00,NQ SEP26,15m,2026-02-15 21:00:00,25327.50,25359.75,25322.75,25352.00,37.00,25341.25,25332.00,2026-02-15 21:34:00,DOWN,2026-02-15 21:53:00,19,25338.25,25321.25,CME US Index Futures ETH,1-Minute
2026-02-15,23:15:00,NQ SEP26,15m,2026-02-15 23:15:00,25315.25,25329.75,25313.50,25319.50,16.25,25321.63,25317.56,2026-02-15 23:43:00,UNRESOLVED,,,25319.50,25313.75,CME US Index Futures ETH,1-Minute
2026-02-15,23:30:00,NQ SEP26,15m,2026-02-15 23:30:00,25320.00,25330.75,25311.00,25327.75,19.75,25320.88,25315.94,2026-02-15 23:45:00,DOWN,2026-02-16 00:03:00,18,25325.00,25311.00,CME US Index Futures ETH,1-Minute
2026-02-16,00:00:00,NQ SEP26,15m,2026-02-16 00:00:00,25315.75,25325.00,25312.25,25316.50,12.75,25318.63,25315.44,2026-02-16 00:15:00,DOWN,2026-02-16 00:18:00,3,25319.00,25310.50,CME US Index Futures ETH,1-Minute
2026-02-16,01:00:00,NQ SEP26,15m,2026-02-16 01:00:00,25288.25,25304.00,25285.25,25302.00,18.75,25294.63,25289.94,2026-02-16 01:22:00,DOWN,2026-02-16 01:22:00,0,25293.75,25284.75,CME US Index Futures ETH,1-Minute
2026-02-16,01:15:00,NQ SEP26,15m,2026-02-16 01:15:00,25302.00,25310.00,25296.75,25302.25,13.25,25303.38,25300.06,2026-02-16 01:31:00,DOWN,2026-02-16 01:31:00,0,25306.25,25295.50,CME US Index Futures ETH,1-Minute
2026-02-16,02:45:00,NQ SEP26,15m,2026-02-16 02:45:00,25344.50,25365.00,25338.25,25358.75,26.75,25351.63,25344.94,2026-02-16 03:03:00,DOWN,2026-02-16 03:03:00,0,25349.50,25337.50,CME US Index Futures ETH,1-Minute
2026-02-16,04:45:00,NQ SEP26,15m,2026-02-16 04:45:00,25400.00,25410.00,25398.75,25400.25,11.25,25404.38,25401.56,2026-02-16 05:00:00,DOWN,2026-02-16 05:02:00,2,25403.75,25398.00,CME US Index Futures ETH,1-Minute
2026-02-16,05:00:00,NQ SEP26,15m,2026-02-16 05:00:00,25400.75,25408.00,25397.50,25402.25,10.50,25402.75,25400.13,2026-02-16 05:15:00,DOWN,2026-02-16 05:15:00,0,25381.75,25374.25,CME US Index Futures ETH,1-Minute
2026-02-16,05:45:00,NQ SEP26,15m,2026-02-16 05:45:00,25377.75,25389.00,25362.00,25386.00,27.00,25375.50,25368.75,2026-02-16 06:00:00,DOWN,2026-02-16 06:02:00,2,25372.50,25360.25,CME US Index Futures ETH,1-Minute
2026-02-16,06:30:00,NQ SEP26,15m,2026-02-16 06:30:00,25349.50,25364.00,25343.25,25360.00,20.75,25353.63,25348.44,2026-02-16 07:02:00,DOWN,2026-02-16 07:03:00,1,25351.00,25340.00,CME US Index Futures ETH,1-Minute
2026-02-16,07:30:00,NQ SEP26,15m,2026-02-16 07:30:00,25349.25,25371.50,25338.75,25368.75,32.75,25355.13,25346.94,2026-02-16 07:45:00,UNRESOLVED,,,25362.50,25343.25,CME US Index Futures ETH,1-Minute
2026-02-16,08:00:00,NQ SEP26,15m,2026-02-16 08:00:00,25346.00,25361.75,25343.25,25360.50,18.50,25352.50,25347.88,2026-02-16 08:16:00,UP,2026-02-16 08:32:00,16,25364.00,25347.00,CME US Index Futures ETH,1-Minute
2026-02-16,08:30:00,NQ SEP26,15m,2026-02-16 08:30:00,25350.00,25357.75,25347.00,25355.50,10.75,25352.38,25349.69,2026-02-16 08:45:00,DOWN,2026-02-16 08:47:00,2,25355.50,25346.25,CME US Index Futures ETH,1-Minute
2026-02-16,10:00:00,NQ SEP26,15m,2026-02-16 10:00:00,25214.50,25273.75,25183.75,25259.00,90.00,25228.75,25206.25,2026-02-16 10:29:00,DOWN,2026-02-16 10:34:00,5,25214.50,25176.25,CME US Index Futures ETH,1-Minute
2026-02-16,11:15:00,NQ SEP26,15m,2026-02-16 11:15:00,25183.25,25243.25,25174.75,25242.50,68.50,25209.00,25191.88,2026-02-16 11:37:00,DOWN,2026-02-16 11:39:00,2,25197.50,25166.25,CME US Index Futures ETH,1-Minute
2026-02-16,12:45:00,NQ SEP26,15m,2026-02-16 12:45:00,25235.00,25256.50,25234.75,25248.25,21.75,25245.63,25240.19,2026-02-16 13:00:00,DOWN,2026-02-16 13:00:00,0,25239.00,25225.75,CME US Index Futures ETH,1-Minute
2026-02-16,18:45:00,NQ SEP26,15m,2026-02-16 18:45:00,25268.50,25308.00,25268.50,25301.75,39.50,25288.25,25278.38,2026-02-16 19:07:00,UP,2026-02-16 19:10:00,3,25309.00,25275.00,CME US Index Futures ETH,1-Minute
2026-02-16,19:00:00,NQ SEP26,15m,2026-02-16 19:00:00,25303.00,25333.50,25293.25,25308.75,40.25,25313.38,25303.31,2026-02-16 19:15:00,DOWN,2026-02-16 19:19:00,4,25322.75,25288.75,CME US Index Futures ETH,1-Minute
2026-02-16,19:30:00,NQ SEP26,15m,2026-02-16 19:30:00,25297.25,25325.75,25288.00,25317.25,37.75,25306.88,25297.44,2026-02-16 19:45:00,DOWN,2026-02-16 19:48:00,3,25299.50,25286.50,CME US Index Futures ETH,1-Minute
2026-02-16,20:15:00,NQ SEP26,15m,2026-02-16 20:15:00,25281.50,25315.25,25279.00,25310.25,36.25,25297.13,25288.06,2026-02-16 20:30:00,DOWN,2026-02-16 20:30:00,0,25280.00,25272.25,CME US Index Futures ETH,1-Minute
2026-02-16,21:30:00,NQ SEP26,15m,2026-02-16 21:30:00,25159.75,25177.00,25142.75,25166.00,34.25,25159.88,25151.31,2026-02-16 21:48:00,DOWN,2026-02-16 21:49:00,1,25159.25,25142.75,CME US Index Futures ETH,1-Minute
2026-02-16,22:30:00,NQ SEP26,15m,2026-02-16 22:30:00,25108.00,25133.50,25101.00,25114.00,32.50,25117.25,25109.13,2026-02-16 22:45:00,DOWN,2026-02-16 22:45:00,0,25100.00,25094.00,CME US Index Futures ETH,1-Minute
2026-02-16,23:15:00,NQ SEP26,15m,2026-02-16 23:15:00,25102.00,25121.00,25097.75,25111.25,23.25,25109.38,25103.56,2026-02-16 23:31:00,DOWN,2026-02-16 23:32:00,1,25116.00,25095.50,CME US Index Futures ETH,1-Minute
2026-02-16,23:30:00,NQ SEP26,15m,2026-02-16 23:30:00,25110.00,25118.75,25100.00,25115.25,18.75,25109.38,25104.69,2026-02-16 23:45:00,DOWN,2026-02-16 23:45:00,0,25101.25,25099.25,CME US Index Futures ETH,1-Minute
2026-02-17,00:00:00,NQ SEP26,15m,2026-02-17 00:00:00,25101.00,25115.75,25099.75,25114.50,16.00,25107.75,25103.75,2026-02-17 00:15:00,DOWN,2026-02-17 00:15:00,0,25102.00,25090.25,CME US Index Futures ETH,1-Minute
2026-02-17,01:45:00,NQ SEP26,15m,2026-02-17 01:45:00,25101.25,25130.00,25093.00,25120.25,37.00,25111.50,25102.25,2026-02-17 02:02:00,DOWN,2026-02-17 02:09:00,7,25112.50,25087.50,CME US Index Futures ETH,1-Minute
2026-02-17,03:15:00,NQ SEP26,15m,2026-02-17 03:15:00,25150.75,25217.75,25142.50,25196.25,75.25,25180.13,25161.31,2026-02-17 03:34:00,DOWN,2026-02-17 03:40:00,6,25175.50,25141.75,CME US Index Futures ETH,1-Minute
2026-02-17,04:45:00,NQ SEP26,15m,2026-02-17 04:45:00,25164.00,25184.75,25158.25,25173.50,26.50,25171.50,25164.88,2026-02-17 05:11:00,DOWN,2026-02-17 05:12:00,1,25166.50,25157.50,CME US Index Futures ETH,1-Minute
2026-02-17,05:00:00,NQ SEP26,15m,2026-02-17 05:00:00,25175.25,25186.50,25163.00,25177.75,23.50,25174.75,25168.88,2026-02-17 05:15:00,DOWN,2026-02-17 05:15:00,0,25153.75,25149.25,CME US Index Futures ETH,1-Minute
2026-02-17,06:00:00,NQ SEP26,15m,2026-02-17 06:00:00,25098.25,25115.50,25081.00,25098.50,34.50,25098.25,25089.63,2026-02-17 06:16:00,DOWN,2026-02-17 06:17:00,1,25093.00,25078.50,CME US Index Futures ETH,1-Minute
2026-02-17,07:15:00,NQ SEP26,15m,2026-02-17 07:15:00,25113.75,25157.75,25100.25,25142.00,57.50,25129.00,25114.63,2026-02-17 07:30:00,DOWN,2026-02-17 07:31:00,1,25133.75,25099.00,CME US Index Futures ETH,1-Minute
2026-02-17,09:15:00,NQ SEP26,15m,2026-02-17 09:15:00,25104.00,25162.25,25102.50,25141.50,59.75,25132.38,25117.44,2026-02-17 09:31:00,UP,2026-02-17 09:31:00,0,25170.75,25111.00,CME US Index Futures ETH,1-Minute
2026-02-17,09:30:00,NQ SEP26,15m,2026-02-17 09:30:00,25142.25,25160.50,25124.00,25149.25,36.50,25142.25,25133.13,2026-02-17 09:48:00,AMBIGUOUS,2026-02-17 09:48:00,0,25173.75,25112.00,CME US Index Futures ETH,1-Minute
2026-02-17,09:45:00,NQ SEP26,15m,2026-02-17 09:45:00,25150.25,25306.75,25096.75,25191.75,210.00,25201.75,25149.25,2026-02-17 10:00:00,DOWN,2026-02-17 10:00:00,0,24993.00,24966.00,CME US Index Futures ETH,1-Minute
2026-02-17,10:15:00,NQ SEP26,15m,2026-02-17 10:15:00,24974.75,25062.50,24953.25,24989.75,109.25,25007.88,24980.56,2026-02-17 10:32:00,DOWN,2026-02-17 10:34:00,2,25002.50,24940.25,CME US Index Futures ETH,1-Minute
2026-02-17,10:30:00,NQ SEP26,15m,2026-02-17 10:30:00,24990.25,25132.00,24986.50,25018.50,145.50,25059.25,25022.88,2026-02-17 10:45:00,DOWN,2026-02-17 10:45:00,0,25004.00,24973.25,CME US Index Futures ETH,1-Minute
2026-02-17,11:45:00,NQ SEP26,15m,2026-02-17 11:45:00,25217.50,25271.00,25184.25,25226.25,86.75,25227.63,25205.94,2026-02-17 12:02:00,DOWN,2026-02-17 12:13:00,11,25254.00,25176.50,CME US Index Futures ETH,1-Minute
2026-02-17,12:00:00,NQ SEP26,15m,2026-02-17 12:00:00,25225.75,25279.00,25212.75,25250.25,66.25,25245.88,25229.31,2026-02-17 12:15:00,DOWN,2026-02-17 12:15:00,0,25202.50,25183.00,CME US Index Futures ETH,1-Minute
2026-02-17,12:30:00,NQ SEP26,15m,2026-02-17 12:30:00,25192.50,25247.00,25159.50,25246.00,87.50,25203.25,25181.38,2026-02-17 12:45:00,DOWN,2026-02-17 12:45:00,0,25163.25,25137.50,CME US Index Futures ETH,1-Minute
2026-02-17,14:15:00,NQ SEP26,15m,2026-02-17 14:15:00,25336.50,25354.50,25317.50,25342.75,37.00,25336.00,25326.75,2026-02-17 14:30:00,UP,2026-02-17 14:35:00,5,25360.75,25319.75,CME US Index Futures ETH,1-Minute
2026-02-17,14:45:00,NQ SEP26,15m,2026-02-17 14:45:00,25327.50,25380.75,25319.75,25364.00,61.00,25350.25,25335.00,2026-02-17 15:00:00,DOWN,2026-02-17 15:00:00,0,25312.25,25299.00,CME US Index Futures ETH,1-Minute
2026-02-17,15:45:00,NQ SEP26,15m,2026-02-17 15:45:00,25264.00,25286.75,25226.75,25273.25,60.00,25256.75,25241.75,2026-02-17 16:00:00,UP,2026-02-17 16:16:00,16,25299.00,25235.25,CME US Index Futures ETH,1-Minute
2026-02-17,16:15:00,NQ SEP26,15m,2026-02-17 16:15:00,25266.25,25286.25,25256.50,25268.50,29.75,25271.38,25263.94,2026-02-17 16:33:00,DOWN,2026-02-17 16:34:00,1,25267.25,25256.50,CME US Index Futures ETH,1-Minute
2026-02-17,16:30:00,NQ SEP26,15m,2026-02-17 16:30:00,25268.75,25309.50,25268.75,25280.00,40.75,25289.13,25278.94,2026-02-17 16:45:00,DOWN,2026-02-17 16:45:00,0,25258.75,25254.00,CME US Index Futures ETH,1-Minute
2026-02-17,17:00:00,NQ SEP26,15m,2026-02-17 17:00:00,25257.50,25266.00,25248.75,25259.25,17.25,25257.38,25253.06,2026-02-17 18:15:00,DOWN,2026-02-17 18:15:00,0,25228.00,25221.75,CME US Index Futures ETH,1-Minute
2026-02-17,18:30:00,NQ SEP26,15m,2026-02-17 18:30:00,25228.50,25252.75,25214.50,25234.50,38.25,25233.63,25224.06,2026-02-17 18:45:00,DOWN,2026-02-17 18:45:00,0,25217.00,25213.50,CME US Index Futures ETH,1-Minute
2026-02-17,19:15:00,NQ SEP26,15m,2026-02-17 19:15:00,25202.25,25241.00,25199.50,25237.00,41.50,25220.25,25209.88,2026-02-17 19:51:00,UNRESOLVED,,,25233.00,25200.50,CME US Index Futures ETH,1-Minute
2026-02-17,20:30:00,NQ SEP26,15m,2026-02-17 20:30:00,25208.50,25233.00,25204.50,25209.25,28.50,25218.75,25211.63,2026-02-17 20:53:00,UP,2026-02-17 20:59:00,6,25237.25,25207.75,CME US Index Futures ETH,1-Minute
2026-02-17,21:15:00,NQ SEP26,15m,2026-02-17 21:15:00,25236.75,25253.00,25233.75,25247.25,19.25,25243.38,25238.56,2026-02-17 21:30:00,UP,2026-02-17 21:36:00,6,25254.50,25237.75,CME US Index Futures ETH,1-Minute
2026-02-17,21:45:00,NQ SEP26,15m,2026-02-17 21:45:00,25240.25,25260.75,25240.25,25255.50,20.50,25250.50,25245.38,2026-02-17 22:11:00,DOWN,2026-02-17 22:12:00,1,25247.00,25238.50,CME US Index Futures ETH,1-Minute
2026-02-17,23:45:00,NQ SEP26,15m,2026-02-17 23:45:00,25303.75,25331.00,25302.00,25327.75,29.00,25316.50,25309.25,2026-02-18 01:12:00,DOWN,2026-02-18 01:13:00,1,25313.00,25300.00,CME US Index Futures ETH,1-Minute
2026-02-18,01:45:00,NQ SEP26,15m,2026-02-18 01:45:00,25315.75,25332.25,25303.50,25330.50,28.75,25317.88,25310.69,2026-02-18 02:05:00,DOWN,2026-02-18 02:07:00,2,25319.25,25302.00,CME US Index Futures ETH,1-Minute
2026-02-18,04:30:00,NQ SEP26,15m,2026-02-18 04:30:00,25405.50,25416.25,25394.00,25410.75,22.25,25405.13,25399.56,2026-02-18 04:58:00,UNRESOLVED,,,25405.75,25396.50,CME US Index Futures ETH,1-Minute
2026-02-18,04:45:00,NQ SEP26,15m,2026-02-18 04:45:00,25411.00,25432.50,25408.00,25427.25,24.50,25420.25,25414.13,2026-02-18 05:00:00,DOWN,2026-02-18 05:00:00,0,25402.00,25398.75,CME US Index Futures ETH,1-Minute
2026-02-18,05:30:00,NQ SEP26,15m,2026-02-18 05:30:00,25422.00,25428.75,25415.50,25424.00,13.25,25422.13,25418.81,2026-02-18 05:45:00,DOWN,2026-02-18 05:45:00,0,25417.75,25408.00,CME US Index Futures ETH,1-Minute
2026-02-18,06:30:00,NQ SEP26,15m,2026-02-18 06:30:00,25393.50,25417.75,25393.00,25398.50,24.75,25405.38,25399.19,2026-02-18 06:45:00,DOWN,2026-02-18 06:45:00,0,25388.50,25384.25,CME US Index Futures ETH,1-Minute
2026-02-18,07:15:00,NQ SEP26,15m,2026-02-18 07:15:00,25385.50,25451.00,25385.25,25449.00,65.75,25418.13,25401.69,2026-02-18 07:30:00,DOWN,2026-02-18 07:31:00,1,25397.50,25381.00,CME US Index Futures ETH,1-Minute
2026-02-18,08:00:00,NQ SEP26,15m,2026-02-18 08:00:00,25375.25,25387.75,25357.00,25380.50,30.75,25372.38,25364.69,2026-02-18 08:19:00,UP,2026-02-18 08:28:00,9,25392.25,25358.00,CME US Index Futures ETH,1-Minute
2026-02-18,08:30:00,NQ SEP26,15m,2026-02-18 08:30:00,25380.25,25392.25,25358.00,25386.25,34.25,25375.13,25366.56,2026-02-18 08:45:00,DOWN,2026-02-18 08:45:00,0,25346.00,25337.50,CME US Index Futures ETH,1-Minute
2026-02-18,09:15:00,NQ SEP26,15m,2026-02-18 09:15:00,25319.75,25333.00,25299.50,25323.25,33.50,25316.25,25307.88,2026-02-18 09:30:00,DOWN,2026-02-18 09:31:00,1,25318.00,25243.00,CME US Index Futures ETH,1-Minute
2026-02-18,11:15:00,NQ SEP26,15m,2026-02-18 11:15:00,25577.50,25606.75,25573.00,25589.25,33.75,25589.88,25581.44,2026-02-18 11:30:00,UP,2026-02-18 11:32:00,2,25608.25,25577.50,CME US Index Futures ETH,1-Minute
2026-02-18,11:45:00,NQ SEP26,15m,2026-02-18 11:45:00,25585.00,25608.25,25577.50,25595.25,30.75,25592.88,25585.19,2026-02-18 12:00:00,DOWN,2026-02-18 12:00:00,0,25563.25,25551.00,CME US Index Futures ETH,1-Minute
2026-02-18,12:15:00,NQ SEP26,15m,2026-02-18 12:15:00,25552.25,25619.25,25549.75,25574.25,69.50,25584.50,25567.13,2026-02-18 12:35:00,UNRESOLVED,,,25582.50,25560.75,CME US Index Futures ETH,1-Minute
2026-02-18,12:30:00,NQ SEP26,15m,2026-02-18 12:30:00,25574.00,25605.25,25570.75,25581.00,34.50,25588.00,25579.38,2026-02-18 12:45:00,DOWN,2026-02-18 12:45:00,0,25572.50,25567.25,CME US Index Futures ETH,1-Minute
2026-02-18,13:00:00,NQ SEP26,15m,2026-02-18 13:00:00,25570.00,25605.25,25566.50,25589.25,38.75,25585.88,25576.19,2026-02-18 13:15:00,DOWN,2026-02-18 13:23:00,8,25583.75,25560.50,CME US Index Futures ETH,1-Minute
2026-02-18,16:00:00,NQ SEP26,15m,2026-02-18 16:00:00,25433.50,25489.00,25427.00,25448.50,62.00,25458.00,25442.50,2026-02-18 16:15:00,DOWN,2026-02-18 16:16:00,1,25438.00,25419.75,CME US Index Futures ETH,1-Minute
2026-02-18,16:45:00,NQ SEP26,15m,2026-02-18 16:45:00,25429.25,25438.75,25428.00,25435.25,10.75,25433.38,25430.69,2026-02-18 17:00:00,DOWN,2026-02-18 17:00:00,0,25432.50,25427.25,CME US Index Futures ETH,1-Minute
2026-02-18,18:15:00,NQ SEP26,15m,2026-02-18 18:15:00,25434.50,25486.00,25433.25,25482.25,52.75,25459.63,25446.44,2026-02-18 19:04:00,DOWN,2026-02-18 19:22:00,18,25462.00,25430.25,CME US Index Futures ETH,1-Minute
2026-02-18,20:15:00,NQ SEP26,15m,2026-02-18 20:15:00,25437.75,25485.50,25430.75,25483.00,54.75,25458.13,25444.44,2026-02-18 20:39:00,DOWN,2026-02-18 20:39:00,0,25447.50,25428.75,CME US Index Futures ETH,1-Minute
2026-02-18,21:30:00,NQ SEP26,15m,2026-02-18 21:30:00,25465.00,25476.25,25460.50,25473.50,15.75,25468.38,25464.44,2026-02-18 21:54:00,UP,2026-02-18 22:06:00,12,25481.00,25461.00,CME US Index Futures ETH,1-Minute
2026-02-18,22:15:00,NQ SEP26,15m,2026-02-18 22:15:00,25471.00,25481.00,25466.50,25475.25,14.50,25473.75,25470.13,2026-02-18 22:40:00,DOWN,2026-02-18 22:41:00,1,25473.00,25466.00,CME US Index Futures ETH,1-Minute
2026-02-18,22:30:00,NQ SEP26,15m,2026-02-18 22:30:00,25476.00,25487.75,25470.00,25486.50,17.75,25478.88,25474.44,2026-02-18 22:45:00,DOWN,2026-02-18 22:45:00,0,25469.50,25462.25,CME US Index Futures ETH,1-Minute
2026-02-18,23:15:00,NQ SEP26,15m,2026-02-18 23:15:00,25476.50,25483.75,25473.25,25479.75,10.50,25478.50,25475.88,2026-02-18 23:30:00,DOWN,2026-02-18 23:30:00,0,25467.50,25464.00,CME US Index Futures ETH,1-Minute
2026-02-19,02:30:00,NQ SEP26,15m,2026-02-19 02:30:00,25515.75,25536.00,25510.00,25532.25,26.00,25523.00,25516.50,2026-02-19 02:57:00,DOWN,2026-02-19 02:58:00,1,25519.75,25509.25,CME US Index Futures ETH,1-Minute
2026-02-19,03:15:00,NQ SEP26,15m,2026-02-19 03:15:00,25510.75,25533.50,25502.75,25523.00,30.75,25518.13,25510.44,2026-02-19 03:40:00,DOWN,2026-02-19 03:42:00,2,25517.75,25500.25,CME US Index Futures ETH,1-Minute
2026-02-19,03:30:00,NQ SEP26,15m,2026-02-19 03:30:00,25521.50,25545.00,25521.00,25530.25,24.00,25533.00,25527.00,2026-02-19 03:45:00,DOWN,2026-02-19 03:45:00,0,25505.75,25500.00,CME US Index Futures ETH,1-Minute
2026-02-19,04:15:00,NQ SEP26,15m,2026-02-19 04:15:00,25446.00,25464.00,25432.50,25459.00,31.50,25448.25,25440.38,2026-02-19 04:30:00,DOWN,2026-02-19 04:30:00,0,25434.50,25424.75,CME US Index Futures ETH,1-Minute
2026-02-19,05:30:00,NQ SEP26,15m,2026-02-19 05:30:00,25329.00,25359.75,25322.25,25331.25,37.50,25341.00,25331.63,2026-02-19 05:52:00,UNRESOLVED,,,25349.75,25329.00,CME US Index Futures ETH,1-Minute
2026-02-19,06:30:00,NQ SEP26,15m,2026-02-19 06:30:00,25362.25,25373.75,25348.75,25365.25,25.00,25361.25,25355.00,2026-02-19 06:47:00,DOWN,2026-02-19 06:51:00,4,25362.25,25340.00,CME US Index Futures ETH,1-Minute
2026-02-19,07:00:00,NQ SEP26,15m,2026-02-19 07:00:00,25358.50,25372.00,25334.75,25369.50,37.25,25353.38,25344.06,2026-02-19 07:16:00,UP,2026-02-19 07:26:00,10,25387.25,25339.00,CME US Index Futures ETH,1-Minute
2026-02-19,07:45:00,NQ SEP26,15m,2026-02-19 07:45:00,25370.50,25386.50,25356.25,25382.00,30.25,25371.38,25363.81,2026-02-19 08:00:00,DOWN,2026-02-19 08:02:00,2,25366.00,25352.00,CME US Index Futures ETH,1-Minute
2026-02-19,09:00:00,NQ SEP26,15m,2026-02-19 09:00:00,25340.00,25371.75,25327.00,25345.75,44.75,25349.38,25338.19,2026-02-19 09:15:00,DOWN,2026-02-19 09:28:00,13,25365.00,25321.00,CME US Index Futures ETH,1-Minute
2026-02-19,10:45:00,NQ SEP26,15m,2026-02-19 10:45:00,25349.50,25435.50,25340.00,25411.25,95.50,25387.75,25363.88,2026-02-19 11:07:00,UNRESOLVED,,,25405.00,25343.25,CME US Index Futures ETH,1-Minute
2026-02-19,11:00:00,NQ SEP26,15m,2026-02-19 11:00:00,25412.00,25423.50,25353.25,25415.25,70.25,25388.38,25370.81,2026-02-19 11:29:00,DOWN,2026-02-19 11:45:00,16,25412.00,25330.75,CME US Index Futures ETH,1-Minute
2026-02-19,12:30:00,NQ SEP26,15m,2026-02-19 12:30:00,25337.00,25395.75,25317.00,25351.00,78.75,25356.38,25336.69,2026-02-19 12:45:00,DOWN,2026-02-19 12:46:00,1,25344.00,25314.50,CME US Index Futures ETH,1-Minute
2026-02-19,13:15:00,NQ SEP26,15m,2026-02-19 13:15:00,25270.50,25330.25,25258.00,25322.50,72.25,25294.13,25276.06,2026-02-19 13:31:00,DOWN,2026-02-19 13:38:00,7,25294.75,25257.25,CME US Index Futures ETH,1-Minute
2026-02-19,14:00:00,NQ SEP26,15m,2026-02-19 14:00:00,25274.75,25340.00,25274.00,25333.00,66.00,25307.00,25290.50,2026-02-19 14:30:00,DOWN,2026-02-19 14:39:00,9,25316.50,25271.25,CME US Index Futures ETH,1-Minute
2026-02-19,15:15:00,NQ SEP26,15m,2026-02-19 15:15:00,25272.25,25311.75,25272.00,25286.25,39.75,25291.88,25281.94,2026-02-19 15:30:00,UP,2026-02-19 15:47:00,17,25319.50,25274.00,CME US Index Futures ETH,1-Minute
2026-02-19,18:45:00,NQ SEP26,15m,2026-02-19 18:45:00,25351.25,25380.25,25350.00,25363.25,30.25,25365.13,25357.56,2026-02-19 19:01:00,DOWN,2026-02-19 19:02:00,1,25369.75,25349.50,CME US Index Futures ETH,1-Minute
2026-02-19,19:00:00,NQ SEP26,15m,2026-02-19 19:00:00,25363.25,25376.25,25356.25,25368.25,20.00,25366.25,25361.25,2026-02-19 19:20:00,DOWN,2026-02-19 19:23:00,3,25365.00,25350.00,CME US Index Futures ETH,1-Minute
2026-02-19,20:15:00,NQ SEP26,15m,2026-02-19 20:15:00,25392.50,25427.00,25388.75,25424.00,38.25,25407.88,25398.31,2026-02-19 20:41:00,DOWN,2026-02-19 20:46:00,5,25403.75,25385.50,CME US Index Futures ETH,1-Minute
2026-02-19,21:00:00,NQ SEP26,15m,2026-02-19 21:00:00,25391.00,25410.00,25383.00,25397.75,27.00,25396.50,25389.75,2026-02-19 21:15:00,DOWN,2026-02-19 21:15:00,0,25387.75,25383.00,CME US Index Futures ETH,1-Minute
2026-02-19,22:15:00,NQ SEP26,15m,2026-02-19 22:15:00,25388.75,25399.75,25385.25,25395.50,14.50,25392.50,25388.88,2026-02-19 22:39:00,DOWN,2026-02-19 22:41:00,2,25394.00,25382.00,CME US Index Futures ETH,1-Minute
2026-02-20,01:15:00,NQ SEP26,15m,2026-02-20 01:15:00,25435.00,25444.75,25431.00,25444.25,13.75,25437.88,25434.44,2026-02-20 01:31:00,DOWN,2026-02-20 01:32:00,1,25436.25,25429.00,CME US Index Futures ETH,1-Minute
2026-02-20,02:15:00,NQ SEP26,15m,2026-02-20 02:15:00,25433.75,25445.50,25429.00,25439.00,16.50,25437.25,25433.13,2026-02-20 02:30:00,DOWN,2026-02-20 02:31:00,1,25434.25,25427.00,CME US Index Futures ETH,1-Minute
2026-02-20,04:30:00,NQ SEP26,15m,2026-02-20 04:30:00,25452.00,25475.75,25450.25,25467.25,25.50,25463.00,25456.63,2026-02-20 04:45:00,DOWN,2026-02-20 04:45:00,0,25451.50,25447.75,CME US Index Futures ETH,1-Minute
2026-02-20,05:15:00,NQ SEP26,15m,2026-02-20 05:15:00,25426.75,25436.00,25414.50,25431.50,21.50,25425.25,25419.88,2026-02-20 05:30:00,DOWN,2026-02-20 05:31:00,1,25421.75,25413.25,CME US Index Futures ETH,1-Minute
2026-02-20,06:30:00,NQ SEP26,15m,2026-02-20 06:30:00,25357.50,25376.75,25347.00,25370.25,29.75,25361.88,25354.44,2026-02-20 06:45:00,DOWN,2026-02-20 06:46:00,1,25356.75,25345.50,CME US Index Futures ETH,1-Minute
2026-02-20,07:15:00,NQ SEP26,15m,2026-02-20 07:15:00,25320.00,25333.50,25296.00,25330.00,37.50,25314.75,25305.38,2026-02-20 07:30:00,DOWN,2026-02-20 07:31:00,1,25307.00,25291.25,CME US Index Futures ETH,1-Minute
2026-02-20,08:00:00,NQ SEP26,15m,2026-02-20 08:00:00,25293.75,25322.25,25283.00,25320.00,39.25,25302.63,25292.81,2026-02-20 08:32:00,DOWN,2026-02-20 08:32:00,0,25310.00,25271.75,CME US Index Futures ETH,1-Minute
2026-02-20,08:30:00,NQ SEP26,15m,2026-02-20 08:30:00,25316.00,25355.00,25315.25,25348.50,39.75,25335.13,25325.19,2026-02-20 08:45:00,DOWN,2026-02-20 08:45:00,0,25241.50,25230.50,CME US Index Futures ETH,1-Minute
2026-02-20,09:00:00,NQ SEP26,15m,2026-02-20 09:00:00,25236.25,25264.00,25213.50,25260.25,50.50,25238.75,25226.13,2026-02-20 09:15:00,DOWN,2026-02-20 09:16:00,1,25230.75,25200.00,CME US Index Futures ETH,1-Minute
2026-02-20,10:15:00,NQ SEP26,15m,2026-02-20 10:15:00,25391.50,25574.00,25349.25,25419.00,224.75,25461.63,25405.44,2026-02-20 10:34:00,UNRESOLVED,,,25545.75,25399.00,CME US Index Futures ETH,1-Minute
2026-02-20,11:00:00,NQ SEP26,15m,2026-02-20 11:00:00,25551.50,25618.00,25517.00,25609.75,101.00,25567.50,25542.25,2026-02-20 11:16:00,DOWN,2026-02-20 11:18:00,2,25576.75,25510.75,CME US Index Futures ETH,1-Minute
2026-02-20,11:45:00,NQ SEP26,15m,2026-02-20 11:45:00,25468.25,25600.50,25458.25,25583.75,142.25,25529.38,25493.81,2026-02-20 12:12:00,UNRESOLVED,,,25512.00,25478.25,CME US Index Futures ETH,1-Minute
2026-02-20,12:00:00,NQ SEP26,15m,2026-02-20 12:00:00,25583.50,25621.50,25580.00,25589.00,41.50,25600.75,25590.38,2026-02-20 12:15:00,DOWN,2026-02-20 12:15:00,0,25498.75,25471.75,CME US Index Futures ETH,1-Minute
2026-02-20,13:00:00,NQ SEP26,15m,2026-02-20 13:00:00,25453.75,25534.75,25432.00,25525.25,102.75,25483.38,25457.69,2026-02-20 13:19:00,DOWN,2026-02-20 13:25:00,6,25489.25,25420.25,CME US Index Futures ETH,1-Minute
2026-02-20,14:00:00,NQ SEP26,15m,2026-02-20 14:00:00,25561.50,25613.25,25538.00,25588.75,75.25,25575.63,25556.81,2026-02-20 14:15:00,DOWN,2026-02-20 14:29:00,14,25576.50,25533.25,CME US Index Futures ETH,1-Minute
2026-02-20,15:15:00,NQ SEP26,15m,2026-02-20 15:15:00,25514.00,25568.25,25507.00,25558.50,61.25,25537.63,25522.31,2026-02-20 15:30:00,DOWN,2026-02-20 15:30:00,0,25516.00,25505.25,CME US Index Futures ETH,1-Minute
2026-02-20,16:15:00,NQ SEP26,15m,2026-02-20 16:15:00,25566.75,25579.00,25555.25,25569.50,23.75,25567.13,25561.19,2026-02-20 16:30:00,UNRESOLVED,,,25572.00,25557.50,CME US Index Futures ETH,1-Minute
2026-02-20,16:45:00,NQ SEP26,15m,2026-02-20 16:45:00,25558.75,25570.25,25557.50,25565.00,12.75,25563.88,25560.69,2026-02-22 18:01:00,DOWN,2026-02-22 18:01:00,0,25550.75,25508.00,CME US Index Futures ETH,1-Minute
2026-02-20,17:00:00,NQ SEP26,15m,2026-02-20 17:00:00,25565.50,25572.00,25560.25,25568.50,11.75,25566.13,25563.19,2026-02-22 18:15:00,DOWN,2026-02-22 18:15:00,0,25543.50,25535.00,CME US Index Futures ETH,1-Minute
2026-02-22,18:15:00,NQ SEP26,15m,2026-02-22 18:15:00,25524.75,25550.75,25508.00,25542.75,42.75,25529.38,25518.69,2026-02-22 18:30:00,DOWN,2026-02-22 18:30:00,0,25475.75,25468.75,CME US Index Futures ETH,1-Minute
2026-02-22,19:00:00,NQ SEP26,15m,2026-02-22 19:00:00,25432.50,25474.00,25427.75,25462.00,46.25,25450.88,25439.31,2026-02-22 19:15:00,DOWN,2026-02-22 19:15:00,0,25429.75,25421.00,CME US Index Futures ETH,1-Minute
2026-02-22,20:15:00,NQ SEP26,15m,2026-02-22 20:15:00,25344.75,25367.00,25330.25,25355.00,36.75,25348.63,25339.44,2026-02-22 20:34:00,UP,2026-02-22 20:46:00,12,25372.75,25333.25,CME US Index Futures ETH,1-Minute
2026-02-22,20:45:00,NQ SEP26,15m,2026-02-22 20:45:00,25349.75,25365.00,25333.25,25364.25,31.75,25349.13,25341.19,2026-02-22 21:00:00,DOWN,2026-02-22 21:02:00,2,25348.25,25327.00,CME US Index Futures ETH,1-Minute
2026-02-22,21:45:00,NQ SEP26,15m,2026-02-22 21:45:00,25322.75,25336.00,25319.50,25330.50,16.50,25327.75,25323.63,2026-02-22 22:19:00,UP,2026-02-22 22:21:00,2,25336.75,25322.75,CME US Index Futures ETH,1-Minute
2026-02-22,22:15:00,NQ SEP26,15m,2026-02-22 22:15:00,25330.50,25354.50,25330.50,25340.00,24.00,25342.50,25336.50,2026-02-22 22:30:00,DOWN,2026-02-22 22:30:00,0,25324.75,25318.75,CME US Index Futures ETH,1-Minute
2026-02-22,23:00:00,NQ SEP26,15m,2026-02-22 23:00:00,25329.50,25335.00,25321.25,25332.75,13.75,25328.13,25324.69,2026-02-22 23:16:00,DOWN,2026-02-22 23:24:00,8,25333.25,25316.75,CME US Index Futures ETH,1-Minute
2026-02-22,23:15:00,NQ SEP26,15m,2026-02-22 23:15:00,25333.50,25344.00,25319.00,25334.50,25.00,25331.50,25325.25,2026-02-22 23:30:00,DOWN,2026-02-22 23:33:00,3,25330.50,25317.00,CME US Index Futures ETH,1-Minute
2026-02-23,00:00:00,NQ SEP26,15m,2026-02-23 00:00:00,25316.00,25325.25,25310.50,25325.25,14.75,25317.88,25314.19,2026-02-23 00:15:00,DOWN,2026-02-23 00:15:00,0,25312.75,25307.25,CME US Index Futures ETH,1-Minute
2026-02-23,02:45:00,NQ SEP26,15m,2026-02-23 02:45:00,25392.50,25402.00,25382.75,25399.00,19.25,25392.38,25387.56,2026-02-23 03:04:00,DOWN,2026-02-23 03:04:00,0,25395.50,25382.75,CME US Index Futures ETH,1-Minute
2026-02-23,03:15:00,NQ SEP26,15m,2026-02-23 03:15:00,25389.75,25404.50,25368.50,25395.25,36.00,25386.50,25377.50,2026-02-23 03:37:00,UP,2026-02-23 03:49:00,12,25411.00,25369.25,CME US Index Futures ETH,1-Minute
2026-02-23,04:45:00,NQ SEP26,15m,2026-02-23 04:45:00,25485.50,25495.00,25466.00,25487.25,29.00,25480.50,25473.25,2026-02-23 05:00:00,DOWN,2026-02-23 05:23:00,23,25493.75,25466.00,CME US Index Futures ETH,1-Minute
2026-02-23,05:15:00,NQ SEP26,15m,2026-02-23 05:15:00,25476.50,25493.75,25471.00,25482.25,22.75,25482.38,25476.69,2026-02-23 05:30:00,DOWN,2026-02-23 05:30:00,0,25465.75,25461.00,CME US Index Futures ETH,1-Minute
2026-02-23,05:45:00,NQ SEP26,15m,2026-02-23 05:45:00,25460.50,25476.75,25450.00,25468.25,26.75,25463.38,25456.69,2026-02-23 06:02:00,UP,2026-02-23 06:17:00,15,25478.25,25450.50,CME US Index Futures ETH,1-Minute
2026-02-23,06:15:00,NQ SEP26,15m,2026-02-23 06:15:00,25461.75,25471.00,25450.50,25468.00,20.50,25460.75,25455.63,2026-02-23 06:32:00,DOWN,2026-02-23 06:34:00,2,25458.25,25449.00,CME US Index Futures ETH,1-Minute
2026-02-23,07:45:00,NQ SEP26,15m,2026-02-23 07:45:00,25401.25,25415.00,25374.75,25413.00,40.25,25394.88,25384.81,2026-02-23 08:01:00,UP,2026-02-23 08:09:00,8,25415.75,25378.25,CME US Index Futures ETH,1-Minute
2026-02-23,09:15:00,NQ SEP26,15m,2026-02-23 09:15:00,25426.00,25452.25,25422.50,25451.50,29.75,25437.38,25429.94,2026-02-23 09:41:00,AMBIGUOUS,2026-02-23 09:41:00,0,25488.00,25417.50,CME US Index Futures ETH,1-Minute
2026-02-23,09:30:00,NQ SEP26,15m,2026-02-23 09:30:00,25452.00,25473.50,25428.75,25472.25,44.75,25451.13,25439.94,2026-02-23 09:45:00,DOWN,2026-02-23 09:45:00,0,25407.25,25370.00,CME US Index Futures ETH,1-Minute
2026-02-23,10:00:00,NQ SEP26,15m,2026-02-23 10:00:00,25372.00,25456.25,25348.75,25404.25,107.50,25402.50,25375.63,2026-02-23 10:15:00,DOWN,2026-02-23 10:17:00,2,25377.00,25348.50,CME US Index Futures ETH,1-Minute
2026-02-23,11:30:00,NQ SEP26,15m,2026-02-23 11:30:00,25174.00,25272.75,25159.00,25269.00,113.75,25215.88,25187.44,2026-02-23 12:38:00,UNRESOLVED,,,25218.25,25168.50,CME US Index Futures ETH,1-Minute
2026-02-23,12:30:00,NQ SEP26,15m,2026-02-23 12:30:00,25223.75,25252.50,25223.00,25234.00,29.50,25237.75,25230.38,2026-02-23 12:45:00,DOWN,2026-02-23 12:45:00,0,25216.25,25192.00,CME US Index Futures ETH,1-Minute
2026-02-23,13:30:00,NQ SEP26,15m,2026-02-23 13:30:00,25275.50,25311.25,25271.00,25301.50,40.25,25291.13,25281.06,2026-02-23 13:45:00,DOWN,2026-02-23 13:45:00,0,25283.50,25267.75,CME US Index Futures ETH,1-Minute
2026-02-23,14:15:00,NQ SEP26,15m,2026-02-23 14:15:00,25218.75,25246.00,25212.75,25234.25,33.25,25229.38,25221.06,2026-02-23 14:30:00,DOWN,2026-02-23 14:30:00,0,25219.25,25199.75,CME US Index Futures ETH,1-Minute
2026-02-23,16:45:00,NQ SEP26,15m,2026-02-23 16:45:00,25270.25,25282.25,25269.25,25275.50,13.00,25275.75,25272.50,2026-02-23 18:01:00,AMBIGUOUS,2026-02-23 18:01:00,0,25294.50,25267.25,CME US Index Futures ETH,1-Minute
2026-02-23,18:45:00,NQ SEP26,15m,2026-02-23 18:45:00,25296.75,25317.75,25293.50,25303.75,24.25,25305.63,25299.56,2026-02-23 19:00:00,DOWN,2026-02-23 19:00:00,0,25284.75,25275.75,CME US Index Futures ETH,1-Minute
2026-02-23,19:15:00,NQ SEP26,15m,2026-02-23 19:15:00,25280.00,25302.25,25273.00,25291.00,29.25,25287.63,25280.31,2026-02-23 19:30:00,DOWN,2026-02-23 19:30:00,0,25273.75,25269.50,CME US Index Futures ETH,1-Minute
2026-02-23,20:00:00,NQ SEP26,15m,2026-02-23 20:00:00,25296.00,25314.50,25291.00,25307.00,23.50,25302.75,25296.88,2026-02-23 20:15:00,DOWN,2026-02-23 20:16:00,1,25300.50,25290.50,CME US Index Futures ETH,1-Minute
2026-02-23,22:30:00,NQ SEP26,15m,2026-02-23 22:30:00,25363.50,25375.25,25361.00,25369.25,14.25,25368.13,25364.56,2026-02-23 22:45:00,DOWN,2026-02-23 22:49:00,4,25368.00,25359.75,CME US Index Futures ETH,1-Minute
2026-02-23,23:15:00,NQ SEP26,15m,2026-02-23 23:15:00,25365.00,25371.75,25361.25,25365.75,10.50,25366.50,25363.88,2026-02-23 23:32:00,DOWN,2026-02-23 23:36:00,4,25371.00,25359.75,CME US Index Futures ETH,1-Minute
2026-02-23,23:30:00,NQ SEP26,15m,2026-02-23 23:30:00,25365.25,25373.00,25356.75,25368.25,16.25,25364.88,25360.81,2026-02-23 23:45:00,UP,2026-02-24 00:05:00,20,25378.00,25360.25,CME US Index Futures ETH,1-Minute
2026-02-24,00:00:00,NQ SEP26,15m,2026-02-24 00:00:00,25363.25,25371.25,25361.25,25367.00,10.00,25366.25,25363.75,2026-02-24 00:17:00,DOWN,2026-02-24 00:17:00,0,25366.00,25360.50,CME US Index Futures ETH,1-Minute
2026-02-24,00:15:00,NQ SEP26,15m,2026-02-24 00:15:00,25367.00,25379.25,25360.25,25373.00,19.00,25369.75,25365.00,2026-02-24 00:30:00,DOWN,2026-02-24 00:30:00,0,25357.00,25353.00,CME US Index Futures ETH,1-Minute
2026-02-24,02:15:00,NQ SEP26,15m,2026-02-24 02:15:00,25328.50,25351.75,25326.25,25348.75,25.50,25339.00,25332.63,2026-02-24 02:44:00,DOWN,2026-02-24 02:44:00,0,25339.25,25324.50,CME US Index Futures ETH,1-Minute
2026-02-24,02:30:00,NQ SEP26,15m,2026-02-24 02:30:00,25349.25,25353.00,25337.00,25350.75,16.00,25345.00,25341.00,2026-02-24 02:45:00,DOWN,2026-02-24 02:45:00,0,25328.25,25322.75,CME US Index Futures ETH,1-Minute
2026-02-24,03:30:00,NQ SEP26,15m,2026-02-24 03:30:00,25283.00,25308.50,25264.50,25298.25,44.00,25286.50,25275.50,2026-02-24 03:45:00,DOWN,2026-02-24 03:48:00,3,25279.50,25262.00,CME US Index Futures ETH,1-Minute
2026-02-24,04:15:00,NQ SEP26,15m,2026-02-24 04:15:00,25282.25,25329.50,25279.25,25328.50,50.25,25304.38,25291.81,2026-02-24 04:36:00,UP,2026-02-24 04:50:00,14,25330.25,25285.25,CME US Index Futures ETH,1-Minute
2026-02-24,05:00:00,NQ SEP26,15m,2026-02-24 05:00:00,25321.00,25339.00,25313.25,25337.50,25.75,25326.13,25319.69,2026-02-24 05:42:00,UNRESOLVED,,,25335.50,25316.75,CME US Index Futures ETH,1-Minute
2026-02-24,05:45:00,NQ SEP26,15m,2026-02-24 05:45:00,25332.50,25338.00,25317.50,25334.75,20.50,25327.75,25322.63,2026-02-24 06:10:00,DOWN,2026-02-24 06:15:00,5,25332.50,25313.75,CME US Index Futures ETH,1-Minute
2026-02-24,07:15:00,NQ SEP26,15m,2026-02-24 07:15:00,25323.50,25393.25,25319.50,25363.25,73.75,25356.38,25337.94,2026-02-24 07:30:00,DOWN,2026-02-24 07:36:00,6,25338.25,25313.50,CME US Index Futures ETH,1-Minute
2026-02-24,09:00:00,NQ SEP26,15m,2026-02-24 09:00:00,25363.50,25383.00,25361.00,25368.25,22.00,25372.00,25366.50,2026-02-24 09:15:00,DOWN,2026-02-24 09:15:00,0,25343.75,25335.75,CME US Index Futures ETH,1-Minute
2026-02-24,10:45:00,NQ SEP26,15m,2026-02-24 10:45:00,25502.25,25522.00,25477.75,25508.25,44.25,25499.88,25488.81,2026-02-24 11:00:00,DOWN,2026-02-24 11:00:00,0,25471.50,25460.00,CME US Index Futures ETH,1-Minute
2026-02-24,11:15:00,NQ SEP26,15m,2026-02-24 11:15:00,25467.50,25538.25,25465.25,25524.75,73.00,25501.75,25483.50,2026-02-24 11:31:00,DOWN,2026-02-24 11:32:00,1,25507.25,25462.75,CME US Index Futures ETH,1-Minute
2026-02-24,12:30:00,NQ SEP26,15m,2026-02-24 12:30:00,25546.50,25565.25,25534.25,25551.75,31.00,25549.75,25542.00,2026-02-24 12:45:00,DOWN,2026-02-24 12:45:00,0,25538.50,25529.00,CME US Index Futures ETH,1-Minute
2026-02-24,13:00:00,NQ SEP26,15m,2026-02-24 13:00:00,25532.25,25555.00,25523.00,25537.00,32.00,25539.00,25531.00,2026-02-24 13:15:00,DOWN,2026-02-24 13:21:00,6,25536.75,25515.50,CME US Index Futures ETH,1-Minute
2026-02-24,13:45:00,NQ SEP26,15m,2026-02-24 13:45:00,25510.75,25542.00,25502.50,25529.75,39.50,25522.25,25512.38,2026-02-24 14:10:00,DOWN,2026-02-24 14:12:00,2,25520.25,25499.50,CME US Index Futures ETH,1-Minute
2026-02-24,14:45:00,NQ SEP26,15m,2026-02-24 14:45:00,25494.00,25521.50,25491.25,25509.75,30.25,25506.38,25498.81,2026-02-24 15:09:00,UNRESOLVED,,,25505.25,25491.50,CME US Index Futures ETH,1-Minute
2026-02-24,15:00:00,NQ SEP26,15m,2026-02-24 15:00:00,25510.50,25551.25,25504.50,25512.50,46.75,25527.88,25516.19,2026-02-24 15:15:00,DOWN,2026-02-24 15:15:00,0,25501.25,25493.25,CME US Index Futures ETH,1-Minute
2026-02-24,15:45:00,NQ SEP26,15m,2026-02-24 15:45:00,25489.75,25523.00,25485.75,25521.25,37.25,25504.38,25495.06,2026-02-24 16:10:00,UNRESOLVED,,,25512.25,25494.25,CME US Index Futures ETH,1-Minute
2026-02-24,16:00:00,NQ SEP26,15m,2026-02-24 16:00:00,25521.50,25563.00,25513.00,25521.75,50.00,25538.00,25525.50,2026-02-24 16:15:00,DOWN,2026-02-24 16:15:00,0,25512.75,25507.50,CME US Index Futures ETH,1-Minute
2026-02-24,16:30:00,NQ SEP26,15m,2026-02-24 16:30:00,25510.50,25518.75,25505.25,25514.75,13.50,25512.00,25508.63,2026-02-24 16:46:00,DOWN,2026-02-24 16:52:00,6,25513.50,25504.50,CME US Index Futures ETH,1-Minute
2026-02-24,19:00:00,NQ SEP26,15m,2026-02-24 19:00:00,25521.00,25542.00,25518.50,25534.50,23.50,25530.25,25524.38,2026-02-24 19:15:00,DOWN,2026-02-24 19:16:00,1,25524.75,25518.00,CME US Index Futures ETH,1-Minute
2026-02-24,21:00:00,NQ SEP26,15m,2026-02-24 21:00:00,25585.00,25604.25,25583.25,25594.50,21.00,25593.75,25588.50,2026-02-24 21:16:00,DOWN,2026-02-24 21:17:00,1,25593.75,25580.50,CME US Index Futures ETH,1-Minute
2026-02-24,22:00:00,NQ SEP26,15m,2026-02-24 22:00:00,25587.00,25600.50,25583.00,25598.50,17.50,25591.75,25587.38,2026-02-24 22:15:00,DOWN,2026-02-24 22:15:00,0,25573.75,25568.75,CME US Index Futures ETH,1-Minute
2026-02-24,23:00:00,NQ SEP26,15m,2026-02-24 23:00:00,25548.25,25572.25,25538.50,25557.75,33.75,25555.38,25546.94,2026-02-24 23:15:00,DOWN,2026-02-24 23:15:00,0,25535.50,25531.25,CME US Index Futures ETH,1-Minute
2026-02-24,23:45:00,NQ SEP26,15m,2026-02-24 23:45:00,25544.50,25554.00,25544.00,25546.75,10.00,25549.00,25546.50,2026-02-25 00:00:00,DOWN,2026-02-25 00:00:00,0,25541.50,25539.00,CME US Index Futures ETH,1-Minute
2026-02-25,00:15:00,NQ SEP26,15m,2026-02-25 00:15:00,25542.75,25558.50,25537.25,25545.50,21.25,25547.88,25542.56,2026-02-25 00:30:00,DOWN,2026-02-25 00:30:00,0,25534.50,25532.25,CME US Index Futures ETH,1-Minute
2026-02-25,01:45:00,NQ SEP26,15m,2026-02-25 01:45:00,25531.00,25549.75,25527.50,25535.75,22.25,25538.63,25533.06,2026-02-25 02:00:00,DOWN,2026-02-25 02:04:00,4,25542.25,25526.00,CME US Index Futures ETH,1-Minute
2026-02-25,03:45:00,NQ SEP26,15m,2026-02-25 03:45:00,25566.75,25571.25,25552.75,25567.25,18.50,25562.00,25557.38,2026-02-25 04:02:00,DOWN,2026-02-25 04:06:00,4,25566.75,25546.25,CME US Index Futures ETH,1-Minute
2026-02-25,04:45:00,NQ SEP26,15m,2026-02-25 04:45:00,25561.00,25574.00,25555.00,25573.00,19.00,25564.50,25559.75,2026-02-25 05:06:00,UNRESOLVED,,,25568.25,25557.25,CME US Index Futures ETH,1-Minute
2026-02-25,05:00:00,NQ SEP26,15m,2026-02-25 05:00:00,25573.25,25578.75,25563.25,25573.50,15.50,25571.00,25567.13,2026-02-25 05:15:00,DOWN,2026-02-25 05:15:00,0,25562.00,25559.25,CME US Index Futures ETH,1-Minute
2026-02-25,05:30:00,NQ SEP26,15m,2026-02-25 05:30:00,25563.25,25573.50,25556.50,25567.25,17.00,25565.00,25560.75,2026-02-25 05:56:00,UNRESOLVED,,,25565.50,25558.50,CME US Index Futures ETH,1-Minute
2026-02-25,05:45:00,NQ SEP26,15m,2026-02-25 05:45:00,25568.25,25585.75,25564.00,25578.75,21.75,25574.88,25569.44,2026-02-25 06:00:00,DOWN,2026-02-25 06:00:00,0,25565.25,25558.25,CME US Index Futures ETH,1-Minute
2026-02-25,07:00:00,NQ SEP26,15m,2026-02-25 07:00:00,25600.50,25619.50,25598.75,25615.75,20.75,25609.13,25603.94,2026-02-25 07:15:00,DOWN,2026-02-25 07:15:00,0,25603.00,25598.00,CME US Index Futures ETH,1-Minute
2026-02-25,08:00:00,NQ SEP26,15m,2026-02-25 08:00:00,25621.75,25637.75,25620.75,25629.50,17.00,25629.25,25625.00,2026-02-25 08:22:00,UNRESOLVED,,,25637.25,25622.50,CME US Index Futures ETH,1-Minute
2026-02-25,08:15:00,NQ SEP26,15m,2026-02-25 08:15:00,25630.25,25644.00,25624.75,25640.25,19.25,25634.38,25629.56,2026-02-25 08:31:00,DOWN,2026-02-25 08:32:00,1,25634.75,25619.00,CME US Index Futures ETH,1-Minute
2026-02-25,09:00:00,NQ SEP26,15m,2026-02-25 09:00:00,25625.00,25656.75,25623.75,25641.25,33.00,25640.25,25632.00,2026-02-25 09:18:00,DOWN,2026-02-25 09:20:00,2,25639.25,25620.75,CME US Index Futures ETH,1-Minute
2026-02-25,09:15:00,NQ SEP26,15m,2026-02-25 09:15:00,25641.75,25668.50,25636.00,25647.25,32.50,25652.25,25644.13,2026-02-25 09:30:00,UP,2026-02-25 09:31:00,1,25711.00,25640.00,CME US Index Futures ETH,1-Minute
2026-02-25,10:00:00,NQ SEP26,15m,2026-02-25 10:00:00,25763.25,25844.25,25762.00,25834.25,82.25,25803.13,25782.56,2026-02-25 10:17:00,UNRESOLVED,,,25832.50,25773.75,CME US Index Futures ETH,1-Minute
2026-02-25,10:30:00,NQ SEP26,15m,2026-02-25 10:30:00,25799.00,25831.75,25773.75,25825.25,58.00,25802.75,25788.25,2026-02-25 10:45:00,DOWN,2026-02-25 10:53:00,8,25805.50,25772.25,CME US Index Futures ETH,1-Minute
2026-02-25,12:15:00,NQ SEP26,15m,2026-02-25 12:15:00,25807.75,25832.00,25801.50,25830.00,30.50,25816.75,25809.13,2026-02-25 12:31:00,UP,2026-02-25 12:47:00,16,25833.75,25806.00,CME US Index Futures ETH,1-Minute
2026-02-25,13:00:00,NQ SEP26,15m,2026-02-25 13:00:00,25825.00,25846.00,25821.50,25843.25,24.50,25833.75,25827.63,2026-02-25 13:18:00,UP,2026-02-25 13:51:00,33,25847.00,25825.25,CME US Index Futures ETH,1-Minute
2026-02-25,14:30:00,NQ SEP26,15m,2026-02-25 14:30:00,25857.00,25869.00,25855.00,25862.00,14.00,25862.00,25858.50,2026-02-25 14:45:00,UNRESOLVED,,,25867.50,25855.25,CME US Index Futures ETH,1-Minute
2026-02-25,15:00:00,NQ SEP26,15m,2026-02-25 15:00:00,25857.00,25866.50,25855.25,25859.75,11.25,25860.88,25858.06,2026-02-25 15:22:00,DOWN,2026-02-25 15:24:00,2,25861.75,25850.50,CME US Index Futures ETH,1-Minute
2026-02-25,15:15:00,NQ SEP26,15m,2026-02-25 15:15:00,25859.50,25867.50,25855.75,25861.75,11.75,25861.63,25858.69,2026-02-25 15:30:00,DOWN,2026-02-25 15:31:00,1,25863.00,25849.00,CME US Index Futures ETH,1-Minute
2026-02-25,16:00:00,NQ SEP26,15m,2026-02-25 16:00:00,25865.00,25887.50,25860.00,25877.00,27.50,25873.75,25866.88,2026-02-25 16:21:00,UP,2026-02-25 16:27:00,6,25914.75,25861.00,CME US Index Futures ETH,1-Minute
2026-02-25,16:45:00,NQ SEP26,15m,2026-02-25 16:45:00,25886.50,25985.75,25873.00,25950.00,112.75,25929.38,25901.19,2026-02-25 18:01:00,DOWN,2026-02-25 18:01:00,0,25904.50,25871.25,CME US Index Futures ETH,1-Minute
2026-02-25,17:00:00,NQ SEP26,15m,2026-02-25 17:00:00,25951.00,25962.50,25927.25,25952.75,35.25,25944.88,25936.06,2026-02-25 18:15:00,DOWN,2026-02-25 18:15:00,0,25876.00,25868.00,CME US Index Futures ETH,1-Minute
2026-02-25,18:30:00,NQ SEP26,15m,2026-02-25 18:30:00,25871.00,25883.75,25852.25,25874.50,31.50,25868.00,25860.13,2026-02-25 18:45:00,DOWN,2026-02-25 18:45:00,0,25800.25,25784.00,CME US Index Futures ETH,1-Minute
2026-02-25,19:15:00,NQ SEP26,15m,2026-02-25 19:15:00,25806.75,25829.00,25795.50,25822.50,33.50,25812.25,25803.88,2026-02-25 19:40:00,DOWN,2026-02-25 19:43:00,3,25812.25,25794.25,CME US Index Futures ETH,1-Minute
2026-02-25,19:30:00,NQ SEP26,15m,2026-02-25 19:30:00,25822.75,25831.00,25809.25,25828.00,21.75,25820.13,25814.69,2026-02-25 19:45:00,DOWN,2026-02-25 19:45:00,0,25806.75,25793.00,CME US Index Futures ETH,1-Minute
2026-02-25,20:00:00,NQ SEP26,15m,2026-02-25 20:00:00,25800.75,25815.25,25799.00,25806.75,16.25,25807.13,25803.06,2026-02-25 20:15:00,DOWN,2026-02-25 20:15:00,0,25804.50,25798.00,CME US Index Futures ETH,1-Minute
2026-02-25,21:00:00,NQ SEP26,15m,2026-02-25 21:00:00,25799.00,25810.75,25795.75,25807.25,15.00,25803.25,25799.50,2026-02-25 21:15:00,DOWN,2026-02-25 21:15:00,0,25786.50,25783.00,CME US Index Futures ETH,1-Minute
2026-02-25,21:30:00,NQ SEP26,15m,2026-02-25 21:30:00,25785.75,25803.00,25785.75,25791.25,17.25,25794.38,25790.06,2026-02-25 21:45:00,DOWN,2026-02-25 21:45:00,0,25787.00,25785.00,CME US Index Futures ETH,1-Minute
2026-02-25,22:30:00,NQ SEP26,15m,2026-02-25 22:30:00,25792.50,25802.25,25791.25,25797.00,11.00,25796.75,25794.00,2026-02-25 22:58:00,DOWN,2026-02-25 22:59:00,1,25799.75,25790.50,CME US Index Futures ETH,1-Minute
2026-02-25,22:45:00,NQ SEP26,15m,2026-02-25 22:45:00,25796.25,25814.50,25794.75,25804.00,19.75,25804.63,25799.69,2026-02-25 23:00:00,DOWN,2026-02-25 23:00:00,0,25794.75,25789.50,CME US Index Futures ETH,1-Minute
2026-02-25,23:15:00,NQ SEP26,15m,2026-02-25 23:15:00,25791.50,25801.50,25786.75,25792.00,14.75,25794.13,25790.44,2026-02-25 23:30:00,DOWN,2026-02-25 23:30:00,0,25790.00,25786.75,CME US Index Futures ETH,1-Minute
2026-02-25,23:45:00,NQ SEP26,15m,2026-02-25 23:45:00,25790.50,25796.75,25784.25,25791.25,12.50,25790.50,25787.38,2026-02-26 00:02:00,DOWN,2026-02-26 00:03:00,1,25792.25,25778.00,CME US Index Futures ETH,1-Minute
2026-02-26,00:00:00,NQ SEP26,15m,2026-02-26 00:00:00,25790.75,25797.25,25787.75,25791.25,9.50,25792.50,25790.13,2026-02-26 00:15:00,DOWN,2026-02-26 00:15:00,0,25784.00,25776.25,CME US Index Futures ETH,1-Minute
2026-02-26,02:45:00,NQ SEP26,15m,2026-02-26 02:45:00,25832.00,25852.50,25830.25,25851.50,22.25,25841.38,25835.81,2026-02-26 03:01:00,UP,2026-02-26 03:15:00,14,25858.25,25835.00,CME US Index Futures ETH,1-Minute
2026-02-26,03:30:00,NQ SEP26,15m,2026-02-26 03:30:00,25856.50,25883.25,25854.00,25863.00,29.25,25868.63,25861.31,2026-02-26 03:45:00,DOWN,2026-02-26 03:45:00,0,25847.00,25845.00,CME US Index Futures ETH,1-Minute
2026-02-26,04:45:00,NQ SEP26,15m,2026-02-26 04:45:00,25870.25,25889.50,25866.25,25884.50,23.25,25877.88,25872.06,2026-02-26 05:00:00,DOWN,2026-02-26 05:03:00,3,25874.50,25866.25,CME US Index Futures ETH,1-Minute
2026-02-26,05:15:00,NQ SEP26,15m,2026-02-26 05:15:00,25870.25,25879.25,25864.75,25874.00,14.50,25872.00,25868.38,2026-02-26 05:30:00,DOWN,2026-02-26 05:30:00,0,25857.75,25854.50,CME US Index Futures ETH,1-Minute
2026-02-26,05:45:00,NQ SEP26,15m,2026-02-26 05:45:00,25854.50,25864.25,25844.25,25859.00,20.00,25854.25,25849.25,2026-02-26 06:00:00,DOWN,2026-02-26 06:03:00,3,25851.75,25841.50,CME US Index Futures ETH,1-Minute
2026-02-26,06:30:00,NQ SEP26,15m,2026-02-26 06:30:00,25845.25,25860.50,25841.00,25856.00,19.50,25850.75,25845.88,2026-02-26 06:47:00,UP,2026-02-26 07:03:00,16,25862.50,25841.75,CME US Index Futures ETH,1-Minute
2026-02-26,07:45:00,NQ SEP26,15m,2026-02-26 07:45:00,25877.75,25881.75,25860.25,25878.25,21.50,25871.00,25865.63,2026-02-26 08:00:00,DOWN,2026-02-26 08:01:00,1,25867.00,25860.25,CME US Index Futures ETH,1-Minute
2026-02-26,08:30:00,NQ SEP26,15m,2026-02-26 08:30:00,25868.25,25890.25,25864.00,25889.25,26.25,25877.13,25870.56,2026-02-26 09:07:00,DOWN,2026-02-26 09:10:00,3,25879.25,25863.50,CME US Index Futures ETH,1-Minute
2026-02-26,11:30:00,NQ SEP26,15m,2026-02-26 11:30:00,25538.50,25576.50,25518.75,25549.75,57.75,25547.63,25533.19,2026-02-26 11:45:00,DOWN,2026-02-26 11:45:00,0,25505.50,25488.00,CME US Index Futures ETH,1-Minute
2026-02-26,12:15:00,NQ SEP26,15m,2026-02-26 12:15:00,25454.75,25500.25,25451.00,25457.50,49.25,25475.63,25463.31,2026-02-26 12:30:00,DOWN,2026-02-26 12:37:00,7,25499.00,25449.00,CME US Index Futures ETH,1-Minute
2026-02-26,12:30:00,NQ SEP26,15m,2026-02-26 12:30:00,25458.00,25468.50,25444.00,25459.00,24.50,25456.25,25450.13,2026-02-26 12:45:00,DOWN,2026-02-26 12:45:00,0,25442.25,25433.25,CME US Index Futures ETH,1-Minute
2026-02-26,14:45:00,NQ SEP26,15m,2026-02-26 14:45:00,25539.75,25569.25,25530.50,25554.50,38.75,25549.88,25540.19,2026-02-26 15:10:00,DOWN,2026-02-26 15:15:00,5,25551.75,25527.75,CME US Index Futures ETH,1-Minute
2026-02-26,16:00:00,NQ SEP26,15m,2026-02-26 16:00:00,25556.25,25577.75,25531.25,25572.50,46.50,25554.50,25542.88,2026-02-26 16:37:00,DOWN,2026-02-26 16:47:00,10,25550.75,25529.25,CME US Index Futures ETH,1-Minute
2026-02-26,18:30:00,NQ SEP26,15m,2026-02-26 18:30:00,25509.50,25529.00,25501.00,25513.00,28.00,25515.00,25508.00,2026-02-26 18:45:00,DOWN,2026-02-26 18:45:00,0,25484.50,25475.75,CME US Index Futures ETH,1-Minute
2026-02-26,19:15:00,NQ SEP26,15m,2026-02-26 19:15:00,25486.00,25512.25,25472.25,25502.75,40.00,25492.25,25482.25,2026-02-26 19:34:00,DOWN,2026-02-26 19:38:00,4,25489.75,25465.50,CME US Index Futures ETH,1-Minute
2026-02-26,20:15:00,NQ SEP26,15m,2026-02-26 20:15:00,25477.00,25497.00,25466.75,25494.50,30.25,25481.88,25474.31,2026-02-26 20:31:00,DOWN,2026-02-26 20:31:00,0,25479.00,25466.50,CME US Index Futures ETH,1-Minute
2026-02-26,21:30:00,NQ SEP26,15m,2026-02-26 21:30:00,25489.50,25510.00,25488.75,25507.25,21.25,25499.38,25494.06,2026-02-26 21:45:00,UP,2026-02-26 21:55:00,10,25514.50,25491.50,CME US Index Futures ETH,1-Minute
2026-02-26,22:00:00,NQ SEP26,15m,2026-02-26 22:00:00,25498.25,25524.25,25493.75,25522.75,30.50,25509.00,25501.38,2026-02-26 22:37:00,DOWN,2026-02-26 22:38:00,1,25505.00,25492.75,CME US Index Futures ETH,1-Minute
2026-02-26,23:00:00,NQ SEP26,15m,2026-02-26 23:00:00,25508.25,25525.25,25502.75,25515.75,22.50,25514.00,25508.38,2026-02-26 23:16:00,UP,2026-02-26 23:40:00,24,25525.50,25503.00,CME US Index Futures ETH,1-Minute
2026-02-27,00:30:00,NQ SEP26,15m,2026-02-27 00:30:00,25536.75,25548.25,25536.00,25546.50,12.25,25542.13,25539.06,2026-02-27 00:54:00,DOWN,2026-02-27 00:54:00,0,25545.50,25535.00,CME US Index Futures ETH,1-Minute
2026-02-27,02:45:00,NQ SEP26,15m,2026-02-27 02:45:00,25561.50,25566.00,25552.25,25562.00,13.75,25559.13,25555.69,2026-02-27 03:09:00,DOWN,2026-02-27 03:10:00,1,25560.00,25549.75,CME US Index Futures ETH,1-Minute
2026-02-27,03:00:00,NQ SEP26,15m,2026-02-27 03:00:00,25562.50,25570.00,25554.75,25565.50,15.25,25562.38,25558.56,2026-02-27 03:15:00,DOWN,2026-02-27 03:15:00,0,25548.75,25536.75,CME US Index Futures ETH,1-Minute
2026-02-27,04:15:00,NQ SEP26,15m,2026-02-27 04:15:00,25558.75,25579.75,25541.50,25572.00,38.25,25560.63,25551.06,2026-02-27 04:37:00,DOWN,2026-02-27 04:38:00,1,25558.25,25539.50,CME US Index Futures ETH,1-Minute
2026-02-27,05:30:00,NQ SEP26,15m,2026-02-27 05:30:00,25478.50,25512.75,25478.25,25508.75,34.50,25495.50,25486.88,2026-02-27 05:56:00,DOWN,2026-02-27 05:57:00,1,25495.00,25477.75,CME US Index Futures ETH,1-Minute
2026-02-27,05:45:00,NQ SEP26,15m,2026-02-27 05:45:00,25508.50,25536.00,25508.00,25526.75,28.00,25522.00,25515.00,2026-02-27 06:00:00,DOWN,2026-02-27 06:00:00,0,25494.00,25488.00,CME US Index Futures ETH,1-Minute
2026-02-27,07:15:00,NQ SEP26,15m,2026-02-27 07:15:00,25443.75,25470.50,25412.25,25467.75,58.25,25441.38,25426.81,2026-02-27 07:45:00,DOWN,2026-02-27 07:48:00,3,25432.25,25402.25,CME US Index Futures ETH,1-Minute
2026-02-27,09:00:00,NQ SEP26,15m,2026-02-27 09:00:00,25331.00,25370.25,25323.25,25361.50,47.00,25346.75,25335.00,2026-02-27 09:15:00,DOWN,2026-02-27 09:17:00,2,25340.75,25319.00,CME US Index Futures ETH,1-Minute
2026-02-27,10:30:00,NQ SEP26,15m,2026-02-27 10:30:00,25445.25,25488.50,25412.25,25462.25,76.25,25450.38,25431.31,2026-02-27 10:53:00,UNRESOLVED,,,25476.25,25413.50,CME US Index Futures ETH,1-Minute
2026-02-27,10:45:00,NQ SEP26,15m,2026-02-27 10:45:00,25462.00,25498.25,25419.00,25489.50,79.25,25458.63,25438.81,2026-02-27 11:10:00,UP,2026-02-27 11:18:00,8,25502.75,25434.25,CME US Index Futures ETH,1-Minute
2026-02-27,11:15:00,NQ SEP26,15m,2026-02-27 11:15:00,25474.50,25512.50,25434.25,25479.75,78.25,25473.38,25453.81,2026-02-27 11:41:00,DOWN,2026-02-27 11:44:00,3,25466.25,25426.75,CME US Index Futures ETH,1-Minute
2026-02-27,12:00:00,NQ SEP26,15m,2026-02-27 12:00:00,25427.00,25496.75,25422.50,25459.75,74.25,25459.63,25441.06,2026-02-27 12:17:00,DOWN,2026-02-27 12:21:00,4,25450.50,25419.25,CME US Index Futures ETH,1-Minute
2026-02-27,13:00:00,NQ SEP26,15m,2026-02-27 13:00:00,25425.75,25444.75,25405.00,25436.50,39.75,25424.88,25414.94,2026-02-27 13:15:00,DOWN,2026-02-27 13:15:00,0,25411.75,25403.75,CME US Index Futures ETH,1-Minute
2026-02-27,13:45:00,NQ SEP26,15m,2026-02-27 13:45:00,25402.00,25422.25,25379.00,25403.00,43.25,25400.63,25389.81,2026-02-27 14:12:00,UNRESOLVED,,,25413.25,25388.25,CME US Index Futures ETH,1-Minute
2026-02-27,14:15:00,NQ SEP26,15m,2026-02-27 14:15:00,25393.50,25454.00,25388.25,25400.25,65.75,25421.13,25404.69,2026-02-27 14:30:00,DOWN,2026-02-27 14:31:00,1,25405.00,25383.50,CME US Index Futures ETH,1-Minute
2026-02-27,15:30:00,NQ SEP26,15m,2026-02-27 15:30:00,25459.50,25495.50,25455.75,25469.75,39.75,25475.63,25465.69,2026-02-27 15:45:00,DOWN,2026-02-27 15:45:00,0,25449.50,25422.25,CME US Index Futures ETH,1-Minute
2026-02-27,16:00:00,NQ SEP26,15m,2026-02-27 16:00:00,25426.25,25513.75,25420.75,25488.25,93.00,25467.25,25444.00,2026-02-27 16:21:00,UNRESOLVED,,,25469.25,25430.25,CME US Index Futures ETH,1-Minute
2026-02-27,16:45:00,NQ SEP26,15m,2026-02-27 16:45:00,25452.25,25469.25,25450.25,25453.50,19.00,25459.75,25455.00,2026-02-27 17:00:00,DOWN,2026-02-27 17:00:00,0,25455.75,25442.50,CME US Index Futures ETH,1-Minute
2026-03-01,18:45:00,NQ SEP26,15m,2026-03-01 18:45:00,25255.75,25267.25,25205.50,25262.25,61.75,25236.38,25220.94,2026-03-01 19:01:00,UP,2026-03-01 19:11:00,10,25269.50,25214.00,CME US Index Futures ETH,1-Minute
2026-03-01,19:15:00,NQ SEP26,15m,2026-03-01 19:15:00,25230.25,25269.50,25214.00,25249.50,55.50,25241.75,25227.88,2026-03-01 19:30:00,DOWN,2026-03-01 19:30:00,0,25225.25,25206.75,CME US Index Futures ETH,1-Minute
2026-03-01,20:15:00,NQ SEP26,15m,2026-03-01 20:15:00,25276.50,25384.25,25263.50,25364.75,120.75,25323.88,25293.69,2026-03-01 21:53:00,UNRESOLVED,,,25317.00,25287.50,CME US Index Futures ETH,1-Minute
2026-03-01,21:45:00,NQ SEP26,15m,2026-03-01 21:45:00,25302.00,25338.25,25295.00,25329.00,43.25,25316.63,25305.81,2026-03-01 22:02:00,DOWN,2026-03-01 22:04:00,2,25316.75,25294.75,CME US Index Futures ETH,1-Minute
2026-03-01,22:30:00,NQ SEP26,15m,2026-03-01 22:30:00,25308.25,25326.50,25296.75,25310.75,29.75,25311.63,25304.19,2026-03-01 22:45:00,DOWN,2026-03-01 22:45:00,0,25291.25,25283.75,CME US Index Futures ETH,1-Minute
2026-03-01,23:30:00,NQ SEP26,15m,2026-03-01 23:30:00,25287.25,25300.50,25231.75,25290.50,68.75,25266.13,25248.94,2026-03-01 23:59:00,DOWN,2026-03-02 00:07:00,8,25260.50,25221.25,CME US Index Futures ETH,1-Minute
2026-03-02,00:45:00,NQ SEP26,15m,2026-03-02 00:45:00,25222.75,25240.25,25216.50,25225.75,23.75,25228.38,25222.44,2026-03-02 01:00:00,DOWN,2026-03-02 01:00:00,0,25169.25,25163.00,CME US Index Futures ETH,1-Minute
2026-03-02,01:15:00,NQ SEP26,15m,2026-03-02 01:15:00,25166.75,25194.00,25165.50,25182.00,28.50,25179.75,25172.63,2026-03-02 01:30:00,DOWN,2026-03-02 01:30:00,0,25164.50,25150.75,CME US Index Futures ETH,1-Minute
2026-03-02,02:30:00,NQ SEP26,15m,2026-03-02 02:30:00,25032.25,25079.25,25024.50,25058.25,54.75,25051.88,25038.19,2026-03-02 02:54:00,UNRESOLVED,,,25053.00,25026.75,CME US Index Futures ETH,1-Minute
2026-03-02,02:45:00,NQ SEP26,15m,2026-03-02 02:45:00,25057.25,25074.50,25038.00,25068.00,36.50,25056.25,25047.13,2026-03-02 03:00:00,DOWN,2026-03-02 03:00:00,0,25040.00,25022.00,CME US Index Futures ETH,1-Minute
2026-03-02,04:30:00,NQ SEP26,15m,2026-03-02 04:30:00,25108.75,25143.50,25108.75,25128.50,34.75,25126.13,25117.44,2026-03-02 04:45:00,DOWN,2026-03-02 04:50:00,5,25131.25,25107.75,CME US Index Futures ETH,1-Minute
2026-03-02,05:30:00,NQ SEP26,15m,2026-03-02 05:30:00,25138.00,25164.00,25123.50,25147.75,40.50,25143.75,25133.63,2026-03-02 05:57:00,UNRESOLVED,,,25149.50,25131.75,CME US Index Futures ETH,1-Minute
2026-03-02,05:45:00,NQ SEP26,15m,2026-03-02 05:45:00,25148.25,25175.50,25145.00,25171.75,30.50,25160.25,25152.63,2026-03-02 06:00:00,DOWN,2026-03-02 06:00:00,0,25149.00,25140.00,CME US Index Futures ETH,1-Minute
2026-03-02,06:45:00,NQ SEP26,15m,2026-03-02 06:45:00,25146.75,25180.00,25146.75,25172.75,33.25,25163.38,25155.06,2026-03-02 07:08:00,DOWN,2026-03-02 07:09:00,1,25170.00,25142.50,CME US Index Futures ETH,1-Minute
2026-03-02,07:00:00,NQ SEP26,15m,2026-03-02 07:00:00,25172.00,25220.00,25161.00,25179.00,59.00,25190.50,25175.75,2026-03-02 07:15:00,DOWN,2026-03-02 07:15:00,0,25154.00,25140.75,CME US Index Futures ETH,1-Minute
2026-03-02,07:45:00,NQ SEP26,15m,2026-03-02 07:45:00,25125.00,25146.50,25119.00,25131.00,27.50,25132.75,25125.88,2026-03-02 08:00:00,DOWN,2026-03-02 08:05:00,5,25143.75,25112.50,CME US Index Futures ETH,1-Minute
2026-03-02,08:30:00,NQ SEP26,15m,2026-03-02 08:30:00,25140.50,25230.25,25136.25,25191.75,94.00,25183.25,25159.75,2026-03-02 08:45:00,DOWN,2026-03-02 08:53:00,8,25167.75,25133.75,CME US Index Futures ETH,1-Minute
2026-03-02,09:15:00,NQ SEP26,15m,2026-03-02 09:15:00,25112.50,25143.00,25098.75,25124.00,44.25,25120.88,25109.81,2026-03-02 09:31:00,AMBIGUOUS,2026-03-02 09:31:00,0,25174.50,25096.00,CME US Index Futures ETH,1-Minute
2026-03-02,10:45:00,NQ SEP26,15m,2026-03-02 10:45:00,25372.50,25431.75,25333.00,25430.00,98.75,25382.38,25357.69,2026-03-02 11:28:00,UNRESOLVED,,,25384.25,25343.00,CME US Index Futures ETH,1-Minute
2026-03-02,11:15:00,NQ SEP26,15m,2026-03-02 11:15:00,25414.75,25482.25,25383.50,25463.25,98.75,25432.88,25408.19,2026-03-02 11:30:00,DOWN,2026-03-02 11:30:00,0,25363.50,25350.50,CME US Index Futures ETH,1-Minute
2026-03-02,12:30:00,NQ SEP26,15m,2026-03-02 12:30:00,25521.75,25567.50,25520.50,25536.00,47.00,25544.00,25532.25,2026-03-02 12:45:00,UNRESOLVED,,,25566.75,25527.50,CME US Index Futures ETH,1-Minute
2026-03-02,13:00:00,NQ SEP26,15m,2026-03-02 13:00:00,25537.50,25566.75,25527.50,25556.75,39.25,25547.13,25537.31,2026-03-02 13:15:00,DOWN,2026-03-02 13:20:00,5,25543.25,25525.25,CME US Index Futures ETH,1-Minute
2026-03-02,14:30:00,NQ SEP26,15m,2026-03-02 14:30:00,25540.50,25580.00,25540.00,25570.25,40.00,25560.00,25550.00,2026-03-02 15:07:00,DOWN,2026-03-02 15:07:00,0,25576.75,25526.75,CME US Index Futures ETH,1-Minute
2026-03-02,15:00:00,NQ SEP26,15m,2026-03-02 15:00:00,25568.00,25592.00,25567.25,25573.75,24.75,25579.63,25573.44,2026-03-02 15:15:00,DOWN,2026-03-02 15:15:00,0,25480.50,25452.25,CME US Index Futures ETH,1-Minute
2026-03-02,16:00:00,NQ SEP26,15m,2026-03-02 16:00:00,25499.00,25553.75,25487.50,25512.00,66.25,25520.63,25504.06,2026-03-02 16:15:00,DOWN,2026-03-02 16:15:00,0,25490.75,25481.75,CME US Index Futures ETH,1-Minute
2026-03-02,16:45:00,NQ SEP26,15m,2026-03-02 16:45:00,25487.25,25498.75,25483.50,25496.25,15.25,25491.13,25487.31,2026-03-02 17:00:00,AMBIGUOUS,2026-03-02 18:01:00,61,25502.00,25472.00,CME US Index Futures ETH,1-Minute
2026-03-02,19:00:00,NQ SEP26,15m,2026-03-02 19:00:00,25438.25,25469.75,25438.00,25462.00,31.75,25453.88,25445.94,2026-03-02 19:15:00,DOWN,2026-03-02 19:15:00,0,25439.75,25430.50,CME US Index Futures ETH,1-Minute
2026-03-02,19:45:00,NQ SEP26,15m,2026-03-02 19:45:00,25433.00,25439.25,25421.75,25437.50,17.50,25430.50,25426.13,2026-03-02 20:00:00,DOWN,2026-03-02 20:00:00,0,25427.00,25421.00,CME US Index Futures ETH,1-Minute
2026-03-02,20:15:00,NQ SEP26,15m,2026-03-02 20:15:00,25422.75,25447.50,25395.00,25433.75,52.50,25421.25,25408.13,2026-03-02 20:31:00,DOWN,2026-03-02 20:38:00,7,25425.00,25391.00,CME US Index Futures ETH,1-Minute
2026-03-02,21:45:00,NQ SEP26,15m,2026-03-02 21:45:00,25328.25,25370.25,25322.00,25353.00,48.25,25346.13,25334.06,2026-03-02 22:11:00,UNRESOLVED,,,25340.25,25324.25,CME US Index Futures ETH,1-Minute
2026-03-02,22:00:00,NQ SEP26,15m,2026-03-02 22:00:00,25351.75,25368.75,25341.75,25352.25,27.00,25355.25,25348.50,2026-03-02 22:15:00,DOWN,2026-03-02 22:15:00,0,25343.25,25336.00,CME US Index Futures ETH,1-Minute
2026-03-02,22:45:00,NQ SEP26,15m,2026-03-02 22:45:00,25314.25,25364.25,25295.25,25354.25,69.00,25329.75,25312.50,2026-03-02 23:17:00,DOWN,2026-03-02 23:30:00,13,25337.25,25291.75,CME US Index Futures ETH,1-Minute
2026-03-02,23:45:00,NQ SEP26,15m,2026-03-02 23:45:00,25307.00,25321.50,25291.00,25309.25,30.50,25306.25,25298.63,2026-03-03 00:00:00,DOWN,2026-03-03 00:06:00,6,25313.50,25289.75,CME US Index Futures ETH,1-Minute
2026-03-03,00:30:00,NQ SEP26,15m,2026-03-03 00:30:00,25301.25,25313.25,25290.00,25304.25,23.25,25301.63,25295.81,2026-03-03 00:45:00,DOWN,2026-03-03 00:45:00,0,25273.25,25266.75,CME US Index Futures ETH,1-Minute
2026-03-03,01:30:00,NQ SEP26,15m,2026-03-03 01:30:00,25254.25,25288.75,25227.00,25288.25,61.75,25257.88,25242.44,2026-03-03 01:46:00,DOWN,2026-03-03 02:05:00,19,25256.25,25225.00,CME US Index Futures ETH,1-Minute
2026-03-03,04:15:00,NQ SEP26,15m,2026-03-03 04:15:00,25007.25,25072.75,25006.25,25051.00,66.50,25039.50,25022.88,2026-03-03 04:30:00,DOWN,2026-03-03 04:30:00,0,25012.75,25002.25,CME US Index Futures ETH,1-Minute
2026-03-03,05:45:00,NQ SEP26,15m,2026-03-03 05:45:00,24927.50,24961.25,24884.00,24960.00,77.25,24922.63,24903.31,2026-03-03 06:00:00,UP,2026-03-03 06:04:00,4,24962.75,24891.25,CME US Index Futures ETH,1-Minute
2026-03-03,07:45:00,NQ SEP26,15m,2026-03-03 07:45:00,25061.50,25082.50,25040.75,25072.25,41.75,25061.63,25051.19,2026-03-03 08:03:00,DOWN,2026-03-03 08:08:00,5,25064.25,25037.00,CME US Index Futures ETH,1-Minute
2026-03-03,08:00:00,NQ SEP26,15m,2026-03-03 08:00:00,25073.00,25097.75,25048.25,25074.50,49.50,25073.00,25060.63,2026-03-03 08:15:00,DOWN,2026-03-03 08:15:00,0,25049.50,25032.00,CME US Index Futures ETH,1-Minute
2026-03-03,09:30:00,NQ SEP26,15m,2026-03-03 09:30:00,24969.25,25034.50,24962.25,25024.50,72.25,24998.38,24980.31,2026-03-03 09:51:00,UP,2026-03-03 09:52:00,1,25060.75,24980.25,CME US Index Futures ETH,1-Minute
2026-03-03,10:15:00,NQ SEP26,15m,2026-03-03 10:15:00,24980.00,25053.50,24950.75,24993.75,102.75,25002.13,24976.44,2026-03-03 10:30:00,DOWN,2026-03-03 10:30:00,0,24861.25,24843.00,CME US Index Futures ETH,1-Minute
2026-03-03,12:00:00,NQ SEP26,15m,2026-03-03 12:00:00,25138.25,25215.75,25135.75,25163.00,80.00,25175.75,25155.75,2026-03-03 12:15:00,DOWN,2026-03-03 12:15:00,0,25150.25,25123.00,CME US Index Futures ETH,1-Minute
2026-03-03,12:30:00,NQ SEP26,15m,2026-03-03 12:30:00,25147.00,25203.25,25122.75,25194.50,80.50,25163.00,25142.88,2026-03-03 12:54:00,DOWN,2026-03-03 12:55:00,1,25175.25,25119.00,CME US Index Futures ETH,1-Minute
2026-03-03,13:45:00,NQ SEP26,15m,2026-03-03 13:45:00,25237.25,25323.50,25233.00,25293.50,90.50,25278.25,25255.63,2026-03-03 14:08:00,DOWN,2026-03-03 14:11:00,3,25275.25,25223.50,CME US Index Futures ETH,1-Minute
2026-03-03,15:30:00,NQ SEP26,15m,2026-03-03 15:30:00,25264.75,25281.25,25232.50,25273.75,48.75,25256.88,25244.69,2026-03-03 15:48:00,DOWN,2026-03-03 15:52:00,4,25263.75,25214.75,CME US Index Futures ETH,1-Minute
2026-03-03,18:45:00,NQ SEP26,15m,2026-03-03 18:45:00,25199.50,25224.00,25191.50,25211.25,32.50,25207.75,25199.63,2026-03-03 19:00:00,DOWN,2026-03-03 19:00:00,0,25201.75,25189.00,CME US Index Futures ETH,1-Minute
2026-03-03,19:15:00,NQ SEP26,15m,2026-03-03 19:15:00,25193.00,25235.50,25167.00,25228.00,68.50,25201.25,25184.13,2026-03-03 19:42:00,UNRESOLVED,,,25196.00,25179.75,CME US Index Futures ETH,1-Minute
2026-03-03,19:30:00,NQ SEP26,15m,2026-03-03 19:30:00,25228.50,25294.50,25223.25,25257.75,71.25,25258.88,25241.06,2026-03-03 19:45:00,DOWN,2026-03-03 19:45:00,0,25192.75,25181.25,CME US Index Futures ETH,1-Minute
2026-03-03,20:00:00,NQ SEP26,15m,2026-03-03 20:00:00,25190.25,25257.00,25190.25,25238.50,66.75,25223.63,25206.94,2026-03-03 20:15:00,DOWN,2026-03-03 20:16:00,1,25203.25,25190.00,CME US Index Futures ETH,1-Minute
2026-03-03,20:45:00,NQ SEP26,15m,2026-03-03 20:45:00,25142.75,25212.50,25121.75,25200.00,90.75,25167.13,25144.44,2026-03-03 21:02:00,DOWN,2026-03-03 21:16:00,14,25175.00,25121.75,CME US Index Futures ETH,1-Minute
2026-03-03,21:45:00,NQ SEP26,15m,2026-03-03 21:45:00,25112.75,25120.50,25079.00,25115.25,41.50,25099.75,25089.38,2026-03-03 22:03:00,DOWN,2026-03-03 22:05:00,2,25105.25,25077.00,CME US Index Futures ETH,1-Minute
2026-03-03,22:00:00,NQ SEP26,15m,2026-03-03 22:00:00,25115.50,25157.75,25114.25,25128.00,43.50,25136.00,25125.13,2026-03-03 22:15:00,DOWN,2026-03-03 22:15:00,0,25095.25,25080.50,CME US Index Futures ETH,1-Minute
2026-03-03,23:15:00,NQ SEP26,15m,2026-03-03 23:15:00,25091.25,25135.75,25085.00,25114.00,50.75,25110.38,25097.69,2026-03-03 23:30:00,DOWN,2026-03-03 23:30:00,0,25093.25,25083.50,CME US Index Futures ETH,1-Minute
2026-03-03,23:45:00,NQ SEP26,15m,2026-03-03 23:45:00,25082.75,25096.50,25057.00,25089.25,39.50,25076.75,25066.88,2026-03-04 00:04:00,DOWN,2026-03-04 00:05:00,1,25079.25,25056.25,CME US Index Futures ETH,1-Minute
2026-03-04,00:45:00,NQ SEP26,15m,2026-03-04 00:45:00,25048.00,25108.75,25032.00,25088.50,76.75,25070.38,25051.19,2026-03-04 01:01:00,DOWN,2026-03-04 01:04:00,3,25064.50,25031.00,CME US Index Futures ETH,1-Minute
2026-03-04,01:45:00,NQ SEP26,15m,2026-03-04 01:45:00,25038.00,25081.00,25032.00,25063.75,49.00,25056.50,25044.25,2026-03-04 02:06:00,DOWN,2026-03-04 02:14:00,8,25067.00,25028.50,CME US Index Futures ETH,1-Minute
2026-03-04,03:00:00,NQ SEP26,15m,2026-03-04 03:00:00,25146.75,25168.75,25133.00,25148.00,35.75,25150.88,25141.94,2026-03-04 03:16:00,DOWN,2026-03-04 03:17:00,1,25164.25,25133.00,CME US Index Futures ETH,1-Minute
2026-03-04,03:15:00,NQ SEP26,15m,2026-03-04 03:15:00,25148.00,25166.75,25126.75,25160.00,40.00,25146.75,25136.75,2026-03-04 03:30:00,DOWN,2026-03-04 03:30:00,0,25130.50,25115.75,CME US Index Futures ETH,1-Minute
2026-03-04,03:45:00,NQ SEP26,15m,2026-03-04 03:45:00,25120.75,25159.50,25110.75,25155.00,48.75,25135.13,25122.94,2026-03-04 04:01:00,UP,2026-03-04 04:04:00,3,25161.00,25118.00,CME US Index Futures ETH,1-Minute
2026-03-04,06:15:00,NQ SEP26,15m,2026-03-04 06:15:00,25333.75,25366.00,25330.50,25350.00,35.50,25348.25,25339.38,2026-03-04 06:34:00,DOWN,2026-03-04 06:35:00,1,25351.50,25321.75,CME US Index Futures ETH,1-Minute
2026-03-04,06:30:00,NQ SEP26,15m,2026-03-04 06:30:00,25351.00,25386.00,25346.75,25355.00,39.25,25366.38,25356.56,2026-03-04 06:45:00,DOWN,2026-03-04 06:45:00,0,25323.00,25307.25,CME US Index Futures ETH,1-Minute
2026-03-04,07:15:00,NQ SEP26,15m,2026-03-04 07:15:00,25297.25,25335.25,25295.25,25319.00,40.00,25315.25,25305.25,2026-03-04 07:30:00,DOWN,2026-03-04 07:30:00,0,25244.75,25219.00,CME US Index Futures ETH,1-Minute
2026-03-04,08:45:00,NQ SEP26,15m,2026-03-04 08:45:00,25373.75,25416.00,25351.25,25395.25,64.75,25383.63,25367.44,2026-03-04 09:04:00,DOWN,2026-03-04 09:27:00,23,25402.50,25347.00,CME US Index Futures ETH,1-Minute
2026-03-04,09:15:00,NQ SEP26,15m,2026-03-04 09:15:00,25380.50,25395.50,25357.00,25388.00,38.50,25376.25,25366.63,2026-03-04 09:30:00,DOWN,2026-03-04 09:30:00,0,25351.00,25337.50,CME US Index Futures ETH,1-Minute
2026-03-04,11:00:00,NQ SEP26,15m,2026-03-04 11:00:00,25553.25,25623.50,25527.75,25618.50,95.75,25575.63,25551.69,2026-03-04 11:15:00,UP,2026-03-04 11:35:00,20,25626.25,25542.00,CME US Index Futures ETH,1-Minute
2026-03-04,12:15:00,NQ SEP26,15m,2026-03-04 12:15:00,25637.25,25665.25,25623.25,25647.50,42.00,25644.25,25633.75,2026-03-04 12:30:00,DOWN,2026-03-04 12:30:00,0,25633.25,25622.00,CME US Index Futures ETH,1-Minute
2026-03-04,13:00:00,NQ SEP26,15m,2026-03-04 13:00:00,25643.50,25672.50,25641.25,25659.75,31.25,25656.88,25649.06,2026-03-04 13:17:00,DOWN,2026-03-04 13:21:00,4,25657.75,25631.50,CME US Index Futures ETH,1-Minute
2026-03-04,14:15:00,NQ SEP26,15m,2026-03-04 14:15:00,25683.50,25708.75,25677.25,25700.75,31.50,25693.00,25685.13,2026-03-04 14:30:00,DOWN,2026-03-04 14:34:00,4,25693.50,25675.50,CME US Index Futures ETH,1-Minute
2026-03-04,15:30:00,NQ SEP26,15m,2026-03-04 15:30:00,25641.25,25646.25,25615.00,25642.25,31.25,25630.63,25622.81,2026-03-04 15:51:00,DOWN,2026-03-04 15:51:00,0,25641.00,25604.50,CME US Index Futures ETH,1-Minute
2026-03-04,15:45:00,NQ SEP26,15m,2026-03-04 15:45:00,25641.75,25658.75,25626.75,25655.25,32.00,25642.75,25634.75,2026-03-04 16:00:00,DOWN,2026-03-04 16:00:00,0,25627.50,25612.50,CME US Index Futures ETH,1-Minute
2026-03-04,18:15:00,NQ SEP26,15m,2026-03-04 18:15:00,25647.50,25668.25,25631.00,25662.50,37.25,25649.63,25640.31,2026-03-04 18:31:00,UP,2026-03-04 18:45:00,14,25676.00,25636.00,CME US Index Futures ETH,1-Minute
2026-03-04,19:30:00,NQ SEP26,15m,2026-03-04 19:30:00,25691.00,25741.00,25689.75,25703.25,51.25,25715.38,25702.56,2026-03-04 19:45:00,DOWN,2026-03-04 19:55:00,10,25712.00,25689.50,CME US Index Futures ETH,1-Minute
2026-03-04,21:15:00,NQ SEP26,15m,2026-03-04 21:15:00,25561.75,25586.00,25551.25,25576.25,34.75,25568.63,25559.94,2026-03-04 21:30:00,DOWN,2026-03-04 21:31:00,1,25562.50,25545.75,CME US Index Futures ETH,1-Minute
2026-03-04,22:00:00,NQ SEP26,15m,2026-03-04 22:00:00,25578.00,25616.50,25569.00,25582.25,47.50,25592.75,25580.88,2026-03-04 22:15:00,DOWN,2026-03-04 22:15:00,0,25572.00,25567.00,CME US Index Futures ETH,1-Minute
2026-03-05,00:00:00,NQ SEP26,15m,2026-03-05 00:00:00,25573.50,25597.75,25573.00,25593.50,24.75,25585.38,25579.19,2026-03-05 00:16:00,DOWN,2026-03-05 00:16:00,0,25579.75,25573.00,CME US Index Futures ETH,1-Minute
2026-03-05,02:30:00,NQ SEP26,15m,2026-03-05 02:30:00,25560.00,25585.25,25541.75,25579.75,43.50,25563.50,25552.63,2026-03-05 02:47:00,DOWN,2026-03-05 02:55:00,8,25559.50,25540.75,CME US Index Futures ETH,1-Minute
2026-03-05,03:00:00,NQ SEP26,15m,2026-03-05 03:00:00,25554.50,25564.25,25532.00,25564.00,32.25,25548.13,25540.06,2026-03-05 03:15:00,DOWN,2026-03-05 03:15:00,0,25505.50,25488.25,CME US Index Futures ETH,1-Minute
2026-03-05,04:15:00,NQ SEP26,15m,2026-03-05 04:15:00,25543.50,25696.75,25532.00,25674.00,164.75,25614.38,25573.19,2026-03-05 04:53:00,UNRESOLVED,,,25622.00,25573.00,CME US Index Futures ETH,1-Minute
2026-03-05,05:30:00,NQ SEP26,15m,2026-03-05 05:30:00,25608.00,25634.25,25603.75,25626.00,30.50,25619.00,25611.38,2026-03-05 05:45:00,DOWN,2026-03-05 05:45:00,0,25599.50,25590.00,CME US Index Futures ETH,1-Minute
2026-03-05,06:15:00,NQ SEP26,15m,2026-03-05 06:15:00,25598.50,25629.50,25576.25,25628.00,53.25,25602.88,25589.56,2026-03-05 06:59:00,DOWN,2026-03-05 07:02:00,3,25600.25,25574.75,CME US Index Futures ETH,1-Minute
2026-03-05,07:15:00,NQ SEP26,15m,2026-03-05 07:15:00,25585.50,25602.25,25569.50,25589.25,32.75,25585.88,25577.69,2026-03-05 07:38:00,UNRESOLVED,,,25598.00,25572.75,CME US Index Futures ETH,1-Minute
2026-03-05,07:30:00,NQ SEP26,15m,2026-03-05 07:30:00,25590.00,25648.75,25575.00,25608.75,73.75,25611.88,25593.44,2026-03-05 07:45:00,DOWN,2026-03-05 07:45:00,0,25579.00,25557.50,CME US Index Futures ETH,1-Minute
2026-03-05,08:30:00,NQ SEP26,15m,2026-03-05 08:30:00,25534.50,25551.50,25515.00,25545.25,36.50,25533.25,25524.13,2026-03-05 08:45:00,DOWN,2026-03-05 08:45:00,0,25517.25,25508.50,CME US Index Futures ETH,1-Minute
2026-03-05,10:00:00,NQ SEP26,15m,2026-03-05 10:00:00,25550.50,25678.75,25527.00,25677.00,151.75,25602.88,25564.94,2026-03-05 10:23:00,DOWN,2026-03-05 10:25:00,2,25579.00,25514.50,CME US Index Futures ETH,1-Minute
2026-03-05,10:45:00,NQ SEP26,15m,2026-03-05 10:45:00,25503.00,25563.75,25421.50,25532.25,142.25,25492.63,25457.06,2026-03-05 11:12:00,UNRESOLVED,,,25505.50,25448.00,CME US Index Futures ETH,1-Minute
2026-03-05,11:00:00,NQ SEP26,15m,2026-03-05 11:00:00,25532.25,25589.00,25523.75,25573.50,65.25,25556.38,25540.06,2026-03-05 11:15:00,DOWN,2026-03-05 11:15:00,0,25499.25,25472.25,CME US Index Futures ETH,1-Minute
2026-03-05,12:00:00,NQ SEP26,15m,2026-03-05 12:00:00,25498.50,25545.25,25497.00,25533.50,48.25,25521.13,25509.06,2026-03-05 12:16:00,DOWN,2026-03-05 12:16:00,0,25524.75,25485.00,CME US Index Futures ETH,1-Minute
2026-03-05,13:15:00,NQ SEP26,15m,2026-03-05 13:15:00,25298.00,25378.50,25290.50,25367.00,88.00,25334.50,25312.50,2026-03-05 13:30:00,DOWN,2026-03-05 13:30:00,0,25294.50,25275.50,CME US Index Futures ETH,1-Minute
2026-03-05,14:15:00,NQ SEP26,15m,2026-03-05 14:15:00,25305.00,25351.00,25294.00,25345.00,57.00,25322.50,25308.25,2026-03-05 14:31:00,DOWN,2026-03-05 14:32:00,1,25330.25,25293.50,CME US Index Futures ETH,1-Minute
2026-03-05,19:15:00,NQ SEP26,15m,2026-03-05 19:15:00,25550.75,25589.00,25550.25,25583.25,38.75,25569.63,25559.94,2026-03-05 19:33:00,UNRESOLVED,,,25583.75,25557.75,CME US Index Futures ETH,1-Minute
2026-03-05,19:45:00,NQ SEP26,15m,2026-03-05 19:45:00,25565.00,25576.75,25557.75,25576.50,19.00,25567.25,25562.50,2026-03-05 20:00:00,UP,2026-03-05 20:06:00,6,25581.00,25559.00,CME US Index Futures ETH,1-Minute
2026-03-05,20:15:00,NQ SEP26,15m,2026-03-05 20:15:00,25564.50,25581.75,25557.75,25566.50,24.00,25569.75,25563.75,2026-03-05 20:30:00,DOWN,2026-03-05 20:30:00,0,25543.00,25529.00,CME US Index Futures ETH,1-Minute
2026-03-05,21:30:00,NQ SEP26,15m,2026-03-05 21:30:00,25593.50,25607.00,25587.25,25600.50,19.75,25597.13,25592.19,2026-03-05 21:45:00,DOWN,2026-03-05 21:45:00,0,25585.00,25581.00,CME US Index Futures ETH,1-Minute
2026-03-05,22:15:00,NQ SEP26,15m,2026-03-05 22:15:00,25561.25,25590.75,25561.00,25576.25,29.75,25575.88,25568.44,2026-03-05 22:33:00,UP,2026-03-05 22:45:00,12,25593.00,25565.00,CME US Index Futures ETH,1-Minute
2026-03-05,23:00:00,NQ SEP26,15m,2026-03-05 23:00:00,25589.50,25606.00,25585.50,25605.50,20.50,25595.75,25590.63,2026-03-05 23:25:00,DOWN,2026-03-05 23:28:00,3,25593.25,25584.50,CME US Index Futures ETH,1-Minute
2026-03-06,00:15:00,NQ SEP26,15m,2026-03-06 00:15:00,25600.00,25621.00,25597.25,25618.75,23.75,25609.13,25603.19,2026-03-06 00:50:00,UNRESOLVED,,,25615.00,25597.75,CME US Index Futures ETH,1-Minute
2026-03-06,00:45:00,NQ SEP26,15m,2026-03-06 00:45:00,25611.25,25632.50,25609.50,25620.50,23.00,25621.00,25615.25,2026-03-06 01:00:00,DOWN,2026-03-06 01:00:00,0,25610.00,25605.50,CME US Index Futures ETH,1-Minute
2026-03-06,01:15:00,NQ SEP26,15m,2026-03-06 01:15:00,25608.50,25626.50,25608.50,25614.25,18.00,25617.50,25613.00,2026-03-06 01:30:00,DOWN,2026-03-06 01:30:00,0,25606.00,25601.75,CME US Index Futures ETH,1-Minute
2026-03-06,01:45:00,NQ SEP26,15m,2026-03-06 01:45:00,25602.75,25613.25,25594.75,25610.25,18.50,25604.00,25599.38,2026-03-06 02:00:00,DOWN,2026-03-06 02:00:00,0,25597.50,25594.50,CME US Index Futures ETH,1-Minute
2026-03-06,02:45:00,NQ SEP26,15m,2026-03-06 02:45:00,25621.50,25630.25,25615.50,25625.25,14.75,25622.88,25619.19,2026-03-06 03:00:00,DOWN,2026-03-06 03:00:00,0,25618.75,25614.50,CME US Index Futures ETH,1-Minute
2026-03-06,03:45:00,NQ SEP26,15m,2026-03-06 03:45:00,25530.25,25582.25,25524.00,25582.00,58.25,25553.13,25538.56,2026-03-06 04:05:00,DOWN,2026-03-06 04:10:00,5,25556.75,25507.00,CME US Index Futures ETH,1-Minute
2026-03-06,05:30:00,NQ SEP26,15m,2026-03-06 05:30:00,25439.25,25472.00,25428.25,25463.50,43.75,25450.13,25439.19,2026-03-06 05:45:00,DOWN,2026-03-06 05:45:00,0,25434.75,25428.25,CME US Index Futures ETH,1-Minute
2026-03-06,06:00:00,NQ SEP26,15m,2026-03-06 06:00:00,25433.00,25453.00,25419.00,25440.75,34.00,25436.00,25427.50,2026-03-06 06:16:00,DOWN,2026-03-06 06:19:00,3,25434.00,25414.50,CME US Index Futures ETH,1-Minute
2026-03-06,06:30:00,NQ SEP26,15m,2026-03-06 06:30:00,25433.75,25453.75,25414.50,25438.75,39.25,25434.13,25424.31,2026-03-06 06:45:00,DOWN,2026-03-06 06:45:00,0,25368.50,25350.00,CME US Index Futures ETH,1-Minute
2026-03-06,07:15:00,NQ SEP26,15m,2026-03-06 07:15:00,25349.75,25368.00,25329.00,25363.00,39.00,25348.50,25338.75,2026-03-06 07:31:00,DOWN,2026-03-06 07:32:00,1,25350.00,25311.00,CME US Index Futures ETH,1-Minute
2026-03-06,08:15:00,NQ SEP26,15m,2026-03-06 08:15:00,25326.00,25354.50,25313.00,25340.50,41.50,25333.75,25323.38,2026-03-06 08:31:00,AMBIGUOUS,2026-03-06 08:31:00,0,25399.75,25226.00,CME US Index Futures ETH,1-Minute
2026-03-06,08:30:00,NQ SEP26,15m,2026-03-06 08:30:00,25341.00,25369.00,25327.25,25354.50,41.75,25348.13,25337.69,2026-03-06 08:45:00,DOWN,2026-03-06 08:45:00,0,25233.50,25219.00,CME US Index Futures ETH,1-Minute
2026-03-06,10:30:00,NQ SEP26,15m,2026-03-06 10:30:00,25280.50,25320.00,25250.50,25313.00,69.50,25285.25,25267.88,2026-03-06 10:51:00,DOWN,2026-03-06 10:52:00,1,25297.00,25246.25,CME US Index Futures ETH,1-Minute
2026-03-06,10:45:00,NQ SEP26,15m,2026-03-06 10:45:00,25312.75,25384.25,25302.00,25328.00,82.25,25343.13,25322.56,2026-03-06 11:12:00,UNRESOLVED,,,25334.75,25313.25,CME US Index Futures ETH,1-Minute
2026-03-06,12:00:00,NQ SEP26,15m,2026-03-06 12:00:00,25339.25,25406.00,25334.50,25371.75,71.50,25370.25,25352.38,2026-03-06 12:15:00,DOWN,2026-03-06 12:15:00,0,25328.75,25313.50,CME US Index Futures ETH,1-Minute
2026-03-06,13:15:00,NQ SEP26,15m,2026-03-06 13:15:00,25274.75,25386.50,25270.00,25379.75,116.50,25328.25,25299.13,2026-03-06 13:38:00,UNRESOLVED,,,25343.75,25281.75,CME US Index Futures ETH,1-Minute
2026-03-06,13:45:00,NQ SEP26,15m,2026-03-06 13:45:00,25321.25,25352.50,25295.00,25331.00,57.50,25323.75,25309.38,2026-03-06 14:00:00,DOWN,2026-03-06 14:00:00,0,25304.75,25289.25,CME US Index Futures ETH,1-Minute
2026-03-06,14:15:00,NQ SEP26,15m,2026-03-06 14:15:00,25292.00,25345.00,25281.00,25334.25,64.00,25313.00,25297.00,2026-03-06 14:39:00,DOWN,2026-03-06 14:39:00,0,25307.75,25275.75,CME US Index Futures ETH,1-Minute
2026-03-06,15:00:00,NQ SEP26,15m,2026-03-06 15:00:00,25289.00,25307.00,25264.50,25299.25,42.50,25285.75,25275.13,2026-03-06 15:15:00,DOWN,2026-03-06 15:15:00,0,25247.00,25228.50,CME US Index Futures ETH,1-Minute
2026-03-06,15:45:00,NQ SEP26,15m,2026-03-06 15:45:00,25143.75,25199.00,25092.00,25170.50,107.00,25145.50,25118.75,2026-03-06 16:06:00,UNRESOLVED,,,25173.25,25109.00,CME US Index Futures ETH,1-Minute
2026-03-06,16:45:00,NQ SEP26,15m,2026-03-06 16:45:00,25123.75,25159.25,25122.25,25153.25,37.00,25140.75,25131.50,2026-03-08 18:01:00,DOWN,2026-03-08 18:01:00,0,24964.00,24821.50,CME US Index Futures ETH,1-Minute
2026-03-08,18:45:00,NQ SEP26,15m,2026-03-08 18:45:00,24782.25,24803.00,24766.50,24792.50,36.50,24784.75,24775.63,2026-03-08 19:07:00,DOWN,2026-03-08 19:08:00,1,24792.50,24763.75,CME US Index Futures ETH,1-Minute
2026-03-08,19:00:00,NQ SEP26,15m,2026-03-08 19:00:00,24793.75,24811.00,24770.00,24797.25,41.00,24790.50,24780.25,2026-03-08 19:15:00,DOWN,2026-03-08 19:15:00,0,24770.50,24761.75,CME US Index Futures ETH,1-Minute
2026-03-08,23:15:00,NQ SEP26,15m,2026-03-08 23:15:00,24576.00,24602.25,24572.50,24599.00,29.75,24587.38,24579.94,2026-03-08 23:43:00,DOWN,2026-03-08 23:44:00,1,24588.50,24569.25,CME US Index Futures ETH,1-Minute
2026-03-09,00:30:00,NQ SEP26,15m,2026-03-09 00:30:00,24600.75,24623.50,24590.25,24622.50,33.25,24606.88,24598.56,2026-03-09 00:46:00,DOWN,2026-03-09 00:54:00,8,24607.00,24589.75,CME US Index Futures ETH,1-Minute
2026-03-09,02:30:00,NQ SEP26,15m,2026-03-09 02:30:00,24781.50,24806.75,24761.25,24785.75,45.50,24784.00,24772.63,2026-03-09 02:45:00,DOWN,2026-03-09 02:45:00,0,24759.50,24748.75,CME US Index Futures ETH,1-Minute
2026-03-09,03:30:00,NQ SEP26,15m,2026-03-09 03:30:00,24756.75,24806.25,24736.00,24789.75,70.25,24771.13,24753.56,2026-03-09 03:48:00,DOWN,2026-03-09 04:16:00,28,24802.50,24729.00,CME US Index Futures ETH,1-Minute
2026-03-09,04:45:00,NQ SEP26,15m,2026-03-09 04:45:00,24767.50,24828.25,24767.25,24774.50,61.00,24797.75,24782.50,2026-03-09 05:06:00,UNRESOLVED,,,24821.75,24775.50,CME US Index Futures ETH,1-Minute
2026-03-09,05:45:00,NQ SEP26,15m,2026-03-09 05:45:00,24899.75,24986.75,24871.25,24953.75,115.50,24929.00,24900.13,2026-03-09 06:03:00,DOWN,2026-03-09 06:03:00,0,24913.50,24868.25,CME US Index Futures ETH,1-Minute
2026-03-09,06:45:00,NQ SEP26,15m,2026-03-09 06:45:00,24870.00,24908.00,24850.00,24881.50,58.00,24879.00,24864.50,2026-03-09 07:00:00,DOWN,2026-03-09 07:19:00,19,24904.25,24848.25,CME US Index Futures ETH,1-Minute
2026-03-09,07:15:00,NQ SEP26,15m,2026-03-09 07:15:00,24863.00,24904.25,24857.50,24869.75,46.75,24880.88,24869.19,2026-03-09 07:30:00,DOWN,2026-03-09 07:30:00,0,24861.75,24850.50,CME US Index Futures ETH,1-Minute
2026-03-09,08:15:00,NQ SEP26,15m,2026-03-09 08:15:00,24875.50,24931.25,24869.75,24930.25,61.50,24900.50,24885.13,2026-03-09 08:40:00,DOWN,2026-03-09 08:43:00,3,24893.00,24869.50,CME US Index Futures ETH,1-Minute
2026-03-09,08:30:00,NQ SEP26,15m,2026-03-09 08:30:00,24929.00,24950.25,24923.75,24942.75,26.50,24937.00,24930.38,2026-03-09 08:45:00,DOWN,2026-03-09 08:45:00,0,24864.75,24854.50,CME US Index Futures ETH,1-Minute
2026-03-09,09:15:00,NQ SEP26,15m,2026-03-09 09:15:00,24871.75,24936.75,24866.50,24925.25,70.25,24901.63,24884.06,2026-03-09 09:40:00,DOWN,2026-03-09 09:41:00,1,24918.25,24865.25,CME US Index Futures ETH,1-Minute
2026-03-09,12:45:00,NQ SEP26,15m,2026-03-09 12:45:00,25182.25,25237.00,25144.75,25228.75,92.25,25190.88,25167.81,2026-03-09 13:04:00,DOWN,2026-03-09 13:19:00,15,25190.75,25143.25,CME US Index Futures ETH,1-Minute
2026-03-09,14:45:00,NQ SEP26,15m,2026-03-09 14:45:00,25141.00,25192.75,25138.50,25177.50,54.25,25165.63,25152.06,2026-03-09 15:00:00,DOWN,2026-03-09 15:01:00,1,25153.00,25133.50,CME US Index Futures ETH,1-Minute
2026-03-09,15:45:00,NQ SEP26,15m,2026-03-09 15:45:00,25443.00,25549.00,25385.75,25460.50,163.25,25467.38,25426.56,2026-03-09 16:11:00,UNRESOLVED,,,25446.25,25425.25,CME US Index Futures ETH,1-Minute
2026-03-09,16:00:00,NQ SEP26,15m,2026-03-09 16:00:00,25460.50,25509.25,25428.75,25482.00,80.50,25469.00,25448.88,2026-03-09 16:15:00,DOWN,2026-03-09 16:19:00,4,25459.00,25424.25,CME US Index Futures ETH,1-Minute
2026-03-09,16:30:00,NQ SEP26,15m,2026-03-09 16:30:00,25454.00,25465.00,25398.50,25454.75,66.50,25431.75,25415.13,2026-03-09 18:03:00,DOWN,2026-03-09 18:04:00,1,25435.00,25378.75,CME US Index Futures ETH,1-Minute
2026-03-09,19:15:00,NQ SEP26,15m,2026-03-09 19:15:00,25399.25,25423.25,25380.75,25415.75,42.50,25402.00,25391.38,2026-03-09 19:36:00,DOWN,2026-03-09 19:44:00,8,25396.75,25377.75,CME US Index Futures ETH,1-Minute
2026-03-09,20:00:00,NQ SEP26,15m,2026-03-09 20:00:00,25368.50,25377.75,25349.00,25374.25,28.75,25363.38,25356.19,2026-03-09 20:15:00,DOWN,2026-03-09 20:15:00,0,25335.00,25321.00,CME US Index Futures ETH,1-Minute
2026-03-09,21:15:00,NQ SEP26,15m,2026-03-09 21:15:00,25426.00,25466.00,25416.25,25453.00,49.75,25441.13,25428.69,2026-03-09 21:42:00,UP,2026-03-09 21:50:00,8,25468.75,25426.00,CME US Index Futures ETH,1-Minute
2026-03-09,22:00:00,NQ SEP26,15m,2026-03-09 22:00:00,25441.00,25489.00,25435.75,25479.00,53.25,25462.38,25449.06,2026-03-09 22:32:00,DOWN,2026-03-09 22:34:00,2,25462.25,25433.00,CME US Index Futures ETH,1-Minute
2026-03-09,23:15:00,NQ SEP26,15m,2026-03-09 23:15:00,25417.75,25441.50,25413.25,25421.50,28.25,25427.38,25420.31,2026-03-09 23:30:00,DOWN,2026-03-09 23:30:00,0,25418.00,25408.50,CME US Index Futures ETH,1-Minute
2026-03-10,02:00:00,NQ SEP26,15m,2026-03-10 02:00:00,25433.50,25454.00,25425.50,25446.50,28.50,25439.75,25432.63,2026-03-10 02:22:00,UNRESOLVED,,,25446.25,25432.00,CME US Index Futures ETH,1-Minute
2026-03-10,02:15:00,NQ SEP26,15m,2026-03-10 02:15:00,25448.50,25458.50,25442.25,25452.50,16.25,25450.38,25446.31,2026-03-10 02:30:00,UP,2026-03-10 02:31:00,1,25477.25,25442.75,CME US Index Futures ETH,1-Minute
2026-03-10,02:30:00,NQ SEP26,15m,2026-03-10 02:30:00,25452.25,25457.00,25432.00,25456.25,25.00,25444.50,25438.25,2026-03-10 02:53:00,DOWN,2026-03-10 03:01:00,8,25449.00,25430.00,CME US Index Futures ETH,1-Minute
2026-03-10,04:30:00,NQ SEP26,15m,2026-03-10 04:30:00,25604.00,25627.50,25589.75,25614.75,37.75,25608.63,25599.19,2026-03-10 04:52:00,DOWN,2026-03-10 04:52:00,0,25604.75,25582.25,CME US Index Futures ETH,1-Minute
2026-03-10,04:45:00,NQ SEP26,15m,2026-03-10 04:45:00,25614.50,25637.00,25603.50,25618.25,33.50,25620.25,25611.88,2026-03-10 05:00:00,DOWN,2026-03-10 05:00:00,0,25581.00,25569.25,CME US Index Futures ETH,1-Minute
2026-03-10,05:15:00,NQ SEP26,15m,2026-03-10 05:15:00,25579.00,25625.00,25571.75,25612.25,53.25,25598.38,25585.06,2026-03-10 05:50:00,UNRESOLVED,,,25608.50,25576.00,CME US Index Futures ETH,1-Minute
2026-03-10,05:45:00,NQ SEP26,15m,2026-03-10 05:45:00,25598.75,25619.00,25590.25,25606.25,28.75,25604.63,25597.44,2026-03-10 06:00:00,DOWN,2026-03-10 06:00:00,0,25587.50,25580.00,CME US Index Futures ETH,1-Minute
2026-03-10,06:30:00,NQ SEP26,15m,2026-03-10 06:30:00,25553.75,25572.75,25536.00,25569.50,36.75,25554.38,25545.19,2026-03-10 06:45:00,DOWN,2026-03-10 06:48:00,3,25556.00,25535.50,CME US Index Futures ETH,1-Minute
2026-03-10,07:00:00,NQ SEP26,15m,2026-03-10 07:00:00,25554.50,25564.25,25535.50,25557.00,28.75,25549.88,25542.69,2026-03-10 07:15:00,DOWN,2026-03-10 07:15:00,0,25516.75,25496.25,CME US Index Futures ETH,1-Minute
2026-03-10,07:30:00,NQ SEP26,15m,2026-03-10 07:30:00,25500.00,25519.75,25485.75,25514.50,34.00,25502.75,25494.25,2026-03-10 07:45:00,DOWN,2026-03-10 07:45:00,0,25476.25,25458.00,CME US Index Futures ETH,1-Minute
2026-03-10,09:30:00,NQ SEP26,15m,2026-03-10 09:30:00,25461.50,25499.25,25456.50,25481.25,42.75,25477.88,25467.19,2026-03-10 09:45:00,AMBIGUOUS,2026-03-10 09:45:00,0,25527.25,25450.50,CME US Index Futures ETH,1-Minute
2026-03-10,09:45:00,NQ SEP26,15m,2026-03-10 09:45:00,25481.75,25572.75,25450.50,25520.25,122.25,25511.63,25481.06,2026-03-10 10:00:00,DOWN,2026-03-10 10:00:00,0,25462.75,25438.75,CME US Index Futures ETH,1-Minute
2026-03-10,11:30:00,NQ SEP26,15m,2026-03-10 11:30:00,25616.50,25668.50,25614.25,25634.25,54.25,25641.38,25627.81,2026-03-10 11:48:00,DOWN,2026-03-10 11:48:00,0,25635.25,25612.25,CME US Index Futures ETH,1-Minute
2026-03-10,11:45:00,NQ SEP26,15m,2026-03-10 11:45:00,25634.50,25663.25,25600.75,25640.50,62.50,25632.00,25616.38,2026-03-10 12:02:00,DOWN,2026-03-10 12:05:00,3,25628.00,25598.00,CME US Index Futures ETH,1-Minute
2026-03-10,12:30:00,NQ SEP26,15m,2026-03-10 12:30:00,25605.75,25654.25,25598.25,25622.75,56.00,25626.25,25612.25,2026-03-10 12:49:00,UP,2026-03-10 12:53:00,4,25660.00,25608.75,CME US Index Futures ETH,1-Minute
2026-03-10,13:15:00,NQ SEP26,15m,2026-03-10 13:15:00,25646.75,25671.00,25636.75,25648.25,34.25,25653.88,25645.31,2026-03-10 13:36:00,DOWN,2026-03-10 13:36:00,0,25660.25,25630.75,CME US Index Futures ETH,1-Minute
2026-03-10,13:30:00,NQ SEP26,15m,2026-03-10 13:30:00,25649.50,25708.50,25647.00,25703.75,61.50,25677.75,25662.38,2026-03-10 13:45:00,DOWN,2026-03-10 13:45:00,0,25634.50,25616.50,CME US Index Futures ETH,1-Minute
2026-03-10,14:00:00,NQ SEP26,15m,2026-03-10 14:00:00,25626.75,25678.75,25618.75,25661.25,60.00,25648.75,25633.75,2026-03-10 14:15:00,DOWN,2026-03-10 14:15:00,0,25611.25,25527.50,CME US Index Futures ETH,1-Minute
2026-03-10,14:30:00,NQ SEP26,15m,2026-03-10 14:30:00,25530.00,25594.25,25478.75,25559.00,115.50,25536.50,25507.63,2026-03-10 15:04:00,DOWN,2026-03-10 15:28:00,24,25563.50,25476.50,CME US Index Futures ETH,1-Minute
2026-03-10,15:15:00,NQ SEP26,15m,2026-03-10 15:15:00,25521.25,25543.00,25500.25,25537.75,42.75,25521.63,25510.94,2026-03-10 15:30:00,DOWN,2026-03-10 15:30:00,0,25505.50,25477.25,CME US Index Futures ETH,1-Minute
2026-03-10,15:45:00,NQ SEP26,15m,2026-03-10 15:45:00,25479.75,25525.00,25448.25,25484.50,76.75,25486.63,25467.44,2026-03-10 16:00:00,UP,2026-03-10 16:15:00,15,25530.00,25455.00,CME US Index Futures ETH,1-Minute
2026-03-10,16:15:00,NQ SEP26,15m,2026-03-10 16:15:00,25474.00,25530.00,25474.00,25523.75,56.00,25502.00,25488.00,2026-03-10 16:55:00,DOWN,2026-03-10 18:03:00,68,25508.25,25471.75,CME US Index Futures ETH,1-Minute
2026-03-10,18:15:00,NQ SEP26,15m,2026-03-10 18:15:00,25501.25,25507.50,25471.75,25504.00,35.75,25489.63,25480.69,2026-03-10 18:30:00,DOWN,2026-03-10 18:30:00,0,25469.50,25458.50,CME US Index Futures ETH,1-Minute
2026-03-10,19:30:00,NQ SEP26,15m,2026-03-10 19:30:00,25475.00,25485.00,25469.25,25476.25,15.75,25477.13,25473.19,2026-03-10 19:45:00,DOWN,2026-03-10 19:45:00,0,25473.50,25468.75,CME US Index Futures ETH,1-Minute
2026-03-10,20:30:00,NQ SEP26,15m,2026-03-10 20:30:00,25550.00,25577.00,25540.00,25560.25,37.00,25558.50,25549.25,2026-03-10 20:45:00,UNRESOLVED,,,25567.50,25542.00,CME US Index Futures ETH,1-Minute
2026-03-10,21:45:00,NQ SEP26,15m,2026-03-10 21:45:00,25565.00,25589.00,25563.50,25584.25,25.50,25576.25,25569.88,2026-03-10 22:13:00,UP,2026-03-10 22:19:00,6,25591.75,25566.25,CME US Index Futures ETH,1-Minute
2026-03-10,22:30:00,NQ SEP26,15m,2026-03-10 22:30:00,25571.25,25593.75,25570.75,25579.25,23.00,25582.25,25576.50,2026-03-10 22:46:00,UNRESOLVED,,,25590.25,25575.50,CME US Index Futures ETH,1-Minute
2026-03-11,00:00:00,NQ SEP26,15m,2026-03-11 00:00:00,25604.75,25616.00,25600.75,25609.50,15.25,25608.38,25604.56,2026-03-11 00:15:00,DOWN,2026-03-11 00:34:00,19,25609.75,25596.00,CME US Index Futures ETH,1-Minute
2026-03-11,00:30:00,NQ SEP26,15m,2026-03-11 00:30:00,25607.25,25609.75,25604.00,25608.25,5.75,25606.88,25605.44,2026-03-11 00:45:00,DOWN,2026-03-11 00:45:00,0,25590.00,25587.25,CME US Index Futures ETH,1-Minute
2026-03-11,01:30:00,NQ SEP26,15m,2026-03-11 01:30:00,25551.75,25567.25,25548.25,25555.75,19.00,25557.75,25553.00,2026-03-11 01:45:00,DOWN,2026-03-11 01:45:00,0,25536.50,25531.00,CME US Index Futures ETH,1-Minute
2026-03-11,02:15:00,NQ SEP26,15m,2026-03-11 02:15:00,25520.25,25529.50,25501.00,25529.50,28.50,25515.25,25508.13,2026-03-11 02:30:00,UP,2026-03-11 02:33:00,3,25532.25,25506.00,CME US Index Futures ETH,1-Minute
2026-03-11,02:45:00,NQ SEP26,15m,2026-03-11 02:45:00,25511.00,25544.25,25511.00,25539.75,33.25,25527.63,25519.31,2026-03-11 03:03:00,DOWN,2026-03-11 03:06:00,3,25530.50,25500.00,CME US Index Futures ETH,1-Minute
2026-03-11,04:15:00,NQ SEP26,15m,2026-03-11 04:15:00,25497.00,25519.25,25488.50,25518.00,30.75,25503.88,25496.19,2026-03-11 04:39:00,DOWN,2026-03-11 04:39:00,0,25498.00,25480.25,CME US Index Futures ETH,1-Minute
2026-03-11,07:00:00,NQ SEP26,15m,2026-03-11 07:00:00,25507.75,25516.00,25500.25,25508.50,15.75,25508.13,25504.19,2026-03-11 07:20:00,DOWN,2026-03-11 07:20:00,0,25509.75,25495.25,CME US Index Futures ETH,1-Minute
2026-03-11,07:15:00,NQ SEP26,15m,2026-03-11 07:15:00,25508.00,25534.50,25503.00,25522.50,31.50,25518.75,25510.88,2026-03-11 07:30:00,DOWN,2026-03-11 07:30:00,0,25472.50,25462.50,CME US Index Futures ETH,1-Minute
2026-03-11,08:15:00,NQ SEP26,15m,2026-03-11 08:15:00,25438.25,25462.25,25429.50,25446.75,32.75,25445.88,25437.69,2026-03-11 08:34:00,AMBIGUOUS,2026-03-11 08:34:00,0,25465.75,25425.25,CME US Index Futures ETH,1-Minute
2026-03-11,08:30:00,NQ SEP26,15m,2026-03-11 08:30:00,25449.00,25491.00,25440.75,25491.00,50.25,25465.88,25453.31,2026-03-11 08:45:00,DOWN,2026-03-11 08:45:00,0,25424.75,25412.25,CME US Index Futures ETH,1-Minute
2026-03-11,10:00:00,NQ SEP26,15m,2026-03-11 10:00:00,25561.50,25599.25,25506.25,25592.25,93.00,25552.75,25529.50,2026-03-11 10:24:00,DOWN,2026-03-11 10:26:00,2,25556.75,25491.25,CME US Index Futures ETH,1-Minute
2026-03-11,10:15:00,NQ SEP26,15m,2026-03-11 10:15:00,25592.50,25671.00,25549.00,25593.50,122.00,25610.00,25579.50,2026-03-11 10:30:00,DOWN,2026-03-11 10:30:00,0,25524.25,25486.25,CME US Index Futures ETH,1-Minute
2026-03-11,10:45:00,NQ SEP26,15m,2026-03-11 10:45:00,25518.75,25544.00,25449.25,25527.75,94.75,25496.63,25472.94,2026-03-11 11:13:00,DOWN,2026-03-11 11:14:00,1,25515.00,25445.00,CME US Index Futures ETH,1-Minute
2026-03-11,11:00:00,NQ SEP26,15m,2026-03-11 11:00:00,25528.25,25571.00,25507.25,25556.00,63.75,25539.13,25523.19,2026-03-11 11:15:00,DOWN,2026-03-11 11:15:00,0,25495.00,25469.25,CME US Index Futures ETH,1-Minute
2026-03-11,12:00:00,NQ SEP26,15m,2026-03-11 12:00:00,25411.25,25451.00,25379.00,25425.75,72.00,25415.00,25397.00,2026-03-11 12:21:00,UP,2026-03-11 12:31:00,10,25466.50,25397.00,CME US Index Futures ETH,1-Minute
2026-03-11,13:00:00,NQ SEP26,15m,2026-03-11 13:00:00,25471.00,25503.50,25457.00,25498.25,46.50,25480.25,25468.63,2026-03-11 13:19:00,UP,2026-03-11 13:28:00,9,25512.50,25461.50,CME US Index Futures ETH,1-Minute
2026-03-11,13:30:00,NQ SEP26,15m,2026-03-11 13:30:00,25485.25,25512.50,25461.50,25498.50,51.00,25487.00,25474.25,2026-03-11 13:45:00,DOWN,2026-03-11 13:45:00,0,25433.75,25399.25,CME US Index Futures ETH,1-Minute
2026-03-11,14:00:00,NQ SEP26,15m,2026-03-11 14:00:00,25426.50,25475.75,25407.25,25442.00,68.50,25441.50,25424.38,2026-03-11 14:15:00,DOWN,2026-03-11 14:15:00,0,25406.50,25391.50,CME US Index Futures ETH,1-Minute
2026-03-11,15:00:00,NQ SEP26,15m,2026-03-11 15:00:00,25434.75,25468.00,25421.00,25448.50,47.00,25444.50,25432.75,2026-03-11 15:15:00,DOWN,2026-03-11 15:15:00,0,25417.75,25409.00,CME US Index Futures ETH,1-Minute
2026-03-11,16:00:00,NQ SEP26,15m,2026-03-11 16:00:00,25467.00,25497.75,25446.00,25474.75,51.75,25471.88,25458.94,2026-03-11 16:15:00,UNRESOLVED,,,25461.00,25449.75,CME US Index Futures ETH,1-Minute
2026-03-11,16:30:00,NQ SEP26,15m,2026-03-11 16:30:00,25455.50,25461.00,25449.75,25456.50,11.25,25455.38,25452.56,2026-03-11 16:49:00,DOWN,2026-03-11 16:51:00,2,25454.50,25446.25,CME US Index Futures ETH,1-Minute
2026-03-11,16:45:00,NQ SEP26,15m,2026-03-11 16:45:00,25455.25,25460.00,25451.50,25459.25,8.50,25455.75,25453.63,2026-03-11 17:00:00,DOWN,2026-03-11 17:00:00,0,25439.75,25431.00,CME US Index Futures ETH,1-Minute
2026-03-11,19:00:00,NQ SEP26,15m,2026-03-11 19:00:00,25322.75,25343.00,25308.00,25340.50,35.00,25325.50,25316.75,2026-03-11 19:16:00,DOWN,2026-03-11 19:26:00,10,25338.75,25298.25,CME US Index Futures ETH,1-Minute
2026-03-11,20:00:00,NQ SEP26,15m,2026-03-11 20:00:00,25230.25,25280.50,25224.25,25278.75,56.25,25252.38,25238.31,2026-03-11 20:16:00,UP,2026-03-11 20:36:00,20,25287.75,25231.00,CME US Index Futures ETH,1-Minute
2026-03-11,20:45:00,NQ SEP26,15m,2026-03-11 20:45:00,25259.50,25296.00,25256.25,25286.25,39.75,25276.13,25266.19,2026-03-11 21:07:00,UP,2026-03-11 21:23:00,16,25304.50,25261.00,CME US Index Futures ETH,1-Minute
2026-03-11,21:30:00,NQ SEP26,15m,2026-03-11 21:30:00,25275.00,25310.75,25273.00,25310.50,37.75,25291.88,25282.44,2026-03-11 21:53:00,DOWN,2026-03-11 21:54:00,1,25287.75,25267.50,CME US Index Futures ETH,1-Minute
2026-03-11,21:45:00,NQ SEP26,15m,2026-03-11 21:45:00,25310.25,25333.25,25309.25,25328.50,24.00,25321.25,25315.25,2026-03-11 22:00:00,DOWN,2026-03-11 22:00:00,0,25283.00,25277.25,CME US Index Futures ETH,1-Minute
2026-03-11,23:15:00,NQ SEP26,15m,2026-03-11 23:15:00,25220.75,25249.50,25217.00,25223.00,32.50,25233.25,25225.13,2026-03-11 23:30:00,DOWN,2026-03-11 23:30:00,0,25219.00,25212.00,CME US Index Futures ETH,1-Minute
2026-03-12,00:15:00,NQ SEP26,15m,2026-03-12 00:15:00,25219.75,25239.25,25214.25,25228.75,25.00,25226.75,25220.50,2026-03-12 00:35:00,DOWN,2026-03-12 00:36:00,1,25224.50,25209.00,CME US Index Futures ETH,1-Minute
2026-03-12,00:30:00,NQ SEP26,15m,2026-03-12 00:30:00,25229.50,25243.00,25221.50,25236.50,21.50,25232.25,25226.88,2026-03-12 00:45:00,DOWN,2026-03-12 00:45:00,0,25207.50,25202.00,CME US Index Futures ETH,1-Minute
2026-03-12,01:15:00,NQ SEP26,15m,2026-03-12 01:15:00,25209.25,25268.75,25208.75,25252.50,60.00,25238.75,25223.75,2026-03-12 01:53:00,UNRESOLVED,,,25257.50,25223.50,CME US Index Futures ETH,1-Minute
2026-03-12,01:45:00,NQ SEP26,15m,2026-03-12 01:45:00,25243.75,25268.50,25237.50,25265.00,31.00,25253.00,25245.25,2026-03-12 02:02:00,DOWN,2026-03-12 02:12:00,10,25258.50,25237.50,CME US Index Futures ETH,1-Minute
2026-03-12,03:15:00,NQ SEP26,15m,2026-03-12 03:15:00,25300.75,25316.75,25298.75,25314.75,18.00,25307.75,25303.25,2026-03-12 03:36:00,UP,2026-03-12 03:38:00,2,25318.75,25300.00,CME US Index Futures ETH,1-Minute
2026-03-12,03:30:00,NQ SEP26,15m,2026-03-12 03:30:00,25314.00,25330.00,25309.50,25326.00,20.50,25319.75,25314.63,2026-03-12 03:51:00,DOWN,2026-03-12 03:52:00,1,25321.75,25304.00,CME US Index Futures ETH,1-Minute
2026-03-12,04:15:00,NQ SEP26,15m,2026-03-12 04:15:00,25363.00,25393.50,25358.25,25369.75,35.25,25375.88,25367.06,2026-03-12 04:30:00,DOWN,2026-03-12 04:30:00,0,25354.75,25347.25,CME US Index Futures ETH,1-Minute
2026-03-12,04:45:00,NQ SEP26,15m,2026-03-12 04:45:00,25347.50,25365.50,25327.75,25362.75,37.75,25346.63,25337.19,2026-03-12 05:11:00,UNRESOLVED,,,25343.25,25330.50,CME US Index Futures ETH,1-Minute
2026-03-12,05:00:00,NQ SEP26,15m,2026-03-12 05:00:00,25364.00,25381.00,25350.00,25369.00,31.00,25365.50,25357.75,2026-03-12 05:15:00,DOWN,2026-03-12 05:15:00,0,25332.00,25323.50,CME US Index Futures ETH,1-Minute
2026-03-12,06:00:00,NQ SEP26,15m,2026-03-12 06:00:00,25392.25,25412.50,25378.75,25408.00,33.75,25395.63,25387.19,2026-03-12 06:16:00,DOWN,2026-03-12 06:24:00,8,25400.50,25378.75,CME US Index Futures ETH,1-Minute
2026-03-12,06:45:00,NQ SEP26,15m,2026-03-12 06:45:00,25381.25,25417.50,25374.00,25383.25,43.50,25395.75,25384.88,2026-03-12 07:00:00,DOWN,2026-03-12 07:00:00,0,25378.75,25371.75,CME US Index Futures ETH,1-Minute
2026-03-12,07:30:00,NQ SEP26,15m,2026-03-12 07:30:00,25353.00,25376.75,25338.50,25366.50,38.25,25357.63,25348.06,2026-03-12 07:58:00,UNRESOLVED,,,25353.50,25343.50,CME US Index Futures ETH,1-Minute
2026-03-12,07:45:00,NQ SEP26,15m,2026-03-12 07:45:00,25368.25,25419.00,25368.25,25402.00,50.75,25393.63,25380.94,2026-03-12 08:00:00,DOWN,2026-03-12 08:00:00,0,25353.50,25346.50,CME US Index Futures ETH,1-Minute
2026-03-12,08:30:00,NQ SEP26,15m,2026-03-12 08:30:00,25325.25,25335.00,25309.00,25334.25,26.00,25322.00,25315.50,2026-03-12 08:45:00,DOWN,2026-03-12 08:45:00,0,25318.25,25304.50,CME US Index Futures ETH,1-Minute
2026-03-12,09:00:00,NQ SEP26,15m,2026-03-12 09:00:00,25312.50,25326.00,25292.50,25325.25,33.50,25309.25,25300.88,2026-03-12 09:15:00,DOWN,2026-03-12 09:15:00,0,25309.50,25291.00,CME US Index Futures ETH,1-Minute
2026-03-12,10:15:00,NQ SEP26,15m,2026-03-12 10:15:00,25149.75,25238.50,25142.50,25227.75,96.00,25190.50,25166.50,2026-03-12 10:30:00,DOWN,2026-03-12 10:30:00,0,25146.50,25107.75,CME US Index Futures ETH,1-Minute
2026-03-12,10:45:00,NQ SEP26,15m,2026-03-12 10:45:00,25108.25,25140.25,25063.50,25136.25,76.75,25101.88,25082.69,2026-03-12 11:03:00,DOWN,2026-03-12 11:14:00,11,25110.00,25052.00,CME US Index Futures ETH,1-Minute
2026-03-12,11:45:00,NQ SEP26,15m,2026-03-12 11:45:00,25110.75,25200.75,25070.00,25179.00,130.75,25135.38,25102.69,2026-03-12 12:09:00,UP,2026-03-12 12:22:00,13,25215.00,25078.75,CME US Index Futures ETH,1-Minute
2026-03-12,12:45:00,NQ SEP26,15m,2026-03-12 12:45:00,25130.75,25207.00,25121.75,25180.25,85.25,25164.38,25143.06,2026-03-12 13:17:00,DOWN,2026-03-12 13:21:00,4,25154.75,25121.50,CME US Index Futures ETH,1-Minute
2026-03-12,13:15:00,NQ SEP26,15m,2026-03-12 13:15:00,25152.50,25215.00,25147.50,25153.50,67.50,25181.25,25164.38,2026-03-12 13:30:00,DOWN,2026-03-12 13:30:00,0,25144.50,25133.50,CME US Index Futures ETH,1-Minute
2026-03-12,14:15:00,NQ SEP26,15m,2026-03-12 14:15:00,25116.25,25162.50,25115.75,25148.00,46.75,25139.13,25127.44,2026-03-12 14:30:00,DOWN,2026-03-12 14:30:00,0,25130.00,25111.25,CME US Index Futures ETH,1-Minute
2026-03-12,15:30:00,NQ SEP26,15m,2026-03-12 15:30:00,25085.25,25121.25,25075.00,25106.75,46.25,25098.13,25086.56,2026-03-12 15:45:00,DOWN,2026-03-12 15:45:00,0,25079.25,25069.75,CME US Index Futures ETH,1-Minute
2026-03-12,16:45:00,NQ SEP26,15m,2026-03-12 16:45:00,25040.50,25060.25,25037.00,25054.75,23.25,25048.63,25042.81,2026-03-12 18:01:00,UP,2026-03-12 18:01:00,0,25073.00,25041.75,CME US Index Futures ETH,1-Minute
2026-03-12,17:00:00,NQ SEP26,15m,2026-03-12 17:00:00,25055.00,25068.50,25052.00,25059.50,16.50,25060.25,25056.13,2026-03-12 18:15:00,DOWN,2026-03-12 18:15:00,0,25055.50,25049.00,CME US Index Futures ETH,1-Minute
2026-03-12,18:45:00,NQ SEP26,15m,2026-03-12 18:45:00,25071.50,25092.75,25065.50,25080.25,27.25,25079.13,25072.31,2026-03-12 19:17:00,DOWN,2026-03-12 19:17:00,0,25075.50,25064.50,CME US Index Futures ETH,1-Minute
2026-03-12,19:15:00,NQ SEP26,15m,2026-03-12 19:15:00,25078.00,25105.00,25076.25,25079.00,28.75,25090.63,25083.44,2026-03-12 19:30:00,DOWN,2026-03-12 19:30:00,0,25073.00,25063.50,CME US Index Futures ETH,1-Minute
2026-03-12,21:15:00,NQ SEP26,15m,2026-03-12 21:15:00,25115.50,25153.25,25115.50,25136.75,37.75,25134.38,25124.94,2026-03-12 21:43:00,DOWN,2026-03-12 21:49:00,6,25130.50,25113.75,CME US Index Futures ETH,1-Minute
2026-03-13,00:00:00,NQ SEP26,15m,2026-03-13 00:00:00,25099.75,25120.00,25098.75,25116.00,21.25,25109.38,25104.06,2026-03-13 00:15:00,DOWN,2026-03-13 00:15:00,0,25103.00,25097.75,CME US Index Futures ETH,1-Minute
2026-03-13,00:45:00,NQ SEP26,15m,2026-03-13 00:45:00,25075.25,25078.75,25053.75,25078.00,25.00,25066.25,25060.00,2026-03-13 01:10:00,DOWN,2026-03-13 01:12:00,2,25067.00,25048.25,CME US Index Futures ETH,1-Minute
2026-03-13,02:00:00,NQ SEP26,15m,2026-03-13 02:00:00,25065.00,25079.25,25059.00,25076.75,20.25,25069.13,25064.06,2026-03-13 02:16:00,DOWN,2026-03-13 02:18:00,2,25070.75,25058.75,CME US Index Futures ETH,1-Minute
2026-03-13,03:30:00,NQ SEP26,15m,2026-03-13 03:30:00,24921.00,24953.00,24901.50,24949.25,51.50,24927.25,24914.38,2026-03-13 03:56:00,UNRESOLVED,,,24942.50,24914.25,CME US Index Futures ETH,1-Minute
2026-03-13,03:45:00,NQ SEP26,15m,2026-03-13 03:45:00,24948.25,24966.50,24937.25,24951.75,29.25,24951.88,24944.56,2026-03-13 04:00:00,DOWN,2026-03-13 04:00:00,0,24941.00,24936.50,CME US Index Futures ETH,1-Minute
2026-03-13,05:15:00,NQ SEP26,15m,2026-03-13 05:15:00,25004.75,25065.25,25004.75,25022.00,60.50,25035.00,25019.88,2026-03-13 05:30:00,DOWN,2026-03-13 05:34:00,4,25023.75,25003.75,CME US Index Futures ETH,1-Minute
2026-03-13,08:00:00,NQ SEP26,15m,2026-03-13 08:00:00,25139.50,25156.25,25129.00,25153.75,27.25,25142.63,25135.81,2026-03-13 08:15:00,DOWN,2026-03-13 08:21:00,6,25144.00,25122.00,CME US Index Futures ETH,1-Minute
2026-03-13,08:45:00,NQ SEP26,15m,2026-03-13 08:45:00,25141.50,25171.00,25125.00,25151.75,46.00,25148.00,25136.50,2026-03-13 09:04:00,UP,2026-03-13 09:04:00,0,25174.50,25133.75,CME US Index Futures ETH,1-Minute
2026-03-13,09:00:00,NQ SEP26,15m,2026-03-13 09:00:00,25149.50,25229.00,25149.25,25172.00,79.75,25189.13,25169.19,2026-03-13 09:15:00,DOWN,2026-03-13 09:17:00,2,25164.00,25149.00,CME US Index Futures ETH,1-Minute
2026-03-13,09:45:00,NQ SEP26,15m,2026-03-13 09:45:00,25136.75,25264.00,25102.00,25260.75,162.00,25183.00,25142.50,2026-03-13 10:18:00,DOWN,2026-03-13 10:43:00,25,25219.25,25093.50,CME US Index Futures ETH,1-Minute
2026-03-13,10:30:00,NQ SEP26,15m,2026-03-13 10:30:00,25157.75,25194.25,25125.00,25165.25,69.25,25159.63,25142.31,2026-03-13 10:45:00,DOWN,2026-03-13 10:45:00,0,25105.25,25085.25,CME US Index Futures ETH,1-Minute
2026-03-13,11:15:00,NQ SEP26,15m,2026-03-13 11:15:00,24981.50,25060.25,24952.75,25052.75,107.50,25006.50,24979.63,2026-03-13 11:30:00,DOWN,2026-03-13 11:31:00,1,24969.75,24946.25,CME US Index Futures ETH,1-Minute
2026-03-13,12:30:00,NQ SEP26,15m,2026-03-13 12:30:00,24927.50,24953.75,24902.50,24935.25,51.25,24928.13,24915.31,2026-03-13 12:46:00,DOWN,2026-03-13 12:47:00,1,24922.75,24897.00,CME US Index Futures ETH,1-Minute
2026-03-13,13:15:00,NQ SEP26,15m,2026-03-13 13:15:00,24887.00,24950.50,24881.75,24950.50,68.75,24916.13,24898.94,2026-03-13 13:43:00,DOWN,2026-03-13 13:48:00,5,24927.25,24874.00,CME US Index Futures ETH,1-Minute
2026-03-13,14:45:00,NQ SEP26,15m,2026-03-13 14:45:00,24902.50,24953.00,24889.50,24948.75,63.50,24921.25,24905.38,2026-03-13 15:06:00,DOWN,2026-03-13 15:21:00,15,24925.25,24883.25,CME US Index Futures ETH,1-Minute
2026-03-13,16:00:00,NQ SEP26,15m,2026-03-13 16:00:00,24858.25,24895.00,24847.50,24886.50,47.50,24871.25,24859.38,2026-03-13 16:15:00,UNRESOLVED,,,24874.75,24852.00,CME US Index Futures ETH,1-Minute
2026-03-13,16:30:00,NQ SEP26,15m,2026-03-13 16:30:00,24854.25,24870.75,24852.00,24859.75,18.75,24861.38,24856.69,2026-03-13 16:45:00,DOWN,2026-03-13 16:46:00,1,24859.00,24848.25,CME US Index Futures ETH,1-Minute
2026-03-15,20:45:00,NQ SEP26,15m,2026-03-15 20:45:00,24984.00,25005.25,24978.50,24991.25,26.75,24991.88,24985.19,2026-03-15 21:11:00,UNRESOLVED,,,24993.75,24982.25,CME US Index Futures ETH,1-Minute
2026-03-15,21:00:00,NQ SEP26,15m,2026-03-15 21:00:00,24991.00,25013.75,24982.00,25000.50,31.75,24997.88,24989.94,2026-03-15 21:15:00,DOWN,2026-03-15 21:31:00,16,25011.75,24981.25,CME US Index Futures ETH,1-Minute
2026-03-15,22:00:00,NQ SEP26,15m,2026-03-15 22:00:00,24976.25,25017.00,24976.25,25009.50,40.75,24996.63,24986.44,2026-03-15 22:16:00,DOWN,2026-03-15 22:28:00,12,24999.00,24976.25,CME US Index Futures ETH,1-Minute
2026-03-16,00:15:00,NQ SEP26,15m,2026-03-16 00:15:00,25026.50,25034.00,25022.75,25028.25,11.25,25028.38,25025.56,2026-03-16 00:32:00,DOWN,2026-03-16 00:34:00,2,25027.00,25022.75,CME US Index Futures ETH,1-Minute
2026-03-16,00:30:00,NQ SEP26,15m,2026-03-16 00:30:00,25028.50,25046.50,25026.50,25029.00,20.00,25036.50,25031.50,2026-03-16 00:45:00,DOWN,2026-03-16 00:45:00,0,25013.00,25012.25,CME US Index Futures ETH,1-Minute
2026-03-16,01:15:00,NQ SEP26,15m,2026-03-16 01:15:00,25001.50,25019.75,25000.75,25019.50,19.00,25010.25,25005.50,2026-03-16 01:36:00,UP,2026-03-16 01:38:00,2,25024.25,25004.50,CME US Index Futures ETH,1-Minute
2026-03-16,02:00:00,NQ SEP26,15m,2026-03-16 02:00:00,25032.50,25057.75,25030.25,25054.75,27.50,25044.00,25037.13,2026-03-16 02:24:00,UP,2026-03-16 02:57:00,33,25063.00,25032.00,CME US Index Futures ETH,1-Minute
2026-03-16,03:00:00,NQ SEP26,15m,2026-03-16 03:00:00,25041.50,25063.00,25036.50,25061.00,26.50,25049.75,25043.13,2026-03-16 03:15:00,DOWN,2026-03-16 03:16:00,1,25047.00,25035.50,CME US Index Futures ETH,1-Minute
2026-03-16,04:15:00,NQ SEP26,15m,2026-03-16 04:15:00,25006.75,25064.75,25001.75,25025.75,63.00,25033.25,25017.50,2026-03-16 04:33:00,DOWN,2026-03-16 04:37:00,4,25033.00,25000.25,CME US Index Futures ETH,1-Minute
2026-03-16,05:00:00,NQ SEP26,15m,2026-03-16 05:00:00,24998.25,25034.25,24990.25,25023.00,44.00,25012.25,25001.25,2026-03-16 05:31:00,DOWN,2026-03-16 05:32:00,1,25006.75,24986.25,CME US Index Futures ETH,1-Minute
2026-03-16,08:45:00,NQ SEP26,15m,2026-03-16 08:45:00,25162.50,25184.50,25156.25,25172.25,28.25,25170.38,25163.31,2026-03-16 09:00:00,DOWN,2026-03-16 09:00:00,0,25154.25,25143.25,CME US Index Futures ETH,1-Minute
2026-03-16,09:15:00,NQ SEP26,15m,2026-03-16 09:15:00,25153.25,25177.25,25148.50,25154.00,28.75,25162.88,25155.69,2026-03-16 09:30:00,DOWN,2026-03-16 09:30:00,0,25155.50,25147.50,CME US Index Futures ETH,1-Minute
2026-03-16,10:15:00,NQ SEP26,15m,2026-03-16 10:15:00,25231.25,25257.25,25193.75,25232.25,63.50,25225.50,25209.63,2026-03-16 10:31:00,DOWN,2026-03-16 10:31:00,0,25218.25,25184.00,CME US Index Futures ETH,1-Minute
2026-03-16,11:30:00,NQ SEP26,15m,2026-03-16 11:30:00,25199.75,25233.75,25178.00,25213.75,55.75,25205.88,25191.94,2026-03-16 11:54:00,DOWN,2026-03-16 11:58:00,4,25211.75,25173.00,CME US Index Futures ETH,1-Minute
2026-03-16,11:45:00,NQ SEP26,15m,2026-03-16 11:45:00,25213.25,25236.25,25210.25,25216.25,26.00,25223.25,25216.75,2026-03-16 12:00:00,DOWN,2026-03-16 12:00:00,0,25179.75,25171.50,CME US Index Futures ETH,1-Minute
2026-03-16,12:15:00,NQ SEP26,15m,2026-03-16 12:15:00,25171.50,25200.00,25161.00,25177.25,39.00,25180.50,25170.75,2026-03-16 12:30:00,DOWN,2026-03-16 12:30:00,0,25134.00,25122.00,CME US Index Futures ETH,1-Minute
2026-03-16,13:15:00,NQ SEP26,15m,2026-03-16 13:15:00,25173.75,25219.00,25172.75,25205.75,46.25,25195.88,25184.31,2026-03-16 13:40:00,DOWN,2026-03-16 13:45:00,5,25196.00,25168.75,CME US Index Futures ETH,1-Minute
2026-03-16,14:30:00,NQ SEP26,15m,2026-03-16 14:30:00,25204.25,25224.75,25201.50,25217.00,23.25,25213.13,25207.31,2026-03-16 14:56:00,DOWN,2026-03-16 14:59:00,3,25211.50,25201.25,CME US Index Futures ETH,1-Minute
2026-03-16,14:45:00,NQ SEP26,15m,2026-03-16 14:45:00,25216.00,25229.75,25201.75,25228.25,28.00,25215.75,25208.75,2026-03-16 15:00:00,DOWN,2026-03-16 15:00:00,0,25204.75,25199.25,CME US Index Futures ETH,1-Minute
2026-03-16,15:15:00,NQ SEP26,15m,2026-03-16 15:15:00,25202.00,25317.25,25186.25,25207.00,131.00,25251.75,25219.00,2026-03-16 15:30:00,DOWN,2026-03-16 15:30:00,0,25194.00,25158.25,CME US Index Futures ETH,1-Minute
2026-03-16,16:15:00,NQ SEP26,15m,2026-03-16 16:15:00,25167.00,25183.75,25149.25,25179.75,34.50,25166.50,25157.88,2026-03-16 16:30:00,DOWN,2026-03-16 16:30:00,0,25151.00,25147.25,CME US Index Futures ETH,1-Minute
2026-03-16,17:00:00,NQ SEP26,15m,2026-03-16 17:00:00,25149.50,25159.50,25144.00,25154.50,15.50,25151.75,25147.88,2026-03-16 18:15:00,DOWN,2026-03-16 18:15:00,0,25144.25,25137.25,CME US Index Futures ETH,1-Minute
2026-03-16,18:30:00,NQ SEP26,15m,2026-03-16 18:30:00,25137.25,25157.75,25122.25,25144.75,35.50,25140.00,25131.13,2026-03-16 18:45:00,DOWN,2026-03-16 18:51:00,6,25130.50,25118.50,CME US Index Futures ETH,1-Minute
2026-03-16,19:45:00,NQ SEP26,15m,2026-03-16 19:45:00,25135.75,25155.00,25131.00,25148.25,24.00,25143.00,25137.00,2026-03-16 20:02:00,DOWN,2026-03-16 20:03:00,1,25144.25,25127.75,CME US Index Futures ETH,1-Minute
2026-03-16,20:00:00,NQ SEP26,15m,2026-03-16 20:00:00,25148.25,25164.25,25137.75,25164.00,26.50,25151.00,25144.38,2026-03-16 20:15:00,DOWN,2026-03-16 20:16:00,1,25149.25,25137.50,CME US Index Futures ETH,1-Minute
2026-03-16,21:15:00,NQ SEP26,15m,2026-03-16 21:15:00,25096.00,25121.75,25093.75,25111.75,28.00,25107.75,25100.75,2026-03-16 21:43:00,DOWN,2026-03-16 21:47:00,4,25105.00,25092.50,CME US Index Futures ETH,1-Minute
2026-03-16,22:00:00,NQ SEP26,15m,2026-03-16 22:00:00,25104.25,25121.25,25092.50,25117.25,28.75,25106.88,25099.69,2026-03-16 22:19:00,DOWN,2026-03-16 22:51:00,32,25114.75,25089.00,CME US Index Futures ETH,1-Minute
2026-03-16,22:45:00,NQ SEP26,15m,2026-03-16 22:45:00,25104.50,25114.75,25100.75,25104.75,14.00,25107.75,25104.25,2026-03-16 23:00:00,DOWN,2026-03-16 23:00:00,0,25084.25,25069.00,CME US Index Futures ETH,1-Minute
2026-03-16,23:15:00,NQ SEP26,15m,2026-03-16 23:15:00,25073.75,25081.75,25067.50,25078.50,14.25,25074.63,25071.06,2026-03-16 23:37:00,DOWN,2026-03-16 23:42:00,5,25077.75,25063.75,CME US Index Futures ETH,1-Minute
2026-03-16,23:30:00,NQ SEP26,15m,2026-03-16 23:30:00,25078.75,25093.75,25078.75,25082.50,15.00,25086.25,25082.50,2026-03-16 23:45:00,DOWN,2026-03-16 23:45:00,0,25077.75,25069.25,CME US Index Futures ETH,1-Minute
2026-03-17,01:15:00,NQ SEP26,15m,2026-03-17 01:15:00,25118.75,25132.75,25111.50,25129.75,21.25,25122.13,25116.81,2026-03-17 01:36:00,DOWN,2026-03-17 01:40:00,4,25121.75,25108.75,CME US Index Futures ETH,1-Minute
2026-03-17,02:30:00,NQ SEP26,15m,2026-03-17 02:30:00,25025.75,25055.75,25020.75,25048.50,35.00,25038.25,25029.50,2026-03-17 02:48:00,UNRESOLVED,,,25035.25,25024.25,CME US Index Futures ETH,1-Minute
2026-03-17,02:45:00,NQ SEP26,15m,2026-03-17 02:45:00,25046.25,25056.25,25035.75,25048.75,20.50,25046.00,25040.88,2026-03-17 03:00:00,DOWN,2026-03-17 03:00:00,0,25037.00,25030.75,CME US Index Futures ETH,1-Minute
2026-03-17,03:30:00,NQ SEP26,15m,2026-03-17 03:30:00,25043.25,25082.50,25040.50,25077.50,42.00,25061.50,25051.00,2026-03-17 03:53:00,UP,2026-03-17 04:01:00,8,25084.75,25046.25,CME US Index Futures ETH,1-Minute
2026-03-17,05:45:00,NQ SEP26,15m,2026-03-17 05:45:00,25122.25,25132.25,25104.25,25123.50,28.00,25118.25,25111.25,2026-03-17 06:06:00,DOWN,2026-03-17 06:07:00,1,25116.50,25103.75,CME US Index Futures ETH,1-Minute
2026-03-17,06:00:00,NQ SEP26,15m,2026-03-17 06:00:00,25123.50,25129.50,25111.25,25126.50,18.25,25120.38,25115.81,2026-03-17 06:15:00,DOWN,2026-03-17 06:15:00,0,25104.75,25101.25,CME US Index Futures ETH,1-Minute
2026-03-17,07:30:00,NQ SEP26,15m,2026-03-17 07:30:00,25106.50,25142.50,25102.25,25129.75,40.25,25122.38,25112.31,2026-03-17 07:53:00,DOWN,2026-03-17 07:54:00,1,25119.75,25101.50,CME US Index Futures ETH,1-Minute
2026-03-17,10:00:00,NQ SEP26,15m,2026-03-17 10:00:00,25344.00,25399.25,25337.75,25375.25,61.50,25368.50,25353.13,2026-03-17 10:15:00,DOWN,2026-03-17 10:15:00,0,25327.00,25307.25,CME US Index Futures ETH,1-Minute
2026-03-17,10:45:00,NQ SEP26,15m,2026-03-17 10:45:00,25344.50,25374.25,25318.75,25368.00,55.50,25346.50,25332.63,2026-03-17 11:07:00,DOWN,2026-03-17 11:09:00,2,25344.50,25305.75,CME US Index Futures ETH,1-Minute
2026-03-17,12:45:00,NQ SEP26,15m,2026-03-17 12:45:00,25294.50,25307.25,25270.50,25307.00,36.75,25288.88,25279.69,2026-03-17 13:00:00,UP,2026-03-17 13:03:00,3,25312.25,25276.25,CME US Index Futures ETH,1-Minute
2026-03-17,13:30:00,NQ SEP26,15m,2026-03-17 13:30:00,25296.75,25305.50,25284.50,25299.00,21.00,25295.00,25289.75,2026-03-17 13:45:00,DOWN,2026-03-17 13:47:00,2,25301.00,25284.25,CME US Index Futures ETH,1-Minute
2026-03-17,14:00:00,NQ SEP26,15m,2026-03-17 14:00:00,25294.00,25326.50,25276.75,25316.75,49.75,25301.63,25289.19,2026-03-17 14:25:00,UNRESOLVED,,,25304.25,25283.75,CME US Index Futures ETH,1-Minute
2026-03-17,14:15:00,NQ SEP26,15m,2026-03-17 14:15:00,25316.50,25340.00,25305.00,25318.25,35.00,25322.50,25313.75,2026-03-17 14:30:00,DOWN,2026-03-17 14:30:00,0,25293.75,25282.50,CME US Index Futures ETH,1-Minute
2026-03-17,15:30:00,NQ SEP26,15m,2026-03-17 15:30:00,25286.75,25307.25,25281.50,25289.50,25.75,25294.38,25287.94,2026-03-17 15:45:00,DOWN,2026-03-17 15:45:00,0,25284.75,25280.00,CME US Index Futures ETH,1-Minute
2026-03-17,16:45:00,NQ SEP26,15m,2026-03-17 16:45:00,25304.50,25309.50,25304.50,25307.00,5.00,25307.00,25305.75,2026-03-17 18:01:00,AMBIGUOUS,2026-03-17 18:01:00,0,25310.50,25294.75,CME US Index Futures ETH,1-Minute
2026-03-17,17:00:00,NQ SEP26,15m,2026-03-17 17:00:00,25306.75,25310.75,25301.75,25309.75,9.00,25306.25,25304.00,2026-03-17 18:15:00,DOWN,2026-03-17 18:15:00,0,25300.00,25297.00,CME US Index Futures ETH,1-Minute
2026-03-17,19:15:00,NQ SEP26,15m,2026-03-17 19:15:00,25289.00,25293.00,25277.75,25290.25,15.25,25285.38,25281.56,2026-03-17 19:41:00,UNRESOLVED,,,25286.75,25280.00,CME US Index Futures ETH,1-Minute
2026-03-17,19:30:00,NQ SEP26,15m,2026-03-17 19:30:00,25289.50,25306.00,25286.25,25289.75,19.75,25296.13,25291.19,2026-03-17 19:45:00,DOWN,2026-03-17 19:45:00,0,25287.50,25283.75,CME US Index Futures ETH,1-Minute
2026-03-17,21:30:00,NQ SEP26,15m,2026-03-17 21:30:00,25372.50,25380.25,25369.75,25372.75,10.50,25375.00,25372.38,2026-03-17 21:46:00,DOWN,2026-03-17 21:50:00,4,25377.00,25367.75,CME US Index Futures ETH,1-Minute
2026-03-17,22:30:00,NQ SEP26,15m,2026-03-17 22:30:00,25388.50,25412.25,25385.00,25405.75,27.25,25398.63,25391.81,2026-03-17 23:07:00,UNRESOLVED,,,25410.00,25389.25,CME US Index Futures ETH,1-Minute
2026-03-18,00:15:00,NQ SEP26,15m,2026-03-18 00:15:00,25418.50,25428.50,25418.00,25425.75,10.50,25423.25,25420.63,2026-03-18 00:31:00,DOWN,2026-03-18 00:34:00,3,25423.50,25418.00,CME US Index Futures ETH,1-Minute
2026-03-18,02:30:00,NQ SEP26,15m,2026-03-18 02:30:00,25458.00,25492.75,25453.50,25487.00,39.25,25473.13,25463.31,2026-03-18 02:51:00,DOWN,2026-03-18 03:26:00,35,25471.00,25449.25,CME US Index Futures ETH,1-Minute
2026-03-18,03:45:00,NQ SEP26,15m,2026-03-18 03:45:00,25457.00,25463.50,25451.25,25461.00,12.25,25457.38,25454.31,2026-03-18 04:00:00,DOWN,2026-03-18 04:00:00,0,25444.00,25440.75,CME US Index Futures ETH,1-Minute
2026-03-18,04:15:00,NQ SEP26,15m,2026-03-18 04:15:00,25443.50,25468.25,25439.75,25461.50,28.50,25454.00,25446.88,2026-03-18 04:30:00,DOWN,2026-03-18 04:31:00,1,25451.75,25438.75,CME US Index Futures ETH,1-Minute
2026-03-18,05:00:00,NQ SEP26,15m,2026-03-18 05:00:00,25446.75,25465.75,25442.25,25454.00,23.50,25454.00,25448.13,2026-03-18 05:15:00,DOWN,2026-03-18 05:15:00,0,25445.50,25441.00,CME US Index Futures ETH,1-Minute
2026-03-18,05:45:00,NQ SEP26,15m,2026-03-18 05:45:00,25468.75,25472.75,25460.75,25469.75,12.00,25466.75,25463.75,2026-03-18 06:00:00,DOWN,2026-03-18 06:00:00,0,25454.00,25450.50,CME US Index Futures ETH,1-Minute
2026-03-18,06:30:00,NQ SEP26,15m,2026-03-18 06:30:00,25465.50,25480.50,25461.50,25470.00,19.00,25471.00,25466.25,2026-03-18 06:45:00,DOWN,2026-03-18 06:46:00,1,25466.75,25461.25,CME US Index Futures ETH,1-Minute
2026-03-18,07:15:00,NQ SEP26,15m,2026-03-18 07:15:00,25443.50,25455.25,25428.50,25448.25,26.75,25441.88,25435.19,2026-03-18 07:30:00,DOWN,2026-03-18 07:30:00,0,25406.50,25386.25,CME US Index Futures ETH,1-Minute
2026-03-18,07:45:00,NQ SEP26,15m,2026-03-18 07:45:00,25388.50,25432.00,25379.75,25425.25,52.25,25405.88,25392.81,2026-03-18 08:01:00,DOWN,2026-03-18 08:03:00,2,25401.25,25377.00,CME US Index Futures ETH,1-Minute
2026-03-18,09:45:00,NQ SEP26,15m,2026-03-18 09:45:00,25210.50,25272.00,25186.50,25235.00,85.50,25229.25,25207.88,2026-03-18 10:03:00,DOWN,2026-03-18 10:14:00,11,25267.00,25180.50,CME US Index Futures ETH,1-Minute
2026-03-18,10:00:00,NQ SEP26,15m,2026-03-18 10:00:00,25235.25,25280.50,25213.00,25254.00,67.50,25246.75,25229.88,2026-03-18 10:15:00,DOWN,2026-03-18 10:15:00,0,25192.25,25175.75,CME US Index Futures ETH,1-Minute
2026-03-18,11:15:00,NQ SEP26,15m,2026-03-18 11:15:00,25165.50,25214.00,25145.75,25186.75,68.25,25179.88,25162.81,2026-03-18 11:47:00,UNRESOLVED,,,25199.00,25158.00,CME US Index Futures ETH,1-Minute
2026-03-18,11:45:00,NQ SEP26,15m,2026-03-18 11:45:00,25170.25,25199.00,25163.50,25177.00,35.50,25181.25,25172.38,2026-03-18 12:01:00,DOWN,2026-03-18 12:01:00,0,25181.50,25160.00,CME US Index Futures ETH,1-Minute
2026-03-18,12:00:00,NQ SEP26,15m,2026-03-18 12:00:00,25176.25,25199.00,25158.00,25181.50,41.00,25178.50,25168.25,2026-03-18 12:16:00,UNRESOLVED,,,25194.25,25160.00,CME US Index Futures ETH,1-Minute
2026-03-18,12:15:00,NQ SEP26,15m,2026-03-18 12:15:00,25181.25,25191.00,25148.25,25184.75,42.75,25169.63,25158.94,2026-03-18 12:34:00,DOWN,2026-03-18 12:34:00,0,25173.00,25142.25,CME US Index Futures ETH,1-Minute
2026-03-18,14:00:00,NQ SEP26,15m,2026-03-18 14:00:00,25131.75,25167.00,25129.75,25162.25,37.25,25148.38,25139.06,2026-03-18 14:16:00,DOWN,2026-03-18 14:16:00,0,25156.50,25108.75,CME US Index Futures ETH,1-Minute
2026-03-18,15:15:00,NQ SEP26,15m,2026-03-18 15:15:00,25025.00,25083.75,25017.25,25046.75,66.50,25050.50,25033.88,2026-03-18 15:30:00,DOWN,2026-03-18 15:30:00,0,25014.75,24999.75,CME US Index Futures ETH,1-Minute
2026-03-18,16:45:00,NQ SEP26,15m,2026-03-18 16:45:00,24861.25,24895.50,24861.25,24891.50,34.25,24878.38,24869.81,2026-03-18 18:22:00,DOWN,2026-03-18 18:27:00,5,24883.50,24860.50,CME US Index Futures ETH,1-Minute
2026-03-18,19:30:00,NQ SEP26,15m,2026-03-18 19:30:00,24892.75,24905.50,24886.00,24905.00,19.50,24895.75,24890.88,2026-03-18 19:46:00,AMBIGUOUS,2026-03-18 19:46:00,0,24910.25,24869.00,CME US Index Futures ETH,1-Minute
2026-03-18,19:45:00,NQ SEP26,15m,2026-03-18 19:45:00,24904.00,24926.50,24899.50,24907.75,27.00,24913.00,24906.25,2026-03-18 20:00:00,DOWN,2026-03-18 20:00:00,0,24908.25,24899.00,CME US Index Futures ETH,1-Minute
2026-03-18,20:15:00,NQ SEP26,15m,2026-03-18 20:15:00,24900.50,24926.50,24883.25,24911.00,43.25,24904.88,24894.06,2026-03-18 20:32:00,DOWN,2026-03-18 20:34:00,2,24915.50,24882.25,CME US Index Futures ETH,1-Minute
2026-03-18,21:45:00,NQ SEP26,15m,2026-03-18 21:45:00,24922.00,24947.50,24913.00,24937.50,34.50,24930.25,24921.63,2026-03-18 22:00:00,DOWN,2026-03-18 22:01:00,1,24933.25,24895.00,CME US Index Futures ETH,1-Minute
2026-03-18,22:45:00,NQ SEP26,15m,2026-03-18 22:45:00,24978.00,25007.50,24976.00,24998.75,31.50,24991.75,24983.88,2026-03-18 23:00:00,DOWN,2026-03-18 23:00:00,0,24978.50,24970.25,CME US Index Futures ETH,1-Minute
2026-03-18,23:15:00,NQ SEP26,15m,2026-03-18 23:15:00,24978.25,24997.25,24978.25,24993.00,19.00,24987.75,24983.00,2026-03-18 23:30:00,DOWN,2026-03-18 23:30:00,0,24981.00,24976.00,CME US Index Futures ETH,1-Minute
2026-03-19,01:00:00,NQ SEP26,15m,2026-03-19 01:00:00,24909.75,24914.50,24892.75,24912.00,21.75,24903.63,24898.19,2026-03-19 01:29:00,UNRESOLVED,,,24912.75,24897.75,CME US Index Futures ETH,1-Minute
2026-03-19,01:15:00,NQ SEP26,15m,2026-03-19 01:15:00,24912.50,24922.25,24902.00,24917.25,20.25,24912.13,24907.06,2026-03-19 01:30:00,DOWN,2026-03-19 01:30:00,0,24899.50,24896.75,CME US Index Futures ETH,1-Minute
2026-03-19,02:15:00,NQ SEP26,15m,2026-03-19 02:15:00,24878.75,24910.25,24871.50,24898.50,38.75,24890.88,24881.19,2026-03-19 02:31:00,DOWN,2026-03-19 02:36:00,5,24892.25,24864.25,CME US Index Futures ETH,1-Minute
2026-03-19,03:00:00,NQ SEP26,15m,2026-03-19 03:00:00,24887.25,24892.25,24864.75,24887.50,27.50,24878.50,24871.63,2026-03-19 03:15:00,DOWN,2026-03-19 03:15:00,0,24861.00,24840.25,CME US Index Futures ETH,1-Minute
2026-03-19,03:30:00,NQ SEP26,15m,2026-03-19 03:30:00,24857.00,24909.00,24855.25,24872.00,53.75,24882.13,24868.69,2026-03-19 03:45:00,DOWN,2026-03-19 03:45:00,0,24849.25,24839.25,CME US Index Futures ETH,1-Minute
2026-03-19,04:15:00,NQ SEP26,15m,2026-03-19 04:15:00,24839.50,24875.75,24822.75,24861.00,53.00,24849.25,24836.00,2026-03-19 04:30:00,DOWN,2026-03-19 04:34:00,4,24847.75,24814.25,CME US Index Futures ETH,1-Minute
2026-03-19,05:00:00,NQ SEP26,15m,2026-03-19 05:00:00,24790.00,24853.75,24787.75,24828.25,66.00,24820.75,24804.25,2026-03-19 05:26:00,AMBIGUOUS,2026-03-19 05:26:00,0,24865.25,24784.00,CME US Index Futures ETH,1-Minute
2026-03-19,05:15:00,NQ SEP26,15m,2026-03-19 05:15:00,24828.25,24873.00,24828.25,24852.50,44.75,24850.63,24839.44,2026-03-19 05:30:00,DOWN,2026-03-19 05:30:00,0,24823.25,24784.75,CME US Index Futures ETH,1-Minute
2026-03-19,06:30:00,NQ SEP26,15m,2026-03-19 06:30:00,24886.00,24895.25,24873.00,24888.75,22.25,24884.13,24878.56,2026-03-19 06:45:00,DOWN,2026-03-19 06:45:00,0,24866.50,24854.25,CME US Index Futures ETH,1-Minute
2026-03-19,07:00:00,NQ SEP26,15m,2026-03-19 07:00:00,24865.25,24880.25,24855.25,24873.25,25.00,24867.75,24861.50,2026-03-19 07:16:00,DOWN,2026-03-19 07:17:00,1,24864.25,24851.50,CME US Index Futures ETH,1-Minute
2026-03-19,08:00:00,NQ SEP26,15m,2026-03-19 08:00:00,24797.00,24835.00,24792.50,24828.00,42.50,24813.75,24803.13,2026-03-19 08:15:00,DOWN,2026-03-19 08:20:00,5,24818.25,24780.25,CME US Index Futures ETH,1-Minute
2026-03-19,08:45:00,NQ SEP26,15m,2026-03-19 08:45:00,24760.25,24795.50,24720.25,24782.75,75.25,24757.88,24739.06,2026-03-19 09:00:00,DOWN,2026-03-19 09:02:00,2,24738.50,24709.00,CME US Index Futures ETH,1-Minute
2026-03-19,09:30:00,NQ SEP26,15m,2026-03-19 09:30:00,24696.25,24790.75,24683.50,24711.00,107.25,24737.13,24710.31,2026-03-19 09:45:00,DOWN,2026-03-19 09:47:00,2,24735.00,24678.25,CME US Index Futures ETH,1-Minute
2026-03-19,10:00:00,NQ SEP26,15m,2026-03-19 10:00:00,24714.75,24803.50,24674.75,24784.00,128.75,24739.13,24706.94,2026-03-19 10:28:00,UP,2026-03-19 10:36:00,8,24822.75,24689.50,CME US Index Futures ETH,1-Minute
2026-03-19,11:00:00,NQ SEP26,15m,2026-03-19 11:00:00,24749.25,24806.00,24734.00,24771.25,72.00,24770.00,24752.00,2026-03-19 11:22:00,DOWN,2026-03-19 11:26:00,4,24762.75,24728.25,CME US Index Futures ETH,1-Minute
2026-03-19,11:15:00,NQ SEP26,15m,2026-03-19 11:15:00,24771.00,24859.75,24763.00,24836.25,96.75,24811.38,24787.19,2026-03-19 11:30:00,DOWN,2026-03-19 11:30:00,0,24756.25,24733.00,CME US Index Futures ETH,1-Minute
2026-03-19,12:45:00,NQ SEP26,15m,2026-03-19 12:45:00,24752.75,24785.00,24722.00,24764.75,63.00,24753.50,24737.75,2026-03-19 13:00:00,DOWN,2026-03-19 13:02:00,2,24745.75,24721.25,CME US Index Futures ETH,1-Minute
2026-03-19,14:15:00,NQ SEP26,15m,2026-03-19 14:15:00,24735.00,24803.00,24707.25,24790.75,95.75,24755.13,24731.19,2026-03-19 14:38:00,DOWN,2026-03-19 14:44:00,6,24738.75,24702.50,CME US Index Futures ETH,1-Minute
2026-03-19,15:15:00,NQ SEP26,15m,2026-03-19 15:15:00,24791.00,24973.75,24788.25,24940.00,185.50,24881.00,24834.63,2026-03-19 15:36:00,UNRESOLVED,,,24915.25,24826.25,CME US Index Futures ETH,1-Minute
2026-03-19,16:30:00,NQ SEP26,15m,2026-03-19 16:30:00,24894.75,24915.25,24894.75,24904.50,20.50,24905.00,24899.88,2026-03-19 16:50:00,DOWN,2026-03-19 16:53:00,3,24903.00,24894.00,CME US Index Futures ETH,1-Minute
2026-03-19,18:30:00,NQ SEP26,15m,2026-03-19 18:30:00,24899.25,24926.50,24894.25,24921.25,32.25,24910.38,24902.31,2026-03-19 19:23:00,DOWN,2026-03-19 19:25:00,2,24909.75,24893.25,CME US Index Futures ETH,1-Minute
2026-03-19,20:00:00,NQ SEP26,15m,2026-03-19 20:00:00,24889.50,24917.25,24887.50,24902.25,29.75,24902.38,24894.94,2026-03-19 20:23:00,DOWN,2026-03-19 20:23:00,0,24902.25,24886.25,CME US Index Futures ETH,1-Minute
2026-03-19,20:15:00,NQ SEP26,15m,2026-03-19 20:15:00,24901.75,24925.00,24869.00,24919.75,56.00,24897.00,24883.00,2026-03-19 20:30:00,DOWN,2026-03-19 20:34:00,4,24883.75,24868.75,CME US Index Futures ETH,1-Minute
2026-03-19,21:00:00,NQ SEP26,15m,2026-03-19 21:00:00,24878.50,24891.75,24871.75,24880.50,20.00,24881.75,24876.75,2026-03-19 21:22:00,UP,2026-03-19 21:24:00,2,24893.00,24874.25,CME US Index Futures ETH,1-Minute
2026-03-19,21:45:00,NQ SEP26,15m,2026-03-19 21:45:00,24897.25,24936.00,24897.25,24932.50,38.75,24916.63,24906.94,2026-03-19 22:00:00,DOWN,2026-03-19 22:02:00,2,24909.00,24894.50,CME US Index Futures ETH,1-Minute
2026-03-19,22:15:00,NQ SEP26,15m,2026-03-19 22:15:00,24902.00,24919.50,24893.75,24914.50,25.75,24906.63,24900.19,2026-03-19 22:38:00,UP,2026-03-19 22:52:00,14,24921.25,24894.00,CME US Index Futures ETH,1-Minute
2026-03-19,22:45:00,NQ SEP26,15m,2026-03-19 22:45:00,24905.00,24913.50,24894.00,24910.75,19.50,24903.75,24898.88,2026-03-19 23:02:00,DOWN,2026-03-19 23:05:00,3,24903.25,24891.00,CME US Index Futures ETH,1-Minute
2026-03-20,00:00:00,NQ SEP26,15m,2026-03-20 00:00:00,24890.50,24898.00,24886.00,24893.25,12.00,24892.00,24889.00,2026-03-20 00:16:00,DOWN,2026-03-20 00:17:00,1,24892.75,24882.75,CME US Index Futures ETH,1-Minute
2026-03-20,01:45:00,NQ SEP26,15m,2026-03-20 01:45:00,24877.50,24883.50,24864.00,24879.75,19.50,24873.75,24868.88,2026-03-20 02:01:00,DOWN,2026-03-20 02:02:00,1,24874.50,24863.00,CME US Index Futures ETH,1-Minute
2026-03-20,04:15:00,NQ SEP26,15m,2026-03-20 04:15:00,24876.75,24897.00,24857.75,24895.50,39.25,24877.38,24867.56,2026-03-20 04:30:00,DOWN,2026-03-20 04:30:00,0,24858.50,24848.00,CME US Index Futures ETH,1-Minute
2026-03-20,04:45:00,NQ SEP26,15m,2026-03-20 04:45:00,24847.75,24885.75,24839.00,24853.25,46.75,24862.38,24850.69,2026-03-20 05:00:00,DOWN,2026-03-20 05:01:00,1,24850.50,24833.50,CME US Index Futures ETH,1-Minute
2026-03-20,07:30:00,NQ SEP26,15m,2026-03-20 07:30:00,24733.25,24749.25,24724.25,24734.25,25.00,24736.75,24730.50,2026-03-20 07:45:00,DOWN,2026-03-20 07:45:00,0,24731.75,24717.75,CME US Index Futures ETH,1-Minute
2026-03-20,08:15:00,NQ SEP26,15m,2026-03-20 08:15:00,24726.50,24781.25,24707.00,24756.50,74.25,24744.13,24725.56,2026-03-20 08:43:00,UNRESOLVED,,,24742.00,24722.50,CME US Index Futures ETH,1-Minute
2026-03-20,08:30:00,NQ SEP26,15m,2026-03-20 08:30:00,24755.75,24778.75,24726.50,24775.50,52.25,24752.63,24739.56,2026-03-20 08:45:00,DOWN,2026-03-20 08:45:00,0,24742.25,24726.25,CME US Index Futures ETH,1-Minute
2026-03-20,09:00:00,NQ SEP26,15m,2026-03-20 09:00:00,24741.25,24784.25,24732.75,24778.75,51.50,24758.50,24745.63,2026-03-20 09:15:00,UP,2026-03-20 09:25:00,10,24786.00,24743.00,CME US Index Futures ETH,1-Minute
2026-03-20,09:30:00,NQ SEP26,15m,2026-03-20 09:30:00,24749.25,24809.75,24746.50,24770.50,63.25,24778.13,24762.31,2026-03-20 09:45:00,DOWN,2026-03-20 09:45:00,0,24738.75,24709.00,CME US Index Futures ETH,1-Minute
2026-03-20,10:30:00,NQ SEP26,15m,2026-03-20 10:30:00,24537.50,24579.25,24531.75,24552.75,47.50,24555.50,24543.63,2026-03-20 10:53:00,DOWN,2026-03-20 10:53:00,0,24557.50,24528.25,CME US Index Futures ETH,1-Minute
2026-03-20,10:45:00,NQ SEP26,15m,2026-03-20 10:45:00,24553.50,24609.50,24547.25,24566.50,62.25,24578.38,24562.81,2026-03-20 11:00:00,DOWN,2026-03-20 11:00:00,0,24555.50,24546.00,CME US Index Futures ETH,1-Minute
2026-03-20,11:15:00,NQ SEP26,15m,2026-03-20 11:15:00,24552.25,24601.25,24519.25,24587.00,82.00,24560.25,24539.75,2026-03-20 11:30:00,UP,2026-03-20 11:59:00,29,24604.00,24536.75,CME US Index Futures ETH,1-Minute
2026-03-20,12:15:00,NQ SEP26,15m,2026-03-20 12:15:00,24594.00,24638.25,24584.00,24619.50,54.25,24611.13,24597.56,2026-03-20 12:30:00,DOWN,2026-03-20 12:31:00,1,24595.50,24565.00,CME US Index Futures ETH,1-Minute
2026-03-20,13:00:00,NQ SEP26,15m,2026-03-20 13:00:00,24547.25,24581.75,24517.75,24554.50,64.00,24549.75,24533.75,2026-03-20 13:15:00,DOWN,2026-03-20 13:27:00,12,24547.00,24511.75,CME US Index Futures ETH,1-Minute
2026-03-20,14:00:00,NQ SEP26,15m,2026-03-20 14:00:00,24468.00,24500.25,24446.25,24494.50,54.00,24473.25,24459.75,2026-03-20 14:17:00,DOWN,2026-03-20 14:21:00,4,24472.75,24441.00,CME US Index Futures ETH,1-Minute
2026-03-20,15:00:00,NQ SEP26,15m,2026-03-20 15:00:00,24375.00,24387.50,24352.75,24376.50,34.75,24370.13,24361.44,2026-03-20 15:15:00,DOWN,2026-03-20 15:22:00,7,24381.25,24351.50,CME US Index Futures ETH,1-Minute
2026-03-20,16:45:00,NQ SEP26,15m,2026-03-20 16:45:00,24416.50,24462.75,24413.50,24455.25,49.25,24438.13,24425.81,2026-03-22 18:01:00,DOWN,2026-03-22 18:01:00,0,24252.25,24172.25,CME US Index Futures ETH,1-Minute
2026-03-20,17:00:00,NQ SEP26,15m,2026-03-20 17:00:00,24455.75,24502.00,24455.00,24499.50,47.00,24478.50,24466.75,2026-03-22 18:15:00,DOWN,2026-03-22 18:15:00,0,24264.75,24245.75,CME US Index Futures ETH,1-Minute
2026-03-22,19:00:00,NQ SEP26,15m,2026-03-22 19:00:00,24311.50,24352.25,24311.50,24326.25,40.75,24331.88,24321.69,2026-03-22 19:22:00,UNRESOLVED,,,24337.00,24313.25,CME US Index Futures ETH,1-Minute
2026-03-22,19:15:00,NQ SEP26,15m,2026-03-22 19:15:00,24329.00,24366.75,24326.75,24360.50,40.00,24346.75,24336.75,2026-03-22 19:30:00,DOWN,2026-03-22 19:30:00,0,24320.75,24315.00,CME US Index Futures ETH,1-Minute
2026-03-22,19:45:00,NQ SEP26,15m,2026-03-22 19:45:00,24315.75,24333.25,24306.50,24320.75,26.75,24319.88,24313.19,2026-03-22 20:00:00,DOWN,2026-03-22 20:00:00,0,24291.25,24264.75,CME US Index Futures ETH,1-Minute
2026-03-22,20:15:00,NQ SEP26,15m,2026-03-22 20:15:00,24290.25,24353.75,24255.25,24338.50,98.50,24304.50,24279.88,2026-03-22 20:36:00,DOWN,2026-03-22 20:38:00,2,24289.25,24253.00,CME US Index Futures ETH,1-Minute
2026-03-22,21:45:00,NQ SEP26,15m,2026-03-22 21:45:00,24311.75,24355.00,24295.25,24346.00,59.75,24325.13,24310.19,2026-03-22 22:14:00,DOWN,2026-03-22 22:42:00,28,24350.75,24293.25,CME US Index Futures ETH,1-Minute
2026-03-22,22:30:00,NQ SEP26,15m,2026-03-22 22:30:00,24316.75,24350.75,24304.75,24326.75,46.00,24327.75,24316.25,2026-03-22 22:45:00,DOWN,2026-03-22 22:45:00,0,24304.25,24294.00,CME US Index Futures ETH,1-Minute
2026-03-22,23:30:00,NQ SEP26,15m,2026-03-22 23:30:00,24262.75,24286.00,24254.50,24276.50,31.50,24270.25,24262.38,2026-03-22 23:45:00,DOWN,2026-03-22 23:49:00,4,24274.50,24254.25,CME US Index Futures ETH,1-Minute
2026-03-23,01:00:00,NQ SEP26,15m,2026-03-23 01:00:00,24271.50,24286.00,24259.00,24278.25,27.00,24272.50,24265.75,2026-03-23 01:25:00,UNRESOLVED,,,24273.75,24261.25,CME US Index Futures ETH,1-Minute
2026-03-23,01:15:00,NQ SEP26,15m,2026-03-23 01:15:00,24278.00,24316.00,24276.00,24295.75,40.00,24296.00,24286.00,2026-03-23 01:30:00,DOWN,2026-03-23 01:30:00,0,24271.50,24266.25,CME US Index Futures ETH,1-Minute
2026-03-23,02:00:00,NQ SEP26,15m,2026-03-23 02:00:00,24246.50,24261.00,24215.00,24256.75,46.00,24238.00,24226.50,2026-03-23 02:15:00,DOWN,2026-03-23 02:15:00,0,24219.25,24200.25,CME US Index Futures ETH,1-Minute
2026-03-23,03:15:00,NQ SEP26,15m,2026-03-23 03:15:00,24138.00,24195.50,24115.50,24176.50,80.00,24155.50,24135.50,2026-03-23 03:30:00,DOWN,2026-03-23 03:30:00,0,24088.50,24072.25,CME US Index Futures ETH,1-Minute
2026-03-23,04:45:00,NQ SEP26,15m,2026-03-23 04:45:00,24180.75,24234.25,24174.00,24198.75,60.25,24204.13,24189.06,2026-03-23 05:03:00,UNRESOLVED,,,24231.25,24178.50,CME US Index Futures ETH,1-Minute
2026-03-23,05:00:00,NQ SEP26,15m,2026-03-23 05:00:00,24199.75,24237.50,24197.50,24214.25,40.00,24217.50,24207.50,2026-03-23 05:26:00,UNRESOLVED,,,24224.25,24200.50,CME US Index Futures ETH,1-Minute
2026-03-23,05:15:00,NQ SEP26,15m,2026-03-23 05:15:00,24214.50,24231.25,24178.50,24219.25,52.75,24204.88,24191.69,2026-03-23 05:32:00,DOWN,2026-03-23 05:34:00,2,24205.75,24177.50,CME US Index Futures ETH,1-Minute
2026-03-23,06:00:00,NQ SEP26,15m,2026-03-23 06:00:00,24152.75,24174.00,24138.75,24164.50,35.25,24156.38,24147.56,2026-03-23 06:22:00,DOWN,2026-03-23 06:22:00,0,24151.75,24136.50,CME US Index Futures ETH,1-Minute
2026-03-23,06:15:00,NQ SEP26,15m,2026-03-23 06:15:00,24166.25,24211.25,24157.50,24181.00,53.75,24184.38,24170.94,2026-03-23 06:30:00,DOWN,2026-03-23 06:30:00,0,24142.75,24130.50,CME US Index Futures ETH,1-Minute
2026-03-23,07:45:00,NQ SEP26,15m,2026-03-23 07:45:00,24798.25,24979.25,24791.00,24808.75,188.25,24885.13,24838.06,2026-03-23 08:00:00,DOWN,2026-03-23 08:00:00,0,24681.75,24652.25,CME US Index Futures ETH,1-Minute
2026-03-23,09:00:00,NQ SEP26,15m,2026-03-23 09:00:00,24851.00,24903.25,24808.50,24890.75,94.75,24855.88,24832.19,2026-03-23 09:18:00,DOWN,2026-03-23 09:26:00,8,24844.50,24799.00,CME US Index Futures ETH,1-Minute
2026-03-23,10:30:00,NQ SEP26,15m,2026-03-23 10:30:00,24887.75,24970.50,24885.25,24919.50,85.25,24927.88,24906.56,2026-03-23 10:45:00,DOWN,2026-03-23 10:45:00,0,24900.25,24879.75,CME US Index Futures ETH,1-Minute
2026-03-23,11:15:00,NQ SEP26,15m,2026-03-23 11:15:00,24893.25,24972.25,24883.25,24945.00,89.00,24927.75,24905.50,2026-03-23 11:30:00,DOWN,2026-03-23 11:35:00,5,24913.75,24879.50,CME US Index Futures ETH,1-Minute
2026-03-23,12:15:00,NQ SEP26,15m,2026-03-23 12:15:00,24664.25,24747.75,24660.00,24731.00,87.75,24703.88,24681.94,2026-03-23 12:30:00,DOWN,2026-03-23 12:30:00,0,24644.25,24590.75,CME US Index Futures ETH,1-Minute
2026-03-23,12:45:00,NQ SEP26,15m,2026-03-23 12:45:00,24599.75,24686.50,24594.00,24677.50,92.50,24640.25,24617.13,2026-03-23 13:17:00,DOWN,2026-03-23 13:21:00,4,24649.00,24593.50,CME US Index Futures ETH,1-Minute
2026-03-23,15:00:00,NQ SEP26,15m,2026-03-23 15:00:00,24787.75,24809.75,24779.75,24796.25,30.00,24794.75,24787.25,2026-03-23 15:15:00,DOWN,2026-03-23 15:15:00,0,24784.25,24775.50,CME US Index Futures ETH,1-Minute
2026-03-23,15:45:00,NQ SEP26,15m,2026-03-23 15:45:00,24755.75,24778.50,24748.75,24777.75,29.75,24763.63,24756.19,2026-03-23 16:00:00,DOWN,2026-03-23 16:00:00,0,24703.75,24681.25,CME US Index Futures ETH,1-Minute
2026-03-23,16:45:00,NQ SEP26,15m,2026-03-23 16:45:00,24695.00,24716.00,24682.50,24707.00,33.50,24699.25,24690.88,2026-03-23 17:00:00,DOWN,2026-03-23 17:00:00,0,24686.25,24673.25,CME US Index Futures ETH,1-Minute
2026-03-23,19:00:00,NQ SEP26,15m,2026-03-23 19:00:00,24726.75,24772.00,24721.50,24764.25,50.50,24746.75,24734.13,2026-03-23 19:31:00,DOWN,2026-03-23 19:46:00,15,24756.50,24718.00,CME US Index Futures ETH,1-Minute
2026-03-23,19:45:00,NQ SEP26,15m,2026-03-23 19:45:00,24747.50,24756.50,24732.25,24753.75,24.25,24744.38,24738.31,2026-03-23 20:00:00,DOWN,2026-03-23 20:00:00,0,24742.00,24730.25,CME US Index Futures ETH,1-Minute
2026-03-23,20:30:00,NQ SEP26,15m,2026-03-23 20:30:00,24651.75,24681.25,24584.00,24673.50,97.25,24632.63,24608.31,2026-03-23 20:45:00,DOWN,2026-03-23 21:03:00,18,24625.25,24578.75,CME US Index Futures ETH,1-Minute
2026-03-23,21:00:00,NQ SEP26,15m,2026-03-23 21:00:00,24600.75,24625.25,24595.00,24604.75,30.25,24610.13,24602.56,2026-03-23 21:15:00,DOWN,2026-03-23 21:15:00,0,24569.75,24559.00,CME US Index Futures ETH,1-Minute
2026-03-23,21:30:00,NQ SEP26,15m,2026-03-23 21:30:00,24563.25,24598.50,24539.25,24585.50,59.25,24568.88,24554.06,2026-03-23 21:45:00,DOWN,2026-03-23 21:45:00,0,24533.00,24520.50,CME US Index Futures ETH,1-Minute
2026-03-23,22:00:00,NQ SEP26,15m,2026-03-23 22:00:00,24524.50,24548.00,24514.50,24546.00,33.50,24531.25,24522.88,2026-03-23 22:15:00,UP,2026-03-23 22:21:00,6,24552.00,24517.75,CME US Index Futures ETH,1-Minute
2026-03-23,22:30:00,NQ SEP26,15m,2026-03-23 22:30:00,24521.00,24576.25,24521.00,24558.00,55.25,24548.63,24534.81,2026-03-23 22:51:00,UNRESOLVED,,,24553.75,24528.00,CME US Index Futures ETH,1-Minute
2026-03-23,22:45:00,NQ SEP26,15m,2026-03-23 22:45:00,24557.00,24565.25,24538.00,24560.25,27.25,24551.63,24544.81,2026-03-23 23:00:00,DOWN,2026-03-23 23:00:00,0,24539.75,24527.75,CME US Index Futures ETH,1-Minute
2026-03-23,23:30:00,NQ SEP26,15m,2026-03-23 23:30:00,24531.75,24564.75,24531.25,24556.25,33.50,24548.00,24539.63,2026-03-23 23:47:00,UP,2026-03-24 00:01:00,14,24566.25,24535.50,CME US Index Futures ETH,1-Minute
2026-03-24,00:00:00,NQ SEP26,15m,2026-03-24 00:00:00,24544.00,24560.25,24535.50,24559.25,24.75,24547.88,24541.69,2026-03-24 00:27:00,UNRESOLVED,,,24547.75,24539.00,CME US Index Futures ETH,1-Minute
2026-03-24,00:15:00,NQ SEP26,15m,2026-03-24 00:15:00,24559.00,24585.75,24557.25,24578.00,28.50,24571.50,24564.38,2026-03-24 00:30:00,DOWN,2026-03-24 00:30:00,0,24548.00,24541.00,CME US Index Futures ETH,1-Minute
2026-03-24,01:00:00,NQ SEP26,15m,2026-03-24 01:00:00,24527.75,24554.50,24526.00,24538.75,28.50,24540.25,24533.13,2026-03-24 01:15:00,DOWN,2026-03-24 01:15:00,0,24525.75,24515.25,CME US Index Futures ETH,1-Minute
2026-03-24,04:00:00,NQ SEP26,15m,2026-03-24 04:00:00,24738.75,24755.25,24723.75,24749.25,31.50,24739.50,24731.63,2026-03-24 04:19:00,DOWN,2026-03-24 04:20:00,1,24753.50,24699.50,CME US Index Futures ETH,1-Minute
2026-03-24,04:15:00,NQ SEP26,15m,2026-03-24 04:15:00,24748.75,24773.25,24732.25,24756.25,41.00,24752.75,24742.50,2026-03-24 04:30:00,DOWN,2026-03-24 04:30:00,0,24694.75,24677.50,CME US Index Futures ETH,1-Minute
2026-03-24,06:15:00,NQ SEP26,15m,2026-03-24 06:15:00,24703.75,24716.25,24657.00,24707.50,59.25,24686.63,24671.81,2026-03-24 06:30:00,DOWN,2026-03-24 06:35:00,5,24687.75,24651.75,CME US Index Futures ETH,1-Minute
2026-03-24,06:45:00,NQ SEP26,15m,2026-03-24 06:45:00,24672.75,24712.25,24651.75,24698.75,60.50,24682.00,24666.88,2026-03-24 07:02:00,DOWN,2026-03-24 07:18:00,16,24706.50,24649.00,CME US Index Futures ETH,1-Minute
2026-03-24,07:15:00,NQ SEP26,15m,2026-03-24 07:15:00,24689.25,24706.50,24657.25,24695.25,49.25,24681.88,24669.56,2026-03-24 07:30:00,DOWN,2026-03-24 07:31:00,1,24679.00,24652.50,CME US Index Futures ETH,1-Minute
2026-03-24,08:00:00,NQ SEP26,15m,2026-03-24 08:00:00,24655.75,24698.00,24579.75,24665.25,118.25,24638.88,24609.31,2026-03-24 08:32:00,DOWN,2026-03-24 08:34:00,2,24630.25,24577.25,CME US Index Futures ETH,1-Minute
2026-03-24,08:30:00,NQ SEP26,15m,2026-03-24 08:30:00,24626.25,24657.50,24611.00,24638.50,46.50,24634.25,24622.63,2026-03-24 08:45:00,DOWN,2026-03-24 08:45:00,0,24566.00,24549.50,CME US Index Futures ETH,1-Minute
2026-03-24,09:00:00,NQ SEP26,15m,2026-03-24 09:00:00,24552.75,24589.75,24546.00,24562.50,43.75,24567.88,24556.94,2026-03-24 09:15:00,DOWN,2026-03-24 09:15:00,0,24540.50,24527.75,CME US Index Futures ETH,1-Minute
2026-03-24,10:15:00,NQ SEP26,15m,2026-03-24 10:15:00,24498.00,24565.25,24458.00,24504.75,107.25,24511.63,24484.81,2026-03-24 10:30:00,UP,2026-03-24 10:52:00,22,24581.00,24465.00,CME US Index Futures ETH,1-Minute
2026-03-24,10:45:00,NQ SEP26,15m,2026-03-24 10:45:00,24487.25,24534.00,24465.00,24532.25,69.00,24499.50,24482.25,2026-03-24 11:00:00,UP,2026-03-24 11:00:00,0,24562.50,24465.50,CME US Index Futures ETH,1-Minute
2026-03-24,11:30:00,NQ SEP26,15m,2026-03-24 11:30:00,24594.00,24667.50,24588.75,24623.75,78.75,24628.13,24608.44,2026-03-24 11:57:00,DOWN,2026-03-24 11:57:00,0,24616.00,24571.75,CME US Index Futures ETH,1-Minute
2026-03-24,11:45:00,NQ SEP26,15m,2026-03-24 11:45:00,24623.25,24646.25,24582.75,24624.75,63.50,24614.50,24598.63,2026-03-24 12:00:00,DOWN,2026-03-24 12:00:00,0,24597.25,24576.75,CME US Index Futures ETH,1-Minute
2026-03-24,12:30:00,NQ SEP26,15m,2026-03-24 12:30:00,24570.75,24628.50,24567.50,24613.25,61.00,24598.00,24582.75,2026-03-24 12:45:00,DOWN,2026-03-24 12:45:00,0,24571.25,24558.50,CME US Index Futures ETH,1-Minute
2026-03-24,13:30:00,NQ SEP26,15m,2026-03-24 13:30:00,24469.00,24486.00,24447.50,24482.25,38.50,24466.75,24457.13,2026-03-24 13:45:00,DOWN,2026-03-24 13:45:00,0,24456.75,24444.75,CME US Index Futures ETH,1-Minute
2026-03-24,14:45:00,NQ SEP26,15m,2026-03-24 14:45:00,24542.00,24630.25,24529.75,24578.00,100.50,24580.00,24554.88,2026-03-24 15:00:00,UNRESOLVED,,,24602.00,24548.00,CME US Index Futures ETH,1-Minute
2026-03-24,15:15:00,NQ SEP26,15m,2026-03-24 15:15:00,24557.50,24599.25,24556.25,24597.75,43.00,24577.75,24567.00,2026-03-24 15:30:00,DOWN,2026-03-24 15:30:00,0,24556.50,24547.00,CME US Index Futures ETH,1-Minute
2026-03-24,16:45:00,NQ SEP26,15m,2026-03-24 16:45:00,24703.75,24822.25,24673.25,24712.50,149.00,24747.75,24710.50,2026-03-24 17:00:00,DOWN,2026-03-24 17:00:00,0,24693.00,24673.25,CME US Index Futures ETH,1-Minute
2026-03-24,18:15:00,NQ SEP26,15m,2026-03-24 18:15:00,24702.25,24740.75,24701.25,24710.25,39.50,24721.00,24711.13,2026-03-24 18:30:00,DOWN,2026-03-24 18:30:00,0,24683.25,24675.00,CME US Index Futures ETH,1-Minute
2026-03-24,18:45:00,NQ SEP26,15m,2026-03-24 18:45:00,24681.25,24708.25,24681.25,24703.75,27.00,24694.75,24688.00,2026-03-24 19:03:00,UNRESOLVED,,,24707.75,24684.50,CME US Index Futures ETH,1-Minute
2026-03-24,19:00:00,NQ SEP26,15m,2026-03-24 19:00:00,24705.25,24713.50,24690.25,24708.75,23.25,24701.88,24696.06,2026-03-24 19:42:00,UNRESOLVED,,,24709.50,24694.00,CME US Index Futures ETH,1-Minute
2026-03-24,19:30:00,NQ SEP26,15m,2026-03-24 19:30:00,24699.50,24726.25,24699.25,24712.25,27.00,24712.75,24706.00,2026-03-24 19:45:00,DOWN,2026-03-24 19:45:00,0,24701.00,24695.25,CME US Index Futures ETH,1-Minute
2026-03-24,20:15:00,NQ SEP26,15m,2026-03-24 20:15:00,24694.25,24736.75,24665.00,24725.50,71.75,24700.88,24682.94,2026-03-24 20:31:00,UP,2026-03-24 20:33:00,2,24743.00,24670.75,CME US Index Futures ETH,1-Minute
2026-03-24,20:45:00,NQ SEP26,15m,2026-03-24 20:45:00,24709.25,24776.25,24670.75,24754.00,105.50,24723.50,24697.13,2026-03-24 21:42:00,UNRESOLVED,,,24728.25,24692.25,CME US Index Futures ETH,1-Minute
2026-03-24,21:30:00,NQ SEP26,15m,2026-03-24 21:30:00,24722.25,24742.25,24711.25,24724.50,31.00,24726.75,24719.00,2026-03-24 21:45:00,DOWN,2026-03-24 21:45:00,0,24722.75,24699.25,CME US Index Futures ETH,1-Minute
2026-03-24,22:30:00,NQ SEP26,15m,2026-03-24 22:30:00,24636.50,24659.25,24636.00,24655.00,23.25,24647.63,24641.81,2026-03-24 22:48:00,DOWN,2026-03-24 22:50:00,2,24652.00,24634.75,CME US Index Futures ETH,1-Minute
2026-03-25,00:30:00,NQ SEP26,15m,2026-03-25 00:30:00,24685.00,24702.75,24676.00,24695.00,26.75,24689.38,24682.69,2026-03-25 00:46:00,DOWN,2026-03-25 00:48:00,2,24689.25,24675.00,CME US Index Futures ETH,1-Minute
2026-03-25,01:15:00,NQ SEP26,15m,2026-03-25 01:15:00,24701.50,24711.25,24684.75,24705.75,26.50,24698.00,24691.38,2026-03-25 01:30:00,DOWN,2026-03-25 01:51:00,21,24707.50,24679.50,CME US Index Futures ETH,1-Minute
2026-03-25,01:45:00,NQ SEP26,15m,2026-03-25 01:45:00,24690.25,24707.50,24688.00,24703.75,19.50,24697.75,24692.88,2026-03-25 02:00:00,DOWN,2026-03-25 02:00:00,0,24664.25,24661.00,CME US Index Futures ETH,1-Minute
2026-03-25,03:00:00,NQ SEP26,15m,2026-03-25 03:00:00,24635.50,24672.25,24632.25,24660.25,40.00,24652.25,24642.25,2026-03-25 03:25:00,UNRESOLVED,,,24653.25,24637.50,CME US Index Futures ETH,1-Minute
2026-03-25,03:15:00,NQ SEP26,15m,2026-03-25 03:15:00,24659.25,24685.25,24634.25,24677.00,51.00,24659.75,24647.00,2026-03-25 03:30:00,UP,2026-03-25 03:41:00,11,24686.50,24635.50,CME US Index Futures ETH,1-Minute
2026-03-25,04:30:00,NQ SEP26,15m,2026-03-25 04:30:00,24779.75,24817.25,24775.50,24786.00,41.75,24796.38,24785.94,2026-03-25 04:45:00,DOWN,2026-03-25 04:45:00,0,24784.00,24771.25,CME US Index Futures ETH,1-Minute
2026-03-25,05:15:00,NQ SEP26,15m,2026-03-25 05:15:00,24723.50,24763.50,24704.75,24756.25,58.75,24734.13,24719.44,2026-03-25 05:46:00,DOWN,2026-03-25 05:48:00,2,24723.50,24701.00,CME US Index Futures ETH,1-Minute
2026-03-25,06:15:00,NQ SEP26,15m,2026-03-25 06:15:00,24737.00,24769.75,24732.25,24744.00,37.50,24751.00,24741.63,2026-03-25 06:30:00,DOWN,2026-03-25 06:30:00,0,24731.25,24723.75,CME US Index Futures ETH,1-Minute
2026-03-25,07:30:00,NQ SEP26,15m,2026-03-25 07:30:00,24756.50,24782.75,24747.75,24769.50,35.00,24765.25,24756.50,2026-03-25 07:48:00,AMBIGUOUS,2026-03-25 07:48:00,0,24789.25,24722.50,CME US Index Futures ETH,1-Minute
2026-03-25,07:45:00,NQ SEP26,15m,2026-03-25 07:45:00,24770.00,24804.25,24767.00,24793.50,37.25,24785.63,24776.31,2026-03-25 08:00:00,DOWN,2026-03-25 08:00:00,0,24780.00,24762.50,CME US Index Futures ETH,1-Minute
2026-03-25,08:15:00,NQ SEP26,15m,2026-03-25 08:15:00,24776.75,24822.00,24776.50,24807.75,45.50,24799.25,24787.88,2026-03-25 08:30:00,DOWN,2026-03-25 08:30:00,0,24715.25,24698.25,CME US Index Futures ETH,1-Minute
2026-03-25,09:00:00,NQ SEP26,15m,2026-03-25 09:00:00,24710.25,24760.00,24693.00,24730.25,67.00,24726.50,24709.75,2026-03-25 09:23:00,UNRESOLVED,,,24731.75,24707.75,CME US Index Futures ETH,1-Minute
2026-03-25,09:15:00,NQ SEP26,15m,2026-03-25 09:15:00,24731.00,24767.50,24701.75,24732.00,65.75,24734.63,24718.19,2026-03-25 09:30:00,UP,2026-03-25 09:37:00,7,24799.75,24707.25,CME US Index Futures ETH,1-Minute
2026-03-25,09:45:00,NQ SEP26,15m,2026-03-25 09:45:00,24713.00,24808.25,24708.25,24733.75,100.00,24758.25,24733.25,2026-03-25 10:00:00,DOWN,2026-03-25 10:00:00,0,24674.25,24645.50,CME US Index Futures ETH,1-Minute
2026-03-25,10:45:00,NQ SEP26,15m,2026-03-25 10:45:00,24762.50,24796.25,24738.75,24774.25,57.50,24767.50,24753.13,2026-03-25 11:02:00,DOWN,2026-03-25 11:08:00,6,24776.50,24717.75,CME US Index Futures ETH,1-Minute
2026-03-25,12:00:00,NQ SEP26,15m,2026-03-25 12:00:00,24651.50,24675.50,24629.50,24660.50,46.00,24652.50,24641.00,2026-03-25 12:15:00,DOWN,2026-03-25 12:16:00,1,24650.25,24628.50,CME US Index Futures ETH,1-Minute
2026-03-25,12:45:00,NQ SEP26,15m,2026-03-25 12:45:00,24694.50,24732.50,24676.50,24720.75,56.00,24704.50,24690.50,2026-03-25 13:03:00,DOWN,2026-03-25 13:06:00,3,24724.75,24663.75,CME US Index Futures ETH,1-Minute
2026-03-25,13:45:00,NQ SEP26,15m,2026-03-25 13:45:00,24713.75,24776.00,24692.50,24751.00,83.50,24734.25,24713.38,2026-03-25 14:00:00,DOWN,2026-03-25 14:04:00,4,24714.75,24691.25,CME US Index Futures ETH,1-Minute
2026-03-25,14:15:00,NQ SEP26,15m,2026-03-25 14:15:00,24708.25,24722.25,24688.75,24712.00,33.50,24705.50,24697.13,2026-03-25 14:30:00,DOWN,2026-03-25 14:32:00,2,24704.75,24687.25,CME US Index Futures ETH,1-Minute
2026-03-25,15:30:00,NQ SEP26,15m,2026-03-25 15:30:00,24634.50,24677.25,24630.75,24636.50,46.50,24654.00,24642.38,2026-03-25 15:45:00,DOWN,2026-03-25 15:45:00,0,24638.00,24619.75,CME US Index Futures ETH,1-Minute
2026-03-25,16:45:00,NQ SEP26,15m,2026-03-25 16:45:00,24635.00,24646.75,24631.50,24644.50,15.25,24639.13,24635.31,2026-03-25 18:01:00,AMBIGUOUS,2026-03-25 18:01:00,0,24655.75,24628.00,CME US Index Futures ETH,1-Minute
2026-03-25,17:00:00,NQ SEP26,15m,2026-03-25 17:00:00,24644.00,24655.75,24640.25,24650.00,15.50,24648.00,24644.13,2026-03-25 18:15:00,DOWN,2026-03-25 18:15:00,0,24625.50,24615.50,CME US Index Futures ETH,1-Minute
2026-03-25,18:45:00,NQ SEP26,15m,2026-03-25 18:45:00,24607.25,24620.75,24604.25,24619.00,16.50,24612.50,24608.38,2026-03-25 19:00:00,DOWN,2026-03-25 19:00:00,0,24601.50,24590.25,CME US Index Futures ETH,1-Minute
2026-03-25,20:30:00,NQ SEP26,15m,2026-03-25 20:30:00,24625.25,24692.25,24623.50,24673.75,68.75,24657.88,24640.69,2026-03-25 20:55:00,DOWN,2026-03-25 21:17:00,22,24664.00,24622.50,CME US Index Futures ETH,1-Minute
2026-03-25,21:15:00,NQ SEP26,15m,2026-03-25 21:15:00,24638.00,24664.00,24633.25,24644.50,30.75,24648.63,24640.94,2026-03-25 21:30:00,DOWN,2026-03-25 21:30:00,0,24631.00,24619.00,CME US Index Futures ETH,1-Minute
2026-03-25,22:00:00,NQ SEP26,15m,2026-03-25 22:00:00,24629.25,24647.25,24629.25,24646.00,18.00,24638.25,24633.75,2026-03-25 22:15:00,DOWN,2026-03-25 22:17:00,2,24644.25,24628.25,CME US Index Futures ETH,1-Minute
2026-03-25,23:45:00,NQ SEP26,15m,2026-03-25 23:45:00,24618.75,24703.50,24616.25,24682.25,87.25,24659.88,24638.06,2026-03-26 00:25:00,DOWN,2026-03-26 00:54:00,29,24649.50,24614.50,CME US Index Futures ETH,1-Minute
2026-03-26,02:30:00,NQ SEP26,15m,2026-03-26 02:30:00,24524.00,24569.50,24514.25,24565.00,55.25,24541.88,24528.06,2026-03-26 03:07:00,UNRESOLVED,,,24546.00,24518.75,CME US Index Futures ETH,1-Minute
2026-03-26,03:00:00,NQ SEP26,15m,2026-03-26 03:00:00,24561.50,24578.00,24550.25,24570.50,27.75,24564.13,24557.19,2026-03-26 03:15:00,DOWN,2026-03-26 03:15:00,0,24537.25,24529.75,CME US Index Futures ETH,1-Minute
2026-03-26,03:45:00,NQ SEP26,15m,2026-03-26 03:45:00,24534.25,24552.50,24519.00,24537.75,33.50,24535.75,24527.38,2026-03-26 04:13:00,DOWN,2026-03-26 04:14:00,1,24538.00,24501.75,CME US Index Futures ETH,1-Minute
2026-03-26,04:00:00,NQ SEP26,15m,2026-03-26 04:00:00,24536.75,24556.25,24535.25,24541.75,21.00,24545.75,24540.50,2026-03-26 04:15:00,DOWN,2026-03-26 04:15:00,0,24504.00,24486.25,CME US Index Futures ETH,1-Minute
2026-03-26,05:00:00,NQ SEP26,15m,2026-03-26 05:00:00,24456.00,24485.00,24434.75,24476.00,50.25,24459.88,24447.31,2026-03-26 05:16:00,DOWN,2026-03-26 05:24:00,8,24455.75,24434.00,CME US Index Futures ETH,1-Minute
2026-03-26,06:15:00,NQ SEP26,15m,2026-03-26 06:15:00,24438.00,24478.50,24414.50,24468.75,64.00,24446.50,24430.50,2026-03-26 06:41:00,UNRESOLVED,,,24459.50,24430.00,CME US Index Futures ETH,1-Minute
2026-03-26,06:30:00,NQ SEP26,15m,2026-03-26 06:30:00,24469.00,24484.50,24454.25,24478.75,30.25,24469.38,24461.81,2026-03-26 06:45:00,DOWN,2026-03-26 06:45:00,0,24452.00,24439.75,CME US Index Futures ETH,1-Minute
2026-03-26,07:00:00,NQ SEP26,15m,2026-03-26 07:00:00,24444.00,24465.75,24441.50,24458.75,24.25,24453.63,24447.56,2026-03-26 07:15:00,DOWN,2026-03-26 07:21:00,6,24458.25,24437.75,CME US Index Futures ETH,1-Minute
2026-03-26,08:15:00,NQ SEP26,15m,2026-03-26 08:15:00,24386.25,24426.25,24360.25,24419.25,66.00,24393.25,24376.75,2026-03-26 08:34:00,DOWN,2026-03-26 08:36:00,2,24398.25,24351.25,CME US Index Futures ETH,1-Minute
2026-03-26,09:15:00,NQ SEP26,15m,2026-03-26 09:15:00,24399.50,24428.25,24393.00,24416.00,35.25,24410.63,24401.81,2026-03-26 09:31:00,AMBIGUOUS,2026-03-26 09:31:00,0,24438.50,24376.50,CME US Index Futures ETH,1-Minute
2026-03-26,09:30:00,NQ SEP26,15m,2026-03-26 09:30:00,24415.50,24442.00,24408.25,24438.50,33.75,24425.13,24416.69,2026-03-26 09:45:00,DOWN,2026-03-26 09:45:00,0,24440.00,24406.25,CME US Index Futures ETH,1-Minute
2026-03-26,10:00:00,NQ SEP26,15m,2026-03-26 10:00:00,24439.75,24515.50,24421.25,24498.25,94.25,24468.38,24444.81,2026-03-26 10:38:00,DOWN,2026-03-26 10:44:00,6,24508.00,24411.00,CME US Index Futures ETH,1-Minute
2026-03-26,12:00:00,NQ SEP26,15m,2026-03-26 12:00:00,24363.50,24409.50,24354.00,24374.75,55.50,24381.75,24367.88,2026-03-26 12:15:00,DOWN,2026-03-26 12:15:00,0,24370.00,24351.25,CME US Index Futures ETH,1-Minute
2026-03-26,14:15:00,NQ SEP26,15m,2026-03-26 14:15:00,24143.00,24183.00,24142.25,24159.50,40.75,24162.63,24152.44,2026-03-26 14:30:00,DOWN,2026-03-26 14:30:00,0,24134.50,24129.25,CME US Index Futures ETH,1-Minute
2026-03-26,14:45:00,NQ SEP26,15m,2026-03-26 14:45:00,24131.25,24163.25,24130.25,24142.75,33.00,24146.75,24138.50,2026-03-26 15:06:00,DOWN,2026-03-26 15:07:00,1,24147.50,24127.50,CME US Index Futures ETH,1-Minute
2026-03-26,15:00:00,NQ SEP26,15m,2026-03-26 15:00:00,24142.50,24172.00,24133.25,24165.00,38.75,24152.63,24142.94,2026-03-26 15:15:00,DOWN,2026-03-26 15:15:00,0,24120.75,24109.00,CME US Index Futures ETH,1-Minute
2026-03-26,15:30:00,NQ SEP26,15m,2026-03-26 15:30:00,24119.75,24140.25,24102.50,24124.75,37.75,24121.38,24111.94,2026-03-26 15:45:00,DOWN,2026-03-26 15:45:00,0,24102.00,24090.00,CME US Index Futures ETH,1-Minute
2026-03-26,16:15:00,NQ SEP26,15m,2026-03-26 16:15:00,24069.25,24304.50,24045.50,24184.75,259.00,24175.00,24110.25,2026-03-26 16:59:00,UNRESOLVED,,,24117.25,24094.75,CME US Index Futures ETH,1-Minute
2026-03-26,16:45:00,NQ SEP26,15m,2026-03-26 16:45:00,24148.50,24184.00,24138.25,24160.25,45.75,24161.13,24149.69,2026-03-26 17:00:00,DOWN,2026-03-26 17:00:00,0,24109.25,24098.25,CME US Index Futures ETH,1-Minute
2026-03-26,19:00:00,NQ SEP26,15m,2026-03-26 19:00:00,24143.75,24168.75,24136.00,24152.75,32.75,24152.38,24144.19,2026-03-26 19:15:00,DOWN,2026-03-26 19:16:00,1,24142.25,24127.25,CME US Index Futures ETH,1-Minute
2026-03-26,20:00:00,NQ SEP26,15m,2026-03-26 20:00:00,24158.50,24174.50,24150.75,24159.00,23.75,24162.63,24156.69,2026-03-26 20:16:00,DOWN,2026-03-26 20:17:00,1,24164.25,24143.75,CME US Index Futures ETH,1-Minute
2026-03-26,20:15:00,NQ SEP26,15m,2026-03-26 20:15:00,24159.25,24191.00,24158.25,24162.25,32.75,24174.63,24166.44,2026-03-26 20:30:00,DOWN,2026-03-26 20:30:00,0,24123.00,24113.75,CME US Index Futures ETH,1-Minute
2026-03-26,22:00:00,NQ SEP26,15m,2026-03-26 22:00:00,24148.75,24154.25,24132.50,24154.25,21.75,24143.38,24137.94,2026-03-26 22:18:00,DOWN,2026-03-26 22:21:00,3,24147.75,24132.25,CME US Index Futures ETH,1-Minute
2026-03-26,22:45:00,NQ SEP26,15m,2026-03-26 22:45:00,24143.50,24164.25,24138.50,24146.75,25.75,24151.38,24144.94,2026-03-26 23:00:00,DOWN,2026-03-26 23:00:00,0,24137.75,24132.75,CME US Index Futures ETH,1-Minute
2026-03-27,01:15:00,NQ SEP26,15m,2026-03-27 01:15:00,24198.50,24256.00,24196.75,24253.75,59.25,24226.38,24211.56,2026-03-27 01:37:00,DOWN,2026-03-27 02:03:00,26,24228.00,24192.75,CME US Index Futures ETH,1-Minute
2026-03-27,02:15:00,NQ SEP26,15m,2026-03-27 02:15:00,24208.75,24219.00,24192.75,24215.00,26.25,24205.88,24199.31,2026-03-27 02:39:00,UNRESOLVED,,,24212.00,24197.50,CME US Index Futures ETH,1-Minute
2026-03-27,02:30:00,NQ SEP26,15m,2026-03-27 02:30:00,24215.75,24237.50,24215.00,24228.00,22.50,24226.25,24220.63,2026-03-27 02:45:00,DOWN,2026-03-27 02:45:00,0,24209.50,24202.75,CME US Index Futures ETH,1-Minute
2026-03-27,03:45:00,NQ SEP26,15m,2026-03-27 03:45:00,24142.00,24164.25,24136.00,24158.00,28.25,24150.13,24143.06,2026-03-27 04:03:00,DOWN,2026-03-27 04:03:00,0,24155.25,24133.75,CME US Index Futures ETH,1-Minute
2026-03-27,04:45:00,NQ SEP26,15m,2026-03-27 04:45:00,24079.75,24105.25,24055.50,24080.00,49.75,24080.38,24067.94,2026-03-27 05:00:00,DOWN,2026-03-27 05:02:00,2,24071.00,24048.00,CME US Index Futures ETH,1-Minute
2026-03-27,05:30:00,NQ SEP26,15m,2026-03-27 05:30:00,24023.75,24080.50,24019.75,24071.50,60.75,24050.13,24034.94,2026-03-27 05:49:00,DOWN,2026-03-27 06:00:00,11,24045.50,24013.50,CME US Index Futures ETH,1-Minute
2026-03-27,07:45:00,NQ SEP26,15m,2026-03-27 07:45:00,23935.75,23945.25,23921.00,23939.50,24.25,23933.13,23927.06,2026-03-27 08:04:00,DOWN,2026-03-27 08:05:00,1,23938.50,23919.50,CME US Index Futures ETH,1-Minute
2026-03-27,08:00:00,NQ SEP26,15m,2026-03-27 08:00:00,23939.00,23972.25,23936.00,23946.25,36.25,23954.13,23945.06,2026-03-27 08:15:00,DOWN,2026-03-27 08:15:00,0,23919.25,23908.75,CME US Index Futures ETH,1-Minute
2026-03-27,08:30:00,NQ SEP26,15m,2026-03-27 08:30:00,23911.50,23939.25,23908.25,23931.25,31.00,23923.75,23916.00,2026-03-27 08:45:00,DOWN,2026-03-27 08:45:00,0,23916.25,23899.25,CME US Index Futures ETH,1-Minute
2026-03-27,09:30:00,NQ SEP26,15m,2026-03-27 09:30:00,23871.75,23943.25,23868.50,23936.50,74.75,23905.88,23887.19,2026-03-27 09:45:00,DOWN,2026-03-27 09:51:00,6,23929.50,23851.00,CME US Index Futures ETH,1-Minute
2026-03-27,10:15:00,NQ SEP26,15m,2026-03-27 10:15:00,23763.25,23824.50,23735.25,23805.75,89.25,23779.88,23757.56,2026-03-27 10:30:00,DOWN,2026-03-27 10:39:00,9,23789.50,23730.25,CME US Index Futures ETH,1-Minute
2026-03-27,11:00:00,NQ SEP26,15m,2026-03-27 11:00:00,23750.25,23820.00,23722.25,23793.75,97.75,23771.13,23746.69,2026-03-27 11:18:00,UP,2026-03-27 11:24:00,6,23850.25,23740.75,CME US Index Futures ETH,1-Minute
2026-03-27,12:00:00,NQ SEP26,15m,2026-03-27 12:00:00,23825.25,23859.75,23820.00,23831.75,39.75,23839.88,23829.94,2026-03-27 12:15:00,DOWN,2026-03-27 12:15:00,0,23798.75,23786.25,CME US Index Futures ETH,1-Minute
2026-03-27,14:30:00,NQ SEP26,15m,2026-03-27 14:30:00,23628.75,23659.00,23620.25,23644.25,38.75,23639.63,23629.94,2026-03-27 14:49:00,DOWN,2026-03-27 14:54:00,5,23639.25,23607.50,CME US Index Futures ETH,1-Minute
2026-03-27,14:45:00,NQ SEP26,15m,2026-03-27 14:45:00,23644.50,23678.50,23630.00,23648.75,48.50,23654.25,23642.13,2026-03-27 15:00:00,DOWN,2026-03-27 15:00:00,0,23624.75,23617.75,CME US Index Futures ETH,1-Minute
2026-03-27,16:45:00,NQ SEP26,15m,2026-03-27 16:45:00,23539.50,23557.00,23525.25,23541.50,31.75,23541.13,23533.19,2026-03-27 17:00:00,DOWN,2026-03-29 18:01:00,2941,23546.00,23446.50,CME US Index Futures ETH,1-Minute
2026-03-29,18:30:00,NQ SEP26,15m,2026-03-29 18:30:00,23477.25,23524.50,23466.25,23501.25,58.25,23495.38,23480.81,2026-03-29 18:45:00,DOWN,2026-03-29 18:45:00,0,23468.50,23454.25,CME US Index Futures ETH,1-Minute
2026-03-29,19:00:00,NQ SEP26,15m,2026-03-29 19:00:00,23455.00,23496.25,23437.00,23490.50,59.25,23466.63,23451.81,2026-03-29 19:25:00,DOWN,2026-03-29 19:33:00,8,23460.50,23407.75,CME US Index Futures ETH,1-Minute
2026-03-29,20:30:00,NQ SEP26,15m,2026-03-29 20:30:00,23420.25,23546.00,23400.00,23505.00,146.00,23473.00,23436.50,2026-03-29 20:46:00,UNRESOLVED,,,23470.25,23408.25,CME US Index Futures ETH,1-Minute
2026-03-29,22:15:00,NQ SEP26,15m,2026-03-29 22:15:00,23484.00,23513.50,23482.25,23510.75,31.25,23497.88,23490.06,2026-03-29 22:30:00,DOWN,2026-03-29 22:30:00,0,23489.25,23477.75,CME US Index Futures ETH,1-Minute
2026-03-29,23:30:00,NQ SEP26,15m,2026-03-29 23:30:00,23567.75,23588.75,23564.50,23575.50,24.25,23576.63,23570.56,2026-03-29 23:45:00,DOWN,2026-03-29 23:47:00,2,23576.25,23561.00,CME US Index Futures ETH,1-Minute
2026-03-30,01:30:00,NQ SEP26,15m,2026-03-30 01:30:00,23618.75,23639.25,23617.00,23623.75,22.25,23628.13,23622.56,2026-03-30 01:45:00,DOWN,2026-03-30 01:45:00,0,23620.00,23610.25,CME US Index Futures ETH,1-Minute
2026-03-30,02:45:00,NQ SEP26,15m,2026-03-30 02:45:00,23651.25,23677.75,23650.50,23673.25,27.25,23664.13,23657.31,2026-03-30 03:01:00,DOWN,2026-03-30 03:01:00,0,23672.50,23646.50,CME US Index Futures ETH,1-Minute
2026-03-30,03:00:00,NQ SEP26,15m,2026-03-30 03:00:00,23672.00,23698.25,23664.00,23672.75,34.25,23681.13,23672.56,2026-03-30 03:15:00,DOWN,2026-03-30 03:17:00,2,23680.25,23660.50,CME US Index Futures ETH,1-Minute
2026-03-30,03:15:00,NQ SEP26,15m,2026-03-30 03:15:00,23671.75,23686.75,23646.50,23672.50,40.25,23666.63,23656.56,2026-03-30 03:30:00,DOWN,2026-03-30 03:34:00,4,23677.75,23642.25,CME US Index Futures ETH,1-Minute
2026-03-30,04:45:00,NQ SEP26,15m,2026-03-30 04:45:00,23707.00,23727.50,23700.50,23715.75,27.00,23714.00,23707.25,2026-03-30 05:12:00,UNRESOLVED,,,23723.00,23707.25,CME US Index Futures ETH,1-Minute
2026-03-30,05:00:00,NQ SEP26,15m,2026-03-30 05:00:00,23716.50,23731.75,23700.00,23725.75,31.75,23715.88,23707.94,2026-03-30 05:15:00,DOWN,2026-03-30 05:16:00,1,23712.50,23683.50,CME US Index Futures ETH,1-Minute
2026-03-30,06:00:00,NQ SEP26,15m,2026-03-30 06:00:00,23677.75,23694.25,23672.50,23685.25,21.75,23683.38,23677.94,2026-03-30 06:17:00,UP,2026-03-30 06:27:00,10,23695.50,23675.00,CME US Index Futures ETH,1-Minute
2026-03-30,06:30:00,NQ SEP26,15m,2026-03-30 06:30:00,23681.75,23697.25,23675.00,23687.75,22.25,23686.13,23680.56,2026-03-30 06:45:00,DOWN,2026-03-30 06:45:00,0,23670.50,23663.75,CME US Index Futures ETH,1-Minute
2026-03-30,07:30:00,NQ SEP26,15m,2026-03-30 07:30:00,23712.50,23856.25,23706.25,23768.25,150.00,23781.25,23743.75,2026-03-30 07:45:00,UNRESOLVED,,,23792.25,23718.75,CME US Index Futures ETH,1-Minute
2026-03-30,08:45:00,NQ SEP26,15m,2026-03-30 08:45:00,23783.50,23806.25,23776.50,23789.25,29.75,23791.38,23783.94,2026-03-30 09:00:00,DOWN,2026-03-30 09:06:00,6,23805.75,23775.50,CME US Index Futures ETH,1-Minute
2026-03-30,09:30:00,NQ SEP26,15m,2026-03-30 09:30:00,23785.00,23803.25,23777.50,23790.00,25.75,23790.38,23783.94,2026-03-30 09:45:00,DOWN,2026-03-30 09:45:00,0,23687.25,23664.50,CME US Index Futures ETH,1-Minute
2026-03-30,10:15:00,NQ SEP26,15m,2026-03-30 10:15:00,23584.75,23665.00,23580.25,23649.25,84.75,23622.63,23601.44,2026-03-30 10:30:00,DOWN,2026-03-30 10:37:00,7,23636.50,23566.25,CME US Index Futures ETH,1-Minute
2026-03-30,11:00:00,NQ SEP26,15m,2026-03-30 11:00:00,23556.50,23661.75,23552.75,23659.75,109.00,23607.25,23580.00,2026-03-30 11:16:00,UP,2026-03-30 11:34:00,18,23663.50,23564.25,CME US Index Futures ETH,1-Minute
2026-03-30,11:45:00,NQ SEP26,15m,2026-03-30 11:45:00,23611.50,23692.75,23595.75,23684.50,97.00,23644.25,23620.00,2026-03-30 12:03:00,DOWN,2026-03-30 12:08:00,5,23642.25,23595.50,CME US Index Futures ETH,1-Minute
2026-03-30,12:45:00,NQ SEP26,15m,2026-03-30 12:45:00,23557.75,23597.75,23549.25,23583.50,48.50,23573.50,23561.38,2026-03-30 13:00:00,DOWN,2026-03-30 13:05:00,5,23588.50,23541.75,CME US Index Futures ETH,1-Minute
2026-03-30,13:45:00,NQ SEP26,15m,2026-03-30 13:45:00,23478.50,23515.75,23451.75,23510.25,64.00,23483.75,23467.75,2026-03-30 14:07:00,DOWN,2026-03-30 14:27:00,20,23492.25,23440.50,CME US Index Futures ETH,1-Minute
2026-03-30,14:45:00,NQ SEP26,15m,2026-03-30 14:45:00,23437.00,23476.75,23435.25,23438.75,41.50,23456.00,23445.63,2026-03-30 15:00:00,DOWN,2026-03-30 15:00:00,0,23406.25,23399.50,CME US Index Futures ETH,1-Minute
2026-03-30,16:00:00,NQ SEP26,15m,2026-03-30 16:00:00,23361.75,23447.50,23359.00,23417.50,88.50,23403.25,23381.13,2026-03-30 16:15:00,UNRESOLVED,,,23387.25,23374.00,CME US Index Futures ETH,1-Minute
2026-03-30,18:30:00,NQ SEP26,15m,2026-03-30 18:30:00,23399.50,23415.75,23396.25,23405.50,19.50,23406.00,23401.13,2026-03-30 18:45:00,DOWN,2026-03-30 18:45:00,0,23395.75,23386.50,CME US Index Futures ETH,1-Minute
2026-03-30,19:30:00,NQ SEP26,15m,2026-03-30 19:30:00,23327.25,23351.25,23317.50,23338.25,33.75,23334.38,23325.94,2026-03-30 19:45:00,DOWN,2026-03-30 19:45:00,0,23325.75,23316.50,CME US Index Futures ETH,1-Minute
2026-03-30,20:00:00,NQ SEP26,15m,2026-03-30 20:00:00,23324.25,23329.25,23305.50,23328.25,23.75,23317.38,23311.44,2026-03-30 20:15:00,DOWN,2026-03-30 20:15:00,0,23308.50,23296.00,CME US Index Futures ETH,1-Minute
2026-03-30,21:00:00,NQ SEP26,15m,2026-03-30 21:00:00,23440.25,23566.00,23434.25,23484.50,131.75,23500.13,23467.19,2026-03-30 21:15:00,UP,2026-03-30 21:26:00,11,23579.00,23466.00,CME US Index Futures ETH,1-Minute
2026-03-30,21:45:00,NQ SEP26,15m,2026-03-30 21:45:00,23597.00,23679.50,23595.25,23646.25,84.25,23637.38,23616.31,2026-03-30 22:01:00,UNRESOLVED,,,23646.50,23605.00,CME US Index Futures ETH,1-Minute
2026-03-30,22:30:00,NQ SEP26,15m,2026-03-30 22:30:00,23618.25,23646.50,23614.75,23631.75,31.75,23630.63,23622.69,2026-03-30 22:45:00,UP,2026-03-30 22:51:00,6,23670.25,23622.00,CME US Index Futures ETH,1-Minute
2026-03-30,23:15:00,NQ SEP26,15m,2026-03-30 23:15:00,23628.50,23679.75,23623.00,23662.50,56.75,23651.38,23637.19,2026-03-30 23:30:00,DOWN,2026-03-30 23:36:00,6,23643.00,23616.25,CME US Index Futures ETH,1-Minute
2026-03-31,00:15:00,NQ SEP26,15m,2026-03-31 00:15:00,23601.75,23614.75,23595.50,23608.25,19.25,23605.13,23600.31,2026-03-31 00:30:00,DOWN,2026-03-31 00:30:00,0,23588.25,23579.00,CME US Index Futures ETH,1-Minute
2026-03-31,00:45:00,NQ SEP26,15m,2026-03-31 00:45:00,23582.50,23603.25,23577.00,23590.25,26.25,23590.13,23583.56,2026-03-31 01:00:00,DOWN,2026-03-31 01:00:00,0,23570.75,23565.75,CME US Index Futures ETH,1-Minute
2026-03-31,01:45:00,NQ SEP26,15m,2026-03-31 01:45:00,23571.50,23599.50,23561.75,23591.25,37.75,23580.63,23571.19,2026-03-31 02:02:00,DOWN,2026-03-31 02:08:00,6,23584.75,23556.00,CME US Index Futures ETH,1-Minute
2026-03-31,02:00:00,NQ SEP26,15m,2026-03-31 02:00:00,23589.00,23620.75,23582.50,23592.75,38.25,23601.63,23592.06,2026-03-31 02:15:00,DOWN,2026-03-31 02:15:00,0,23558.75,23548.75,CME US Index Futures ETH,1-Minute
2026-03-31,02:30:00,NQ SEP26,15m,2026-03-31 02:30:00,23558.00,23601.25,23552.75,23571.00,48.50,23577.00,23564.88,2026-03-31 02:45:00,DOWN,2026-03-31 02:45:00,0,23558.50,23551.50,CME US Index Futures ETH,1-Minute
2026-03-31,03:00:00,NQ SEP26,15m,2026-03-31 03:00:00,23554.25,23590.25,23548.25,23574.25,42.00,23569.25,23558.75,2026-03-31 03:15:00,DOWN,2026-03-31 03:15:00,0,23555.75,23533.50,CME US Index Futures ETH,1-Minute
2026-03-31,04:00:00,NQ SEP26,15m,2026-03-31 04:00:00,23621.25,23653.75,23613.75,23652.00,40.00,23633.75,23623.75,2026-03-31 04:15:00,DOWN,2026-03-31 04:24:00,9,23645.25,23610.50,CME US Index Futures ETH,1-Minute
2026-03-31,05:15:00,NQ SEP26,15m,2026-03-31 05:15:00,23594.00,23634.00,23592.00,23616.00,42.00,23613.00,23602.50,2026-03-31 05:30:00,DOWN,2026-03-31 05:31:00,1,23614.50,23586.25,CME US Index Futures ETH,1-Minute
2026-03-31,06:15:00,NQ SEP26,15m,2026-03-31 06:15:00,23588.75,23614.75,23586.00,23602.00,28.75,23600.38,23593.19,2026-03-31 06:30:00,DOWN,2026-03-31 06:33:00,3,23603.25,23584.00,CME US Index Futures ETH,1-Minute
2026-03-31,07:30:00,NQ SEP26,15m,2026-03-31 07:30:00,23616.25,23668.25,23605.50,23630.75,62.75,23636.88,23621.19,2026-03-31 07:50:00,UNRESOLVED,,,23646.00,23620.50,CME US Index Futures ETH,1-Minute
2026-03-31,07:45:00,NQ SEP26,15m,2026-03-31 07:45:00,23630.75,23664.25,23608.25,23663.75,56.00,23636.25,23622.25,2026-03-31 08:13:00,DOWN,2026-03-31 08:16:00,3,23653.75,23596.75,CME US Index Futures ETH,1-Minute
2026-03-31,08:45:00,NQ SEP26,15m,2026-03-31 08:45:00,23682.50,23721.50,23673.50,23704.50,48.00,23697.50,23685.50,2026-03-31 09:00:00,DOWN,2026-03-31 09:00:00,0,23664.50,23650.75,CME US Index Futures ETH,1-Minute
2026-03-31,10:30:00,NQ SEP26,15m,2026-03-31 10:30:00,23806.75,23860.25,23785.75,23849.75,74.50,23823.00,23804.38,2026-03-31 10:45:00,DOWN,2026-03-31 10:45:00,0,23778.50,23759.00,CME US Index Futures ETH,1-Minute
2026-03-31,11:15:00,NQ SEP26,15m,2026-03-31 11:15:00,23691.50,23832.25,23689.75,23826.50,142.50,23761.00,23725.38,2026-03-31 12:00:00,UP,2026-03-31 12:25:00,25,23846.00,23718.00,CME US Index Futures ETH,1-Minute
2026-03-31,13:15:00,NQ SEP26,15m,2026-03-31 13:15:00,24058.00,24145.50,24043.25,24110.75,102.25,24094.38,24068.81,2026-03-31 13:38:00,DOWN,2026-03-31 13:57:00,19,24115.75,24038.25,CME US Index Futures ETH,1-Minute
2026-03-31,15:30:00,NQ SEP26,15m,2026-03-31 15:30:00,24161.75,24194.75,24155.00,24164.25,39.75,24174.88,24164.94,2026-03-31 15:57:00,UP,2026-03-31 15:58:00,1,24195.50,24164.25,CME US Index Futures ETH,1-Minute
2026-03-31,15:45:00,NQ SEP26,15m,2026-03-31 15:45:00,24164.50,24203.50,24157.25,24189.50,46.25,24180.38,24168.81,2026-03-31 16:04:00,DOWN,2026-03-31 16:05:00,1,24184.00,24150.50,CME US Index Futures ETH,1-Minute
2026-03-31,16:30:00,NQ SEP26,15m,2026-03-31 16:30:00,24207.75,24226.75,24202.75,24224.50,24.00,24214.75,24208.75,2026-03-31 16:45:00,DOWN,2026-03-31 16:45:00,0,24194.50,24189.00,CME US Index Futures ETH,1-Minute
2026-03-31,18:45:00,NQ SEP26,15m,2026-03-31 18:45:00,24241.50,24255.75,24220.50,24243.75,35.25,24238.13,24229.31,2026-03-31 19:01:00,UP,2026-03-31 19:30:00,29,24266.75,24225.25,CME US Index Futures ETH,1-Minute
2026-03-31,20:00:00,NQ SEP26,15m,2026-03-31 20:00:00,24269.25,24328.00,24264.00,24320.25,64.00,24296.00,24280.00,2026-03-31 20:33:00,DOWN,2026-03-31 21:07:00,34,24324.50,24257.25,CME US Index Futures ETH,1-Minute
2026-03-31,21:00:00,NQ SEP26,15m,2026-03-31 21:00:00,24302.25,24318.50,24293.75,24318.50,24.75,24306.13,24299.94,2026-03-31 21:15:00,DOWN,2026-03-31 21:15:00,0,24284.75,24279.00,CME US Index Futures ETH,1-Minute
2026-03-31,21:30:00,NQ SEP26,15m,2026-03-31 21:30:00,24281.25,24296.75,24262.50,24292.50,34.25,24279.63,24271.06,2026-03-31 21:45:00,DOWN,2026-03-31 21:45:00,0,24259.25,24251.25,CME US Index Futures ETH,1-Minute
2026-03-31,22:00:00,NQ SEP26,15m,2026-03-31 22:00:00,24257.75,24267.00,24249.75,24258.50,17.25,24258.38,24254.06,2026-03-31 22:16:00,DOWN,2026-03-31 22:27:00,11,24263.75,24247.75,CME US Index Futures ETH,1-Minute
2026-03-31,23:45:00,NQ SEP26,15m,2026-03-31 23:45:00,24258.75,24273.00,24258.75,24269.75,14.25,24265.88,24262.31,2026-04-01 00:00:00,UP,2026-04-01 00:04:00,4,24274.50,24261.75,CME US Index Futures ETH,1-Minute
2026-04-01,01:30:00,NQ SEP26,15m,2026-04-01 01:30:00,24325.00,24356.00,24318.25,24335.25,37.75,24337.13,24327.69,2026-04-01 01:48:00,UNRESOLVED,,,24344.75,24320.25,CME US Index Futures ETH,1-Minute
2026-04-01,01:45:00,NQ SEP26,15m,2026-04-01 01:45:00,24335.75,24346.75,24313.00,24336.00,33.75,24329.88,24321.44,2026-04-01 02:00:00,UP,2026-04-01 02:08:00,8,24349.50,24320.75,CME US Index Futures ETH,1-Minute
2026-04-01,03:00:00,NQ SEP26,15m,2026-04-01 03:00:00,24450.50,24459.00,24436.25,24451.25,22.75,24447.63,24441.94,2026-04-01 03:15:00,DOWN,2026-04-01 03:15:00,0,24431.75,24426.50,CME US Index Futures ETH,1-Minute
2026-04-01,03:45:00,NQ SEP26,15m,2026-04-01 03:45:00,24430.00,24461.50,24423.75,24450.00,37.75,24442.63,24433.19,2026-04-01 04:00:00,DOWN,2026-04-01 04:00:00,0,24373.00,24354.50,CME US Index Futures ETH,1-Minute
2026-04-01,04:30:00,NQ SEP26,15m,2026-04-01 04:30:00,24330.75,24388.75,24325.50,24363.50,63.25,24357.13,24341.31,2026-04-01 04:55:00,DOWN,2026-04-01 04:55:00,0,24380.50,24309.00,CME US Index Futures ETH,1-Minute
2026-04-01,04:45:00,NQ SEP26,15m,2026-04-01 04:45:00,24364.75,24380.50,24359.50,24374.25,21.00,24370.00,24364.75,2026-04-01 05:00:00,DOWN,2026-04-01 05:00:00,0,24359.50,24348.00,CME US Index Futures ETH,1-Minute
2026-04-01,06:00:00,NQ SEP26,15m,2026-04-01 06:00:00,24332.50,24373.00,24331.25,24350.25,41.75,24352.13,24341.69,2026-04-01 06:27:00,UP,2026-04-01 06:42:00,15,24375.50,24339.00,CME US Index Futures ETH,1-Minute
2026-04-01,08:00:00,NQ SEP26,15m,2026-04-01 08:00:00,24461.00,24487.25,24452.25,24473.25,35.00,24469.75,24461.00,2026-04-01 08:15:00,DOWN,2026-04-01 08:15:00,0,24450.75,24445.75,CME US Index Futures ETH,1-Minute
2026-04-01,08:45:00,NQ SEP26,15m,2026-04-01 08:45:00,24426.50,24528.25,24387.00,24464.50,141.25,24457.63,24422.31,2026-04-01 09:00:00,DOWN,2026-04-01 09:00:00,0,24348.25,24334.50,CME US Index Futures ETH,1-Minute
2026-04-01,09:15:00,NQ SEP26,15m,2026-04-01 09:15:00,24343.25,24366.00,24318.25,24348.75,47.75,24342.13,24330.19,2026-04-01 09:32:00,UP,2026-04-01 09:32:00,0,24367.25,24325.50,CME US Index Futures ETH,1-Minute
2026-04-01,09:30:00,NQ SEP26,15m,2026-04-01 09:30:00,24348.50,24383.75,24336.25,24370.50,47.50,24360.00,24348.13,2026-04-01 09:48:00,UP,2026-04-01 09:52:00,4,24401.50,24341.00,CME US Index Futures ETH,1-Minute
2026-04-01,11:15:00,NQ SEP26,15m,2026-04-01 11:15:00,24542.75,24569.00,24534.00,24548.50,35.00,24551.50,24542.75,2026-04-01 11:30:00,DOWN,2026-04-01 11:30:00,0,24545.50,24530.75,CME US Index Futures ETH,1-Minute
2026-04-01,12:00:00,NQ SEP26,15m,2026-04-01 12:00:00,24572.25,24609.25,24563.50,24595.50,45.75,24586.38,24574.94,2026-04-01 12:32:00,UNRESOLVED,,,24605.75,24570.50,CME US Index Futures ETH,1-Minute
2026-04-01,13:15:00,NQ SEP26,15m,2026-04-01 13:15:00,24602.00,24630.50,24596.50,24624.25,34.00,24613.50,24605.00,2026-04-01 13:34:00,DOWN,2026-04-01 13:35:00,1,24608.00,24588.25,CME US Index Futures ETH,1-Minute
2026-04-01,15:30:00,NQ SEP26,15m,2026-04-01 15:30:00,24475.25,24528.00,24464.25,24516.00,63.75,24496.13,24480.19,2026-04-01 15:54:00,DOWN,2026-04-01 16:00:00,6,24499.00,24453.75,CME US Index Futures ETH,1-Minute
2026-04-01,16:15:00,NQ SEP26,15m,2026-04-01 16:15:00,24483.75,24498.00,24462.50,24486.50,35.50,24480.25,24471.38,2026-04-01 16:30:00,DOWN,2026-04-01 16:30:00,0,24464.00,24458.75,CME US Index Futures ETH,1-Minute
2026-04-01,16:45:00,NQ SEP26,15m,2026-04-01 16:45:00,24463.50,24479.00,24459.50,24472.25,19.50,24469.25,24464.38,2026-04-01 18:01:00,DOWN,2026-04-01 18:01:00,0,24470.25,24456.25,CME US Index Futures ETH,1-Minute
2026-04-01,18:30:00,NQ SEP26,15m,2026-04-01 18:30:00,24468.75,24480.00,24449.75,24476.75,30.25,24464.88,24457.31,2026-04-01 18:52:00,DOWN,2026-04-01 18:52:00,0,24464.75,24443.00,CME US Index Futures ETH,1-Minute
2026-04-01,18:45:00,NQ SEP26,15m,2026-04-01 18:45:00,24475.50,24484.00,24463.75,24477.75,20.25,24473.88,24468.81,2026-04-01 19:00:00,DOWN,2026-04-01 19:00:00,0,24457.75,24451.50,CME US Index Futures ETH,1-Minute
2026-04-01,19:30:00,NQ SEP26,15m,2026-04-01 19:30:00,24482.75,24485.25,24470.25,24483.75,15.00,24477.75,24474.00,2026-04-01 19:45:00,DOWN,2026-04-01 19:45:00,0,24476.50,24469.00,CME US Index Futures ETH,1-Minute
2026-04-01,20:45:00,NQ SEP26,15m,2026-04-01 20:45:00,24446.75,24512.00,24436.75,24507.25,75.25,24474.38,24455.56,2026-04-01 21:04:00,DOWN,2026-04-01 21:04:00,0,24480.00,24393.75,CME US Index Futures ETH,1-Minute
2026-04-01,21:00:00,NQ SEP26,15m,2026-04-01 21:00:00,24508.00,24528.00,24489.75,24518.50,38.25,24508.88,24499.31,2026-04-01 21:15:00,DOWN,2026-04-01 21:15:00,0,24440.00,24414.75,CME US Index Futures ETH,1-Minute
2026-04-01,22:45:00,NQ SEP26,15m,2026-04-01 22:45:00,24150.50,24166.75,24138.25,24154.75,28.50,24152.50,24145.38,2026-04-01 23:03:00,DOWN,2026-04-01 23:04:00,1,24150.00,24134.00,CME US Index Futures ETH,1-Minute
2026-04-01,23:00:00,NQ SEP26,15m,2026-04-01 23:00:00,24153.50,24177.00,24145.50,24167.00,31.50,24161.25,24153.38,2026-04-01 23:18:00,DOWN,2026-04-01 23:34:00,16,24177.00,24145.00,CME US Index Futures ETH,1-Minute
2026-04-01,23:30:00,NQ SEP26,15m,2026-04-01 23:30:00,24155.00,24177.00,24153.00,24162.00,24.00,24165.00,24159.00,2026-04-01 23:45:00,DOWN,2026-04-01 23:45:00,0,24139.25,24123.75,CME US Index Futures ETH,1-Minute
2026-04-02,01:15:00,NQ SEP26,15m,2026-04-02 01:15:00,24087.50,24108.25,24085.00,24089.50,23.25,24096.63,24090.81,2026-04-02 01:32:00,DOWN,2026-04-02 01:32:00,0,24106.50,24082.25,CME US Index Futures ETH,1-Minute
2026-04-02,01:30:00,NQ SEP26,15m,2026-04-02 01:30:00,24088.00,24097.75,24075.50,24097.00,22.25,24086.63,24081.06,2026-04-02 01:45:00,DOWN,2026-04-02 01:45:00,0,24064.75,24057.50,CME US Index Futures ETH,1-Minute
2026-04-02,04:00:00,NQ SEP26,15m,2026-04-02 04:00:00,24125.25,24164.25,24125.00,24161.50,39.25,24144.63,24134.81,2026-04-02 04:15:00,DOWN,2026-04-02 04:15:00,0,24131.00,24123.00,CME US Index Futures ETH,1-Minute
2026-04-02,04:45:00,NQ SEP26,15m,2026-04-02 04:45:00,24119.50,24152.25,24119.25,24128.00,33.00,24135.75,24127.50,2026-04-02 05:00:00,DOWN,2026-04-02 05:00:00,0,24124.75,24117.00,CME US Index Futures ETH,1-Minute
2026-04-02,05:30:00,NQ SEP26,15m,2026-04-02 05:30:00,24110.25,24142.25,24107.75,24130.25,34.50,24125.00,24116.38,2026-04-02 05:45:00,DOWN,2026-04-02 05:46:00,1,24114.00,24104.50,CME US Index Futures ETH,1-Minute
2026-04-02,06:00:00,NQ SEP26,15m,2026-04-02 06:00:00,24109.00,24121.25,24100.75,24112.50,20.50,24111.00,24105.88,2026-04-02 06:15:00,DOWN,2026-04-02 06:15:00,0,24085.50,24067.25,CME US Index Futures ETH,1-Minute
2026-04-02,06:45:00,NQ SEP26,15m,2026-04-02 06:45:00,24063.75,24099.75,24057.25,24089.25,42.50,24078.50,24067.88,2026-04-02 07:06:00,DOWN,2026-04-02 07:08:00,2,24087.00,24052.00,CME US Index Futures ETH,1-Minute
2026-04-02,07:00:00,NQ SEP26,15m,2026-04-02 07:00:00,24089.25,24101.50,24078.75,24095.50,22.75,24090.13,24084.44,2026-04-02 07:15:00,DOWN,2026-04-02 07:15:00,0,24047.50,24040.25,CME US Index Futures ETH,1-Minute
2026-04-02,08:45:00,NQ SEP26,15m,2026-04-02 08:45:00,24008.25,24030.25,23994.25,24024.75,36.00,24012.25,24003.25,2026-04-02 09:01:00,UP,2026-04-02 09:07:00,6,24033.25,23996.75,CME US Index Futures ETH,1-Minute
2026-04-02,09:30:00,NQ SEP26,15m,2026-04-02 09:30:00,24003.50,24050.00,24000.00,24045.00,50.00,24025.00,24012.50,2026-04-02 09:45:00,DOWN,2026-04-02 09:45:00,0,23994.75,23976.75,CME US Index Futures ETH,1-Minute
2026-04-02,11:15:00,NQ SEP26,15m,2026-04-02 11:15:00,24456.75,24496.75,24387.25,24463.25,109.50,24442.00,24414.63,2026-04-02 11:51:00,DOWN,2026-04-02 11:52:00,1,24423.25,24371.25,CME US Index Futures ETH,1-Minute
2026-04-02,11:45:00,NQ SEP26,15m,2026-04-02 11:45:00,24463.75,24495.75,24420.75,24470.00,75.00,24458.25,24439.50,2026-04-02 12:00:00,DOWN,2026-04-02 12:00:00,0,24427.50,24411.50,CME US Index Futures ETH,1-Minute
2026-04-02,13:30:00,NQ SEP26,15m,2026-04-02 13:30:00,24437.25,24465.00,24433.00,24447.00,32.00,24449.00,24441.00,2026-04-02 13:45:00,DOWN,2026-04-02 13:45:00,0,24422.25,24409.75,CME US Index Futures ETH,1-Minute
2026-04-02,14:15:00,NQ SEP26,15m,2026-04-02 14:15:00,24373.50,24427.00,24373.25,24407.50,53.75,24400.13,24386.69,2026-04-02 14:33:00,UP,2026-04-02 14:42:00,9,24430.25,24383.25,CME US Index Futures ETH,1-Minute
2026-04-02,15:00:00,NQ SEP26,15m,2026-04-02 15:00:00,24421.25,24447.25,24414.00,24422.75,33.25,24430.63,24422.31,2026-04-02 15:22:00,UP,2026-04-02 15:24:00,2,24448.00,24417.25,CME US Index Futures ETH,1-Minute
2026-04-02,15:15:00,NQ SEP26,15m,2026-04-02 15:15:00,24423.25,24464.25,24420.50,24444.75,43.75,24442.38,24431.44,2026-04-02 15:30:00,DOWN,2026-04-02 15:34:00,4,24438.00,24419.00,CME US Index Futures ETH,1-Minute
2026-04-02,16:30:00,NQ SEP26,15m,2026-04-02 16:30:00,24495.00,24516.00,24484.25,24508.25,31.75,24500.13,24492.19,2026-04-02 16:51:00,DOWN,2026-04-02 18:01:00,70,24501.75,24477.50,CME US Index Futures ETH,1-Minute
2026-04-02,17:00:00,NQ SEP26,15m,2026-04-02 17:00:00,24497.25,24504.25,24490.00,24501.75,14.25,24497.13,24493.56,2026-04-02 18:15:00,DOWN,2026-04-02 18:15:00,0,24481.25,24478.00,CME US Index Futures ETH,1-Minute
2026-04-02,19:00:00,NQ SEP26,15m,2026-04-02 19:00:00,24485.25,24491.00,24482.25,24485.75,8.75,24486.63,24484.44,2026-04-02 19:15:00,DOWN,2026-04-02 19:15:00,0,24478.25,24475.25,CME US Index Futures ETH,1-Minute
2026-04-02,20:15:00,NQ SEP26,15m,2026-04-02 20:15:00,24497.00,24537.25,24497.00,24522.50,40.25,24517.13,24507.06,2026-04-02 20:38:00,DOWN,2026-04-02 20:39:00,1,24512.50,24497.00,CME US Index Futures ETH,1-Minute
2026-04-02,21:00:00,NQ SEP26,15m,2026-04-02 21:00:00,24500.25,24509.75,24494.75,24507.50,15.00,24502.25,24498.50,2026-04-02 21:15:00,DOWN,2026-04-02 21:15:00,0,24494.75,24491.50,CME US Index Futures ETH,1-Minute
2026-04-02,21:30:00,NQ SEP26,15m,2026-04-02 21:30:00,24493.50,24504.75,24491.00,24499.75,13.75,24497.88,24494.44,2026-04-02 21:45:00,DOWN,2026-04-02 21:45:00,0,24491.25,24488.25,CME US Index Futures ETH,1-Minute
2026-04-02,22:15:00,NQ SEP26,15m,2026-04-02 22:15:00,24478.25,24483.50,24473.50,24482.25,10.00,24478.50,24476.00,2026-04-02 22:30:00,DOWN,2026-04-02 22:30:00,0,24454.25,24450.00,CME US Index Futures ETH,1-Minute
2026-04-02,23:00:00,NQ SEP26,15m,2026-04-02 23:00:00,24451.00,24480.00,24432.75,24463.50,47.25,24456.38,24444.56,2026-04-02 23:41:00,UNRESOLVED,,,24461.25,24443.25,CME US Index Futures ETH,1-Minute
2026-04-03,00:15:00,NQ SEP26,15m,2026-04-03 00:15:00,24448.50,24461.25,24447.25,24456.75,14.00,24454.25,24450.75,2026-04-03 00:41:00,DOWN,2026-04-03 00:43:00,2,24456.00,24444.50,CME US Index Futures ETH,1-Minute
2026-04-03,00:30:00,NQ SEP26,15m,2026-04-03 00:30:00,24458.25,24465.25,24454.50,24459.25,10.75,24459.88,24457.19,2026-04-03 00:45:00,DOWN,2026-04-03 00:45:00,0,24442.00,24440.25,CME US Index Futures ETH,1-Minute
2026-04-03,01:00:00,NQ SEP26,15m,2026-04-03 01:00:00,24441.50,24458.75,24441.50,24448.50,17.25,24450.13,24445.81,2026-04-03 01:23:00,DOWN,2026-04-03 01:24:00,1,24453.75,24441.50,CME US Index Futures ETH,1-Minute
2026-04-03,01:15:00,NQ SEP26,15m,2026-04-03 01:15:00,24449.75,24473.25,24444.50,24461.00,28.75,24458.88,24451.69,2026-04-03 01:30:00,UP,2026-04-03 01:44:00,14,24473.50,24450.50,CME US Index Futures ETH,1-Minute
2026-04-03,01:45:00,NQ SEP26,15m,2026-04-03 01:45:00,24452.50,24473.50,24452.50,24470.50,21.00,24463.00,24457.75,2026-04-03 02:01:00,DOWN,2026-04-03 02:28:00,27,24466.50,24450.00,CME US Index Futures ETH,1-Minute
2026-04-03,03:00:00,NQ SEP26,15m,2026-04-03 03:00:00,24434.50,24447.00,24421.50,24435.00,25.50,24434.25,24427.88,2026-04-03 03:15:00,DOWN,2026-04-03 03:15:00,0,24410.00,24405.25,CME US Index Futures ETH,1-Minute
2026-04-03,03:45:00,NQ SEP26,15m,2026-04-03 03:45:00,24432.25,24445.75,24432.25,24440.75,13.50,24439.00,24435.63,2026-04-03 04:00:00,UP,2026-04-03 04:02:00,2,24448.50,24435.00,CME US Index Futures ETH,1-Minute
2026-04-03,04:15:00,NQ SEP26,15m,2026-04-03 04:15:00,24436.50,24449.75,24435.00,24440.50,14.75,24442.38,24438.69,2026-04-03 04:30:00,DOWN,2026-04-03 04:30:00,0,24430.75,24427.75,CME US Index Futures ETH,1-Minute
2026-04-03,04:45:00,NQ SEP26,15m,2026-04-03 04:45:00,24428.50,24440.75,24424.50,24433.50,16.25,24432.63,24428.56,2026-04-03 05:01:00,DOWN,2026-04-03 05:12:00,11,24435.75,24420.50,CME US Index Futures ETH,1-Minute
2026-04-03,05:30:00,NQ SEP26,15m,2026-04-03 05:30:00,24419.50,24432.50,24414.00,24426.25,18.50,24423.25,24418.63,2026-04-03 06:01:00,DOWN,2026-04-03 06:14:00,13,24427.25,24408.25,CME US Index Futures ETH,1-Minute
2026-04-03,06:45:00,NQ SEP26,15m,2026-04-03 06:45:00,24416.00,24424.00,24411.25,24419.00,12.75,24417.63,24414.44,2026-04-03 07:06:00,DOWN,2026-04-03 07:06:00,0,24415.25,24408.25,CME US Index Futures ETH,1-Minute
2026-04-03,07:00:00,NQ SEP26,15m,2026-04-03 07:00:00,24419.25,24426.50,24419.25,24420.75,7.25,24422.88,24421.06,2026-04-03 07:15:00,DOWN,2026-04-03 07:15:00,0,24415.00,24411.50,CME US Index Futures ETH,1-Minute
2026-04-03,08:00:00,NQ SEP26,15m,2026-04-03 08:00:00,24431.50,24438.50,24428.75,24433.50,9.75,24433.63,24431.19,2026-04-03 08:17:00,DOWN,2026-04-03 08:17:00,0,24435.75,24415.75,CME US Index Futures ETH,1-Minute
2026-04-03,08:15:00,NQ SEP26,15m,2026-04-03 08:15:00,24433.50,24462.25,24432.50,24442.75,29.75,24447.38,24439.94,2026-04-03 08:31:00,UP,2026-04-03 08:31:00,0,24527.50,24433.75,CME US Index Futures ETH,1-Minute
2026-04-03,08:30:00,NQ SEP26,15m,2026-04-03 08:30:00,24442.75,24454.25,24411.00,24448.50,43.25,24432.63,24421.81,2026-04-03 08:50:00,DOWN,2026-04-03 08:51:00,1,24433.75,24404.75,CME US Index Futures ETH,1-Minute
2026-04-03,09:15:00,NQ SEP26,15m,2026-04-03 09:15:00,24398.00,24419.50,24388.25,24412.00,31.25,24403.88,24396.06,2026-04-05 18:15:00,DOWN,2026-04-05 18:15:00,0,24317.25,24294.00,CME US Index Futures ETH,1-Minute
2026-04-05,19:00:00,NQ SEP26,15m,2026-04-05 19:00:00,24341.25,24379.25,24328.25,24361.50,51.00,24353.75,24341.00,2026-04-05 19:15:00,UNRESOLVED,,,24371.75,24333.75,CME US Index Futures ETH,1-Minute
2026-04-05,21:15:00,NQ SEP26,15m,2026-04-05 21:15:00,24492.00,24507.75,24490.50,24500.50,17.25,24499.13,24494.81,2026-04-05 21:35:00,DOWN,2026-04-05 21:35:00,0,24497.00,24489.75,CME US Index Futures ETH,1-Minute
2026-04-05,21:30:00,NQ SEP26,15m,2026-04-05 21:30:00,24500.50,24522.25,24478.50,24516.25,43.75,24500.38,24489.44,2026-04-05 21:50:00,DOWN,2026-04-05 21:54:00,4,24494.25,24476.50,CME US Index Futures ETH,1-Minute
2026-04-05,22:30:00,NQ SEP26,15m,2026-04-05 22:30:00,24542.25,24609.00,24535.25,24593.50,73.75,24572.13,24553.69,2026-04-05 22:45:00,DOWN,2026-04-05 22:45:00,0,24546.50,24535.25,CME US Index Futures ETH,1-Minute
2026-04-06,01:15:00,NQ SEP26,15m,2026-04-06 01:15:00,24535.25,24550.25,24533.75,24542.75,16.50,24542.00,24537.88,2026-04-06 01:30:00,DOWN,2026-04-06 01:30:00,0,24540.00,24533.25,CME US Index Futures ETH,1-Minute
2026-04-06,02:15:00,NQ SEP26,15m,2026-04-06 02:15:00,24514.50,24559.50,24501.25,24557.50,58.25,24530.38,24515.81,2026-04-06 02:30:00,DOWN,2026-04-06 02:31:00,1,24515.50,24498.00,CME US Index Futures ETH,1-Minute
2026-04-06,02:45:00,NQ SEP26,15m,2026-04-06 02:45:00,24507.50,24520.00,24498.00,24515.25,22.00,24509.00,24503.50,2026-04-06 03:10:00,DOWN,2026-04-06 03:11:00,1,24511.75,24492.25,CME US Index Futures ETH,1-Minute
2026-04-06,03:00:00,NQ SEP26,15m,2026-04-06 03:00:00,24513.50,24573.00,24501.00,24537.75,72.00,24537.00,24519.00,2026-04-06 03:15:00,DOWN,2026-04-06 03:15:00,0,24508.50,24497.75,CME US Index Futures ETH,1-Minute
2026-04-06,05:15:00,NQ SEP26,15m,2026-04-06 05:15:00,24652.75,24680.50,24650.00,24661.25,30.50,24665.25,24657.63,2026-04-06 05:41:00,UNRESOLVED,,,24663.00,24655.75,CME US Index Futures ETH,1-Minute
2026-04-06,05:30:00,NQ SEP26,15m,2026-04-06 05:30:00,24662.25,24677.75,24650.75,24663.50,27.00,24664.25,24657.50,2026-04-06 05:45:00,DOWN,2026-04-06 05:51:00,6,24661.00,24642.00,CME US Index Futures ETH,1-Minute
2026-04-06,06:15:00,NQ SEP26,15m,2026-04-06 06:15:00,24620.25,24641.25,24608.75,24631.50,32.50,24625.00,24616.88,2026-04-06 06:47:00,DOWN,2026-04-06 06:47:00,0,24626.00,24544.75,CME US Index Futures ETH,1-Minute
2026-04-06,06:45:00,NQ SEP26,15m,2026-04-06 06:45:00,24625.75,24639.00,24618.75,24626.50,20.25,24628.88,24623.81,2026-04-06 07:00:00,DOWN,2026-04-06 07:00:00,0,24598.25,24592.25,CME US Index Futures ETH,1-Minute
2026-04-06,08:00:00,NQ SEP26,15m,2026-04-06 08:00:00,24579.00,24598.50,24576.00,24588.75,22.50,24587.25,24581.63,2026-04-06 08:15:00,DOWN,2026-04-06 08:21:00,6,24594.50,24570.50,CME US Index Futures ETH,1-Minute
2026-04-06,08:45:00,NQ SEP26,15m,2026-04-06 08:45:00,24593.00,24611.50,24582.25,24599.50,29.25,24596.88,24589.56,2026-04-06 09:00:00,DOWN,2026-04-06 09:02:00,2,24595.50,24573.75,CME US Index Futures ETH,1-Minute
2026-04-06,09:45:00,NQ SEP26,15m,2026-04-06 09:45:00,24547.50,24656.00,24528.00,24610.50,128.00,24592.00,24560.00,2026-04-06 10:07:00,UNRESOLVED,,,24628.25,24553.75,CME US Index Futures ETH,1-Minute
2026-04-06,10:00:00,NQ SEP26,15m,2026-04-06 10:00:00,24611.25,24699.00,24608.75,24693.25,90.25,24653.88,24631.31,2026-04-06 10:15:00,DOWN,2026-04-06 10:39:00,24,24673.50,24578.75,CME US Index Futures ETH,1-Minute
2026-04-06,10:30:00,NQ SEP26,15m,2026-04-06 10:30:00,24636.75,24673.50,24623.50,24647.00,50.00,24648.50,24636.00,2026-04-06 10:45:00,DOWN,2026-04-06 10:45:00,0,24619.00,24594.50,CME US Index Futures ETH,1-Minute
2026-04-06,11:15:00,NQ SEP26,15m,2026-04-06 11:15:00,24588.50,24619.75,24574.75,24595.75,45.00,24597.25,24586.00,2026-04-06 11:30:00,DOWN,2026-04-06 11:30:00,0,24577.00,24562.75,CME US Index Futures ETH,1-Minute
2026-04-06,12:00:00,NQ SEP26,15m,2026-04-06 12:00:00,24575.25,24615.00,24568.00,24606.25,47.00,24591.50,24579.75,2026-04-06 12:15:00,UP,2026-04-06 12:38:00,23,24624.00,24575.25,CME US Index Futures ETH,1-Minute
2026-04-06,12:45:00,NQ SEP26,15m,2026-04-06 12:45:00,24594.75,24629.00,24584.00,24616.50,45.00,24606.50,24595.25,2026-04-06 13:00:00,DOWN,2026-04-06 13:01:00,1,24595.25,24574.25,CME US Index Futures ETH,1-Minute
2026-04-06,15:00:00,NQ SEP26,15m,2026-04-06 15:00:00,24617.00,24637.25,24613.50,24633.50,23.75,24625.38,24619.44,2026-04-06 15:17:00,DOWN,2026-04-06 15:42:00,25,24632.25,24608.50,CME US Index Futures ETH,1-Minute
2026-04-06,16:00:00,NQ SEP26,15m,2026-04-06 16:00:00,24625.00,24658.50,24618.00,24645.50,40.50,24638.25,24628.13,2026-04-06 16:15:00,DOWN,2026-04-06 16:19:00,4,24630.75,24616.25,CME US Index Futures ETH,1-Minute
2026-04-06,16:45:00,NQ SEP26,15m,2026-04-06 16:45:00,24627.00,24638.75,24625.25,24631.25,13.50,24632.00,24628.63,2026-04-06 17:00:00,AMBIGUOUS,2026-04-06 18:01:00,61,24645.00,24619.50,CME US Index Futures ETH,1-Minute
2026-04-06,17:00:00,NQ SEP26,15m,2026-04-06 17:00:00,24631.50,24635.25,24622.25,24632.00,13.00,24628.75,24625.50,2026-04-06 18:24:00,DOWN,2026-04-06 18:24:00,0,24634.50,24589.50,CME US Index Futures ETH,1-Minute
2026-04-06,18:15:00,NQ SEP26,15m,2026-04-06 18:15:00,24631.00,24666.25,24619.50,24656.00,46.75,24642.88,24631.19,2026-04-06 18:30:00,DOWN,2026-04-06 18:30:00,0,24606.00,24596.25,CME US Index Futures ETH,1-Minute
2026-04-06,19:15:00,NQ SEP26,15m,2026-04-06 19:15:00,24584.50,24614.00,24584.25,24612.00,29.75,24599.13,24591.69,2026-04-06 19:58:00,UNRESOLVED,,,24595.50,24584.50,CME US Index Futures ETH,1-Minute
2026-04-06,19:45:00,NQ SEP26,15m,2026-04-06 19:45:00,24595.00,24605.50,24593.50,24596.25,12.00,24599.50,24596.50,2026-04-06 20:00:00,DOWN,2026-04-06 20:00:00,0,24589.00,24580.50,CME US Index Futures ETH,1-Minute
2026-04-06,20:30:00,NQ SEP26,15m,2026-04-06 20:30:00,24597.25,24640.75,24597.25,24612.25,43.50,24619.00,24608.13,2026-04-06 20:45:00,DOWN,2026-04-06 20:45:00,0,24585.50,24581.50,CME US Index Futures ETH,1-Minute
2026-04-06,21:00:00,NQ SEP26,15m,2026-04-06 21:00:00,24585.50,24604.75,24580.50,24585.75,24.25,24592.63,24586.56,2026-04-06 21:15:00,DOWN,2026-04-06 21:15:00,0,24550.25,24530.75,CME US Index Futures ETH,1-Minute
2026-04-06,21:30:00,NQ SEP26,15m,2026-04-06 21:30:00,24538.75,24566.00,24537.75,24561.75,28.25,24551.88,24544.81,2026-04-06 21:45:00,DOWN,2026-04-06 21:45:00,0,24518.25,24507.50,CME US Index Futures ETH,1-Minute
2026-04-06,23:00:00,NQ SEP26,15m,2026-04-06 23:00:00,24489.50,24502.50,24482.50,24493.25,20.00,24492.50,24487.50,2026-04-06 23:19:00,DOWN,2026-04-06 23:20:00,1,24491.75,24477.50,CME US Index Futures ETH,1-Minute
2026-04-06,23:45:00,NQ SEP26,15m,2026-04-06 23:45:00,24495.50,24513.75,24495.00,24509.25,18.75,24504.38,24499.69,2026-04-07 00:05:00,DOWN,2026-04-07 00:06:00,1,24508.75,24491.50,CME US Index Futures ETH,1-Minute
2026-04-07,01:00:00,NQ SEP26,15m,2026-04-07 01:00:00,24522.00,24546.25,24519.75,24529.50,26.50,24533.00,24526.38,2026-04-07 01:24:00,DOWN,2026-04-07 01:25:00,1,24534.25,24516.00,CME US Index Futures ETH,1-Minute
2026-04-07,01:15:00,NQ SEP26,15m,2026-04-07 01:15:00,24530.50,24540.00,24523.50,24531.25,16.50,24531.75,24527.63,2026-04-07 01:30:00,DOWN,2026-04-07 01:30:00,0,24510.00,24503.00,CME US Index Futures ETH,1-Minute
2026-04-07,02:00:00,NQ SEP26,15m,2026-04-07 02:00:00,24488.50,24514.25,24486.75,24510.75,27.50,24500.50,24493.63,2026-04-07 02:23:00,UP,2026-04-07 02:26:00,3,24520.50,24489.25,CME US Index Futures ETH,1-Minute
2026-04-07,03:00:00,NQ SEP26,15m,2026-04-07 03:00:00,24517.75,24525.25,24505.00,24523.50,20.25,24515.13,24510.06,2026-04-07 03:20:00,DOWN,2026-04-07 03:22:00,2,24520.00,24503.75,CME US Index Futures ETH,1-Minute
2026-04-07,05:30:00,NQ SEP26,15m,2026-04-07 05:30:00,24657.25,24694.25,24650.25,24684.00,44.00,24672.25,24661.25,2026-04-07 05:47:00,DOWN,2026-04-07 06:10:00,23,24682.50,24577.25,CME US Index Futures ETH,1-Minute
2026-04-07,07:15:00,NQ SEP26,15m,2026-04-07 07:15:00,24487.75,24516.25,24478.00,24503.75,38.25,24497.13,24487.56,2026-04-07 07:34:00,DOWN,2026-04-07 07:36:00,2,24495.25,24472.25,CME US Index Futures ETH,1-Minute
2026-04-07,07:30:00,NQ SEP26,15m,2026-04-07 07:30:00,24503.00,24540.25,24503.00,24506.00,37.25,24521.63,24512.31,2026-04-07 07:45:00,DOWN,2026-04-07 07:45:00,0,24504.50,24495.00,CME US Index Futures ETH,1-Minute
2026-04-07,09:00:00,NQ SEP26,15m,2026-04-07 09:00:00,24486.75,24563.25,24461.75,24497.00,101.50,24512.50,24487.13,2026-04-07 09:15:00,UNRESOLVED,,,24530.75,24478.50,CME US Index Futures ETH,1-Minute
2026-04-07,09:15:00,NQ SEP26,15m,2026-04-07 09:15:00,24498.50,24532.75,24478.50,24512.50,54.25,24505.63,24492.06,2026-04-07 09:32:00,UP,2026-04-07 09:32:00,0,24540.25,24480.25,CME US Index Futures ETH,1-Minute
2026-04-07,09:30:00,NQ SEP26,15m,2026-04-07 09:30:00,24511.75,24530.75,24494.50,24525.75,36.25,24512.63,24503.56,2026-04-07 09:45:00,DOWN,2026-04-07 09:45:00,0,24491.50,24473.75,CME US Index Futures ETH,1-Minute
2026-04-07,10:30:00,NQ SEP26,15m,2026-04-07 10:30:00,24317.25,24414.25,24312.75,24389.75,101.50,24363.50,24338.13,2026-04-07 10:52:00,DOWN,2026-04-07 10:59:00,7,24367.50,24306.25,CME US Index Futures ETH,1-Minute
2026-04-07,12:45:00,NQ SEP26,15m,2026-04-07 12:45:00,24471.75,24494.25,24457.50,24487.00,36.75,24475.88,24466.69,2026-04-07 13:21:00,DOWN,2026-04-07 13:21:00,0,24478.25,24456.25,CME US Index Futures ETH,1-Minute
2026-04-07,13:45:00,NQ SEP26,15m,2026-04-07 13:45:00,24471.00,24582.00,24465.50,24513.00,116.50,24523.75,24494.63,2026-04-07 14:07:00,DOWN,2026-04-07 14:39:00,32,24508.25,24463.50,CME US Index Futures ETH,1-Minute
2026-04-07,18:15:00,NQ SEP26,15m,2026-04-07 18:15:00,24796.25,24948.25,24784.75,24895.00,163.50,24866.50,24825.63,2026-04-07 18:33:00,AMBIGUOUS,2026-04-07 18:33:00,0,25024.25,24637.25,CME US Index Futures ETH,1-Minute
2026-04-07,20:15:00,NQ SEP26,15m,2026-04-07 20:15:00,25332.00,25373.50,25309.00,25341.25,64.50,25341.25,25325.13,2026-04-07 20:30:00,DOWN,2026-04-07 20:32:00,2,25326.75,25309.00,CME US Index Futures ETH,1-Minute
2026-04-07,21:00:00,NQ SEP26,15m,2026-04-07 21:00:00,25329.00,25383.75,25323.75,25362.50,60.00,25353.75,25338.75,2026-04-07 21:22:00,DOWN,2026-04-07 21:22:00,0,25344.50,25323.00,CME US Index Futures ETH,1-Minute
2026-04-07,21:15:00,NQ SEP26,15m,2026-04-07 21:15:00,25362.25,25390.00,25351.25,25371.00,38.75,25370.63,25360.94,2026-04-07 21:30:00,DOWN,2026-04-07 21:30:00,0,25352.25,25346.25,CME US Index Futures ETH,1-Minute
2026-04-07,22:15:00,NQ SEP26,15m,2026-04-07 22:15:00,25377.75,25392.00,25376.00,25385.00,16.00,25384.00,25380.00,2026-04-07 22:30:00,DOWN,2026-04-07 22:32:00,2,25384.25,25374.00,CME US Index Futures ETH,1-Minute
2026-04-07,23:00:00,NQ SEP26,15m,2026-04-07 23:00:00,25386.00,25393.75,25382.75,25392.75,11.00,25388.25,25385.50,2026-04-07 23:20:00,DOWN,2026-04-07 23:22:00,2,25393.75,25382.50,CME US Index Futures ETH,1-Minute
2026-04-08,00:30:00,NQ SEP26,15m,2026-04-08 00:30:00,25417.25,25438.50,25415.25,25431.00,23.25,25426.88,25421.06,2026-04-08 00:46:00,DOWN,2026-04-08 00:53:00,7,25425.25,25405.00,CME US Index Futures ETH,1-Minute
2026-04-08,02:00:00,NQ SEP26,15m,2026-04-08 02:00:00,25439.00,25477.50,25436.75,25474.50,40.75,25457.13,25446.94,2026-04-08 02:26:00,UNRESOLVED,,,25456.75,25443.50,CME US Index Futures ETH,1-Minute
2026-04-08,02:15:00,NQ SEP26,15m,2026-04-08 02:15:00,25474.25,25484.00,25458.25,25479.50,25.75,25471.13,25464.69,2026-04-08 02:30:00,DOWN,2026-04-08 02:30:00,0,25459.00,25450.25,CME US Index Futures ETH,1-Minute
2026-04-08,02:45:00,NQ SEP26,15m,2026-04-08 02:45:00,25454.75,25468.75,25446.25,25458.75,22.50,25457.50,25451.88,2026-04-08 03:00:00,DOWN,2026-04-08 03:01:00,1,25459.75,25436.25,CME US Index Futures ETH,1-Minute
2026-04-08,03:30:00,NQ SEP26,15m,2026-04-08 03:30:00,25438.75,25472.25,25432.00,25449.50,40.25,25452.13,25442.06,2026-04-08 03:45:00,DOWN,2026-04-08 03:45:00,0,25430.75,25426.25,CME US Index Futures ETH,1-Minute
2026-04-08,04:30:00,NQ SEP26,15m,2026-04-08 04:30:00,25438.75,25458.50,25436.25,25455.25,22.25,25447.38,25441.81,2026-04-08 04:45:00,DOWN,2026-04-08 04:45:00,0,25444.25,25432.50,CME US Index Futures ETH,1-Minute
2026-04-08,05:15:00,NQ SEP26,15m,2026-04-08 05:15:00,25498.25,25527.50,25486.00,25519.25,41.50,25506.75,25496.38,2026-04-08 05:31:00,DOWN,2026-04-08 05:35:00,4,25503.75,25479.25,CME US Index Futures ETH,1-Minute
2026-04-08,06:00:00,NQ SEP26,15m,2026-04-08 06:00:00,25472.75,25502.25,25467.25,25482.25,35.00,25484.75,25476.00,2026-04-08 06:15:00,UP,2026-04-08 06:29:00,14,25503.50,25467.75,CME US Index Futures ETH,1-Minute
2026-04-08,06:45:00,NQ SEP26,15m,2026-04-08 06:45:00,25503.00,25514.00,25488.75,25505.00,25.25,25501.38,25495.06,2026-04-08 07:00:00,DOWN,2026-04-08 07:00:00,0,25492.25,25484.25,CME US Index Futures ETH,1-Minute
2026-04-08,07:30:00,NQ SEP26,15m,2026-04-08 07:30:00,25481.50,25515.25,25462.50,25509.00,52.75,25488.88,25475.69,2026-04-08 08:21:00,DOWN,2026-04-08 08:22:00,1,25492.75,25437.25,CME US Index Futures ETH,1-Minute
2026-04-08,08:15:00,NQ SEP26,15m,2026-04-08 08:15:00,25493.00,25539.25,25491.50,25526.75,47.75,25515.38,25503.44,2026-04-08 08:30:00,DOWN,2026-04-08 08:30:00,0,25476.25,25465.00,CME US Index Futures ETH,1-Minute
2026-04-08,09:00:00,NQ SEP26,15m,2026-04-08 09:00:00,25470.50,25503.50,25469.00,25495.00,34.50,25486.25,25477.63,2026-04-08 09:22:00,DOWN,2026-04-08 09:23:00,1,25487.00,25469.00,CME US Index Futures ETH,1-Minute
2026-04-08,09:15:00,NQ SEP26,15m,2026-04-08 09:15:00,25495.25,25519.50,25493.25,25509.25,26.25,25506.38,25499.81,2026-04-08 09:30:00,DOWN,2026-04-08 09:30:00,0,25491.25,25471.25,CME US Index Futures ETH,1-Minute
2026-04-08,12:00:00,NQ SEP26,15m,2026-04-08 12:00:00,25339.00,25371.25,25339.00,25360.75,32.25,25355.13,25347.06,2026-04-08 12:18:00,UP,2026-04-08 12:22:00,4,25372.75,25344.00,CME US Index Futures ETH,1-Minute
2026-04-08,13:00:00,NQ SEP26,15m,2026-04-08 13:00:00,25413.00,25439.75,25410.50,25424.50,29.25,25425.13,25417.81,2026-04-08 13:15:00,DOWN,2026-04-08 13:15:00,0,25407.75,25401.25,CME US Index Futures ETH,1-Minute
2026-04-08,14:00:00,NQ SEP26,15m,2026-04-08 14:00:00,25374.75,25383.25,25366.50,25376.50,16.75,25374.88,25370.69,2026-04-08 14:19:00,AMBIGUOUS,2026-04-08 14:19:00,0,25401.75,25338.25,CME US Index Futures ETH,1-Minute
2026-04-08,14:15:00,NQ SEP26,15m,2026-04-08 14:15:00,25376.75,25414.00,25358.75,25402.50,55.25,25386.38,25372.56,2026-04-08 14:30:00,DOWN,2026-04-08 14:30:00,0,25349.75,25336.00,CME US Index Futures ETH,1-Minute
2026-04-08,15:15:00,NQ SEP26,15m,2026-04-08 15:15:00,25235.50,25293.50,25225.50,25289.50,68.00,25259.50,25242.50,2026-04-08 15:30:00,UP,2026-04-08 15:37:00,7,25298.50,25237.50,CME US Index Futures ETH,1-Minute
2026-04-08,16:00:00,NQ SEP26,15m,2026-04-08 16:00:00,25295.50,25379.25,25294.00,25364.25,85.25,25336.63,25315.31,2026-04-08 18:01:00,UNRESOLVED,,,25347.25,25314.50,CME US Index Futures ETH,1-Minute
2026-04-08,17:00:00,NQ SEP26,15m,2026-04-08 17:00:00,25320.75,25331.50,25315.50,25321.25,16.00,25323.50,25319.50,2026-04-08 18:19:00,DOWN,2026-04-08 18:19:00,0,25324.75,25310.50,CME US Index Futures ETH,1-Minute
2026-04-08,18:15:00,NQ SEP26,15m,2026-04-08 18:15:00,25320.00,25347.25,25314.50,25323.00,32.75,25330.88,25322.69,2026-04-08 18:30:00,DOWN,2026-04-08 18:30:00,0,25313.50,25303.25,CME US Index Futures ETH,1-Minute
2026-04-08,18:45:00,NQ SEP26,15m,2026-04-08 18:45:00,25311.00,25331.75,25311.00,25313.25,20.75,25321.38,25316.19,2026-04-08 19:00:00,DOWN,2026-04-08 19:01:00,1,25316.75,25309.25,CME US Index Futures ETH,1-Minute
2026-04-08,19:15:00,NQ SEP26,15m,2026-04-08 19:15:00,25316.50,25337.75,25306.00,25329.25,31.75,25321.88,25313.94,2026-04-08 19:33:00,DOWN,2026-04-08 19:56:00,23,25320.25,25304.75,CME US Index Futures ETH,1-Minute
2026-04-08,20:45:00,NQ SEP26,15m,2026-04-08 20:45:00,25294.00,25315.25,25291.75,25307.00,23.50,25303.50,25297.63,2026-04-08 21:00:00,DOWN,2026-04-08 21:03:00,3,25303.25,25290.75,CME US Index Futures ETH,1-Minute
2026-04-08,22:15:00,NQ SEP26,15m,2026-04-08 22:15:00,25305.00,25324.00,25305.00,25310.50,19.00,25314.50,25309.75,2026-04-08 22:30:00,UP,2026-04-08 22:51:00,21,25328.75,25308.00,CME US Index Futures ETH,1-Minute
2026-04-08,22:45:00,NQ SEP26,15m,2026-04-08 22:45:00,25309.00,25320.25,25308.50,25315.25,11.75,25314.38,25311.44,2026-04-08 23:02:00,DOWN,2026-04-08 23:03:00,1,25316.25,25308.00,CME US Index Futures ETH,1-Minute
2026-04-08,23:45:00,NQ SEP26,15m,2026-04-08 23:45:00,25301.50,25316.25,25299.00,25304.50,17.25,25307.63,25303.31,2026-04-09 00:00:00,DOWN,2026-04-09 00:00:00,0,25301.75,25298.25,CME US Index Futures ETH,1-Minute
2026-04-09,00:45:00,NQ SEP26,15m,2026-04-09 00:45:00,25295.75,25302.75,25288.25,25298.00,14.50,25295.50,25291.88,2026-04-09 01:07:00,DOWN,2026-04-09 01:09:00,2,25294.25,25287.50,CME US Index Futures ETH,1-Minute
2026-04-09,01:45:00,NQ SEP26,15m,2026-04-09 01:45:00,25315.00,25329.25,25308.75,25322.00,20.50,25319.00,25313.88,2026-04-09 02:00:00,DOWN,2026-04-09 02:00:00,0,25311.00,25308.75,CME US Index Futures ETH,1-Minute
2026-04-09,02:15:00,NQ SEP26,15m,2026-04-09 02:15:00,25312.25,25341.25,25310.75,25315.00,30.50,25326.00,25318.38,2026-04-09 02:30:00,DOWN,2026-04-09 02:31:00,1,25320.00,25310.50,CME US Index Futures ETH,1-Minute
2026-04-09,02:30:00,NQ SEP26,15m,2026-04-09 02:30:00,25315.00,25321.25,25307.00,25319.50,14.25,25314.13,25310.56,2026-04-09 02:47:00,DOWN,2026-04-09 02:48:00,1,25319.00,25300.00,CME US Index Futures ETH,1-Minute
2026-04-09,02:45:00,NQ SEP26,15m,2026-04-09 02:45:00,25319.25,25324.50,25310.50,25320.00,14.00,25317.50,25314.00,2026-04-09 03:00:00,UP,2026-04-09 03:01:00,1,25331.00,25314.00,CME US Index Futures ETH,1-Minute
2026-04-09,03:00:00,NQ SEP26,15m,2026-04-09 03:00:00,25318.50,25323.00,25299.25,25321.25,23.75,25311.13,25305.19,2026-04-09 03:15:00,DOWN,2026-04-09 03:15:00,0,25303.50,25295.25,CME US Index Futures ETH,1-Minute
2026-04-09,04:00:00,NQ SEP26,15m,2026-04-09 04:00:00,25259.75,25269.00,25247.25,25267.25,21.75,25258.13,25252.69,2026-04-09 04:15:00,DOWN,2026-04-09 04:15:00,0,25243.75,25238.50,CME US Index Futures ETH,1-Minute
2026-04-09,04:45:00,NQ SEP26,15m,2026-04-09 04:45:00,25244.25,25281.25,25244.25,25281.00,37.00,25262.75,25253.50,2026-04-09 05:01:00,UP,2026-04-09 05:14:00,13,25281.50,25246.50,CME US Index Futures ETH,1-Minute
2026-04-09,06:00:00,NQ SEP26,15m,2026-04-09 06:00:00,25286.00,25300.75,25283.25,25298.50,17.50,25292.00,25287.63,2026-04-09 06:16:00,UP,2026-04-09 06:22:00,6,25305.25,25284.50,CME US Index Futures ETH,1-Minute
2026-04-09,06:30:00,NQ SEP26,15m,2026-04-09 06:30:00,25294.25,25309.25,25284.50,25304.75,24.75,25296.88,25290.69,2026-04-09 06:52:00,DOWN,2026-04-09 06:52:00,0,25301.00,25280.25,CME US Index Futures ETH,1-Minute
2026-04-09,07:15:00,NQ SEP26,15m,2026-04-09 07:15:00,25266.00,25281.00,25260.25,25274.25,20.75,25270.63,25265.44,2026-04-09 07:30:00,UP,2026-04-09 07:35:00,5,25283.25,25265.00,CME US Index Futures ETH,1-Minute
2026-04-09,08:15:00,NQ SEP26,15m,2026-04-09 08:15:00,25312.50,25333.00,25311.75,25317.25,21.25,25322.38,25317.06,2026-04-09 08:30:00,DOWN,2026-04-09 08:32:00,2,25328.75,25298.75,CME US Index Futures ETH,1-Minute
2026-04-09,08:30:00,NQ SEP26,15m,2026-04-09 08:30:00,25317.25,25327.25,25309.25,25320.00,18.00,25318.25,25313.75,2026-04-09 08:48:00,AMBIGUOUS,2026-04-09 08:48:00,0,25328.00,25304.25,CME US Index Futures ETH,1-Minute
2026-04-09,08:45:00,NQ SEP26,15m,2026-04-09 08:45:00,25319.75,25345.75,25298.75,25322.00,47.00,25322.25,25310.50,2026-04-09 09:00:00,UP,2026-04-09 09:29:00,29,25356.75,25307.25,CME US Index Futures ETH,1-Minute
2026-04-09,09:15:00,NQ SEP26,15m,2026-04-09 09:15:00,25311.50,25332.25,25308.75,25326.25,23.50,25320.50,25314.63,2026-04-09 09:35:00,AMBIGUOUS,2026-04-09 09:35:00,0,25334.25,25301.25,CME US Index Futures ETH,1-Minute
2026-04-09,09:30:00,NQ SEP26,15m,2026-04-09 09:30:00,25326.25,25365.00,25319.50,25362.75,45.50,25342.25,25330.88,2026-04-09 09:52:00,DOWN,2026-04-09 09:52:00,0,25336.50,25309.00,CME US Index Futures ETH,1-Minute
2026-04-09,09:45:00,NQ SEP26,15m,2026-04-09 09:45:00,25363.25,25391.25,25301.25,25382.50,90.00,25346.25,25323.75,2026-04-09 10:00:00,DOWN,2026-04-09 10:01:00,1,25318.75,25296.00,CME US Index Futures ETH,1-Minute
2026-04-09,12:15:00,NQ SEP26,15m,2026-04-09 12:15:00,25471.25,25548.00,25470.75,25490.75,77.25,25509.38,25490.06,2026-04-09 12:31:00,DOWN,2026-04-09 12:37:00,6,25502.50,25470.75,CME US Index Futures ETH,1-Minute
2026-04-09,12:30:00,NQ SEP26,15m,2026-04-09 12:30:00,25491.00,25525.00,25486.00,25498.75,39.00,25505.50,25495.75,2026-04-09 12:45:00,DOWN,2026-04-09 12:45:00,0,25468.00,25461.50,CME US Index Futures ETH,1-Minute
2026-04-09,13:15:00,NQ SEP26,15m,2026-04-09 13:15:00,25479.00,25524.25,25470.25,25510.50,54.00,25497.25,25483.75,2026-04-09 13:31:00,UP,2026-04-09 13:39:00,8,25536.75,25471.25,CME US Index Futures ETH,1-Minute
2026-04-09,13:45:00,NQ SEP26,15m,2026-04-09 13:45:00,25506.50,25539.25,25471.25,25517.25,68.00,25505.25,25488.25,2026-04-09 14:03:00,DOWN,2026-04-09 14:04:00,1,25499.75,25459.25,CME US Index Futures ETH,1-Minute
2026-04-09,15:45:00,NQ SEP26,15m,2026-04-09 15:45:00,25504.75,25536.50,25502.75,25529.00,33.75,25519.63,25511.19,2026-04-09 16:06:00,DOWN,2026-04-09 16:07:00,1,25513.25,25502.50,CME US Index Futures ETH,1-Minute
2026-04-09,16:00:00,NQ SEP26,15m,2026-04-09 16:00:00,25528.75,25552.00,25521.75,25531.00,30.25,25536.88,25529.31,2026-04-09 16:15:00,DOWN,2026-04-09 16:15:00,0,25520.00,25516.50,CME US Index Futures ETH,1-Minute
2026-04-09,16:45:00,NQ SEP26,15m,2026-04-09 16:45:00,25522.00,25536.00,25521.25,25531.75,14.75,25528.63,25524.94,2026-04-09 17:00:00,DOWN,2026-04-09 17:00:00,0,25528.00,25518.25,CME US Index Futures ETH,1-Minute
2026-04-09,18:15:00,NQ SEP26,15m,2026-04-09 18:15:00,25519.25,25537.00,25507.50,25534.50,29.50,25522.25,25514.88,2026-04-09 18:30:00,DOWN,2026-04-09 18:30:00,0,25535.25,25494.50,CME US Index Futures ETH,1-Minute
2026-04-09,18:45:00,NQ SEP26,15m,2026-04-09 18:45:00,25498.50,25515.50,25495.00,25508.00,20.50,25505.25,25500.13,2026-04-09 19:00:00,DOWN,2026-04-09 19:00:00,0,25491.25,25487.50,CME US Index Futures ETH,1-Minute
2026-04-09,19:45:00,NQ SEP26,15m,2026-04-09 19:45:00,25492.75,25504.50,25489.75,25496.75,14.75,25497.13,25493.44,2026-04-09 20:03:00,DOWN,2026-04-09 20:05:00,2,25503.75,25489.75,CME US Index Futures ETH,1-Minute
2026-04-09,20:00:00,NQ SEP26,15m,2026-04-09 20:00:00,25496.50,25520.25,25493.25,25506.25,27.00,25506.75,25500.00,2026-04-09 20:15:00,DOWN,2026-04-09 20:15:00,0,25497.75,25493.25,CME US Index Futures ETH,1-Minute
2026-04-09,21:45:00,NQ SEP26,15m,2026-04-09 21:45:00,25560.75,25580.75,25556.50,25574.75,24.25,25568.63,25562.56,2026-04-09 22:03:00,DOWN,2026-04-09 22:05:00,2,25572.50,25550.25,CME US Index Futures ETH,1-Minute
2026-04-09,23:15:00,NQ SEP26,15m,2026-04-09 23:15:00,25556.50,25570.50,25556.50,25569.00,14.00,25563.50,25560.00,2026-04-09 23:30:00,DOWN,2026-04-09 23:30:00,0,25556.00,25553.25,CME US Index Futures ETH,1-Minute
2026-04-09,23:45:00,NQ SEP26,15m,2026-04-09 23:45:00,25554.25,25586.00,25554.25,25573.50,31.75,25570.13,25562.19,2026-04-10 00:07:00,DOWN,2026-04-10 00:38:00,31,25567.00,25554.25,CME US Index Futures ETH,1-Minute
2026-04-10,01:15:00,NQ SEP26,15m,2026-04-10 01:15:00,25551.75,25567.00,25551.50,25559.00,15.50,25559.25,25555.38,2026-04-10 01:30:00,DOWN,2026-04-10 01:30:00,0,25560.75,25550.75,CME US Index Futures ETH,1-Minute
2026-04-10,03:30:00,NQ SEP26,15m,2026-04-10 03:30:00,25515.75,25530.25,25505.25,25528.50,25.00,25517.75,25511.50,2026-04-10 03:49:00,UP,2026-04-10 03:55:00,6,25533.75,25511.00,CME US Index Futures ETH,1-Minute
2026-04-10,04:00:00,NQ SEP26,15m,2026-04-10 04:00:00,25517.75,25533.75,25511.00,25524.25,22.75,25522.38,25516.69,2026-04-10 04:15:00,DOWN,2026-04-10 04:15:00,0,25504.25,25496.00,CME US Index Futures ETH,1-Minute
2026-04-10,04:30:00,NQ SEP26,15m,2026-04-10 04:30:00,25499.25,25514.25,25485.00,25509.75,29.25,25499.63,25492.31,2026-04-10 04:52:00,UNRESOLVED,,,25497.75,25485.25,CME US Index Futures ETH,1-Minute
2026-04-10,04:45:00,NQ SEP26,15m,2026-04-10 04:45:00,25509.75,25518.00,25503.00,25514.50,15.00,25510.50,25506.75,2026-04-10 05:00:00,DOWN,2026-04-10 05:00:00,0,25492.25,25490.00,CME US Index Futures ETH,1-Minute
2026-04-10,07:30:00,NQ SEP26,15m,2026-04-10 07:30:00,25564.50,25581.50,25562.50,25574.50,19.00,25572.00,25567.25,2026-04-10 07:45:00,DOWN,2026-04-10 07:45:00,0,25564.75,25561.50,CME US Index Futures ETH,1-Minute
2026-04-10,08:30:00,NQ SEP26,15m,2026-04-10 08:30:00,25563.25,25668.25,25556.00,25618.50,112.25,25612.13,25584.06,2026-04-10 08:45:00,UNRESOLVED,,,25608.75,25574.25,CME US Index Futures ETH,1-Minute
2026-04-10,09:15:00,NQ SEP26,15m,2026-04-10 09:15:00,25586.25,25604.50,25577.75,25601.00,26.75,25591.13,25584.44,2026-04-10 09:40:00,UP,2026-04-10 09:40:00,0,25612.25,25584.00,CME US Index Futures ETH,1-Minute
2026-04-10,09:45:00,NQ SEP26,15m,2026-04-10 09:45:00,25597.25,25651.50,25572.75,25606.75,78.75,25612.13,25592.44,2026-04-10 10:00:00,DOWN,2026-04-10 10:02:00,2,25610.25,25566.50,CME US Index Futures ETH,1-Minute
2026-04-10,10:30:00,NQ SEP26,15m,2026-04-10 10:30:00,25604.75,25635.25,25594.50,25622.75,40.75,25614.88,25604.69,2026-04-10 10:45:00,DOWN,2026-04-10 10:56:00,11,25633.25,25593.25,CME US Index Futures ETH,1-Minute
2026-04-10,11:15:00,NQ SEP26,15m,2026-04-10 11:15:00,25634.75,25654.00,25610.50,25652.00,43.50,25632.25,25621.38,2026-04-10 11:32:00,DOWN,2026-04-10 11:33:00,1,25634.25,25608.75,CME US Index Futures ETH,1-Minute
2026-04-10,12:15:00,NQ SEP26,15m,2026-04-10 12:15:00,25546.75,25582.75,25530.50,25575.50,52.25,25556.63,25543.56,2026-04-10 12:33:00,DOWN,2026-04-10 12:40:00,7,25565.75,25529.00,CME US Index Futures ETH,1-Minute
2026-04-10,13:00:00,NQ SEP26,15m,2026-04-10 13:00:00,25510.00,25554.00,25507.50,25546.75,46.50,25530.75,25519.13,2026-04-10 13:17:00,DOWN,2026-04-10 13:31:00,14,25539.00,25505.50,CME US Index Futures ETH,1-Minute
2026-04-10,14:00:00,NQ SEP26,15m,2026-04-10 14:00:00,25535.75,25558.25,25531.00,25554.25,27.25,25544.63,25537.81,2026-04-10 14:15:00,UP,2026-04-10 14:21:00,6,25561.00,25532.25,CME US Index Futures ETH,1-Minute
2026-04-10,14:30:00,NQ SEP26,15m,2026-04-10 14:30:00,25536.75,25563.50,25536.75,25549.75,26.75,25550.13,25543.44,2026-04-10 14:45:00,DOWN,2026-04-10 14:45:00,0,25532.50,25528.25,CME US Index Futures ETH,1-Minute
2026-04-10,15:15:00,NQ SEP26,15m,2026-04-10 15:15:00,25543.50,25576.50,25541.25,25575.75,35.25,25558.88,25550.06,2026-04-10 15:40:00,UNRESOLVED,,,25558.00,25541.75,CME US Index Futures ETH,1-Minute
2026-04-10,15:30:00,NQ SEP26,15m,2026-04-10 15:30:00,25575.50,25584.25,25566.00,25576.75,18.25,25575.13,25570.56,2026-04-10 15:45:00,DOWN,2026-04-10 15:45:00,0,25564.75,25553.25,CME US Index Futures ETH,1-Minute
2026-04-10,16:45:00,NQ SEP26,15m,2026-04-10 16:45:00,25587.25,25603.25,25583.25,25601.75,20.00,25593.25,25588.25,2026-04-12 18:01:00,DOWN,2026-04-12 18:01:00,0,25272.50,25186.75,CME US Index Futures ETH,1-Minute
2026-04-10,17:00:00,NQ SEP26,15m,2026-04-10 17:00:00,25601.50,25620.25,25591.00,25615.25,29.25,25605.63,25598.31,2026-04-12 18:15:00,DOWN,2026-04-12 18:15:00,0,25286.75,25273.00,CME US Index Futures ETH,1-Minute
2026-04-12,18:15:00,NQ SEP26,15m,2026-04-12 18:15:00,25262.25,25301.50,25186.75,25283.00,114.75,25244.13,25215.44,2026-04-12 18:31:00,UNRESOLVED,,,25247.75,25210.50,CME US Index Futures ETH,1-Minute
2026-04-12,19:00:00,NQ SEP26,15m,2026-04-12 19:00:00,25225.75,25243.50,25221.25,25238.50,22.25,25232.38,25226.81,2026-04-12 19:18:00,DOWN,2026-04-12 19:18:00,0,25228.25,25219.25,CME US Index Futures ETH,1-Minute
2026-04-12,21:15:00,NQ SEP26,15m,2026-04-12 21:15:00,25337.75,25365.50,25334.25,25355.25,31.25,25349.88,25342.06,2026-04-12 21:44:00,UNRESOLVED,,,25349.25,25341.25,CME US Index Futures ETH,1-Minute
2026-04-12,21:30:00,NQ SEP26,15m,2026-04-12 21:30:00,25354.25,25360.25,25343.00,25356.00,17.25,25351.63,25347.31,2026-04-12 21:45:00,DOWN,2026-04-12 21:46:00,1,25351.00,25341.75,CME US Index Futures ETH,1-Minute
2026-04-12,22:00:00,NQ SEP26,15m,2026-04-12 22:00:00,25344.50,25376.00,25341.75,25365.25,34.25,25358.88,25350.31,2026-04-12 22:15:00,DOWN,2026-04-12 22:15:00,0,25348.75,25341.50,CME US Index Futures ETH,1-Minute
2026-04-12,22:45:00,NQ SEP26,15m,2026-04-12 22:45:00,25344.25,25350.75,25338.75,25347.75,12.00,25344.75,25341.75,2026-04-12 23:11:00,DOWN,2026-04-12 23:12:00,1,25345.50,25336.50,CME US Index Futures ETH,1-Minute
2026-04-12,23:00:00,NQ SEP26,15m,2026-04-12 23:00:00,25348.00,25364.75,25346.00,25359.50,18.75,25355.38,25350.69,2026-04-12 23:15:00,DOWN,2026-04-12 23:15:00,0,25342.25,25337.00,CME US Index Futures ETH,1-Minute
2026-04-12,23:30:00,NQ SEP26,15m,2026-04-12 23:30:00,25337.25,25359.75,25336.25,25354.25,23.50,25348.00,25342.13,2026-04-12 23:47:00,DOWN,2026-04-13 00:03:00,16,25346.00,25336.25,CME US Index Futures ETH,1-Minute
2026-04-13,00:30:00,NQ SEP26,15m,2026-04-13 00:30:00,25346.25,25358.25,25341.25,25353.00,17.00,25349.75,25345.50,2026-04-13 00:46:00,UP,2026-04-13 00:55:00,9,25363.00,25345.50,CME US Index Futures ETH,1-Minute
2026-04-13,01:00:00,NQ SEP26,15m,2026-04-13 01:00:00,25349.50,25378.25,25345.50,25363.25,32.75,25361.88,25353.69,2026-04-13 01:15:00,DOWN,2026-04-13 01:18:00,3,25354.75,25341.50,CME US Index Futures ETH,1-Minute
2026-04-13,03:00:00,NQ SEP26,15m,2026-04-13 03:00:00,25384.50,25397.75,25382.00,25397.75,15.75,25389.88,25385.94,2026-04-13 03:24:00,DOWN,2026-04-13 03:25:00,1,25388.75,25372.25,CME US Index Futures ETH,1-Minute
2026-04-13,03:45:00,NQ SEP26,15m,2026-04-13 03:45:00,25392.75,25399.25,25382.50,25393.75,16.75,25390.88,25386.69,2026-04-13 04:00:00,DOWN,2026-04-13 04:00:00,0,25385.75,25382.25,CME US Index Futures ETH,1-Minute
2026-04-13,04:15:00,NQ SEP26,15m,2026-04-13 04:15:00,25383.25,25412.50,25382.00,25394.25,30.50,25397.25,25389.63,2026-04-13 04:34:00,DOWN,2026-04-13 04:37:00,3,25396.75,25377.75,CME US Index Futures ETH,1-Minute
2026-04-13,04:30:00,NQ SEP26,15m,2026-04-13 04:30:00,25393.50,25404.00,25386.25,25400.75,17.75,25395.13,25390.69,2026-04-13 04:45:00,DOWN,2026-04-13 04:45:00,0,25386.00,25381.25,CME US Index Futures ETH,1-Minute
2026-04-13,05:30:00,NQ SEP26,15m,2026-04-13 05:30:00,25392.25,25411.75,25389.75,25404.25,22.00,25400.75,25395.25,2026-04-13 05:47:00,UNRESOLVED,,,25406.00,25390.25,CME US Index Futures ETH,1-Minute
2026-04-13,06:15:00,NQ SEP26,15m,2026-04-13 06:15:00,25398.75,25406.00,25395.00,25402.50,11.00,25400.50,25397.75,2026-04-13 06:40:00,DOWN,2026-04-13 06:42:00,2,25401.50,25394.25,CME US Index Futures ETH,1-Minute
2026-04-13,07:15:00,NQ SEP26,15m,2026-04-13 07:15:00,25438.75,25477.00,25438.00,25444.50,39.00,25457.50,25447.75,2026-04-13 07:30:00,DOWN,2026-04-13 07:30:00,0,25422.00,25418.25,CME US Index Futures ETH,1-Minute
2026-04-13,09:30:00,NQ SEP26,15m,2026-04-13 09:30:00,25461.00,25499.75,25449.00,25497.50,50.75,25474.38,25461.69,2026-04-13 09:45:00,DOWN,2026-04-13 09:48:00,3,25485.75,25446.00,CME US Index Futures ETH,1-Minute
2026-04-13,11:00:00,NQ SEP26,15m,2026-04-13 11:00:00,25598.50,25643.00,25575.25,25634.00,67.75,25609.13,25592.19,2026-04-13 11:31:00,UNRESOLVED,,,25637.25,25578.75,CME US Index Futures ETH,1-Minute
2026-04-13,11:45:00,NQ SEP26,15m,2026-04-13 11:45:00,25595.25,25637.25,25578.75,25602.25,58.50,25608.00,25593.38,2026-04-13 12:00:00,DOWN,2026-04-13 12:02:00,2,25597.75,25573.25,CME US Index Futures ETH,1-Minute
2026-04-13,13:30:00,NQ SEP26,15m,2026-04-13 13:30:00,25695.75,25721.75,25693.00,25712.25,28.75,25707.38,25700.19,2026-04-13 13:46:00,DOWN,2026-04-13 13:46:00,0,25702.50,25692.75,CME US Index Futures ETH,1-Minute
2026-04-13,14:15:00,NQ SEP26,15m,2026-04-13 14:15:00,25686.75,25707.50,25686.25,25698.75,21.25,25696.88,25691.56,2026-04-13 14:30:00,DOWN,2026-04-13 14:30:00,0,25686.00,25679.00,CME US Index Futures ETH,1-Minute
2026-04-13,19:15:00,NQ SEP26,15m,2026-04-13 19:15:00,25876.00,25901.50,25869.25,25891.25,32.25,25885.38,25877.31,2026-04-13 19:33:00,DOWN,2026-04-13 19:55:00,22,25895.25,25867.25,CME US Index Futures ETH,1-Minute
2026-04-13,19:45:00,NQ SEP26,15m,2026-04-13 19:45:00,25883.25,25889.75,25877.25,25888.25,12.50,25883.50,25880.38,2026-04-13 20:00:00,DOWN,2026-04-13 20:00:00,0,25869.75,25867.25,CME US Index Futures ETH,1-Minute
2026-04-13,20:45:00,NQ SEP26,15m,2026-04-13 20:45:00,25857.00,25882.25,25856.50,25874.75,25.75,25869.38,25862.94,2026-04-13 21:02:00,DOWN,2026-04-13 21:02:00,0,25865.25,25855.25,CME US Index Futures ETH,1-Minute
2026-04-13,21:45:00,NQ SEP26,15m,2026-04-13 21:45:00,25866.25,25870.75,25855.00,25868.00,15.75,25862.88,25858.94,2026-04-13 22:02:00,UP,2026-04-13 22:08:00,6,25872.25,25858.00,CME US Index Futures ETH,1-Minute
2026-04-13,22:45:00,NQ SEP26,15m,2026-04-13 22:45:00,25872.75,25879.00,25864.75,25876.00,14.25,25871.88,25868.31,2026-04-13 23:04:00,DOWN,2026-04-13 23:09:00,5,25870.50,25862.00,CME US Index Futures ETH,1-Minute
2026-04-13,23:00:00,NQ SEP26,15m,2026-04-13 23:00:00,25876.25,25879.25,25871.75,25878.75,7.50,25875.50,25873.63,2026-04-13 23:15:00,DOWN,2026-04-13 23:15:00,0,25867.25,25865.25,CME US Index Futures ETH,1-Minute
2026-04-14,01:00:00,NQ SEP26,15m,2026-04-14 01:00:00,25869.25,25876.75,25869.00,25876.00,7.75,25872.88,25870.94,2026-04-14 01:26:00,DOWN,2026-04-14 01:26:00,0,25871.50,25867.75,CME US Index Futures ETH,1-Minute
2026-04-14,01:15:00,NQ SEP26,15m,2026-04-14 01:15:00,25875.75,25878.25,25872.25,25876.25,6.00,25875.25,25873.75,2026-04-14 01:30:00,AMBIGUOUS,2026-04-14 01:30:00,0,25878.75,25870.00,CME US Index Futures ETH,1-Minute
2026-04-14,03:30:00,NQ SEP26,15m,2026-04-14 03:30:00,25902.25,25913.75,25891.50,25904.00,22.25,25902.63,25897.06,2026-04-14 03:53:00,DOWN,2026-04-14 03:54:00,1,25903.00,25888.75,CME US Index Futures ETH,1-Minute
2026-04-14,05:00:00,NQ SEP26,15m,2026-04-14 05:00:00,25936.75,25947.25,25934.75,25944.75,12.50,25941.00,25937.88,2026-04-14 05:27:00,UNRESOLVED,,,25942.50,25936.50,CME US Index Futures ETH,1-Minute
2026-04-14,05:15:00,NQ SEP26,15m,2026-04-14 05:15:00,25945.25,25956.25,25945.00,25951.75,11.25,25950.63,25947.81,2026-04-14 05:30:00,DOWN,2026-04-14 05:30:00,0,25936.75,25933.50,CME US Index Futures ETH,1-Minute
2026-04-14,06:15:00,NQ SEP26,15m,2026-04-14 06:15:00,25920.25,25935.50,25909.25,25934.50,26.25,25922.38,25915.81,2026-04-14 06:34:00,DOWN,2026-04-14 06:39:00,5,25924.50,25905.25,CME US Index Futures ETH,1-Minute
2026-04-14,08:00:00,NQ SEP26,15m,2026-04-14 08:00:00,25935.75,25980.25,25933.50,25949.00,46.75,25956.88,25945.19,2026-04-14 08:25:00,UNRESOLVED,,,25974.50,25938.75,CME US Index Futures ETH,1-Minute
2026-04-14,08:15:00,NQ SEP26,15m,2026-04-14 08:15:00,25949.75,25976.25,25948.50,25957.00,27.75,25962.38,25955.44,2026-04-14 08:32:00,DOWN,2026-04-14 08:32:00,0,25962.25,25948.50,CME US Index Futures ETH,1-Minute
2026-04-14,08:30:00,NQ SEP26,15m,2026-04-14 08:30:00,25956.25,25983.25,25938.75,25976.75,44.50,25961.00,25949.88,2026-04-14 08:47:00,DOWN,2026-04-14 09:27:00,40,25964.50,25937.75,CME US Index Futures ETH,1-Minute
2026-04-14,10:30:00,NQ SEP26,15m,2026-04-14 10:30:00,26057.25,26088.50,26047.25,26086.00,41.25,26067.88,26057.56,2026-04-14 11:06:00,DOWN,2026-04-14 11:07:00,1,26067.50,26044.75,CME US Index Futures ETH,1-Minute
2026-04-14,11:00:00,NQ SEP26,15m,2026-04-14 11:00:00,26068.75,26102.50,26065.75,26088.25,36.75,26084.13,26074.94,2026-04-14 11:15:00,DOWN,2026-04-14 11:16:00,1,26075.25,26065.00,CME US Index Futures ETH,1-Minute
2026-04-14,13:45:00,NQ SEP26,15m,2026-04-14 13:45:00,26225.25,26250.00,26223.75,26246.50,26.25,26236.88,26230.31,2026-04-14 14:11:00,DOWN,2026-04-14 14:12:00,1,26237.00,26223.25,CME US Index Futures ETH,1-Minute
2026-04-14,14:45:00,NQ SEP26,15m,2026-04-14 14:45:00,26192.00,26218.25,26187.25,26192.25,31.00,26202.75,26195.00,2026-04-14 15:00:00,UP,2026-04-14 15:04:00,4,26219.00,26194.75,CME US Index Futures ETH,1-Minute
2026-04-14,15:30:00,NQ SEP26,15m,2026-04-14 15:30:00,26241.50,26272.25,26241.50,26270.00,30.75,26256.88,26249.19,2026-04-14 15:48:00,DOWN,2026-04-14 15:52:00,4,26272.00,26236.25,CME US Index Futures ETH,1-Minute
2026-04-14,16:45:00,NQ SEP26,15m,2026-04-14 16:45:00,26275.50,26280.25,26264.00,26279.75,16.25,26272.13,26268.06,2026-04-14 18:01:00,DOWN,2026-04-14 18:01:00,0,26276.00,26258.75,CME US Index Futures ETH,1-Minute
2026-04-14,18:30:00,NQ SEP26,15m,2026-04-14 18:30:00,26284.75,26294.75,26284.25,26286.25,10.50,26289.50,26286.88,2026-04-14 18:45:00,DOWN,2026-04-14 18:45:00,0,26284.25,26282.75,CME US Index Futures ETH,1-Minute
2026-04-14,19:45:00,NQ SEP26,15m,2026-04-14 19:45:00,26294.00,26312.25,26287.25,26305.50,25.00,26299.75,26293.50,2026-04-14 20:01:00,DOWN,2026-04-14 20:43:00,42,26305.25,26277.25,CME US Index Futures ETH,1-Minute
2026-04-14,20:30:00,NQ SEP26,15m,2026-04-14 20:30:00,26298.25,26305.25,26292.25,26300.75,13.00,26298.75,26295.50,2026-04-14 20:45:00,DOWN,2026-04-14 20:45:00,0,26284.75,26280.25,CME US Index Futures ETH,1-Minute
2026-04-14,21:30:00,NQ SEP26,15m,2026-04-14 21:30:00,26317.00,26323.00,26312.00,26319.50,11.00,26317.50,26314.75,2026-04-14 22:02:00,DOWN,2026-04-14 22:11:00,9,26319.25,26307.75,CME US Index Futures ETH,1-Minute
2026-04-14,22:00:00,NQ SEP26,15m,2026-04-14 22:00:00,26317.75,26324.75,26316.25,26320.75,8.50,26320.50,26318.38,2026-04-14 22:15:00,DOWN,2026-04-14 22:15:00,0,26309.50,26305.75,CME US Index Futures ETH,1-Minute
2026-04-15,00:30:00,NQ SEP26,15m,2026-04-15 00:30:00,26303.25,26307.75,26302.25,26305.50,5.50,26305.00,26303.63,2026-04-15 00:45:00,DOWN,2026-04-15 00:45:00,0,26301.75,26300.25,CME US Index Futures ETH,1-Minute
2026-04-15,02:00:00,NQ SEP26,15m,2026-04-15 02:00:00,26253.75,26263.75,26248.25,26260.75,15.50,26256.00,26252.13,2026-04-15 02:16:00,UP,2026-04-15 02:27:00,11,26265.25,26250.25,CME US Index Futures ETH,1-Minute
2026-04-15,02:45:00,NQ SEP26,15m,2026-04-15 02:45:00,26264.25,26280.25,26263.75,26279.00,16.50,26272.00,26267.88,2026-04-15 03:01:00,DOWN,2026-04-15 03:02:00,1,26277.25,26263.75,CME US Index Futures ETH,1-Minute
2026-04-15,03:15:00,NQ SEP26,15m,2026-04-15 03:15:00,26270.75,26281.25,26263.75,26275.00,17.50,26272.50,26268.13,2026-04-15 03:46:00,AMBIGUOUS,2026-04-15 03:46:00,0,26284.50,26252.75,CME US Index Futures ETH,1-Minute
2026-04-15,04:45:00,NQ SEP26,15m,2026-04-15 04:45:00,26304.75,26312.75,26301.50,26306.75,11.25,26307.13,26304.31,2026-04-15 05:03:00,AMBIGUOUS,2026-04-15 05:03:00,0,26319.75,26294.00,CME US Index Futures ETH,1-Minute
2026-04-15,05:00:00,NQ SEP26,15m,2026-04-15 05:00:00,26305.50,26320.25,26302.00,26314.25,18.25,26311.13,26306.56,2026-04-15 05:15:00,DOWN,2026-04-15 05:15:00,0,26278.25,26270.00,CME US Index Futures ETH,1-Minute
2026-04-15,06:15:00,NQ SEP26,15m,2026-04-15 06:15:00,26261.00,26280.75,26256.00,26267.00,24.75,26268.38,26262.19,2026-04-15 06:30:00,DOWN,2026-04-15 06:30:00,0,26232.50,26227.75,CME US Index Futures ETH,1-Minute
2026-04-15,07:00:00,NQ SEP26,15m,2026-04-15 07:00:00,26261.50,26271.50,26254.25,26267.50,17.25,26262.88,26258.56,2026-04-15 07:21:00,UP,2026-04-15 07:26:00,5,26277.50,26254.75,CME US Index Futures ETH,1-Minute
2026-04-15,07:15:00,NQ SEP26,15m,2026-04-15 07:15:00,26267.75,26282.00,26260.75,26278.75,21.25,26271.38,26266.06,2026-04-15 07:30:00,DOWN,2026-04-15 07:30:00,0,26269.75,26260.75,CME US Index Futures ETH,1-Minute
2026-04-15,07:45:00,NQ SEP26,15m,2026-04-15 07:45:00,26262.00,26288.50,26259.75,26271.00,28.75,26274.13,26266.94,2026-04-15 08:02:00,DOWN,2026-04-15 08:06:00,4,26288.50,26250.50,CME US Index Futures ETH,1-Minute
2026-04-15,08:00:00,NQ SEP26,15m,2026-04-15 08:00:00,26271.25,26330.25,26262.25,26280.50,68.00,26296.25,26279.25,2026-04-15 08:15:00,DOWN,2026-04-15 08:15:00,0,26254.25,26246.50,CME US Index Futures ETH,1-Minute
2026-04-15,08:45:00,NQ SEP26,15m,2026-04-15 08:45:00,26256.75,26289.50,26252.25,26285.00,37.25,26270.88,26261.56,2026-04-15 09:03:00,UP,2026-04-15 09:26:00,23,26302.25,26261.25,CME US Index Futures ETH,1-Minute
2026-04-15,09:30:00,NQ SEP26,15m,2026-04-15 09:30:00,26280.00,26308.25,26273.25,26306.00,35.00,26290.75,26282.00,2026-04-15 09:45:00,AMBIGUOUS,2026-04-15 09:45:00,0,26315.00,26264.50,CME US Index Futures ETH,1-Minute
2026-04-15,12:15:00,NQ SEP26,15m,2026-04-15 12:15:00,26479.50,26506.50,26469.25,26500.00,37.25,26487.88,26478.56,2026-04-15 12:32:00,DOWN,2026-04-15 12:34:00,2,26491.25,26468.75,CME US Index Futures ETH,1-Minute
2026-04-15,13:30:00,NQ SEP26,15m,2026-04-15 13:30:00,26452.75,26482.00,26447.50,26469.50,34.50,26464.75,26456.13,2026-04-15 14:01:00,UP,2026-04-15 14:02:00,1,26489.75,26455.50,CME US Index Futures ETH,1-Minute
2026-04-15,15:45:00,NQ SEP26,15m,2026-04-15 15:45:00,26618.50,26641.25,26612.50,26619.25,28.75,26626.88,26619.69,2026-04-15 16:12:00,DOWN,2026-04-15 16:14:00,2,26623.75,26612.25,CME US Index Futures ETH,1-Minute
2026-04-15,16:00:00,NQ SEP26,15m,2026-04-15 16:00:00,26618.75,26659.75,26611.50,26645.50,48.25,26635.63,26623.56,2026-04-15 16:15:00,UNRESOLVED,,,26642.00,26617.50,CME US Index Futures ETH,1-Minute
2026-04-15,16:30:00,NQ SEP26,15m,2026-04-15 16:30:00,26622.75,26637.25,26622.75,26632.25,14.50,26630.00,26626.38,2026-04-15 16:47:00,UP,2026-04-15 16:56:00,9,26640.50,26625.25,CME US Index Futures ETH,1-Minute
2026-04-15,19:00:00,NQ SEP26,15m,2026-04-15 19:00:00,26664.25,26675.50,26662.75,26672.00,12.75,26669.13,26665.94,2026-04-15 19:28:00,UNRESOLVED,,,26673.00,26665.75,CME US Index Futures ETH,1-Minute
2026-04-15,19:15:00,NQ SEP26,15m,2026-04-15 19:15:00,26671.75,26681.25,26668.75,26678.75,12.50,26675.00,26671.88,2026-04-15 19:30:00,DOWN,2026-04-15 19:32:00,2,26673.00,26668.00,CME US Index Futures ETH,1-Minute
2026-04-15,19:45:00,NQ SEP26,15m,2026-04-15 19:45:00,26672.00,26681.25,26668.00,26680.00,13.25,26674.63,26671.31,2026-04-15 20:05:00,UP,2026-04-15 20:05:00,0,26685.50,26671.00,CME US Index Futures ETH,1-Minute
2026-04-15,22:15:00,NQ SEP26,15m,2026-04-15 22:15:00,26723.00,26736.00,26722.50,26727.50,13.50,26729.25,26725.88,2026-04-15 22:35:00,UP,2026-04-15 22:41:00,6,26737.25,26725.75,CME US Index Futures ETH,1-Minute
2026-04-15,22:30:00,NQ SEP26,15m,2026-04-15 22:30:00,26726.75,26732.25,26722.50,26730.50,9.75,26727.38,26724.94,2026-04-15 22:54:00,DOWN,2026-04-15 22:54:00,0,26728.25,26722.00,CME US Index Futures ETH,1-Minute
2026-04-15,22:45:00,NQ SEP26,15m,2026-04-15 22:45:00,26730.75,26741.25,26725.75,26735.75,15.50,26733.50,26729.63,2026-04-15 23:00:00,DOWN,2026-04-15 23:00:00,0,26727.75,26724.75,CME US Index Futures ETH,1-Minute
2026-04-15,23:15:00,NQ SEP26,15m,2026-04-15 23:15:00,26724.25,26742.75,26724.25,26734.00,18.50,26733.50,26728.88,2026-04-15 23:30:00,DOWN,2026-04-15 23:34:00,4,26732.50,26723.25,CME US Index Futures ETH,1-Minute
2026-04-16,01:00:00,NQ SEP26,15m,2026-04-16 01:00:00,26716.00,26721.50,26714.25,26716.75,7.25,26717.88,26716.06,2026-04-16 01:15:00,DOWN,2026-04-16 01:15:00,0,26703.00,26699.75,CME US Index Futures ETH,1-Minute
2026-04-16,02:15:00,NQ SEP26,15m,2026-04-16 02:15:00,26738.00,26768.25,26737.50,26764.50,30.75,26752.88,26745.19,2026-04-16 03:06:00,UNRESOLVED,,,26751.50,26738.75,CME US Index Futures ETH,1-Minute
2026-04-16,03:00:00,NQ SEP26,15m,2026-04-16 03:00:00,26759.00,26767.25,26757.00,26763.00,10.25,26762.13,26759.56,2026-04-16 03:15:00,DOWN,2026-04-16 03:15:00,0,26747.75,26742.00,CME US Index Futures ETH,1-Minute
2026-04-16,03:30:00,NQ SEP26,15m,2026-04-16 03:30:00,26742.75,26763.25,26741.50,26758.50,21.75,26752.38,26746.94,2026-04-16 03:54:00,DOWN,2026-04-16 03:56:00,2,26750.00,26736.25,CME US Index Futures ETH,1-Minute
2026-04-16,03:45:00,NQ SEP26,15m,2026-04-16 03:45:00,26758.50,26770.25,26751.75,26764.25,18.50,26761.00,26756.38,2026-04-16 04:00:00,DOWN,2026-04-16 04:00:00,0,26744.25,26741.50,CME US Index Futures ETH,1-Minute
2026-04-16,05:15:00,NQ SEP26,15m,2026-04-16 05:15:00,26722.75,26740.25,26719.75,26735.00,20.50,26730.00,26724.88,2026-04-16 05:47:00,DOWN,2026-04-16 05:49:00,2,26728.00,26719.25,CME US Index Futures ETH,1-Minute
2026-04-16,06:00:00,NQ SEP26,15m,2026-04-16 06:00:00,26728.25,26736.25,26716.00,26735.50,20.25,26726.13,26721.06,2026-04-16 06:24:00,DOWN,2026-04-16 06:30:00,6,26729.25,26713.50,CME US Index Futures ETH,1-Minute
2026-04-16,07:15:00,NQ SEP26,15m,2026-04-16 07:15:00,26689.75,26704.75,26687.25,26693.25,17.50,26696.00,26691.63,2026-04-16 07:30:00,DOWN,2026-04-16 07:30:00,0,26679.75,26675.50,CME US Index Futures ETH,1-Minute
2026-04-16,07:45:00,NQ SEP26,15m,2026-04-16 07:45:00,26679.25,26703.75,26679.25,26689.50,24.50,26691.50,26685.38,2026-04-16 08:08:00,UNRESOLVED,,,26703.00,26682.25,CME US Index Futures ETH,1-Minute
2026-04-16,08:00:00,NQ SEP26,15m,2026-04-16 08:00:00,26688.50,26707.50,26684.50,26700.50,23.00,26696.00,26690.25,2026-04-16 08:15:00,UP,2026-04-16 08:30:00,15,26709.25,26689.25,CME US Index Futures ETH,1-Minute
2026-04-16,08:30:00,NQ SEP26,15m,2026-04-16 08:30:00,26693.25,26709.25,26689.25,26707.75,20.00,26699.25,26694.25,2026-04-16 08:45:00,DOWN,2026-04-16 08:46:00,1,26701.25,26687.00,CME US Index Futures ETH,1-Minute
2026-04-16,09:15:00,NQ SEP26,15m,2026-04-16 09:15:00,26684.25,26710.25,26682.50,26695.75,27.75,26696.38,26689.44,2026-04-16 09:31:00,AMBIGUOUS,2026-04-16 09:31:00,0,26735.50,26670.25,CME US Index Futures ETH,1-Minute
2026-04-16,09:30:00,NQ SEP26,15m,2026-04-16 09:30:00,26695.00,26733.25,26677.00,26723.25,56.25,26705.13,26691.06,2026-04-16 09:45:00,DOWN,2026-04-16 09:45:00,0,26677.75,26657.00,CME US Index Futures ETH,1-Minute
2026-04-16,12:15:00,NQ SEP26,15m,2026-04-16 12:15:00,26816.00,26836.25,26808.25,26834.00,28.00,26822.25,26815.25,2026-04-16 12:30:00,DOWN,2026-04-16 12:30:00,0,26810.75,26797.25,CME US Index Futures ETH,1-Minute
2026-04-16,13:30:00,NQ SEP26,15m,2026-04-16 13:30:00,26725.75,26771.00,26713.25,26758.25,57.75,26742.13,26727.69,2026-04-16 13:59:00,UNRESOLVED,,,26741.75,26718.75,CME US Index Futures ETH,1-Minute
2026-04-16,13:45:00,NQ SEP26,15m,2026-04-16 13:45:00,26758.75,26788.75,26745.75,26784.00,43.00,26767.25,26756.50,2026-04-16 14:00:00,DOWN,2026-04-16 14:00:00,0,26746.75,26729.00,CME US Index Futures ETH,1-Minute
2026-04-16,15:15:00,NQ SEP26,15m,2026-04-16 15:15:00,26720.25,26749.00,26716.50,26726.25,32.50,26732.75,26724.63,2026-04-16 15:31:00,UP,2026-04-16 15:36:00,5,26756.25,26722.00,CME US Index Futures ETH,1-Minute
2026-04-16,15:45:00,NQ SEP26,15m,2026-04-16 15:45:00,26727.50,26763.25,26722.00,26751.25,41.25,26742.63,26732.31,2026-04-16 16:03:00,UNRESOLVED,,,26743.75,26723.00,CME US Index Futures ETH,1-Minute
2026-04-16,16:00:00,NQ SEP26,15m,2026-04-16 16:00:00,26751.25,26780.75,26742.00,26766.50,38.75,26761.38,26751.69,2026-04-16 16:15:00,DOWN,2026-04-16 16:15:00,0,26741.00,26735.00,CME US Index Futures ETH,1-Minute
2026-04-16,16:45:00,NQ SEP26,15m,2026-04-16 16:45:00,26740.75,26751.00,26736.75,26746.00,14.25,26743.88,26740.31,2026-04-16 18:01:00,DOWN,2026-04-16 18:01:00,0,26742.75,26727.50,CME US Index Futures ETH,1-Minute
2026-04-16,18:30:00,NQ SEP26,15m,2026-04-16 18:30:00,26758.00,26766.75,26753.00,26764.50,13.75,26759.88,26756.44,2026-04-16 18:54:00,UNRESOLVED,,,26761.00,26755.75,CME US Index Futures ETH,1-Minute
2026-04-16,18:45:00,NQ SEP26,15m,2026-04-16 18:45:00,26764.50,26769.50,26762.25,26766.50,7.25,26765.88,26764.06,2026-04-16 19:00:00,DOWN,2026-04-16 19:00:00,0,26759.00,26755.25,CME US Index Futures ETH,1-Minute
2026-04-16,19:30:00,NQ SEP26,15m,2026-04-16 19:30:00,26755.00,26770.25,26753.50,26759.50,16.75,26761.88,26757.69,2026-04-16 19:47:00,UNRESOLVED,,,26765.50,26755.50,CME US Index Futures ETH,1-Minute
2026-04-16,19:45:00,NQ SEP26,15m,2026-04-16 19:45:00,26759.25,26770.75,26754.25,26764.25,16.50,26762.50,26758.38,2026-04-16 20:01:00,DOWN,2026-04-16 20:06:00,5,26766.25,26744.00,CME US Index Futures ETH,1-Minute
2026-04-16,21:00:00,NQ SEP26,15m,2026-04-16 21:00:00,26769.25,26777.25,26766.50,26769.75,10.75,26771.88,26769.19,2026-04-16 21:23:00,UP,2026-04-16 21:23:00,0,26778.50,26767.00,CME US Index Futures ETH,1-Minute
2026-04-16,21:15:00,NQ SEP26,15m,2026-04-16 21:15:00,26769.75,26780.00,26764.25,26775.00,15.75,26772.13,26768.19,2026-04-16 21:30:00,DOWN,2026-04-16 21:30:00,0,26767.00,26763.75,CME US Index Futures ETH,1-Minute
2026-04-16,21:45:00,NQ SEP26,15m,2026-04-16 21:45:00,26766.50,26776.75,26765.75,26773.50,11.00,26771.25,26768.50,2026-04-16 22:08:00,DOWN,2026-04-16 22:08:00,0,26771.50,26764.50,CME US Index Futures ETH,1-Minute
2026-04-16,22:45:00,NQ SEP26,15m,2026-04-16 22:45:00,26749.75,26758.75,26748.00,26750.25,10.75,26753.38,26750.69,2026-04-16 23:00:00,DOWN,2026-04-16 23:00:00,0,26749.50,26746.50,CME US Index Futures ETH,1-Minute
2026-04-16,23:30:00,NQ SEP26,15m,2026-04-16 23:30:00,26737.50,26744.25,26733.50,26739.25,10.75,26738.88,26736.19,2026-04-16 23:49:00,UP,2026-04-16 23:54:00,5,26744.75,26736.00,CME US Index Futures ETH,1-Minute
2026-04-17,00:30:00,NQ SEP26,15m,2026-04-17 00:30:00,26753.75,26764.00,26753.75,26758.00,10.25,26758.88,26756.31,2026-04-17 00:45:00,DOWN,2026-04-17 00:45:00,0,26751.50,26751.50,CME US Index Futures ETH,1-Minute
2026-04-17,02:00:00,NQ SEP26,15m,2026-04-17 02:00:00,26747.50,26752.25,26745.25,26747.75,7.00,26748.75,26747.00,2026-04-17 02:22:00,DOWN,2026-04-17 02:22:00,0,26750.25,26745.25,CME US Index Futures ETH,1-Minute
2026-04-17,02:15:00,NQ SEP26,15m,2026-04-17 02:15:00,26748.25,26762.50,26743.25,26755.50,19.25,26752.88,26748.06,2026-04-17 02:30:00,DOWN,2026-04-17 02:30:00,0,26743.25,26740.75,CME US Index Futures ETH,1-Minute
2026-04-17,05:00:00,NQ SEP26,15m,2026-04-17 05:00:00,26794.75,26803.25,26788.75,26801.00,14.50,26796.00,26792.38,2026-04-17 05:19:00,DOWN,2026-04-17 05:19:00,0,26795.50,26788.50,CME US Index Futures ETH,1-Minute
2026-04-17,06:15:00,NQ SEP26,15m,2026-04-17 06:15:00,26819.25,26829.25,26814.25,26825.75,15.00,26821.75,26818.00,2026-04-17 06:30:00,DOWN,2026-04-17 06:30:00,0,26808.75,26805.00,CME US Index Futures ETH,1-Minute
2026-04-17,09:15:00,NQ SEP26,15m,2026-04-17 09:15:00,27024.25,27100.00,26981.50,27086.75,118.50,27040.75,27011.13,2026-04-17 09:30:00,DOWN,2026-04-17 09:30:00,0,26986.25,26966.25,CME US Index Futures ETH,1-Minute
2026-04-17,10:15:00,NQ SEP26,15m,2026-04-17 10:15:00,27014.00,27058.25,27007.25,27051.00,51.00,27032.75,27020.00,2026-04-17 10:30:00,UP,2026-04-17 10:34:00,4,27081.00,27016.75,CME US Index Futures ETH,1-Minute
2026-04-17,11:30:00,NQ SEP26,15m,2026-04-17 11:30:00,27103.75,27132.25,27089.25,27124.50,43.00,27110.75,27100.00,2026-04-17 11:45:00,UP,2026-04-17 11:52:00,7,27134.75,27098.75,CME US Index Futures ETH,1-Minute
2026-04-17,12:45:00,NQ SEP26,15m,2026-04-17 12:45:00,27139.00,27167.00,27138.50,27153.75,28.50,27152.75,27145.63,2026-04-17 13:00:00,DOWN,2026-04-17 13:00:00,0,27145.50,27138.50,CME US Index Futures ETH,1-Minute
2026-04-17,13:45:00,NQ SEP26,15m,2026-04-17 13:45:00,27054.00,27086.25,27042.25,27074.25,44.00,27064.25,27053.25,2026-04-17 14:12:00,UNRESOLVED,,,27068.00,27049.50,CME US Index Futures ETH,1-Minute
2026-04-17,14:00:00,NQ SEP26,15m,2026-04-17 14:00:00,27074.00,27111.00,27071.50,27090.25,39.50,27091.25,27081.38,2026-04-17 14:15:00,DOWN,2026-04-17 14:15:00,0,27052.50,27042.50,CME US Index Futures ETH,1-Minute
2026-04-17,14:30:00,NQ SEP26,15m,2026-04-17 14:30:00,27050.00,27093.75,27037.75,27066.75,56.00,27065.75,27051.75,2026-04-17 14:55:00,UNRESOLVED,,,27082.75,27050.25,CME US Index Futures ETH,1-Minute
2026-04-17,14:45:00,NQ SEP26,15m,2026-04-17 14:45:00,27067.25,27096.25,27067.25,27088.50,29.00,27081.75,27074.50,2026-04-17 15:00:00,DOWN,2026-04-17 15:00:00,0,27076.75,27066.25,CME US Index Futures ETH,1-Minute
2026-04-17,16:15:00,NQ SEP26,15m,2026-04-17 16:15:00,27110.75,27124.50,27104.25,27122.50,20.25,27114.38,27109.31,2026-04-17 16:30:00,DOWN,2026-04-17 16:30:00,0,27105.50,27102.00,CME US Index Futures ETH,1-Minute
2026-04-17,16:45:00,NQ SEP26,15m,2026-04-17 16:45:00,27102.50,27125.00,27100.75,27113.75,24.25,27112.88,27106.81,2026-04-19 18:01:00,DOWN,2026-04-19 18:01:00,0,26882.25,26817.25,CME US Index Futures ETH,1-Minute
2026-04-17,17:00:00,NQ SEP26,15m,2026-04-17 17:00:00,27113.25,27127.00,27110.75,27123.00,16.25,27118.88,27114.81,2026-04-19 18:15:00,DOWN,2026-04-19 18:15:00,0,26908.50,26897.00,CME US Index Futures ETH,1-Minute
2026-04-19,19:30:00,NQ SEP26,15m,2026-04-19 19:30:00,26938.25,26948.00,26929.00,26941.00,19.00,26938.50,26933.75,2026-04-19 19:45:00,DOWN,2026-04-19 19:46:00,1,26940.00,26919.00,CME US Index Futures ETH,1-Minute
2026-04-19,20:00:00,NQ SEP26,15m,2026-04-19 20:00:00,26938.25,26947.50,26919.00,26942.00,28.50,26933.25,26926.13,2026-04-19 20:15:00,DOWN,2026-04-19 20:15:00,0,26912.50,26900.50,CME US Index Futures ETH,1-Minute
2026-04-19,21:45:00,NQ SEP26,15m,2026-04-19 21:45:00,26970.50,26993.25,26970.50,26986.25,22.75,26981.88,26976.19,2026-04-19 22:07:00,UNRESOLVED,,,26980.00,26971.00,CME US Index Futures ETH,1-Minute
2026-04-19,22:00:00,NQ SEP26,15m,2026-04-19 22:00:00,26987.00,26997.00,26984.50,26987.50,12.50,26990.75,26987.63,2026-04-19 22:15:00,DOWN,2026-04-19 22:15:00,0,26975.25,26970.25,CME US Index Futures ETH,1-Minute
2026-04-19,22:30:00,NQ SEP26,15m,2026-04-19 22:30:00,26974.25,26985.50,26972.50,26979.25,13.00,26979.00,26975.75,2026-04-19 22:45:00,DOWN,2026-04-19 22:47:00,2,26978.00,26971.25,CME US Index Futures ETH,1-Minute
2026-04-19,23:00:00,NQ SEP26,15m,2026-04-19 23:00:00,26974.75,26978.00,26967.00,26976.75,11.00,26972.50,26969.75,2026-04-19 23:15:00,DOWN,2026-04-19 23:18:00,3,26971.75,26964.25,CME US Index Futures ETH,1-Minute
2026-04-19,23:30:00,NQ SEP26,15m,2026-04-19 23:30:00,26970.75,26979.00,26964.25,26973.50,14.75,26971.63,26967.94,2026-04-19 23:46:00,DOWN,2026-04-19 23:47:00,1,26970.50,26961.25,CME US Index Futures ETH,1-Minute
2026-04-20,01:00:00,NQ SEP26,15m,2026-04-20 01:00:00,26954.75,26963.50,26946.50,26957.75,17.00,26955.00,26950.75,2026-04-20 01:15:00,DOWN,2026-04-20 01:21:00,6,26957.50,26945.25,CME US Index Futures ETH,1-Minute
2026-04-20,03:15:00,NQ SEP26,15m,2026-04-20 03:15:00,26971.25,26994.50,26964.50,26986.50,30.00,26979.50,26972.00,2026-04-20 03:30:00,DOWN,2026-04-20 03:31:00,1,26975.75,26928.50,CME US Index Futures ETH,1-Minute
2026-04-20,04:00:00,NQ SEP26,15m,2026-04-20 04:00:00,26947.50,26952.75,26932.25,26951.25,20.50,26942.50,26937.38,2026-04-20 04:15:00,DOWN,2026-04-20 04:15:00,0,26940.25,26928.50,CME US Index Futures ETH,1-Minute
2026-04-20,05:15:00,NQ SEP26,15m,2026-04-20 05:15:00,26979.25,27002.25,26974.75,26981.00,27.50,26988.50,26981.63,2026-04-20 05:30:00,UNRESOLVED,,,26994.75,26975.25,CME US Index Futures ETH,1-Minute
2026-04-20,05:45:00,NQ SEP26,15m,2026-04-20 05:45:00,26979.75,26994.75,26977.25,26990.25,17.50,26986.00,26981.63,2026-04-20 06:00:00,DOWN,2026-04-20 06:00:00,0,26978.75,26976.50,CME US Index Futures ETH,1-Minute
2026-04-20,06:15:00,NQ SEP26,15m,2026-04-20 06:15:00,26977.50,27014.75,26973.75,26998.50,41.00,26994.25,26984.00,2026-04-20 06:32:00,DOWN,2026-04-20 07:02:00,30,26990.50,26969.25,CME US Index Futures ETH,1-Minute
2026-04-20,07:00:00,NQ SEP26,15m,2026-04-20 07:00:00,26978.00,26989.25,26975.25,26982.50,14.00,26982.25,26978.75,2026-04-20 07:15:00,UP,2026-04-20 07:16:00,1,26991.00,26975.50,CME US Index Futures ETH,1-Minute
2026-04-20,07:15:00,NQ SEP26,15m,2026-04-20 07:15:00,26983.25,26987.75,26963.00,26986.50,24.75,26975.38,26969.19,2026-04-20 07:31:00,UP,2026-04-20 07:33:00,2,26992.00,26965.25,CME US Index Futures ETH,1-Minute
2026-04-20,09:15:00,NQ SEP26,15m,2026-04-20 09:15:00,27034.00,27085.25,27021.25,27055.75,64.00,27053.25,27037.25,2026-04-20 09:32:00,UP,2026-04-20 09:35:00,3,27098.00,27030.25,CME US Index Futures ETH,1-Minute
2026-04-20,09:30:00,NQ SEP26,15m,2026-04-20 09:30:00,27057.00,27081.50,27044.75,27078.75,36.75,27063.13,27053.94,2026-04-20 09:45:00,DOWN,2026-04-20 09:45:00,0,27041.00,27028.00,CME US Index Futures ETH,1-Minute
2026-04-20,10:00:00,NQ SEP26,15m,2026-04-20 10:00:00,27032.25,27086.25,26998.00,27063.00,88.25,27042.13,27020.06,2026-04-20 10:17:00,DOWN,2026-04-20 10:32:00,15,27056.75,26995.00,CME US Index Futures ETH,1-Minute
2026-04-20,12:45:00,NQ SEP26,15m,2026-04-20 12:45:00,26957.25,26982.00,26948.50,26968.50,33.50,26965.25,26956.88,2026-04-20 13:00:00,DOWN,2026-04-20 13:03:00,3,26974.25,26942.75,CME US Index Futures ETH,1-Minute
2026-04-20,14:30:00,NQ SEP26,15m,2026-04-20 14:30:00,27007.00,27025.25,26999.50,27016.00,25.75,27012.38,27005.94,2026-04-20 14:46:00,UP,2026-04-20 14:52:00,6,27025.75,27002.50,CME US Index Futures ETH,1-Minute
2026-04-20,15:00:00,NQ SEP26,15m,2026-04-20 15:00:00,27008.00,27030.75,27002.50,27014.25,28.25,27016.63,27009.56,2026-04-20 15:24:00,DOWN,2026-04-20 15:27:00,3,27017.75,27002.50,CME US Index Futures ETH,1-Minute
2026-04-20,15:15:00,NQ SEP26,15m,2026-04-20 15:15:00,27015.00,27024.00,27009.25,27021.50,14.75,27016.63,27012.94,2026-04-20 15:30:00,DOWN,2026-04-20 15:30:00,0,27013.00,27007.00,CME US Index Futures ETH,1-Minute
2026-04-20,19:00:00,NQ SEP26,15m,2026-04-20 19:00:00,27087.75,27096.00,27085.75,27092.50,10.25,27090.88,27088.31,2026-04-20 19:17:00,DOWN,2026-04-20 19:19:00,2,27093.00,27085.00,CME US Index Futures ETH,1-Minute
2026-04-20,19:45:00,NQ SEP26,15m,2026-04-20 19:45:00,27079.00,27084.50,27076.00,27080.25,8.50,27080.25,27078.13,2026-04-20 20:00:00,UP,2026-04-20 20:01:00,1,27091.00,27077.75,CME US Index Futures ETH,1-Minute
2026-04-20,20:15:00,NQ SEP26,15m,2026-04-20 20:15:00,27079.00,27101.25,27078.75,27094.25,22.50,27090.00,27084.38,2026-04-20 20:30:00,DOWN,2026-04-20 20:31:00,1,27086.25,27078.50,CME US Index Futures ETH,1-Minute
2026-04-20,21:30:00,NQ SEP26,15m,2026-04-20 21:30:00,27098.00,27113.25,27094.50,27112.25,18.75,27103.88,27099.19,2026-04-20 21:53:00,DOWN,2026-04-20 21:56:00,3,27104.00,27093.25,CME US Index Futures ETH,1-Minute
2026-04-20,22:15:00,NQ SEP26,15m,2026-04-20 22:15:00,27095.25,27104.25,27090.50,27103.25,13.75,27097.38,27093.94,2026-04-20 22:37:00,UP,2026-04-20 22:43:00,6,27104.75,27093.50,CME US Index Futures ETH,1-Minute
2026-04-20,22:30:00,NQ SEP26,15m,2026-04-20 22:30:00,27102.50,27105.25,27098.00,27104.00,7.25,27101.63,27099.81,2026-04-20 22:46:00,DOWN,2026-04-20 22:51:00,5,27103.75,27097.25,CME US Index Futures ETH,1-Minute
2026-04-21,01:15:00,NQ SEP26,15m,2026-04-21 01:15:00,27107.75,27125.75,27103.00,27122.00,22.75,27114.38,27108.69,2026-04-21 01:46:00,DOWN,2026-04-21 01:51:00,5,27111.75,27101.25,CME US Index Futures ETH,1-Minute
2026-04-21,02:45:00,NQ SEP26,15m,2026-04-21 02:45:00,27128.50,27138.50,27125.00,27132.50,13.50,27131.75,27128.38,2026-04-21 03:00:00,DOWN,2026-04-21 03:01:00,1,27129.50,27122.50,CME US Index Futures ETH,1-Minute
2026-04-21,03:45:00,NQ SEP26,15m,2026-04-21 03:45:00,27102.75,27108.25,27088.75,27104.75,19.50,27098.50,27093.63,2026-04-21 04:01:00,DOWN,2026-04-21 04:07:00,6,27100.50,27079.50,CME US Index Futures ETH,1-Minute
2026-04-21,04:45:00,NQ SEP26,15m,2026-04-21 04:45:00,27109.00,27136.25,27101.25,27129.25,35.00,27118.75,27110.00,2026-04-21 05:02:00,DOWN,2026-04-21 05:04:00,2,27115.75,27096.50,CME US Index Futures ETH,1-Minute
2026-04-21,06:45:00,NQ SEP26,15m,2026-04-21 06:45:00,27129.25,27145.75,27127.25,27143.00,18.50,27136.50,27131.88,2026-04-21 07:10:00,AMBIGUOUS,2026-04-21 07:10:00,0,27155.25,27122.25,CME US Index Futures ETH,1-Minute
2026-04-21,07:00:00,NQ SEP26,15m,2026-04-21 07:00:00,27143.50,27164.75,27140.75,27154.25,24.00,27152.75,27146.75,2026-04-21 07:15:00,DOWN,2026-04-21 07:15:00,0,27138.25,27134.25,CME US Index Futures ETH,1-Minute
2026-04-21,07:45:00,NQ SEP26,15m,2026-04-21 07:45:00,27157.75,27184.00,27156.50,27169.25,27.50,27170.25,27163.38,2026-04-21 08:00:00,DOWN,2026-04-21 08:00:00,0,27164.25,27150.75,CME US Index Futures ETH,1-Minute
2026-04-21,08:30:00,NQ SEP26,15m,2026-04-21 08:30:00,27138.00,27143.00,27110.25,27142.00,32.75,27126.63,27118.44,2026-04-21 08:45:00,DOWN,2026-04-21 08:45:00,0,27111.75,27099.25,CME US Index Futures ETH,1-Minute
2026-04-21,10:15:00,NQ SEP26,15m,2026-04-21 10:15:00,27121.00,27159.75,27103.25,27139.00,56.50,27131.50,27117.38,2026-04-21 10:30:00,DOWN,2026-04-21 10:41:00,11,27137.00,27100.25,CME US Index Futures ETH,1-Minute
2026-04-21,11:45:00,NQ SEP26,15m,2026-04-21 11:45:00,27005.50,27039.25,26974.75,27016.75,64.50,27007.00,26990.88,2026-04-21 12:27:00,DOWN,2026-04-21 12:44:00,17,27029.00,26963.75,CME US Index Futures ETH,1-Minute
2026-04-21,13:45:00,NQ SEP26,15m,2026-04-21 13:45:00,26917.25,27048.00,26914.50,27008.25,133.50,26981.25,26947.88,2026-04-21 14:17:00,UNRESOLVED,,,27012.75,26941.75,CME US Index Futures ETH,1-Minute
2026-04-21,14:15:00,NQ SEP26,15m,2026-04-21 14:15:00,26981.25,27012.00,26981.25,27005.00,30.75,26996.63,26988.94,2026-04-21 14:30:00,DOWN,2026-04-21 14:30:00,0,26962.50,26951.75,CME US Index Futures ETH,1-Minute
2026-04-21,15:15:00,NQ SEP26,15m,2026-04-21 15:15:00,27006.50,27054.50,27002.25,27017.50,52.25,27028.38,27015.31,2026-04-21 15:38:00,DOWN,2026-04-21 15:39:00,1,27024.75,26980.75,CME US Index Futures ETH,1-Minute
2026-04-21,15:30:00,NQ SEP26,15m,2026-04-21 15:30:00,27019.00,27062.75,27001.25,27059.50,61.50,27032.00,27016.63,2026-04-21 15:45:00,DOWN,2026-04-21 15:45:00,0,26864.75,26834.00,CME US Index Futures ETH,1-Minute
2026-04-21,18:15:00,NQ SEP26,15m,2026-04-21 18:15:00,27011.75,27042.75,27010.00,27039.00,32.75,27026.38,27018.19,2026-04-21 18:54:00,UNRESOLVED,,,27036.25,27016.00,CME US Index Futures ETH,1-Minute
2026-04-21,19:15:00,NQ SEP26,15m,2026-04-21 19:15:00,27022.50,27034.50,27017.25,27029.25,17.25,27025.88,27021.56,2026-04-21 19:36:00,UP,2026-04-21 19:39:00,3,27038.25,27021.25,CME US Index Futures ETH,1-Minute
2026-04-21,20:30:00,NQ SEP26,15m,2026-04-21 20:30:00,27085.50,27099.75,27077.75,27085.75,22.00,27088.75,27083.25,2026-04-21 20:47:00,DOWN,2026-04-21 20:51:00,4,27089.50,27077.50,CME US Index Futures ETH,1-Minute
2026-04-21,20:45:00,NQ SEP26,15m,2026-04-21 20:45:00,27085.50,27100.25,27085.25,27091.75,15.00,27092.75,27089.00,2026-04-21 21:00:00,DOWN,2026-04-21 21:00:00,0,27080.75,27077.50,CME US Index Futures ETH,1-Minute
2026-04-21,22:15:00,NQ SEP26,15m,2026-04-21 22:15:00,27103.50,27113.75,27099.00,27108.75,14.75,27106.38,27102.69,2026-04-21 22:34:00,DOWN,2026-04-21 22:34:00,0,27106.50,27099.00,CME US Index Futures ETH,1-Minute
2026-04-21,22:30:00,NQ SEP26,15m,2026-04-21 22:30:00,27110.25,27120.00,27100.00,27110.75,20.00,27110.00,27105.00,2026-04-21 22:45:00,DOWN,2026-04-21 22:45:00,0,27100.50,27098.75,CME US Index Futures ETH,1-Minute
2026-04-21,23:30:00,NQ SEP26,15m,2026-04-21 23:30:00,27090.00,27095.00,27086.25,27093.50,8.75,27090.63,27088.44,2026-04-21 23:56:00,UNRESOLVED,,,27094.00,27087.75,CME US Index Futures ETH,1-Minute
2026-04-21,23:45:00,NQ SEP26,15m,2026-04-21 23:45:00,27094.25,27107.00,27087.00,27096.50,20.00,27097.00,27092.00,2026-04-22 00:00:00,DOWN,2026-04-22 00:14:00,14,27099.75,27077.50,CME US Index Futures ETH,1-Minute
2026-04-22,00:15:00,NQ SEP26,15m,2026-04-22 00:15:00,27090.75,27099.75,27077.50,27095.00,22.25,27088.63,27083.06,2026-04-22 00:30:00,DOWN,2026-04-22 00:30:00,0,27081.50,27077.50,CME US Index Futures ETH,1-Minute
2026-04-22,01:45:00,NQ SEP26,15m,2026-04-22 01:45:00,27110.00,27122.75,27102.75,27117.25,20.00,27112.75,27107.75,2026-04-22 02:01:00,DOWN,2026-04-22 02:01:00,0,27117.25,27100.50,CME US Index Futures ETH,1-Minute
2026-04-22,02:45:00,NQ SEP26,15m,2026-04-22 02:45:00,27103.75,27127.25,27103.25,27118.25,24.00,27115.25,27109.25,2026-04-22 03:18:00,UP,2026-04-22 03:26:00,8,27130.50,27108.00,CME US Index Futures ETH,1-Minute
2026-04-22,03:45:00,NQ SEP26,15m,2026-04-22 03:45:00,27132.25,27146.75,27122.00,27145.25,24.75,27134.38,27128.19,2026-04-22 04:00:00,DOWN,2026-04-22 04:02:00,2,27133.25,27112.25,CME US Index Futures ETH,1-Minute
2026-04-22,05:30:00,NQ SEP26,15m,2026-04-22 05:30:00,27130.75,27143.00,27122.00,27138.00,21.00,27132.50,27127.25,2026-04-22 05:52:00,DOWN,2026-04-22 05:54:00,2,27135.25,27110.25,CME US Index Futures ETH,1-Minute
2026-04-22,05:45:00,NQ SEP26,15m,2026-04-22 05:45:00,27138.75,27142.50,27128.50,27141.50,14.00,27135.50,27132.00,2026-04-22 06:00:00,DOWN,2026-04-22 06:00:00,0,27112.00,27105.25,CME US Index Futures ETH,1-Minute
2026-04-22,06:30:00,NQ SEP26,15m,2026-04-22 06:30:00,27095.25,27118.75,27094.50,27115.00,24.25,27106.63,27100.56,2026-04-22 07:05:00,DOWN,2026-04-22 07:25:00,20,27116.50,27093.75,CME US Index Futures ETH,1-Minute
2026-04-22,08:15:00,NQ SEP26,15m,2026-04-22 08:15:00,27117.25,27182.75,27117.00,27179.50,65.75,27149.88,27133.44,2026-04-22 08:36:00,DOWN,2026-04-22 08:49:00,13,27151.75,27106.75,CME US Index Futures ETH,1-Minute
2026-04-22,09:15:00,NQ SEP26,15m,2026-04-22 09:15:00,27104.00,27157.25,27099.25,27115.75,58.00,27128.25,27113.75,2026-04-22 09:34:00,DOWN,2026-04-22 09:34:00,0,27127.50,27095.75,CME US Index Futures ETH,1-Minute
2026-04-22,09:30:00,NQ SEP26,15m,2026-04-22 09:30:00,27117.25,27170.25,27107.50,27163.50,62.75,27138.88,27123.19,2026-04-22 09:49:00,DOWN,2026-04-22 09:50:00,1,27150.25,27106.25,CME US Index Futures ETH,1-Minute
2026-04-22,11:30:00,NQ SEP26,15m,2026-04-22 11:30:00,27257.00,27291.00,27247.25,27272.50,43.75,27269.13,27258.19,2026-04-22 11:45:00,DOWN,2026-04-22 11:46:00,1,27259.00,27245.25,CME US Index Futures ETH,1-Minute
2026-04-22,12:15:00,NQ SEP26,15m,2026-04-22 12:15:00,27262.75,27287.25,27249.25,27279.75,38.00,27268.25,27258.75,2026-04-22 12:30:00,DOWN,2026-04-22 12:31:00,1,27268.50,27241.00,CME US Index Futures ETH,1-Minute
2026-04-22,13:45:00,NQ SEP26,15m,2026-04-22 13:45:00,27310.25,27327.25,27308.50,27323.00,18.75,27317.88,27313.19,2026-04-22 14:00:00,DOWN,2026-04-22 14:01:00,1,27321.00,27306.75,CME US Index Futures ETH,1-Minute
2026-04-22,14:15:00,NQ SEP26,15m,2026-04-22 14:15:00,27312.00,27323.25,27305.25,27312.50,18.00,27314.25,27309.75,2026-04-22 14:30:00,DOWN,2026-04-22 14:30:00,0,27289.50,27280.50,CME US Index Futures ETH,1-Minute
2026-04-22,14:45:00,NQ SEP26,15m,2026-04-22 14:45:00,27282.00,27310.25,27279.25,27307.75,31.00,27294.75,27287.00,2026-04-22 15:01:00,DOWN,2026-04-22 15:01:00,0,27298.75,27269.25,CME US Index Futures ETH,1-Minute
2026-04-22,16:15:00,NQ SEP26,15m,2026-04-22 16:15:00,27361.50,27418.25,27351.25,27392.50,67.00,27384.75,27368.00,2026-04-22 16:37:00,DOWN,2026-04-22 18:01:00,84,27394.50,27348.25,CME US Index Futures ETH,1-Minute
2026-04-22,17:00:00,NQ SEP26,15m,2026-04-22 17:00:00,27377.00,27390.75,27375.00,27388.75,15.75,27382.88,27378.94,2026-04-22 18:15:00,DOWN,2026-04-22 18:15:00,0,27374.50,27367.25,CME US Index Futures ETH,1-Minute
2026-04-22,19:30:00,NQ SEP26,15m,2026-04-22 19:30:00,27374.00,27382.00,27371.00,27376.50,11.00,27376.50,27373.75,2026-04-22 19:46:00,DOWN,2026-04-22 20:01:00,15,27381.00,27368.00,CME US Index Futures ETH,1-Minute
2026-04-22,20:00:00,NQ SEP26,15m,2026-04-22 20:00:00,27372.50,27381.00,27372.25,27378.25,8.75,27376.63,27374.44,2026-04-22 20:15:00,DOWN,2026-04-22 20:15:00,0,27249.50,27218.25,CME US Index Futures ETH,1-Minute
2026-04-22,21:00:00,NQ SEP26,15m,2026-04-22 21:00:00,27330.25,27349.25,27322.75,27343.00,26.50,27336.00,27329.38,2026-04-22 21:15:00,DOWN,2026-04-22 21:15:00,0,27315.00,27306.50,CME US Index Futures ETH,1-Minute
2026-04-22,22:30:00,NQ SEP26,15m,2026-04-22 22:30:00,27238.75,27274.75,27232.25,27248.50,42.50,27253.50,27242.88,2026-04-22 22:45:00,DOWN,2026-04-22 22:57:00,12,27255.00,27226.00,CME US Index Futures ETH,1-Minute
2026-04-23,01:00:00,NQ SEP26,15m,2026-04-23 01:00:00,27226.75,27239.50,27222.00,27238.25,17.50,27230.75,27226.38,2026-04-23 01:17:00,UP,2026-04-23 01:17:00,0,27242.25,27222.75,CME US Index Futures ETH,1-Minute
2026-04-23,01:15:00,NQ SEP26,15m,2026-04-23 01:15:00,27238.25,27249.00,27235.50,27243.25,13.50,27242.25,27238.88,2026-04-23 01:30:00,DOWN,2026-04-23 01:30:00,0,27236.00,27230.75,CME US Index Futures ETH,1-Minute
2026-04-23,02:30:00,NQ SEP26,15m,2026-04-23 02:30:00,27267.00,27289.50,27264.25,27282.75,25.25,27276.88,27270.56,2026-04-23 02:50:00,DOWN,2026-04-23 02:58:00,8,27283.25,27263.75,CME US Index Futures ETH,1-Minute
2026-04-23,03:15:00,NQ SEP26,15m,2026-04-23 03:15:00,27273.50,27282.25,27263.75,27276.75,18.50,27273.00,27268.38,2026-04-23 03:31:00,DOWN,2026-04-23 03:31:00,0,27270.25,27261.00,CME US Index Futures ETH,1-Minute
2026-04-23,03:45:00,NQ SEP26,15m,2026-04-23 03:45:00,27269.25,27281.25,27252.50,27277.75,28.75,27266.88,27259.69,2026-04-23 04:04:00,DOWN,2026-04-23 04:06:00,2,27265.50,27250.50,CME US Index Futures ETH,1-Minute
2026-04-23,04:30:00,NQ SEP26,15m,2026-04-23 04:30:00,27252.75,27273.75,27246.25,27259.00,27.50,27260.00,27253.13,2026-04-23 04:45:00,DOWN,2026-04-23 04:45:00,0,27217.50,27211.00,CME US Index Futures ETH,1-Minute
2026-04-23,05:45:00,NQ SEP26,15m,2026-04-23 05:45:00,27224.75,27243.75,27223.75,27232.00,20.00,27233.75,27228.75,2026-04-23 06:00:00,DOWN,2026-04-23 06:00:00,0,27226.25,27223.25,CME US Index Futures ETH,1-Minute
2026-04-23,07:15:00,NQ SEP26,15m,2026-04-23 07:15:00,27261.75,27277.25,27250.75,27263.00,26.50,27264.00,27257.38,2026-04-23 07:30:00,DOWN,2026-04-23 07:30:00,0,27254.75,27238.00,CME US Index Futures ETH,1-Minute
2026-04-23,08:15:00,NQ SEP26,15m,2026-04-23 08:15:00,27314.75,27362.00,27309.25,27345.00,52.75,27335.63,27322.44,2026-04-23 08:30:00,DOWN,2026-04-23 08:39:00,9,27331.75,27306.50,CME US Index Futures ETH,1-Minute
2026-04-23,08:45:00,NQ SEP26,15m,2026-04-23 08:45:00,27314.50,27331.75,27306.50,27315.75,25.25,27319.13,27312.81,2026-04-23 09:00:00,DOWN,2026-04-23 09:00:00,0,27293.50,27288.50,CME US Index Futures ETH,1-Minute
2026-04-23,09:45:00,NQ SEP26,15m,2026-04-23 09:45:00,27296.50,27350.25,27247.25,27341.50,103.00,27298.75,27273.00,2026-04-23 10:01:00,UNRESOLVED,,,27341.25,27252.25,CME US Index Futures ETH,1-Minute
2026-04-23,11:30:00,NQ SEP26,15m,2026-04-23 11:30:00,27402.00,27432.00,27390.50,27413.50,41.50,27411.25,27400.88,2026-04-23 11:45:00,DOWN,2026-04-23 11:46:00,1,27413.25,27379.75,CME US Index Futures ETH,1-Minute
2026-04-23,12:30:00,NQ SEP26,15m,2026-04-23 12:30:00,27362.75,27387.00,27349.25,27371.25,37.75,27368.13,27358.69,2026-04-23 12:59:00,UP,2026-04-23 12:59:00,0,27388.25,27356.00,CME US Index Futures ETH,1-Minute
2026-04-23,12:45:00,NQ SEP26,15m,2026-04-23 12:45:00,27370.50,27401.25,27365.75,27383.75,35.50,27383.50,27374.63,2026-04-23 13:00:00,DOWN,2026-04-23 13:00:00,0,27376.50,27365.75,CME US Index Futures ETH,1-Minute
2026-04-23,14:30:00,NQ SEP26,15m,2026-04-23 14:30:00,27201.00,27224.75,27182.50,27220.75,42.25,27203.63,27193.06,2026-04-23 14:51:00,DOWN,2026-04-23 14:51:00,0,27196.25,27177.25,CME US Index Futures ETH,1-Minute
2026-04-23,14:45:00,NQ SEP26,15m,2026-04-23 14:45:00,27220.25,27264.50,27205.50,27229.75,59.00,27235.00,27220.25,2026-04-23 15:00:00,DOWN,2026-04-23 15:00:00,0,27168.50,27124.75,CME US Index Futures ETH,1-Minute
2026-04-23,15:15:00,NQ SEP26,15m,2026-04-23 15:15:00,27142.75,27186.75,27124.50,27185.50,62.25,27155.63,27140.06,2026-04-23 15:39:00,UNRESOLVED,,,27177.50,27138.50,CME US Index Futures ETH,1-Minute
2026-04-23,15:30:00,NQ SEP26,15m,2026-04-23 15:30:00,27185.75,27208.50,27184.50,27197.25,24.00,27196.50,27190.50,2026-04-23 15:45:00,DOWN,2026-04-23 15:45:00,0,27157.25,27148.75,CME US Index Futures ETH,1-Minute
2026-04-23,16:45:00,NQ SEP26,15m,2026-04-23 16:45:00,27242.75,27251.50,27234.50,27245.25,17.00,27243.00,27238.75,2026-04-23 17:00:00,DOWN,2026-04-23 17:00:00,0,27230.50,27215.00,CME US Index Futures ETH,1-Minute
2026-04-23,19:00:00,NQ SEP26,15m,2026-04-23 19:00:00,27315.75,27335.25,27315.50,27325.00,19.75,27325.38,27320.44,2026-04-23 19:15:00,UP,2026-04-23 19:31:00,16,27340.50,27315.75,CME US Index Futures ETH,1-Minute
2026-04-23,20:30:00,NQ SEP26,15m,2026-04-23 20:30:00,27392.25,27409.00,27384.75,27407.25,24.25,27396.88,27390.81,2026-04-23 20:51:00,UP,2026-04-23 21:03:00,12,27409.75,27388.75,CME US Index Futures ETH,1-Minute
2026-04-23,21:30:00,NQ SEP26,15m,2026-04-23 21:30:00,27400.25,27410.75,27392.50,27405.50,18.25,27401.63,27397.06,2026-04-23 21:45:00,DOWN,2026-04-23 21:45:00,0,27395.25,27391.00,CME US Index Futures ETH,1-Minute
2026-04-23,22:00:00,NQ SEP26,15m,2026-04-23 22:00:00,27393.00,27408.50,27391.50,27401.00,17.00,27400.00,27395.75,2026-04-23 22:15:00,DOWN,2026-04-23 22:15:00,0,27378.00,27372.50,CME US Index Futures ETH,1-Minute
2026-04-23,22:45:00,NQ SEP26,15m,2026-04-23 22:45:00,27360.25,27375.25,27358.00,27368.50,17.25,27366.63,27362.31,2026-04-23 23:00:00,DOWN,2026-04-23 23:00:00,0,27355.00,27351.25,CME US Index Futures ETH,1-Minute
2026-04-24,00:00:00,NQ SEP26,15m,2026-04-24 00:00:00,27312.50,27331.25,27311.75,27314.25,19.50,27321.50,27316.63,2026-04-24 00:17:00,DOWN,2026-04-24 00:17:00,0,27322.00,27309.00,CME US Index Futures ETH,1-Minute
2026-04-24,00:15:00,NQ SEP26,15m,2026-04-24 00:15:00,27313.25,27328.50,27302.00,27324.25,26.50,27315.25,27308.63,2026-04-24 00:30:00,UP,2026-04-24 00:47:00,17,27330.25,27305.00,CME US Index Futures ETH,1-Minute
2026-04-24,01:00:00,NQ SEP26,15m,2026-04-24 01:00:00,27322.00,27339.50,27321.50,27336.50,18.00,27330.50,27326.00,2026-04-24 01:19:00,UP,2026-04-24 01:25:00,6,27344.75,27323.25,CME US Index Futures ETH,1-Minute
2026-04-24,02:00:00,NQ SEP26,15m,2026-04-24 02:00:00,27355.00,27369.00,27352.50,27368.25,16.50,27360.75,27356.63,2026-04-24 02:28:00,UNRESOLVED,,,27361.00,27355.75,CME US Index Futures ETH,1-Minute
2026-04-24,02:15:00,NQ SEP26,15m,2026-04-24 02:15:00,27368.50,27381.50,27361.50,27370.75,20.00,27371.50,27366.50,2026-04-24 02:30:00,DOWN,2026-04-24 02:30:00,0,27357.25,27353.00,CME US Index Futures ETH,1-Minute
2026-04-24,02:45:00,NQ SEP26,15m,2026-04-24 02:45:00,27354.50,27371.25,27354.50,27363.25,16.75,27362.88,27358.69,2026-04-24 03:00:00,DOWN,2026-04-24 03:01:00,1,27366.25,27353.50,CME US Index Futures ETH,1-Minute
2026-04-24,03:15:00,NQ SEP26,15m,2026-04-24 03:15:00,27356.50,27389.50,27353.50,27384.75,36.00,27371.50,27362.50,2026-04-24 03:41:00,UNRESOLVED,,,27369.25,27362.25,CME US Index Futures ETH,1-Minute
2026-04-24,03:30:00,NQ SEP26,15m,2026-04-24 03:30:00,27383.25,27397.00,27371.75,27390.50,25.25,27384.38,27378.06,2026-04-24 03:45:00,DOWN,2026-04-24 03:45:00,0,27369.50,27365.00,CME US Index Futures ETH,1-Minute
2026-04-24,04:00:00,NQ SEP26,15m,2026-04-24 04:00:00,27367.75,27393.50,27365.25,27391.25,28.25,27379.38,27372.31,2026-04-24 04:15:00,UP,2026-04-24 04:16:00,1,27399.50,27370.75,CME US Index Futures ETH,1-Minute
2026-04-24,04:30:00,NQ SEP26,15m,2026-04-24 04:30:00,27375.25,27436.00,27375.00,27393.00,61.00,27405.50,27390.25,2026-04-24 04:45:00,DOWN,2026-04-24 04:45:00,0,27370.75,27364.00,CME US Index Futures ETH,1-Minute
2026-04-24,05:00:00,NQ SEP26,15m,2026-04-24 05:00:00,27366.25,27394.00,27363.75,27376.75,30.25,27378.88,27371.31,2026-04-24 05:23:00,DOWN,2026-04-24 05:23:00,0,27380.75,27346.75,CME US Index Futures ETH,1-Minute
2026-04-24,07:30:00,NQ SEP26,15m,2026-04-24 07:30:00,27562.75,27638.00,27547.50,27632.50,90.50,27592.75,27570.13,2026-04-24 07:45:00,DOWN,2026-04-24 07:59:00,14,27579.75,27547.50,CME US Index Futures ETH,1-Minute
2026-04-24,08:15:00,NQ SEP26,15m,2026-04-24 08:15:00,27559.25,27586.25,27550.00,27582.50,36.25,27568.13,27559.06,2026-04-24 08:32:00,DOWN,2026-04-24 08:35:00,3,27569.50,27540.00,CME US Index Futures ETH,1-Minute
2026-04-24,09:15:00,NQ SEP26,15m,2026-04-24 09:15:00,27520.25,27549.00,27508.50,27526.75,40.50,27528.75,27518.63,2026-04-24 09:30:00,DOWN,2026-04-24 09:30:00,0,27517.25,27488.50,CME US Index Futures ETH,1-Minute
2026-04-24,09:45:00,NQ SEP26,15m,2026-04-24 09:45:00,27492.25,27542.25,27458.50,27497.75,83.75,27500.38,27479.44,2026-04-24 10:00:00,DOWN,2026-04-24 10:01:00,1,27482.25,27446.75,CME US Index Futures ETH,1-Minute
2026-04-24,10:15:00,NQ SEP26,15m,2026-04-24 10:15:00,27476.00,27549.50,27440.75,27516.50,108.75,27495.13,27467.94,2026-04-24 10:32:00,UP,2026-04-24 10:47:00,15,27562.00,27450.00,CME US Index Futures ETH,1-Minute
2026-04-24,13:00:00,NQ SEP26,15m,2026-04-24 13:00:00,27674.50,27700.50,27666.25,27692.00,34.25,27683.38,27674.81,2026-04-24 13:21:00,DOWN,2026-04-24 13:22:00,1,27680.50,27663.25,CME US Index Futures ETH,1-Minute
2026-04-24,14:00:00,NQ SEP26,15m,2026-04-24 14:00:00,27697.25,27744.75,27693.25,27715.00,51.50,27719.00,27706.13,2026-04-24 14:15:00,DOWN,2026-04-24 14:15:00,0,27698.25,27689.50,CME US Index Futures ETH,1-Minute
2026-04-24,15:15:00,NQ SEP26,15m,2026-04-24 15:15:00,27690.75,27727.75,27690.00,27723.75,37.75,27708.88,27699.44,2026-04-24 15:31:00,DOWN,2026-04-24 15:32:00,1,27706.25,27688.75,CME US Index Futures ETH,1-Minute
2026-04-24,16:00:00,NQ SEP26,15m,2026-04-24 16:00:00,27699.25,27728.25,27690.25,27716.50,38.00,27709.25,27699.75,2026-04-24 16:15:00,UNRESOLVED,,,27725.50,27695.00,CME US Index Futures ETH,1-Minute
2026-04-24,16:45:00,NQ SEP26,15m,2026-04-24 16:45:00,27701.75,27725.50,27701.25,27716.75,24.25,27713.38,27707.31,2026-04-26 18:01:00,DOWN,2026-04-26 18:01:00,0,27704.00,27662.25,CME US Index Futures ETH,1-Minute
2026-04-24,17:00:00,NQ SEP26,15m,2026-04-24 17:00:00,27716.75,27726.75,27711.25,27722.50,15.50,27719.00,27715.13,2026-04-26 18:15:00,DOWN,2026-04-26 18:15:00,0,27646.75,27638.25,CME US Index Futures ETH,1-Minute
2026-04-26,19:00:00,NQ SEP26,15m,2026-04-26 19:00:00,27665.75,27682.00,27662.25,27677.75,19.75,27672.13,27667.19,2026-04-26 19:15:00,DOWN,2026-04-26 19:15:00,0,27664.75,27661.50,CME US Index Futures ETH,1-Minute
2026-04-26,19:30:00,NQ SEP26,15m,2026-04-26 19:30:00,27663.00,27677.25,27662.00,27665.00,15.25,27669.63,27665.81,2026-04-26 19:45:00,DOWN,2026-04-26 19:45:00,0,27660.50,27658.25,CME US Index Futures ETH,1-Minute
2026-04-26,22:00:00,NQ SEP26,15m,2026-04-26 22:00:00,27797.50,27822.25,27792.75,27820.00,29.50,27807.50,27800.13,2026-04-26 22:21:00,UNRESOLVED,,,27818.50,27793.25,CME US Index Futures ETH,1-Minute
2026-04-26,23:45:00,NQ SEP26,15m,2026-04-26 23:45:00,27810.50,27815.25,27802.25,27811.75,13.00,27808.75,27805.50,2026-04-27 00:02:00,DOWN,2026-04-27 00:03:00,1,27806.25,27798.25,CME US Index Futures ETH,1-Minute
2026-04-27,00:30:00,NQ SEP26,15m,2026-04-27 00:30:00,27796.25,27813.25,27796.25,27811.00,17.00,27804.75,27800.50,2026-04-27 00:57:00,DOWN,2026-04-27 00:57:00,0,27801.75,27794.75,CME US Index Futures ETH,1-Minute
2026-04-27,00:45:00,NQ SEP26,15m,2026-04-27 00:45:00,27811.50,27822.25,27807.25,27814.75,15.00,27814.75,27811.00,2026-04-27 01:00:00,DOWN,2026-04-27 01:00:00,0,27801.75,27799.50,CME US Index Futures ETH,1-Minute
2026-04-27,02:30:00,NQ SEP26,15m,2026-04-27 02:30:00,27722.75,27734.50,27710.25,27733.25,24.25,27722.38,27716.31,2026-04-27 02:58:00,DOWN,2026-04-27 03:01:00,3,27722.25,27701.75,CME US Index Futures ETH,1-Minute
2026-04-27,03:45:00,NQ SEP26,15m,2026-04-27 03:45:00,27700.75,27708.50,27688.00,27702.50,20.50,27698.25,27693.13,2026-04-27 04:02:00,UP,2026-04-27 04:02:00,0,27717.00,27693.00,CME US Index Futures ETH,1-Minute
2026-04-27,04:00:00,NQ SEP26,15m,2026-04-27 04:00:00,27703.50,27717.25,27698.00,27708.25,19.25,27707.63,27702.81,2026-04-27 04:15:00,DOWN,2026-04-27 04:15:00,0,27677.50,27671.50,CME US Index Futures ETH,1-Minute
2026-04-27,05:45:00,NQ SEP26,15m,2026-04-27 05:45:00,27733.50,27741.50,27729.50,27735.00,12.00,27735.50,27732.50,2026-04-27 06:08:00,DOWN,2026-04-27 06:09:00,1,27737.00,27726.25,CME US Index Futures ETH,1-Minute
2026-04-27,06:00:00,NQ SEP26,15m,2026-04-27 06:00:00,27733.75,27748.50,27732.50,27737.25,16.00,27740.50,27736.50,2026-04-27 06:15:00,DOWN,2026-04-27 06:15:00,0,27728.75,27725.25,CME US Index Futures ETH,1-Minute
2026-04-27,07:15:00,NQ SEP26,15m,2026-04-27 07:15:00,27757.75,27774.50,27757.25,27767.25,17.25,27765.88,27761.56,2026-04-27 07:39:00,UNRESOLVED,,,27770.00,27760.50,CME US Index Futures ETH,1-Minute
2026-04-27,07:30:00,NQ SEP26,15m,2026-04-27 07:30:00,27767.00,27781.00,27760.25,27775.25,20.75,27770.63,27765.44,2026-04-27 07:45:00,DOWN,2026-04-27 07:57:00,12,27774.75,27760.25,CME US Index Futures ETH,1-Minute
2026-04-27,09:00:00,NQ SEP26,15m,2026-04-27 09:00:00,27701.25,27719.50,27690.50,27701.50,29.00,27705.00,27697.75,2026-04-27 09:15:00,DOWN,2026-04-27 09:26:00,11,27707.75,27685.25,CME US Index Futures ETH,1-Minute
2026-04-27,10:00:00,NQ SEP26,15m,2026-04-27 10:00:00,27670.25,27695.50,27580.75,27684.00,114.75,27638.13,27609.44,2026-04-27 10:32:00,UNRESOLVED,,,27688.25,27603.75,CME US Index Futures ETH,1-Minute
2026-04-27,10:45:00,NQ SEP26,15m,2026-04-27 10:45:00,27642.50,27688.25,27603.75,27659.25,84.50,27646.00,27624.88,2026-04-27 11:04:00,DOWN,2026-04-27 11:22:00,18,27649.25,27600.00,CME US Index Futures ETH,1-Minute
2026-04-27,12:45:00,NQ SEP26,15m,2026-04-27 12:45:00,27658.75,27688.75,27658.75,27678.50,30.00,27673.75,27666.25,2026-04-27 13:19:00,UP,2026-04-27 13:24:00,5,27703.00,27662.50,CME US Index Futures ETH,1-Minute
2026-04-27,13:45:00,NQ SEP26,15m,2026-04-27 13:45:00,27693.50,27721.00,27693.00,27712.25,28.00,27707.00,27700.00,2026-04-27 14:03:00,UNRESOLVED,,,27719.50,27699.50,CME US Index Futures ETH,1-Minute
2026-04-27,14:15:00,NQ SEP26,15m,2026-04-27 14:15:00,27710.75,27718.25,27699.50,27712.00,18.75,27708.88,27704.19,2026-04-27 14:35:00,DOWN,2026-04-27 14:42:00,7,27714.50,27696.25,CME US Index Futures ETH,1-Minute
2026-04-27,16:00:00,NQ SEP26,15m,2026-04-27 16:00:00,27711.50,27737.00,27709.75,27726.25,27.25,27723.38,27716.56,2026-04-27 16:15:00,DOWN,2026-04-27 16:15:00,0,27709.50,27706.00,CME US Index Futures ETH,1-Minute
2026-04-27,16:45:00,NQ SEP26,15m,2026-04-27 16:45:00,27706.75,27721.75,27706.50,27716.75,15.25,27714.13,27710.31,2026-04-27 17:00:00,DOWN,2026-04-27 17:00:00,0,27705.25,27700.50,CME US Index Futures ETH,1-Minute
2026-04-27,18:30:00,NQ SEP26,15m,2026-04-27 18:30:00,27767.00,27783.75,27766.75,27774.75,17.00,27775.25,27771.00,2026-04-27 18:48:00,DOWN,2026-04-27 18:51:00,3,27773.75,27764.25,CME US Index Futures ETH,1-Minute
2026-04-27,18:45:00,NQ SEP26,15m,2026-04-27 18:45:00,27775.75,27781.50,27771.50,27778.25,10.00,27776.50,27774.00,2026-04-27 19:00:00,DOWN,2026-04-27 19:00:00,0,27769.50,27767.00,CME US Index Futures ETH,1-Minute
2026-04-27,19:45:00,NQ SEP26,15m,2026-04-27 19:45:00,27771.75,27786.75,27768.50,27779.75,18.25,27777.63,27773.06,2026-04-27 20:00:00,DOWN,2026-04-27 20:01:00,1,27777.50,27767.25,CME US Index Futures ETH,1-Minute
2026-04-27,20:15:00,NQ SEP26,15m,2026-04-27 20:15:00,27772.50,27794.25,27763.00,27784.75,31.25,27778.63,27770.81,2026-04-27 20:30:00,DOWN,2026-04-27 20:30:00,0,27747.75,27742.25,CME US Index Futures ETH,1-Minute
2026-04-27,20:45:00,NQ SEP26,15m,2026-04-27 20:45:00,27748.25,27761.00,27738.50,27757.00,22.50,27749.75,27744.13,2026-04-27 21:01:00,DOWN,2026-04-27 21:02:00,1,27755.25,27736.00,CME US Index Futures ETH,1-Minute
2026-04-27,21:30:00,NQ SEP26,15m,2026-04-27 21:30:00,27743.00,27754.25,27735.50,27752.25,18.75,27744.88,27740.19,2026-04-27 21:50:00,UP,2026-04-27 21:50:00,0,27761.50,27739.25,CME US Index Futures ETH,1-Minute
2026-04-27,21:45:00,NQ SEP26,15m,2026-04-27 21:45:00,27753.00,27766.75,27740.00,27761.75,26.75,27753.38,27746.69,2026-04-27 22:00:00,DOWN,2026-04-27 22:00:00,0,27709.25,27699.75,CME US Index Futures ETH,1-Minute
2026-04-27,22:15:00,NQ SEP26,15m,2026-04-27 22:15:00,27705.75,27716.75,27693.75,27713.00,23.00,27705.25,27699.50,2026-04-27 22:31:00,DOWN,2026-04-27 22:40:00,9,27712.25,27688.50,CME US Index Futures ETH,1-Minute
2026-04-27,23:30:00,NQ SEP26,15m,2026-04-27 23:30:00,27689.75,27704.50,27688.25,27702.25,16.25,27696.38,27692.31,2026-04-27 23:51:00,UNRESOLVED,,,27696.25,27688.50,CME US Index Futures ETH,1-Minute
2026-04-27,23:45:00,NQ SEP26,15m,2026-04-27 23:45:00,27702.50,27711.50,27701.75,27704.00,9.75,27706.63,27704.19,2026-04-28 00:00:00,DOWN,2026-04-28 00:00:00,0,27693.00,27690.75,CME US Index Futures ETH,1-Minute
2026-04-28,00:30:00,NQ SEP26,15m,2026-04-28 00:30:00,27706.25,27712.25,27704.00,27709.00,8.25,27708.13,27706.06,2026-04-28 00:56:00,DOWN,2026-04-28 00:58:00,2,27710.25,27702.75,CME US Index Futures ETH,1-Minute
2026-04-28,00:45:00,NQ SEP26,15m,2026-04-28 00:45:00,27710.00,27720.50,27709.25,27718.00,11.25,27714.88,27712.06,2026-04-28 01:00:00,DOWN,2026-04-28 01:00:00,0,27702.25,27697.75,CME US Index Futures ETH,1-Minute
2026-04-28,01:30:00,NQ SEP26,15m,2026-04-28 01:30:00,27669.00,27680.25,27657.75,27676.50,22.50,27669.00,27663.38,2026-04-28 01:45:00,DOWN,2026-04-28 01:45:00,0,27653.75,27646.50,CME US Index Futures ETH,1-Minute
2026-04-28,02:15:00,NQ SEP26,15m,2026-04-28 02:15:00,27645.25,27660.50,27636.50,27653.75,24.00,27648.50,27642.50,2026-04-28 02:35:00,DOWN,2026-04-28 02:37:00,2,27648.00,27629.25,CME US Index Futures ETH,1-Minute
2026-04-28,03:00:00,NQ SEP26,15m,2026-04-28 03:00:00,27617.75,27625.00,27604.25,27620.00,20.75,27614.63,27609.44,2026-04-28 03:27:00,DOWN,2026-04-28 03:28:00,1,27616.75,27603.50,CME US Index Futures ETH,1-Minute
2026-04-28,03:45:00,NQ SEP26,15m,2026-04-28 03:45:00,27611.00,27634.50,27608.50,27620.75,26.00,27621.50,27615.00,2026-04-28 04:00:00,DOWN,2026-04-28 04:01:00,1,27623.50,27606.75,CME US Index Futures ETH,1-Minute
2026-04-28,04:30:00,NQ SEP26,15m,2026-04-28 04:30:00,27598.50,27642.25,27597.75,27639.50,44.50,27620.00,27608.88,2026-04-28 05:09:00,UNRESOLVED,,,27629.25,27608.00,CME US Index Futures ETH,1-Minute
2026-04-28,05:00:00,NQ SEP26,15m,2026-04-28 05:00:00,27626.75,27634.75,27616.00,27634.25,18.75,27625.38,27620.69,2026-04-28 05:16:00,DOWN,2026-04-28 05:16:00,0,27625.25,27615.75,CME US Index Futures ETH,1-Minute
2026-04-28,06:30:00,NQ SEP26,15m,2026-04-28 06:30:00,27546.50,27566.50,27533.25,27552.25,33.25,27549.88,27541.56,2026-04-28 06:45:00,DOWN,2026-04-28 06:46:00,1,27540.75,27529.75,CME US Index Futures ETH,1-Minute
2026-04-28,07:00:00,NQ SEP26,15m,2026-04-28 07:00:00,27534.75,27548.00,27521.00,27544.25,27.00,27534.50,27527.75,2026-04-28 07:15:00,DOWN,2026-04-28 07:15:00,0,27482.25,27474.00,CME US Index Futures ETH,1-Minute
2026-04-28,08:15:00,NQ SEP26,15m,2026-04-28 08:15:00,27377.00,27390.00,27345.25,27381.25,44.75,27367.63,27356.44,2026-04-28 08:30:00,DOWN,2026-04-28 08:30:00,0,27341.00,27329.25,CME US Index Futures ETH,1-Minute
2026-04-28,09:00:00,NQ SEP26,15m,2026-04-28 09:00:00,27375.75,27435.75,27373.50,27431.25,62.25,27404.63,27389.06,2026-04-28 09:31:00,AMBIGUOUS,2026-04-28 09:31:00,0,27444.75,27363.75,CME US Index Futures ETH,1-Minute
2026-04-28,10:15:00,NQ SEP26,15m,2026-04-28 10:15:00,27484.00,27517.25,27450.75,27487.25,66.50,27484.00,27467.38,2026-04-28 10:30:00,DOWN,2026-04-28 10:30:00,0,27466.00,27446.00,CME US Index Futures ETH,1-Minute
2026-04-28,11:15:00,NQ SEP26,15m,2026-04-28 11:15:00,27373.50,27402.00,27313.75,27378.25,88.25,27357.88,27335.81,2026-04-28 11:30:00,DOWN,2026-04-28 11:32:00,2,27339.75,27303.50,CME US Index Futures ETH,1-Minute
2026-04-28,12:15:00,NQ SEP26,15m,2026-04-28 12:15:00,27335.75,27369.00,27322.25,27352.75,46.75,27345.63,27333.94,2026-04-28 12:33:00,DOWN,2026-04-28 12:36:00,3,27344.75,27311.25,CME US Index Futures ETH,1-Minute
2026-04-28,13:00:00,NQ SEP26,15m,2026-04-28 13:00:00,27321.75,27378.00,27319.25,27366.50,58.75,27348.63,27333.94,2026-04-28 13:20:00,UP,2026-04-28 13:33:00,13,27378.50,27330.25,CME US Index Futures ETH,1-Minute
2026-04-28,15:00:00,NQ SEP26,15m,2026-04-28 15:00:00,27460.50,27477.00,27452.25,27476.50,24.75,27464.63,27458.44,2026-04-28 15:21:00,UNRESOLVED,,,27474.25,27456.00,CME US Index Futures ETH,1-Minute
2026-04-28,15:15:00,NQ SEP26,15m,2026-04-28 15:15:00,27477.00,27506.75,27469.75,27489.50,37.00,27488.25,27479.00,2026-04-28 15:30:00,DOWN,2026-04-28 15:30:00,0,27472.25,27462.50,CME US Index Futures ETH,1-Minute
2026-04-28,16:30:00,NQ SEP26,15m,2026-04-28 16:30:00,27468.50,27489.50,27468.00,27482.50,21.50,27478.75,27473.38,2026-04-28 16:51:00,DOWN,2026-04-28 16:58:00,7,27476.25,27467.50,CME US Index Futures ETH,1-Minute
2026-04-28,18:45:00,NQ SEP26,15m,2026-04-28 18:45:00,27497.25,27509.25,27497.25,27502.75,12.00,27503.25,27500.25,2026-04-28 19:03:00,DOWN,2026-04-28 19:13:00,10,27505.75,27496.00,CME US Index Futures ETH,1-Minute
2026-04-28,19:00:00,NQ SEP26,15m,2026-04-28 19:00:00,27502.50,27506.00,27500.25,27506.00,5.75,27503.13,27501.69,2026-04-28 19:15:00,UP,2026-04-28 19:17:00,2,27507.50,27501.25,CME US Index Futures ETH,1-Minute
2026-04-28,20:30:00,NQ SEP26,15m,2026-04-28 20:30:00,27559.50,27571.50,27546.25,27571.25,25.25,27558.88,27552.56,2026-04-28 20:47:00,DOWN,2026-04-28 20:53:00,6,27559.25,27545.50,CME US Index Futures ETH,1-Minute
2026-04-28,22:15:00,NQ SEP26,15m,2026-04-28 22:15:00,27529.50,27554.00,27524.50,27552.25,29.50,27539.25,27531.88,2026-04-28 22:36:00,UP,2026-04-28 23:02:00,26,27554.75,27529.75,CME US Index Futures ETH,1-Minute
2026-04-28,23:30:00,NQ SEP26,15m,2026-04-28 23:30:00,27564.50,27574.00,27563.75,27570.25,10.25,27568.88,27566.31,2026-04-28 23:45:00,DOWN,2026-04-28 23:45:00,0,27566.25,27563.50,CME US Index Futures ETH,1-Minute
2026-04-29,00:45:00,NQ SEP26,15m,2026-04-29 00:45:00,27576.25,27594.50,27576.25,27585.50,18.25,27585.38,27580.81,2026-04-29 01:00:00,DOWN,2026-04-29 01:02:00,2,27581.75,27571.50,CME US Index Futures ETH,1-Minute
2026-04-29,01:45:00,NQ SEP26,15m,2026-04-29 01:45:00,27577.00,27586.00,27570.25,27584.75,15.75,27578.13,27574.19,2026-04-29 02:16:00,DOWN,2026-04-29 02:17:00,1,27577.25,27569.75,CME US Index Futures ETH,1-Minute
2026-04-29,02:45:00,NQ SEP26,15m,2026-04-29 02:45:00,27565.25,27581.75,27560.50,27574.00,21.25,27571.13,27565.81,2026-04-29 03:00:00,DOWN,2026-04-29 03:00:00,0,27548.75,27542.75,CME US Index Futures ETH,1-Minute
2026-04-29,03:30:00,NQ SEP26,15m,2026-04-29 03:30:00,27540.00,27550.50,27528.75,27545.50,21.75,27539.63,27534.19,2026-04-29 03:45:00,DOWN,2026-04-29 03:45:00,0,27531.25,27520.00,CME US Index Futures ETH,1-Minute
2026-04-29,05:15:00,NQ SEP26,15m,2026-04-29 05:15:00,27523.25,27544.25,27512.00,27536.75,32.25,27528.13,27520.06,2026-04-29 05:41:00,DOWN,2026-04-29 05:57:00,16,27531.75,27504.50,CME US Index Futures ETH,1-Minute
2026-04-29,06:30:00,NQ SEP26,15m,2026-04-29 06:30:00,27527.50,27569.75,27526.00,27563.75,43.75,27547.88,27536.94,2026-04-29 06:56:00,UNRESOLVED,,,27558.75,27536.50,CME US Index Futures ETH,1-Minute
2026-04-29,07:00:00,NQ SEP26,15m,2026-04-29 07:00:00,27545.25,27557.00,27536.50,27546.25,20.50,27546.75,27541.63,2026-04-29 07:23:00,UNRESOLVED,,,27551.75,27539.50,CME US Index Futures ETH,1-Minute
2026-04-29,07:15:00,NQ SEP26,15m,2026-04-29 07:15:00,27544.50,27558.75,27536.75,27552.00,22.00,27547.75,27542.25,2026-04-29 07:30:00,UP,2026-04-29 07:37:00,7,27565.25,27539.50,CME US Index Futures ETH,1-Minute
2026-04-29,08:00:00,NQ SEP26,15m,2026-04-29 08:00:00,27529.50,27544.25,27517.25,27533.50,27.00,27530.75,27524.00,2026-04-29 08:15:00,DOWN,2026-04-29 08:15:00,0,27524.75,27511.50,CME US Index Futures ETH,1-Minute
2026-04-29,08:45:00,NQ SEP26,15m,2026-04-29 08:45:00,27514.25,27530.25,27474.00,27523.25,56.25,27502.13,27488.06,2026-04-29 09:23:00,UNRESOLVED,,,27503.00,27480.75,CME US Index Futures ETH,1-Minute
2026-04-29,09:15:00,NQ SEP26,15m,2026-04-29 09:15:00,27508.00,27533.50,27508.00,27526.75,25.50,27520.75,27514.38,2026-04-29 09:30:00,DOWN,2026-04-29 09:30:00,0,27502.25,27488.00,CME US Index Futures ETH,1-Minute
2026-04-29,10:45:00,NQ SEP26,15m,2026-04-29 10:45:00,27551.00,27597.75,27530.75,27587.75,67.00,27564.25,27547.50,2026-04-29 11:10:00,DOWN,2026-04-29 11:11:00,1,27550.50,27528.75,CME US Index Futures ETH,1-Minute
2026-04-29,11:30:00,NQ SEP26,15m,2026-04-29 11:30:00,27512.75,27569.25,27502.00,27558.00,67.25,27535.63,27518.81,2026-04-29 11:54:00,DOWN,2026-04-29 11:55:00,1,27545.50,27481.50,CME US Index Futures ETH,1-Minute
2026-04-29,11:45:00,NQ SEP26,15m,2026-04-29 11:45:00,27557.50,27575.50,27546.50,27560.25,29.00,27561.00,27553.75,2026-04-29 12:00:00,DOWN,2026-04-29 12:00:00,0,27527.75,27503.00,CME US Index Futures ETH,1-Minute
2026-04-29,12:15:00,NQ SEP26,15m,2026-04-29 12:15:00,27522.00,27555.75,27513.50,27529.25,42.25,27534.63,27524.06,2026-04-29 12:30:00,DOWN,2026-04-29 12:30:00,0,27494.00,27482.25,CME US Index Futures ETH,1-Minute
2026-04-29,13:45:00,NQ SEP26,15m,2026-04-29 13:45:00,27496.25,27513.25,27488.00,27502.25,25.25,27500.63,27494.31,2026-04-29 14:04:00,DOWN,2026-04-29 14:04:00,0,27498.00,27484.75,CME US Index Futures ETH,1-Minute
2026-04-29,14:00:00,NQ SEP26,15m,2026-04-29 14:00:00,27502.50,27536.25,27498.75,27531.75,37.50,27517.50,27508.13,2026-04-29 14:15:00,DOWN,2026-04-29 14:15:00,0,27481.00,27468.75,CME US Index Futures ETH,1-Minute
2026-04-29,14:30:00,NQ SEP26,15m,2026-04-29 14:30:00,27474.00,27521.00,27470.75,27490.75,50.25,27495.88,27483.31,2026-04-29 14:45:00,DOWN,2026-04-29 14:45:00,0,27499.50,27467.50,CME US Index Futures ETH,1-Minute
2026-04-29,15:15:00,NQ SEP26,15m,2026-04-29 15:15:00,27577.75,27603.50,27545.75,27601.00,57.75,27574.63,27560.19,2026-04-29 15:33:00,DOWN,2026-04-29 15:51:00,18,27581.50,27544.75,CME US Index Futures ETH,1-Minute
2026-04-29,16:00:00,NQ SEP26,15m,2026-04-29 16:00:00,27559.75,27621.00,27544.50,27618.25,76.50,27582.75,27563.63,2026-04-29 16:15:00,DOWN,2026-04-29 16:15:00,0,27445.50,27400.50,CME US Index Futures ETH,1-Minute
2026-04-29,18:45:00,NQ SEP26,15m,2026-04-29 18:45:00,27752.00,27771.00,27734.25,27754.50,36.75,27752.63,27743.44,2026-04-29 19:19:00,DOWN,2026-04-29 19:21:00,2,27748.25,27734.25,CME US Index Futures ETH,1-Minute
2026-04-29,19:15:00,NQ SEP26,15m,2026-04-29 19:15:00,27755.50,27768.00,27746.25,27758.25,21.75,27757.13,27751.69,2026-04-29 19:30:00,UP,2026-04-29 19:32:00,2,27768.75,27751.25,CME US Index Futures ETH,1-Minute
2026-04-29,20:45:00,NQ SEP26,15m,2026-04-29 20:45:00,27860.25,27905.00,27859.75,27885.25,45.25,27882.38,27871.06,2026-04-29 21:02:00,DOWN,2026-04-29 21:03:00,1,27877.00,27858.75,CME US Index Futures ETH,1-Minute
2026-04-29,21:30:00,NQ SEP26,15m,2026-04-29 21:30:00,27851.25,27865.00,27846.75,27863.50,18.25,27855.88,27851.31,2026-04-29 21:45:00,DOWN,2026-04-29 21:46:00,1,27852.25,27846.25,CME US Index Futures ETH,1-Minute
2026-04-29,22:00:00,NQ SEP26,15m,2026-04-29 22:00:00,27850.75,27865.50,27839.25,27863.50,26.25,27852.38,27845.81,2026-04-29 22:16:00,DOWN,2026-04-29 22:18:00,2,27850.75,27838.25,CME US Index Futures ETH,1-Minute
2026-04-29,23:30:00,NQ SEP26,15m,2026-04-29 23:30:00,27695.75,27708.50,27684.75,27705.00,23.75,27696.63,27690.69,2026-04-29 23:56:00,UNRESOLVED,,,27700.25,27688.25,CME US Index Futures ETH,1-Minute
2026-04-29,23:45:00,NQ SEP26,15m,2026-04-29 23:45:00,27705.25,27722.50,27695.25,27709.25,27.25,27708.88,27702.06,2026-04-30 00:00:00,DOWN,2026-04-30 00:00:00,0,27697.00,27690.25,CME US Index Futures ETH,1-Minute
2026-04-30,01:15:00,NQ SEP26,15m,2026-04-30 01:15:00,27515.75,27589.50,27515.75,27587.50,73.75,27552.63,27534.19,2026-04-30 01:30:00,DOWN,2026-04-30 01:59:00,29,27579.00,27515.25,CME US Index Futures ETH,1-Minute
2026-04-30,01:45:00,NQ SEP26,15m,2026-04-30 01:45:00,27534.50,27579.00,27533.25,27556.75,45.75,27556.13,27544.69,2026-04-30 02:00:00,DOWN,2026-04-30 02:00:00,0,27524.25,27504.00,CME US Index Futures ETH,1-Minute
2026-04-30,04:15:00,NQ SEP26,15m,2026-04-30 04:15:00,27633.75,27665.00,27623.75,27638.75,41.25,27644.38,27634.06,2026-04-30 04:30:00,UP,2026-04-30 04:35:00,5,27666.00,27633.25,CME US Index Futures ETH,1-Minute
2026-04-30,04:45:00,NQ SEP26,15m,2026-04-30 04:45:00,27644.75,27679.00,27641.50,27666.00,37.50,27660.25,27650.88,2026-04-30 05:00:00,DOWN,2026-04-30 05:09:00,9,27661.25,27635.25,CME US Index Futures ETH,1-Minute
2026-04-30,06:15:00,NQ SEP26,15m,2026-04-30 06:15:00,27650.50,27683.00,27650.50,27659.50,32.50,27666.75,27658.63,2026-04-30 06:40:00,UNRESOLVED,,,27675.50,27655.25,CME US Index Futures ETH,1-Minute
2026-04-30,06:30:00,NQ SEP26,15m,2026-04-30 06:30:00,27658.50,27704.75,27653.50,27700.25,51.25,27679.13,27666.31,2026-04-30 06:45:00,DOWN,2026-04-30 06:51:00,6,27684.25,27643.25,CME US Index Futures ETH,1-Minute
2026-04-30,08:30:00,NQ SEP26,15m,2026-04-30 08:30:00,27768.25,27823.25,27767.50,27822.00,55.75,27795.38,27781.44,2026-04-30 08:45:00,DOWN,2026-04-30 08:45:00,0,27777.25,27748.50,CME US Index Futures ETH,1-Minute
2026-04-30,09:00:00,NQ SEP26,15m,2026-04-30 09:00:00,27768.75,27817.00,27762.25,27807.00,54.75,27789.63,27775.94,2026-04-30 09:29:00,DOWN,2026-04-30 09:31:00,2,27787.25,27704.00,CME US Index Futures ETH,1-Minute
2026-04-30,10:15:00,NQ SEP26,15m,2026-04-30 10:15:00,27529.50,27585.25,27483.00,27535.00,102.25,27534.13,27508.56,2026-04-30 10:30:00,DOWN,2026-04-30 10:37:00,7,27558.00,27465.50,CME US Index Futures ETH,1-Minute
2026-04-30,11:15:00,NQ SEP26,15m,2026-04-30 11:15:00,27641.50,27697.50,27638.75,27683.50,58.75,27668.13,27653.44,2026-04-30 11:38:00,DOWN,2026-04-30 11:41:00,3,27677.25,27638.50,CME US Index Futures ETH,1-Minute
2026-04-30,11:30:00,NQ SEP26,15m,2026-04-30 11:30:00,27684.00,27699.25,27659.25,27687.00,40.00,27679.25,27669.25,2026-04-30 11:45:00,DOWN,2026-04-30 11:45:00,0,27654.75,27642.00,CME US Index Futures ETH,1-Minute
2026-04-30,12:15:00,NQ SEP26,15m,2026-04-30 12:15:00,27670.50,27715.50,27638.50,27713.00,77.00,27677.00,27657.75,2026-04-30 12:53:00,DOWN,2026-04-30 12:57:00,4,27666.00,27638.00,CME US Index Futures ETH,1-Minute
2026-04-30,14:15:00,NQ SEP26,15m,2026-04-30 14:15:00,27825.75,27869.00,27824.25,27852.50,44.75,27846.63,27835.44,2026-04-30 14:59:00,UNRESOLVED,,,27840.75,27831.00,CME US Index Futures ETH,1-Minute
2026-04-30,14:45:00,NQ SEP26,15m,2026-04-30 14:45:00,27845.25,27874.00,27843.25,27857.75,30.75,27858.63,27850.94,2026-04-30 15:00:00,DOWN,2026-04-30 15:00:00,0,27839.00,27831.75,CME US Index Futures ETH,1-Minute
2026-04-30,15:45:00,NQ SEP26,15m,2026-04-30 15:45:00,27874.50,27901.75,27864.25,27900.25,37.50,27883.00,27873.63,2026-04-30 16:00:00,AMBIGUOUS,2026-04-30 16:00:00,0,27902.50,27857.50,CME US Index Futures ETH,1-Minute
2026-04-30,16:30:00,NQ SEP26,15m,2026-04-30 16:30:00,27871.25,27897.25,27871.00,27886.50,26.25,27884.13,27877.56,2026-04-30 16:45:00,DOWN,2026-04-30 16:45:00,0,27869.50,27865.75,CME US Index Futures ETH,1-Minute
2026-04-30,18:15:00,NQ SEP26,15m,2026-04-30 18:15:00,27914.00,27928.75,27885.25,27922.75,43.50,27907.00,27896.13,2026-04-30 18:34:00,DOWN,2026-04-30 18:48:00,14,27901.25,27881.25,CME US Index Futures ETH,1-Minute
2026-04-30,19:45:00,NQ SEP26,15m,2026-04-30 19:45:00,27886.75,27906.50,27881.50,27889.50,25.00,27894.00,27887.75,2026-04-30 20:00:00,DOWN,2026-04-30 20:00:00,0,27879.25,27872.25,CME US Index Futures ETH,1-Minute
2026-04-30,20:45:00,NQ SEP26,15m,2026-04-30 20:45:00,27911.50,27922.50,27904.00,27913.50,18.50,27913.25,27908.63,2026-04-30 21:00:00,DOWN,2026-04-30 21:02:00,2,27911.00,27897.00,CME US Index Futures ETH,1-Minute
2026-04-30,22:00:00,NQ SEP26,15m,2026-04-30 22:00:00,27927.00,27939.50,27924.50,27932.50,15.00,27932.00,27928.25,2026-04-30 22:15:00,DOWN,2026-04-30 22:23:00,8,27933.00,27921.25,CME US Index Futures ETH,1-Minute
2026-04-30,23:15:00,NQ SEP26,15m,2026-04-30 23:15:00,27924.75,27936.00,27919.25,27932.25,16.75,27927.63,27923.44,2026-04-30 23:43:00,UNRESOLVED,,,27932.50,27920.00,CME US Index Futures ETH,1-Minute
2026-04-30,23:30:00,NQ SEP26,15m,2026-04-30 23:30:00,27931.50,27942.00,27931.00,27939.00,11.00,27936.50,27933.75,2026-04-30 23:45:00,DOWN,2026-04-30 23:45:00,0,27926.75,27920.50,CME US Index Futures ETH,1-Minute
2026-05-01,00:00:00,NQ SEP26,15m,2026-05-01 00:00:00,27922.25,27927.75,27916.50,27925.25,11.25,27922.13,27919.31,2026-05-01 00:15:00,DOWN,2026-05-01 00:15:00,0,27915.75,27912.50,CME US Index Futures ETH,1-Minute
2026-05-01,01:00:00,NQ SEP26,15m,2026-05-01 01:00:00,27908.50,27914.75,27907.00,27910.75,7.75,27910.88,27908.94,2026-05-01 01:18:00,UP,2026-05-01 01:18:00,0,27915.75,27908.75,CME US Index Futures ETH,1-Minute
2026-05-01,01:15:00,NQ SEP26,15m,2026-05-01 01:15:00,27910.50,27923.00,27901.50,27920.00,21.50,27912.25,27906.88,2026-05-01 01:37:00,UNRESOLVED,,,27912.25,27904.25,CME US Index Futures ETH,1-Minute
2026-05-01,01:30:00,NQ SEP26,15m,2026-05-01 01:30:00,27918.25,27920.25,27903.50,27919.00,16.75,27911.88,27907.69,2026-05-01 01:46:00,DOWN,2026-05-01 01:46:00,0,27909.25,27903.25,CME US Index Futures ETH,1-Minute
2026-05-01,02:15:00,NQ SEP26,15m,2026-05-01 02:15:00,27900.00,27905.50,27894.50,27905.00,11.00,27900.00,27897.25,2026-05-01 02:30:00,DOWN,2026-05-01 02:30:00,0,27899.75,27892.00,CME US Index Futures ETH,1-Minute
2026-05-01,03:15:00,NQ SEP26,15m,2026-05-01 03:15:00,27878.00,27905.00,27877.25,27900.25,27.75,27891.13,27884.19,2026-05-01 03:31:00,DOWN,2026-05-01 03:34:00,3,27888.50,27875.75,CME US Index Futures ETH,1-Minute
2026-05-01,04:15:00,NQ SEP26,15m,2026-05-01 04:15:00,27862.75,27878.50,27857.75,27871.00,20.75,27868.13,27862.94,2026-05-01 04:31:00,DOWN,2026-05-01 04:32:00,1,27864.50,27855.25,CME US Index Futures ETH,1-Minute
2026-05-01,05:00:00,NQ SEP26,15m,2026-05-01 05:00:00,27846.25,27851.50,27836.75,27849.00,14.75,27844.13,27840.44,2026-05-01 05:15:00,DOWN,2026-05-01 05:20:00,5,27845.25,27835.25,CME US Index Futures ETH,1-Minute
2026-05-01,05:45:00,NQ SEP26,15m,2026-05-01 05:45:00,27844.50,27851.25,27838.25,27846.00,13.00,27844.75,27841.50,2026-05-01 06:11:00,UNRESOLVED,,,27847.75,27840.25,CME US Index Futures ETH,1-Minute
2026-05-01,06:00:00,NQ SEP26,15m,2026-05-01 06:00:00,27844.75,27858.25,27843.50,27852.00,14.75,27850.88,27847.19,2026-05-01 06:15:00,UP,2026-05-01 06:18:00,3,27862.50,27846.50,CME US Index Futures ETH,1-Minute
2026-05-01,07:00:00,NQ SEP26,15m,2026-05-01 07:00:00,27832.75,27853.25,27830.75,27852.00,22.50,27842.00,27836.38,2026-05-01 07:15:00,DOWN,2026-05-01 07:15:00,0,27831.00,27826.00,CME US Index Futures ETH,1-Minute
2026-05-01,08:30:00,NQ SEP26,15m,2026-05-01 08:30:00,27881.75,27908.00,27871.50,27896.50,36.50,27889.75,27880.63,2026-05-01 08:45:00,DOWN,2026-05-01 08:45:00,0,27861.50,27850.50,CME US Index Futures ETH,1-Minute
2026-05-01,10:15:00,NQ SEP26,15m,2026-05-01 10:15:00,28155.75,28191.50,28134.25,28171.75,57.25,28162.88,28148.56,2026-05-01 10:31:00,DOWN,2026-05-01 10:31:00,0,28155.50,28123.25,CME US Index Futures ETH,1-Minute
2026-05-01,11:30:00,NQ SEP26,15m,2026-05-01 11:30:00,28119.00,28152.50,28110.50,28145.25,42.00,28131.50,28121.00,2026-05-01 11:51:00,UP,2026-05-01 11:51:00,0,28199.25,28120.00,CME US Index Futures ETH,1-Minute
2026-05-01,11:45:00,NQ SEP26,15m,2026-05-01 11:45:00,28145.75,28185.25,28138.25,28177.25,47.00,28161.75,28150.00,2026-05-01 12:08:00,DOWN,2026-05-01 12:09:00,1,28161.50,28138.25,CME US Index Futures ETH,1-Minute
2026-05-01,13:30:00,NQ SEP26,15m,2026-05-01 13:30:00,28138.50,28170.00,28138.00,28167.75,32.00,28154.00,28146.00,2026-05-01 14:06:00,DOWN,2026-05-01 14:15:00,9,28164.50,28126.25,CME US Index Futures ETH,1-Minute
2026-05-01,14:30:00,NQ SEP26,15m,2026-05-01 14:30:00,28128.75,28154.25,28118.00,28150.50,36.25,28136.13,28127.06,2026-05-01 14:45:00,DOWN,2026-05-01 14:45:00,0,28105.50,28095.00,CME US Index Futures ETH,1-Minute
2026-05-01,15:30:00,NQ SEP26,15m,2026-05-01 15:30:00,28151.25,28182.25,28144.00,28178.50,38.25,28163.13,28153.56,2026-05-01 15:45:00,DOWN,2026-05-01 15:48:00,3,28159.75,28141.75,CME US Index Futures ETH,1-Minute
2026-05-03,18:45:00,NQ SEP26,15m,2026-05-03 18:45:00,28129.00,28143.00,28122.50,28136.75,20.50,28132.75,28127.63,2026-05-03 19:01:00,DOWN,2026-05-03 19:10:00,9,28139.75,28122.50,CME US Index Futures ETH,1-Minute
2026-05-03,19:45:00,NQ SEP26,15m,2026-05-03 19:45:00,28103.25,28118.25,28098.00,28108.75,20.25,28108.13,28103.06,2026-05-03 20:01:00,DOWN,2026-05-03 20:01:00,0,28106.25,28092.25,CME US Index Futures ETH,1-Minute
2026-05-03,22:00:00,NQ SEP26,15m,2026-05-03 22:00:00,28187.50,28204.25,28182.50,28201.75,21.75,28193.38,28187.94,2026-05-03 22:16:00,DOWN,2026-05-03 22:16:00,0,28195.25,28177.25,CME US Index Futures ETH,1-Minute
2026-05-03,23:15:00,NQ SEP26,15m,2026-05-03 23:15:00,28211.50,28227.25,28209.00,28223.00,18.25,28218.13,28213.56,2026-05-03 23:30:00,DOWN,2026-05-03 23:30:00,0,28212.00,28207.75,CME US Index Futures ETH,1-Minute
2026-05-04,00:30:00,NQ SEP26,15m,2026-05-04 00:30:00,28220.25,28233.75,28220.00,28231.25,13.75,28226.88,28223.44,2026-05-04 00:49:00,DOWN,2026-05-04 00:50:00,1,28226.50,28219.25,CME US Index Futures ETH,1-Minute
2026-05-04,01:15:00,NQ SEP26,15m,2026-05-04 01:15:00,28220.25,28234.00,28212.75,28231.50,21.25,28223.38,28218.06,2026-05-04 01:30:00,UP,2026-05-04 01:46:00,16,28235.25,28213.50,CME US Index Futures ETH,1-Minute
2026-05-04,01:45:00,NQ SEP26,15m,2026-05-04 01:45:00,28220.50,28232.00,28213.50,28232.00,18.50,28222.75,28218.13,2026-05-04 02:00:00,DOWN,2026-05-04 02:01:00,1,28222.50,28212.25,CME US Index Futures ETH,1-Minute
2026-05-04,03:30:00,NQ SEP26,15m,2026-05-04 03:30:00,28206.50,28229.00,28206.25,28218.50,22.75,28217.63,28211.94,2026-05-04 03:51:00,DOWN,2026-05-04 03:54:00,3,28220.00,28201.75,CME US Index Futures ETH,1-Minute
2026-05-04,03:45:00,NQ SEP26,15m,2026-05-04 03:45:00,28219.25,28225.75,28204.50,28222.25,21.25,28215.13,28209.81,2026-05-04 04:00:00,DOWN,2026-05-04 04:00:00,0,28205.50,28194.50,CME US Index Futures ETH,1-Minute
2026-05-04,05:45:00,NQ SEP26,15m,2026-05-04 05:45:00,28194.25,28204.75,28188.00,28196.50,16.75,28196.38,28192.19,2026-05-04 06:00:00,DOWN,2026-05-04 06:00:00,0,28184.50,28171.50,CME US Index Futures ETH,1-Minute
2026-05-04,07:15:00,NQ SEP26,15m,2026-05-04 07:15:00,28097.25,28130.00,28074.75,28111.00,55.25,28102.38,28088.56,2026-05-04 07:40:00,DOWN,2026-05-04 07:40:00,0,28108.00,28061.00,CME US Index Futures ETH,1-Minute
2026-05-04,08:45:00,NQ SEP26,15m,2026-05-04 08:45:00,28145.25,28158.25,28123.50,28147.50,34.75,28140.88,28132.19,2026-05-04 09:00:00,DOWN,2026-05-04 09:00:00,0,28148.25,28114.00,CME US Index Futures ETH,1-Minute
2026-05-04,09:15:00,NQ SEP26,15m,2026-05-04 09:15:00,28127.50,28163.00,28069.75,28132.25,93.25,28116.38,28093.06,2026-05-04 09:32:00,UP,2026-05-04 09:43:00,11,28170.25,28090.50,CME US Index Futures ETH,1-Minute
2026-05-04,09:30:00,NQ SEP26,15m,2026-05-04 09:30:00,28132.50,28145.00,28125.25,28137.00,19.75,28135.13,28130.19,2026-05-04 09:46:00,UP,2026-05-04 09:46:00,0,28164.25,28128.50,CME US Index Futures ETH,1-Minute
2026-05-04,10:45:00,NQ SEP26,15m,2026-05-04 10:45:00,28153.00,28212.25,28146.25,28208.75,66.00,28179.25,28162.75,2026-05-04 11:00:00,DOWN,2026-05-04 11:01:00,1,28191.00,28129.75,CME US Index Futures ETH,1-Minute
2026-05-04,14:00:00,NQ SEP26,15m,2026-05-04 14:00:00,28058.75,28084.75,28049.50,28074.50,35.25,28067.13,28058.31,2026-05-04 14:18:00,DOWN,2026-05-04 14:23:00,5,28066.25,28048.50,CME US Index Futures ETH,1-Minute
2026-05-04,15:30:00,NQ SEP26,15m,2026-05-04 15:30:00,28057.00,28070.75,28031.25,28060.75,39.50,28051.00,28041.13,2026-05-04 15:53:00,DOWN,2026-05-04 15:56:00,3,28054.00,28029.25,CME US Index Futures ETH,1-Minute
2026-05-04,16:00:00,NQ SEP26,15m,2026-05-04 16:00:00,28050.50,28076.25,28029.25,28062.25,47.00,28052.75,28041.00,2026-05-04 16:15:00,DOWN,2026-05-04 16:15:00,0,28039.50,28029.00,CME US Index Futures ETH,1-Minute
2026-05-04,16:30:00,NQ SEP26,15m,2026-05-04 16:30:00,28035.75,28046.75,28021.00,28043.75,25.75,28033.88,28027.44,2026-05-04 16:46:00,UP,2026-05-04 18:01:00,75,28062.00,28022.50,CME US Index Futures ETH,1-Minute
2026-05-04,18:30:00,NQ SEP26,15m,2026-05-04 18:30:00,28056.00,28063.50,28054.00,28060.25,9.50,28058.75,28056.38,2026-05-04 18:45:00,DOWN,2026-05-04 18:45:00,0,28051.00,28045.75,CME US Index Futures ETH,1-Minute
2026-05-04,19:15:00,NQ SEP26,15m,2026-05-04 19:15:00,28034.25,28047.00,28023.50,28040.75,23.50,28035.25,28029.38,2026-05-04 19:31:00,DOWN,2026-05-04 19:46:00,15,28043.25,28023.50,CME US Index Futures ETH,1-Minute
2026-05-04,20:15:00,NQ SEP26,15m,2026-05-04 20:15:00,28029.25,28073.50,28023.25,28067.00,50.25,28048.38,28035.81,2026-05-04 20:30:00,UP,2026-05-04 20:54:00,24,28075.25,28028.25,CME US Index Futures ETH,1-Minute
2026-05-04,22:00:00,NQ SEP26,15m,2026-05-04 22:00:00,28094.50,28107.00,28092.25,28097.50,14.75,28099.63,28095.94,2026-05-04 22:15:00,DOWN,2026-05-04 22:15:00,0,28094.50,28091.25,CME US Index Futures ETH,1-Minute
2026-05-04,22:30:00,NQ SEP26,15m,2026-05-04 22:30:00,28093.50,28116.50,28090.75,28113.50,25.75,28103.63,28097.19,2026-05-04 22:50:00,DOWN,2026-05-04 22:50:00,0,28112.75,28083.25,CME US Index Futures ETH,1-Minute
2026-05-04,22:45:00,NQ SEP26,15m,2026-05-04 22:45:00,28114.00,28123.25,28111.50,28118.25,11.75,28117.38,28114.44,2026-05-04 23:00:00,DOWN,2026-05-04 23:00:00,0,28098.00,28091.50,CME US Index Futures ETH,1-Minute
2026-05-05,00:00:00,NQ SEP26,15m,2026-05-05 00:00:00,28119.00,28129.75,28117.75,28123.25,12.00,28123.75,28120.75,2026-05-05 00:18:00,UNRESOLVED,,,28127.00,28119.75,CME US Index Futures ETH,1-Minute
2026-05-05,00:15:00,NQ SEP26,15m,2026-05-05 00:15:00,28122.25,28142.50,28122.00,28129.25,20.50,28132.25,28127.13,2026-05-05 00:30:00,DOWN,2026-05-05 00:30:00,0,28121.75,28120.25,CME US Index Futures ETH,1-Minute
2026-05-05,02:00:00,NQ SEP26,15m,2026-05-05 02:00:00,28128.25,28137.25,28124.50,28135.00,12.75,28130.88,28127.69,2026-05-05 02:15:00,DOWN,2026-05-05 02:16:00,1,28128.75,28119.75,CME US Index Futures ETH,1-Minute
2026-05-05,03:15:00,NQ SEP26,15m,2026-05-05 03:15:00,28162.25,28184.50,28157.50,28178.00,27.00,28171.00,28164.25,2026-05-05 03:51:00,DOWN,2026-05-05 03:57:00,6,28171.75,28157.00,CME US Index Futures ETH,1-Minute
2026-05-05,03:45:00,NQ SEP26,15m,2026-05-05 03:45:00,28168.25,28209.00,28165.00,28180.50,44.00,28187.00,28176.00,2026-05-05 04:00:00,DOWN,2026-05-05 04:00:00,0,28164.75,28161.00,CME US Index Futures ETH,1-Minute
2026-05-05,04:45:00,NQ SEP26,15m,2026-05-05 04:45:00,28201.00,28215.25,28194.25,28210.25,21.00,28204.75,28199.50,2026-05-05 05:01:00,DOWN,2026-05-05 05:07:00,6,28213.25,28190.75,CME US Index Futures ETH,1-Minute
2026-05-05,05:00:00,NQ SEP26,15m,2026-05-05 05:00:00,28209.75,28224.50,28202.50,28212.00,22.00,28213.50,28208.00,2026-05-05 05:16:00,DOWN,2026-05-05 05:19:00,3,28212.50,28200.00,CME US Index Futures ETH,1-Minute
2026-05-05,05:45:00,NQ SEP26,15m,2026-05-05 05:45:00,28212.00,28231.25,28211.00,28219.50,20.25,28221.13,28216.06,2026-05-05 06:00:00,DOWN,2026-05-05 06:06:00,6,28220.50,28210.00,CME US Index Futures ETH,1-Minute
2026-05-05,06:30:00,NQ SEP26,15m,2026-05-05 06:30:00,28217.25,28226.50,28210.25,28221.50,16.25,28218.38,28214.31,2026-05-05 06:45:00,DOWN,2026-05-05 06:55:00,10,28220.75,28209.75,CME US Index Futures ETH,1-Minute
2026-05-05,07:00:00,NQ SEP26,15m,2026-05-05 07:00:00,28214.25,28220.75,28209.75,28217.00,11.00,28215.25,28212.50,2026-05-05 07:15:00,DOWN,2026-05-05 07:15:00,0,28199.00,28195.00,CME US Index Futures ETH,1-Minute
2026-05-05,07:45:00,NQ SEP26,15m,2026-05-05 07:45:00,28210.50,28227.25,28209.50,28221.75,17.75,28218.38,28213.94,2026-05-05 08:02:00,UP,2026-05-05 08:07:00,5,28246.50,28210.75,CME US Index Futures ETH,1-Minute
2026-05-05,09:15:00,NQ SEP26,15m,2026-05-05 09:15:00,28255.75,28290.75,28255.00,28272.75,35.75,28272.88,28263.94,2026-05-05 09:32:00,DOWN,2026-05-05 09:32:00,0,28286.50,28253.25,CME US Index Futures ETH,1-Minute
2026-05-05,10:00:00,NQ SEP26,15m,2026-05-05 10:00:00,28365.00,28394.25,28347.00,28367.50,47.25,28370.63,28358.81,2026-05-05 10:15:00,DOWN,2026-05-05 10:15:00,0,28351.00,28327.25,CME US Index Futures ETH,1-Minute
2026-05-05,11:45:00,NQ SEP26,15m,2026-05-05 11:45:00,28411.75,28424.25,28392.75,28417.00,31.50,28408.50,28400.63,2026-05-05 12:28:00,DOWN,2026-05-05 12:28:00,0,28415.75,28383.25,CME US Index Futures ETH,1-Minute
2026-05-05,12:15:00,NQ SEP26,15m,2026-05-05 12:15:00,28409.00,28434.75,28402.75,28430.50,32.00,28418.75,28410.75,2026-05-05 12:30:00,DOWN,2026-05-05 12:30:00,0,28400.00,28390.50,CME US Index Futures ETH,1-Minute
2026-05-05,14:15:00,NQ SEP26,15m,2026-05-05 14:15:00,28441.75,28468.50,28439.00,28462.75,29.50,28453.75,28446.38,2026-05-05 14:53:00,DOWN,2026-05-05 14:54:00,1,28451.50,28436.50,CME US Index Futures ETH,1-Minute
2026-05-05,15:15:00,NQ SEP26,15m,2026-05-05 15:15:00,28451.00,28470.50,28444.50,28455.00,26.00,28457.50,28451.00,2026-05-05 15:30:00,DOWN,2026-05-05 15:31:00,1,28452.50,28443.00,CME US Index Futures ETH,1-Minute
2026-05-05,19:15:00,NQ SEP26,15m,2026-05-05 19:15:00,28657.50,28667.50,28627.75,28665.25,39.75,28647.63,28637.69,2026-05-05 19:30:00,UNRESOLVED,,,28659.25,28631.00,CME US Index Futures ETH,1-Minute
2026-05-05,19:45:00,NQ SEP26,15m,2026-05-05 19:45:00,28633.50,28652.25,28631.00,28644.00,21.25,28641.63,28636.31,2026-05-05 20:01:00,UP,2026-05-05 20:01:00,0,28655.00,28635.50,CME US Index Futures ETH,1-Minute
2026-05-05,20:00:00,NQ SEP26,15m,2026-05-05 20:00:00,28645.00,28659.25,28642.00,28652.25,17.25,28650.63,28646.31,2026-05-05 20:15:00,DOWN,2026-05-05 20:15:00,0,28604.25,28594.00,CME US Index Futures ETH,1-Minute
2026-05-05,21:15:00,NQ SEP26,15m,2026-05-05 21:15:00,28557.50,28581.25,28550.00,28572.25,31.25,28565.63,28557.81,2026-05-05 21:31:00,UNRESOLVED,,,28580.75,28553.50,CME US Index Futures ETH,1-Minute
2026-05-05,21:45:00,NQ SEP26,15m,2026-05-05 21:45:00,28567.00,28576.00,28556.75,28571.50,19.25,28566.38,28561.56,2026-05-05 22:07:00,UNRESOLVED,,,28575.50,28558.00,CME US Index Futures ETH,1-Minute
2026-05-05,22:00:00,NQ SEP26,15m,2026-05-05 22:00:00,28571.25,28580.75,28553.50,28574.25,27.25,28567.13,28560.31,2026-05-05 22:29:00,DOWN,2026-05-05 22:30:00,1,28561.75,28553.50,CME US Index Futures ETH,1-Minute
2026-05-05,23:45:00,NQ SEP26,15m,2026-05-05 23:45:00,28604.25,28616.75,28602.00,28607.50,14.75,28609.38,28605.69,2026-05-06 00:00:00,DOWN,2026-05-06 00:00:00,0,28597.00,28594.50,CME US Index Futures ETH,1-Minute
2026-05-06,00:15:00,NQ SEP26,15m,2026-05-06 00:15:00,28595.75,28606.75,28592.50,28606.50,14.25,28599.63,28596.06,2026-05-06 00:39:00,UNRESOLVED,,,28604.25,28594.25,CME US Index Futures ETH,1-Minute
2026-05-06,01:00:00,NQ SEP26,15m,2026-05-06 01:00:00,28609.50,28626.75,28608.00,28617.75,18.75,28617.38,28612.69,2026-05-06 01:16:00,UP,2026-05-06 01:27:00,11,28627.25,28608.25,CME US Index Futures ETH,1-Minute
2026-05-06,01:15:00,NQ SEP26,15m,2026-05-06 01:15:00,28617.00,28631.25,28611.00,28624.75,20.25,28621.13,28616.06,2026-05-06 01:36:00,UNRESOLVED,,,28626.50,28613.25,CME US Index Futures ETH,1-Minute
2026-05-06,01:30:00,NQ SEP26,15m,2026-05-06 01:30:00,28624.00,28630.25,28608.25,28628.25,22.00,28619.25,28613.75,2026-05-06 02:13:00,UNRESOLVED,,,28617.00,28608.50,CME US Index Futures ETH,1-Minute
2026-05-06,02:00:00,NQ SEP26,15m,2026-05-06 02:00:00,28626.50,28642.00,28626.25,28637.25,15.75,28634.13,28630.19,2026-05-06 02:15:00,DOWN,2026-05-06 02:15:00,0,28618.25,28614.25,CME US Index Futures ETH,1-Minute
2026-05-06,03:00:00,NQ SEP26,15m,2026-05-06 03:00:00,28607.75,28619.25,28594.75,28618.50,24.50,28607.00,28600.88,2026-05-06 03:15:00,DOWN,2026-05-06 03:18:00,3,28610.00,28593.75,CME US Index Futures ETH,1-Minute
2026-05-06,04:00:00,NQ SEP26,15m,2026-05-06 04:00:00,28621.00,28632.75,28616.50,28630.00,16.25,28624.63,28620.56,2026-05-06 04:16:00,DOWN,2026-05-06 04:21:00,5,28632.25,28607.75,CME US Index Futures ETH,1-Minute
2026-05-06,04:15:00,NQ SEP26,15m,2026-05-06 04:15:00,28630.25,28646.75,28624.25,28631.00,22.50,28635.50,28629.88,2026-05-06 04:30:00,DOWN,2026-05-06 04:30:00,0,28624.25,28620.75,CME US Index Futures ETH,1-Minute
2026-05-06,07:15:00,NQ SEP26,15m,2026-05-06 07:15:00,28866.25,28916.50,28860.00,28902.75,56.50,28888.25,28874.13,2026-05-06 07:30:00,DOWN,2026-05-06 07:33:00,3,28885.25,28856.25,CME US Index Futures ETH,1-Minute
2026-05-06,08:30:00,NQ SEP26,15m,2026-05-06 08:30:00,28733.50,28796.00,28708.50,28777.75,87.50,28752.25,28730.38,2026-05-06 08:45:00,DOWN,2026-05-06 09:05:00,20,28755.75,28702.25,CME US Index Futures ETH,1-Minute
2026-05-06,09:00:00,NQ SEP26,15m,2026-05-06 09:00:00,28730.75,28755.75,28714.25,28740.25,41.50,28735.00,28724.63,2026-05-06 09:15:00,DOWN,2026-05-06 09:15:00,0,28707.25,28693.75,CME US Index Futures ETH,1-Minute
2026-05-06,11:00:00,NQ SEP26,15m,2026-05-06 11:00:00,28803.25,28833.00,28800.75,28819.50,32.25,28816.88,28808.81,2026-05-06 11:15:00,UP,2026-05-06 11:17:00,2,28838.25,28806.00,CME US Index Futures ETH,1-Minute
2026-05-06,11:30:00,NQ SEP26,15m,2026-05-06 11:30:00,28818.75,28864.75,28814.50,28860.00,50.25,28839.63,28827.06,2026-05-06 11:45:00,DOWN,2026-05-06 11:45:00,0,28857.00,28812.50,CME US Index Futures ETH,1-Minute
2026-05-06,12:15:00,NQ SEP26,15m,2026-05-06 12:15:00,28842.75,28883.50,28836.25,28878.50,47.25,28859.88,28848.06,2026-05-06 12:36:00,DOWN,2026-05-06 12:37:00,1,28854.00,28835.25,CME US Index Futures ETH,1-Minute
2026-05-06,15:30:00,NQ SEP26,15m,2026-05-06 15:30:00,28959.00,28982.00,28955.00,28976.50,27.00,28968.50,28961.75,2026-05-06 15:45:00,DOWN,2026-05-06 15:45:00,0,28959.75,28951.25,CME US Index Futures ETH,1-Minute
2026-05-06,16:15:00,NQ SEP26,15m,2026-05-06 16:15:00,28993.75,29082.25,28984.00,29075.25,98.25,29033.13,29008.56,2026-05-06 16:40:00,DOWN,2026-05-06 16:53:00,13,29018.75,28983.50,CME US Index Futures ETH,1-Minute
2026-05-06,18:15:00,NQ SEP26,15m,2026-05-06 18:15:00,28945.00,28984.25,28932.25,28966.00,52.00,28958.25,28945.25,2026-05-06 18:30:00,UNRESOLVED,,,28963.75,28934.50,CME US Index Futures ETH,1-Minute
2026-05-06,19:15:00,NQ SEP26,15m,2026-05-06 19:15:00,28959.50,28976.75,28951.75,28965.25,25.00,28964.25,28958.00,2026-05-06 19:30:00,DOWN,2026-05-06 19:33:00,3,28963.00,28945.25,CME US Index Futures ETH,1-Minute
2026-05-06,20:15:00,NQ SEP26,15m,2026-05-06 20:15:00,28951.75,28977.25,28942.00,28959.25,35.25,28959.63,28950.81,2026-05-06 20:30:00,DOWN,2026-05-06 20:30:00,0,28934.25,28927.25,CME US Index Futures ETH,1-Minute
2026-05-06,20:45:00,NQ SEP26,15m,2026-05-06 20:45:00,28930.00,28938.75,28919.25,28934.50,19.50,28929.00,28924.13,2026-05-06 21:02:00,UP,2026-05-06 21:13:00,11,28946.75,28920.50,CME US Index Futures ETH,1-Minute
2026-05-06,21:45:00,NQ SEP26,15m,2026-05-06 21:45:00,28951.25,28972.50,28947.75,28968.75,24.75,28960.13,28953.94,2026-05-06 22:13:00,DOWN,2026-05-06 22:13:00,0,28963.50,28944.25,CME US Index Futures ETH,1-Minute
2026-05-06,22:00:00,NQ SEP26,15m,2026-05-06 22:00:00,28968.50,28998.25,28968.50,28979.25,29.75,28983.38,28975.94,2026-05-06 22:15:00,DOWN,2026-05-06 22:15:00,0,28943.75,28934.75,CME US Index Futures ETH,1-Minute
2026-05-06,23:00:00,NQ SEP26,15m,2026-05-06 23:00:00,28957.50,28973.25,28956.00,28969.25,17.25,28964.63,28960.31,2026-05-06 23:15:00,UP,2026-05-06 23:19:00,4,28973.75,28959.75,CME US Index Futures ETH,1-Minute
2026-05-06,23:45:00,NQ SEP26,15m,2026-05-06 23:45:00,28970.25,28979.25,28969.50,28978.25,9.75,28974.38,28971.94,2026-05-07 00:00:00,DOWN,2026-05-07 00:01:00,1,28979.00,28968.25,CME US Index Futures ETH,1-Minute
2026-05-07,00:30:00,NQ SEP26,15m,2026-05-07 00:30:00,28985.25,28995.50,28983.25,28990.00,12.25,28989.38,28986.31,2026-05-07 00:45:00,DOWN,2026-05-07 00:46:00,1,28987.25,28982.50,CME US Index Futures ETH,1-Minute
2026-05-07,01:00:00,NQ SEP26,15m,2026-05-07 01:00:00,28986.00,28995.75,28982.50,28987.25,13.25,28989.13,28985.81,2026-05-07 01:21:00,DOWN,2026-05-07 01:21:00,0,28986.50,28980.75,CME US Index Futures ETH,1-Minute
2026-05-07,01:45:00,NQ SEP26,15m,2026-05-07 01:45:00,28986.75,29010.00,28986.25,29006.75,23.75,28998.13,28992.19,2026-05-07 02:07:00,DOWN,2026-05-07 02:10:00,3,29000.25,28981.50,CME US Index Futures ETH,1-Minute
2026-05-07,03:45:00,NQ SEP26,15m,2026-05-07 03:45:00,29053.50,29081.00,29050.00,29073.50,31.00,29065.50,29057.75,2026-05-07 04:11:00,DOWN,2026-05-07 04:12:00,1,29074.00,29045.50,CME US Index Futures ETH,1-Minute
2026-05-07,05:30:00,NQ SEP26,15m,2026-05-07 05:30:00,29015.75,29044.75,29013.25,29029.75,31.50,29029.00,29021.13,2026-05-07 05:52:00,DOWN,2026-05-07 05:53:00,1,29030.75,29009.25,CME US Index Futures ETH,1-Minute
2026-05-07,06:45:00,NQ SEP26,15m,2026-05-07 06:45:00,29004.75,29025.00,28999.25,29023.50,25.75,29012.13,29005.69,2026-05-07 07:13:00,DOWN,2026-05-07 07:16:00,3,29012.50,28998.50,CME US Index Futures ETH,1-Minute
2026-05-07,08:00:00,NQ SEP26,15m,2026-05-07 08:00:00,29013.25,29021.25,28994.75,29014.25,26.50,29008.00,29001.38,2026-05-07 08:25:00,UP,2026-05-07 08:28:00,3,29022.00,29000.75,CME US Index Futures ETH,1-Minute
2026-05-07,08:45:00,NQ SEP26,15m,2026-05-07 08:45:00,29022.25,29041.75,29011.50,29035.50,30.25,29026.63,29019.06,2026-05-07 09:01:00,DOWN,2026-05-07 09:07:00,6,29037.50,29011.25,CME US Index Futures ETH,1-Minute
2026-05-07,09:00:00,NQ SEP26,15m,2026-05-07 09:00:00,29036.00,29043.00,29021.00,29037.50,22.00,29032.00,29026.50,2026-05-07 09:15:00,DOWN,2026-05-07 09:15:00,0,29025.50,29020.00,CME US Index Futures ETH,1-Minute
2026-05-07,09:30:00,NQ SEP26,15m,2026-05-07 09:30:00,29025.25,29046.25,29022.50,29032.50,23.75,29034.38,29028.44,2026-05-07 09:45:00,DOWN,2026-05-07 09:45:00,0,29044.25,29016.25,CME US Index Futures ETH,1-Minute
2026-05-07,10:45:00,NQ SEP26,15m,2026-05-07 10:45:00,29156.50,29197.25,29142.50,29181.50,54.75,29169.88,29156.19,2026-05-07 11:06:00,DOWN,2026-05-07 11:07:00,1,29181.50,29129.25,CME US Index Futures ETH,1-Minute
2026-05-07,11:00:00,NQ SEP26,15m,2026-05-07 11:00:00,29181.50,29227.00,29152.50,29210.75,74.50,29189.75,29171.13,2026-05-07 11:15:00,DOWN,2026-05-07 11:15:00,0,29151.50,29139.00,CME US Index Futures ETH,1-Minute
2026-05-07,11:45:00,NQ SEP26,15m,2026-05-07 11:45:00,29136.75,29178.75,29132.75,29162.25,46.00,29155.75,29144.25,2026-05-07 12:00:00,DOWN,2026-05-07 12:00:00,0,29073.50,29055.00,CME US Index Futures ETH,1-Minute
2026-05-07,12:30:00,NQ SEP26,15m,2026-05-07 12:30:00,28982.75,29030.50,28919.25,29022.75,111.25,28974.88,28947.06,2026-05-07 12:58:00,DOWN,2026-05-07 13:19:00,21,28995.75,28907.25,CME US Index Futures ETH,1-Minute
2026-05-07,14:00:00,NQ SEP26,15m,2026-05-07 14:00:00,28927.75,28988.00,28887.25,28978.75,100.75,28937.63,28912.44,2026-05-07 14:45:00,DOWN,2026-05-07 14:45:00,0,28940.25,28876.50,CME US Index Futures ETH,1-Minute
2026-05-07,15:00:00,NQ SEP26,15m,2026-05-07 15:00:00,28890.75,28931.00,28865.00,28927.00,66.00,28898.00,28881.50,2026-05-07 15:25:00,UNRESOLVED,,,28908.50,28869.00,CME US Index Futures ETH,1-Minute
2026-05-07,15:15:00,NQ SEP26,15m,2026-05-07 15:15:00,28927.25,28945.50,28898.25,28935.00,47.25,28921.88,28910.06,2026-05-07 15:30:00,DOWN,2026-05-07 15:30:00,0,28897.25,28885.00,CME US Index Futures ETH,1-Minute
2026-05-07,16:15:00,NQ SEP26,15m,2026-05-07 16:15:00,28966.00,29048.50,28934.50,28993.75,114.00,28991.50,28963.00,2026-05-07 16:38:00,DOWN,2026-05-07 16:38:00,0,28996.00,28927.25,CME US Index Futures ETH,1-Minute
2026-05-07,18:30:00,NQ SEP26,15m,2026-05-07 18:30:00,28909.00,28953.00,28898.75,28941.25,54.25,28925.88,28912.31,2026-05-07 18:45:00,DOWN,2026-05-07 18:45:00,0,28904.50,28898.00,CME US Index Futures ETH,1-Minute
2026-05-07,21:30:00,NQ SEP26,15m,2026-05-07 21:30:00,29049.00,29064.50,29039.50,29054.00,25.00,29052.00,29045.75,2026-05-07 21:53:00,DOWN,2026-05-07 22:01:00,8,29051.25,29037.75,CME US Index Futures ETH,1-Minute
2026-05-07,23:00:00,NQ SEP26,15m,2026-05-07 23:00:00,29021.00,29055.50,29020.75,29029.75,34.75,29038.13,29029.44,2026-05-07 23:19:00,UNRESOLVED,,,29041.50,29026.00,CME US Index Futures ETH,1-Minute
2026-05-08,00:00:00,NQ SEP26,15m,2026-05-08 00:00:00,29040.75,29059.00,29036.50,29056.00,22.50,29047.75,29042.13,2026-05-08 00:43:00,UNRESOLVED,,,29047.50,29040.50,CME US Index Futures ETH,1-Minute
2026-05-08,00:30:00,NQ SEP26,15m,2026-05-08 00:30:00,29054.75,29062.75,29042.25,29056.50,20.50,29052.50,29047.38,2026-05-08 00:45:00,UP,2026-05-08 00:53:00,8,29066.00,29043.50,CME US Index Futures ETH,1-Minute
2026-05-08,01:45:00,NQ SEP26,15m,2026-05-08 01:45:00,29079.25,29111.75,29079.25,29093.50,32.50,29095.50,29087.38,2026-05-08 02:00:00,DOWN,2026-05-08 02:01:00,1,29090.50,29065.75,CME US Index Futures ETH,1-Minute
2026-05-08,02:30:00,NQ SEP26,15m,2026-05-08 02:30:00,29096.50,29115.25,29089.25,29108.50,26.00,29102.25,29095.75,2026-05-08 03:04:00,UNRESOLVED,,,29110.50,29093.75,CME US Index Futures ETH,1-Minute
2026-05-08,03:00:00,NQ SEP26,15m,2026-05-08 03:00:00,29108.25,29120.75,29096.75,29118.50,24.00,29108.75,29102.75,2026-05-08 03:15:00,DOWN,2026-05-08 03:15:00,0,29119.25,29085.75,CME US Index Futures ETH,1-Minute
2026-05-08,03:30:00,NQ SEP26,15m,2026-05-08 03:30:00,29093.50,29116.25,29091.50,29106.75,24.75,29103.88,29097.69,2026-05-08 03:45:00,UP,2026-05-08 04:01:00,16,29116.75,29097.25,CME US Index Futures ETH,1-Minute
2026-05-08,04:30:00,NQ SEP26,15m,2026-05-08 04:30:00,29130.00,29149.25,29128.00,29141.25,21.25,29138.63,29133.31,2026-05-08 04:45:00,DOWN,2026-05-08 04:46:00,1,29135.00,29125.00,CME US Index Futures ETH,1-Minute
2026-05-08,05:15:00,NQ SEP26,15m,2026-05-08 05:15:00,29145.25,29172.25,29142.75,29165.25,29.50,29157.50,29150.13,2026-05-08 05:36:00,DOWN,2026-05-08 05:37:00,1,29156.50,29142.75,CME US Index Futures ETH,1-Minute
2026-05-08,05:30:00,NQ SEP26,15m,2026-05-08 05:30:00,29165.00,29179.25,29159.00,29170.50,20.25,29169.13,29164.06,2026-05-08 05:45:00,DOWN,2026-05-08 05:45:00,0,29143.25,29139.00,CME US Index Futures ETH,1-Minute
2026-05-08,06:30:00,NQ SEP26,15m,2026-05-08 06:30:00,29138.75,29162.00,29138.75,29151.50,23.25,29150.38,29144.56,2026-05-08 06:54:00,DOWN,2026-05-08 06:56:00,2,29155.00,29123.50,CME US Index Futures ETH,1-Minute
2026-05-08,06:45:00,NQ SEP26,15m,2026-05-08 06:45:00,29150.75,29172.25,29147.75,29162.25,24.50,29160.00,29153.88,2026-05-08 07:00:00,DOWN,2026-05-08 07:00:00,0,29148.75,29144.25,CME US Index Futures ETH,1-Minute
2026-05-08,07:45:00,NQ SEP26,15m,2026-05-08 07:45:00,29175.50,29182.75,29170.75,29177.00,12.00,29176.75,29173.75,2026-05-08 08:01:00,UP,2026-05-08 08:03:00,2,29184.75,29173.00,CME US Index Futures ETH,1-Minute
2026-05-08,08:00:00,NQ SEP26,15m,2026-05-08 08:00:00,29176.50,29197.25,29176.50,29180.75,20.75,29186.88,29181.69,2026-05-08 08:15:00,DOWN,2026-05-08 08:15:00,0,29168.75,29163.50,CME US Index Futures ETH,1-Minute
2026-05-08,08:45:00,NQ SEP26,15m,2026-05-08 08:45:00,29182.50,29258.25,29172.25,29243.25,86.00,29215.25,29193.75,2026-05-08 09:00:00,DOWN,2026-05-08 09:07:00,7,29210.25,29170.25,CME US Index Futures ETH,1-Minute
2026-05-08,11:00:00,NQ SEP26,15m,2026-05-08 11:00:00,29419.50,29457.50,29407.25,29444.25,50.25,29432.38,29419.81,2026-05-08 11:18:00,DOWN,2026-05-08 11:19:00,1,29433.25,29407.00,CME US Index Futures ETH,1-Minute
2026-05-08,12:15:00,NQ SEP26,15m,2026-05-08 12:15:00,29473.25,29509.25,29472.50,29501.25,36.75,29490.88,29481.69,2026-05-08 12:44:00,UNRESOLVED,,,29492.75,29478.25,CME US Index Futures ETH,1-Minute
2026-05-08,12:30:00,NQ SEP26,15m,2026-05-08 12:30:00,29500.75,29527.00,29492.25,29524.00,34.75,29509.63,29500.94,2026-05-08 12:45:00,DOWN,2026-05-08 12:45:00,0,29483.50,29477.75,CME US Index Futures ETH,1-Minute
2026-05-08,13:30:00,NQ SEP26,15m,2026-05-08 13:30:00,29566.00,29599.00,29564.50,29588.00,34.50,29581.75,29573.13,2026-05-08 13:45:00,DOWN,2026-05-08 13:45:00,0,29566.75,29558.75,CME US Index Futures ETH,1-Minute
2026-05-08,14:15:00,NQ SEP26,15m,2026-05-08 14:15:00,29546.50,29587.75,29541.75,29571.00,46.00,29564.75,29553.25,2026-05-08 14:41:00,DOWN,2026-05-08 14:55:00,14,29570.75,29539.25,CME US Index Futures ETH,1-Minute
2026-05-08,16:15:00,NQ SEP26,15m,2026-05-08 16:15:00,29622.00,29669.00,29615.50,29626.00,53.50,29642.25,29628.88,2026-05-08 16:30:00,DOWN,2026-05-08 16:56:00,26,29631.00,29615.25,CME US Index Futures ETH,1-Minute
2026-05-10,19:15:00,NQ SEP26,15m,2026-05-10 19:15:00,29576.00,29624.25,29572.75,29603.75,51.50,29598.50,29585.63,2026-05-10 19:30:00,UNRESOLVED,,,29599.50,29573.25,CME US Index Futures ETH,1-Minute
2026-05-10,20:30:00,NQ SEP26,15m,2026-05-10 20:30:00,29651.75,29677.25,29629.25,29670.00,48.00,29653.25,29641.25,2026-05-10 20:51:00,DOWN,2026-05-10 20:52:00,1,29650.25,29613.25,CME US Index Futures ETH,1-Minute
2026-05-10,20:45:00,NQ SEP26,15m,2026-05-10 20:45:00,29669.75,29682.00,29664.50,29670.25,17.50,29673.25,29668.88,2026-05-10 21:00:00,DOWN,2026-05-10 21:00:00,0,29585.25,29574.00,CME US Index Futures ETH,1-Minute
2026-05-10,22:00:00,NQ SEP26,15m,2026-05-10 22:00:00,29614.50,29635.25,29607.00,29621.50,28.25,29621.13,29614.06,2026-05-10 22:17:00,UP,2026-05-10 22:29:00,12,29636.00,29608.25,CME US Index Futures ETH,1-Minute
2026-05-10,22:15:00,NQ SEP26,15m,2026-05-10 22:15:00,29621.00,29640.25,29604.75,29622.25,35.50,29622.50,29613.63,2026-05-10 22:33:00,UNRESOLVED,,,29635.00,29609.00,CME US Index Futures ETH,1-Minute
2026-05-10,22:45:00,NQ SEP26,15m,2026-05-10 22:45:00,29632.25,29643.25,29609.00,29633.50,34.25,29626.13,29617.56,2026-05-10 23:01:00,DOWN,2026-05-10 23:02:00,1,29621.75,29599.75,CME US Index Futures ETH,1-Minute
2026-05-10,23:45:00,NQ SEP26,15m,2026-05-10 23:45:00,29622.50,29630.50,29605.00,29627.50,25.50,29617.75,29611.38,2026-05-11 00:00:00,DOWN,2026-05-11 00:01:00,1,29609.50,29602.50,CME US Index Futures ETH,1-Minute
2026-05-11,01:00:00,NQ SEP26,15m,2026-05-11 01:00:00,29616.50,29626.50,29612.00,29624.50,14.50,29619.25,29615.63,2026-05-11 01:17:00,DOWN,2026-05-11 01:17:00,0,29619.00,29611.50,CME US Index Futures ETH,1-Minute
2026-05-11,01:30:00,NQ SEP26,15m,2026-05-11 01:30:00,29619.00,29638.50,29611.50,29624.50,27.00,29625.00,29618.25,2026-05-11 01:45:00,DOWN,2026-05-11 01:45:00,0,29613.00,29600.50,CME US Index Futures ETH,1-Minute
2026-05-11,02:15:00,NQ SEP26,15m,2026-05-11 02:15:00,29603.75,29628.00,29602.75,29620.75,25.25,29615.38,29609.06,2026-05-11 02:35:00,DOWN,2026-05-11 02:38:00,3,29621.00,29601.50,CME US Index Futures ETH,1-Minute
2026-05-11,02:30:00,NQ SEP26,15m,2026-05-11 02:30:00,29621.00,29636.25,29605.50,29628.00,30.75,29620.88,29613.19,2026-05-11 02:45:00,DOWN,2026-05-11 02:45:00,0,29603.25,29595.75,CME US Index Futures ETH,1-Minute
2026-05-11,03:00:00,NQ SEP26,15m,2026-05-11 03:00:00,29598.00,29607.75,29582.50,29603.75,25.25,29595.13,29588.81,2026-05-11 03:15:00,DOWN,2026-05-11 03:15:00,0,29591.50,29578.25,CME US Index Futures ETH,1-Minute
2026-05-11,03:30:00,NQ SEP26,15m,2026-05-11 03:30:00,29581.25,29604.50,29569.75,29594.00,34.75,29587.13,29578.44,2026-05-11 04:08:00,DOWN,2026-05-11 04:09:00,1,29594.75,29565.25,CME US Index Futures ETH,1-Minute
2026-05-11,04:00:00,NQ SEP26,15m,2026-05-11 04:00:00,29594.50,29608.25,29592.75,29604.75,15.50,29600.50,29596.63,2026-05-11 04:15:00,DOWN,2026-05-11 04:15:00,0,29567.50,29560.50,CME US Index Futures ETH,1-Minute
2026-05-11,05:30:00,NQ SEP26,15m,2026-05-11 05:30:00,29597.00,29618.75,29593.50,29602.50,25.25,29606.13,29599.81,2026-05-11 05:59:00,UNRESOLVED,,,29613.50,29599.50,CME US Index Futures ETH,1-Minute
2026-05-11,05:45:00,NQ SEP26,15m,2026-05-11 05:45:00,29601.75,29624.50,29601.75,29621.25,22.75,29613.13,29607.44,2026-05-11 06:00:00,DOWN,2026-05-11 06:00:00,0,29602.75,29597.25,CME US Index Futures ETH,1-Minute
2026-05-11,06:30:00,NQ SEP26,15m,2026-05-11 06:30:00,29593.75,29600.25,29580.00,29595.00,20.25,29590.13,29585.06,2026-05-11 06:45:00,DOWN,2026-05-11 06:46:00,1,29586.00,29577.75,CME US Index Futures ETH,1-Minute
2026-05-11,07:30:00,NQ SEP26,15m,2026-05-11 07:30:00,29623.75,29660.00,29616.50,29654.50,43.50,29638.25,29627.38,2026-05-11 07:46:00,DOWN,2026-05-11 07:48:00,2,29630.25,29614.50,CME US Index Futures ETH,1-Minute
2026-05-11,08:30:00,NQ SEP26,15m,2026-05-11 08:30:00,29583.25,29599.75,29560.25,29590.00,39.50,29580.00,29570.13,2026-05-11 08:45:00,DOWN,2026-05-11 08:45:00,0,29562.00,29552.50,CME US Index Futures ETH,1-Minute
2026-05-11,09:15:00,NQ SEP26,15m,2026-05-11 09:15:00,29579.25,29595.75,29567.25,29589.50,28.50,29581.50,29574.38,2026-05-11 09:30:00,AMBIGUOUS,2026-05-11 09:31:00,1,29628.25,29563.75,CME US Index Futures ETH,1-Minute
2026-05-11,09:45:00,NQ SEP26,15m,2026-05-11 09:45:00,29587.50,29717.00,29563.75,29681.50,153.25,29640.38,29602.06,2026-05-11 10:00:00,UNRESOLVED,,,29700.00,29583.00,CME US Index Futures ETH,1-Minute
2026-05-11,10:15:00,NQ SEP26,15m,2026-05-11 10:15:00,29593.50,29687.25,29590.00,29682.75,97.25,29638.63,29614.31,2026-05-11 10:30:00,DOWN,2026-05-11 10:30:00,0,29596.75,29556.75,CME US Index Futures ETH,1-Minute
2026-05-11,11:00:00,NQ SEP26,15m,2026-05-11 11:00:00,29647.75,29694.50,29639.50,29673.75,55.00,29667.00,29653.25,2026-05-11 11:15:00,UP,2026-05-11 11:27:00,12,29695.75,29642.00,CME US Index Futures ETH,1-Minute
2026-05-11,12:15:00,NQ SEP26,15m,2026-05-11 12:15:00,29747.50,29762.25,29738.50,29761.50,23.75,29750.38,29744.44,2026-05-11 12:30:00,DOWN,2026-05-11 12:37:00,7,29759.75,29737.25,CME US Index Futures ETH,1-Minute
2026-05-11,13:45:00,NQ SEP26,15m,2026-05-11 13:45:00,29718.50,29756.25,29717.75,29749.75,38.50,29737.00,29727.38,2026-05-11 14:00:00,UP,2026-05-11 14:10:00,10,29757.25,29722.00,CME US Index Futures ETH,1-Minute
2026-05-11,14:15:00,NQ SEP26,15m,2026-05-11 14:15:00,29724.25,29757.25,29723.00,29746.50,34.25,29740.13,29731.56,2026-05-11 14:40:00,DOWN,2026-05-11 14:42:00,2,29752.00,29719.25,CME US Index Futures ETH,1-Minute
2026-05-11,14:30:00,NQ SEP26,15m,2026-05-11 14:30:00,29745.50,29757.25,29730.50,29754.25,26.75,29743.88,29737.19,2026-05-11 14:45:00,DOWN,2026-05-11 14:45:00,0,29732.25,29728.25,CME US Index Futures ETH,1-Minute
2026-05-11,15:15:00,NQ SEP26,15m,2026-05-11 15:15:00,29671.00,29716.75,29658.25,29698.25,58.50,29687.50,29672.88,2026-05-11 15:30:00,DOWN,2026-05-11 15:30:00,0,29671.25,29655.25,CME US Index Futures ETH,1-Minute
2026-05-11,15:45:00,NQ SEP26,15m,2026-05-11 15:45:00,29664.00,29690.75,29653.75,29664.50,37.00,29672.25,29663.00,2026-05-11 16:12:00,DOWN,2026-05-11 16:12:00,0,29689.25,29597.00,CME US Index Futures ETH,1-Minute
2026-05-11,16:00:00,NQ SEP26,15m,2026-05-11 16:00:00,29664.25,29714.00,29658.75,29709.50,55.25,29686.38,29672.56,2026-05-11 16:15:00,DOWN,2026-05-11 16:25:00,10,29686.75,29658.50,CME US Index Futures ETH,1-Minute
2026-05-11,16:45:00,NQ SEP26,15m,2026-05-11 16:45:00,29680.50,29695.25,29680.00,29684.25,15.25,29687.63,29683.81,2026-05-11 17:00:00,DOWN,2026-05-11 17:00:00,0,29682.25,29677.75,CME US Index Futures ETH,1-Minute
2026-05-11,18:45:00,NQ SEP26,15m,2026-05-11 18:45:00,29716.75,29734.50,29715.25,29732.50,19.25,29724.88,29720.06,2026-05-11 19:11:00,DOWN,2026-05-11 19:18:00,7,29726.00,29704.25,CME US Index Futures ETH,1-Minute
2026-05-11,19:30:00,NQ SEP26,15m,2026-05-11 19:30:00,29720.75,29735.25,29704.25,29733.75,31.00,29719.75,29712.00,2026-05-11 19:47:00,DOWN,2026-05-11 19:58:00,11,29726.50,29700.50,CME US Index Futures ETH,1-Minute
2026-05-11,21:00:00,NQ SEP26,15m,2026-05-11 21:00:00,29656.75,29673.00,29654.50,29660.75,18.50,29663.75,29659.13,2026-05-11 21:15:00,DOWN,2026-05-11 21:15:00,0,29654.75,29647.75,CME US Index Futures ETH,1-Minute
2026-05-11,23:00:00,NQ SEP26,15m,2026-05-11 23:00:00,29607.75,29647.50,29605.75,29643.50,41.75,29626.63,29616.19,2026-05-11 23:20:00,DOWN,2026-05-11 23:57:00,37,29628.75,29602.50,CME US Index Futures ETH,1-Minute
2026-05-12,00:30:00,NQ SEP26,15m,2026-05-12 00:30:00,29603.25,29619.75,29601.50,29609.75,18.25,29610.63,29606.06,2026-05-12 00:45:00,DOWN,2026-05-12 00:48:00,3,29609.25,29598.50,CME US Index Futures ETH,1-Minute
2026-05-12,01:30:00,NQ SEP26,15m,2026-05-12 01:30:00,29563.50,29584.00,29554.25,29579.25,29.75,29569.13,29561.69,2026-05-12 01:45:00,DOWN,2026-05-12 02:07:00,22,29580.50,29553.50,CME US Index Futures ETH,1-Minute
2026-05-12,02:00:00,NQ SEP26,15m,2026-05-12 02:00:00,29557.50,29580.50,29557.50,29564.75,23.00,29569.00,29563.25,2026-05-12 02:15:00,DOWN,2026-05-12 02:15:00,0,29558.50,29553.00,CME US Index Futures ETH,1-Minute
2026-05-12,03:45:00,NQ SEP26,15m,2026-05-12 03:45:00,29512.00,29536.75,29512.00,29520.50,24.75,29524.38,29518.19,2026-05-12 04:01:00,DOWN,2026-05-12 04:02:00,1,29527.50,29508.75,CME US Index Futures ETH,1-Minute
2026-05-12,04:00:00,NQ SEP26,15m,2026-05-12 04:00:00,29521.25,29534.25,29515.00,29522.25,19.25,29524.63,29519.81,2026-05-12 04:15:00,DOWN,2026-05-12 04:15:00,0,29477.25,29464.00,CME US Index Futures ETH,1-Minute
2026-05-12,04:30:00,NQ SEP26,15m,2026-05-12 04:30:00,29463.50,29504.00,29456.25,29500.75,47.75,29480.13,29468.19,2026-05-12 04:48:00,UP,2026-05-12 05:04:00,16,29507.00,29467.25,CME US Index Futures ETH,1-Minute
2026-05-12,05:45:00,NQ SEP26,15m,2026-05-12 05:45:00,29490.75,29528.75,29490.75,29497.25,38.00,29509.75,29500.25,2026-05-12 06:00:00,UP,2026-05-12 06:12:00,12,29532.50,29498.25,CME US Index Futures ETH,1-Minute
2026-05-12,06:00:00,NQ SEP26,15m,2026-05-12 06:00:00,29499.50,29517.25,29492.25,29503.25,25.00,29504.75,29498.50,2026-05-12 06:27:00,UNRESOLVED,,,29504.50,29498.25,CME US Index Futures ETH,1-Minute
2026-05-12,06:15:00,NQ SEP26,15m,2026-05-12 06:15:00,29503.75,29532.50,29499.50,29520.50,33.00,29516.00,29507.75,2026-05-12 06:30:00,DOWN,2026-05-12 06:31:00,1,29509.75,29499.25,CME US Index Futures ETH,1-Minute
2026-05-12,07:00:00,NQ SEP26,15m,2026-05-12 07:00:00,29476.25,29496.00,29470.25,29490.00,25.75,29483.13,29476.69,2026-05-12 07:15:00,DOWN,2026-05-12 07:15:00,0,29439.25,29430.00,CME US Index Futures ETH,1-Minute
2026-05-12,07:45:00,NQ SEP26,15m,2026-05-12 07:45:00,29445.25,29467.00,29435.75,29454.25,31.25,29451.38,29443.56,2026-05-12 08:01:00,DOWN,2026-05-12 08:03:00,2,29450.75,29434.25,CME US Index Futures ETH,1-Minute
2026-05-12,09:00:00,NQ SEP26,15m,2026-05-12 09:00:00,29486.25,29514.50,29484.00,29506.25,30.50,29499.25,29491.63,2026-05-12 09:16:00,DOWN,2026-05-12 09:18:00,2,29499.25,29476.50,CME US Index Futures ETH,1-Minute
2026-05-12,09:45:00,NQ SEP26,15m,2026-05-12 09:45:00,29495.25,29568.00,29425.25,29567.00,142.75,29496.63,29460.94,2026-05-12 10:00:00,DOWN,2026-05-12 10:00:00,0,29429.50,29392.00,CME US Index Futures ETH,1-Minute
2026-05-12,10:15:00,NQ SEP26,15m,2026-05-12 10:15:00,29411.25,29477.00,29370.50,29473.00,106.50,29423.75,29397.13,2026-05-12 10:30:00,DOWN,2026-05-12 10:30:00,0,29391.00,29363.25,CME US Index Futures ETH,1-Minute
2026-05-12,11:45:00,NQ SEP26,15m,2026-05-12 11:45:00,29158.00,29227.50,29151.25,29210.75,76.25,29189.38,29170.31,2026-05-12 12:00:00,DOWN,2026-05-12 12:00:00,0,29130.25,29110.75,CME US Index Futures ETH,1-Minute
2026-05-12,12:15:00,NQ SEP26,15m,2026-05-12 12:15:00,29122.25,29195.75,29093.25,29191.00,102.50,29144.50,29118.88,2026-05-12 12:30:00,DOWN,2026-05-12 12:33:00,3,29143.25,29077.75,CME US Index Futures ETH,1-Minute
2026-05-12,14:30:00,NQ SEP26,15m,2026-05-12 14:30:00,29229.00,29284.75,29213.75,29273.25,71.00,29249.25,29231.50,2026-05-12 14:47:00,UP,2026-05-12 14:58:00,11,29289.25,29229.75,CME US Index Futures ETH,1-Minute
2026-05-12,16:00:00,NQ SEP26,15m,2026-05-12 16:00:00,29410.00,29470.50,29394.50,29455.25,76.00,29432.50,29413.50,2026-05-12 16:15:00,DOWN,2026-05-12 16:27:00,12,29423.75,29388.50,CME US Index Futures ETH,1-Minute
2026-05-12,18:30:00,NQ SEP26,15m,2026-05-12 18:30:00,29445.25,29469.25,29444.25,29453.00,25.00,29456.75,29450.50,2026-05-12 18:45:00,DOWN,2026-05-12 18:52:00,7,29458.25,29442.00,CME US Index Futures ETH,1-Minute
2026-05-12,22:00:00,NQ SEP26,15m,2026-05-12 22:00:00,29484.75,29542.50,29484.25,29497.00,58.25,29513.38,29498.81,2026-05-12 22:15:00,UNRESOLVED,,,29519.50,29495.50,CME US Index Futures ETH,1-Minute
2026-05-12,22:30:00,NQ SEP26,15m,2026-05-12 22:30:00,29498.75,29519.50,29495.50,29516.50,24.00,29507.50,29501.50,2026-05-12 22:48:00,DOWN,2026-05-12 22:48:00,0,29506.25,29493.25,CME US Index Futures ETH,1-Minute
2026-05-13,01:30:00,NQ SEP26,15m,2026-05-13 01:30:00,29577.00,29589.75,29567.00,29580.25,22.75,29578.38,29572.69,2026-05-13 01:45:00,UP,2026-05-13 02:07:00,22,29590.00,29567.25,CME US Index Futures ETH,1-Minute
2026-05-13,02:15:00,NQ SEP26,15m,2026-05-13 02:15:00,29578.50,29605.75,29573.00,29605.00,32.75,29589.38,29581.19,2026-05-13 02:51:00,DOWN,2026-05-13 02:54:00,3,29590.75,29572.75,CME US Index Futures ETH,1-Minute
2026-05-13,04:30:00,NQ SEP26,15m,2026-05-13 04:30:00,29705.25,29729.25,29703.25,29718.50,26.00,29716.25,29709.75,2026-05-13 04:47:00,DOWN,2026-05-13 04:48:00,1,29717.00,29703.25,CME US Index Futures ETH,1-Minute
2026-05-13,06:00:00,NQ SEP26,15m,2026-05-13 06:00:00,29694.50,29708.75,29685.00,29703.25,23.75,29696.88,29690.94,2026-05-13 06:15:00,DOWN,2026-05-13 06:15:00,0,29683.25,29674.75,CME US Index Futures ETH,1-Minute
2026-05-13,06:45:00,NQ SEP26,15m,2026-05-13 06:45:00,29669.75,29676.50,29649.75,29674.25,26.75,29663.13,29656.44,2026-05-13 07:04:00,DOWN,2026-05-13 07:05:00,1,29663.50,29642.25,CME US Index Futures ETH,1-Minute
2026-05-13,07:45:00,NQ SEP26,15m,2026-05-13 07:45:00,29642.00,29667.25,29636.25,29653.50,31.00,29651.75,29644.00,2026-05-13 08:18:00,DOWN,2026-05-13 08:19:00,1,29648.50,29627.50,CME US Index Futures ETH,1-Minute
2026-05-13,08:15:00,NQ SEP26,15m,2026-05-13 08:15:00,29651.75,29687.00,29647.25,29656.50,39.75,29667.13,29657.19,2026-05-13 08:30:00,DOWN,2026-05-13 08:30:00,0,29642.25,29632.25,CME US Index Futures ETH,1-Minute
2026-05-13,09:15:00,NQ SEP26,15m,2026-05-13 09:15:00,29519.75,29577.00,29519.00,29571.00,58.00,29548.00,29533.50,2026-05-13 09:32:00,DOWN,2026-05-13 09:32:00,0,29550.75,29499.75,CME US Index Futures ETH,1-Minute
2026-05-13,11:15:00,NQ SEP26,15m,2026-05-13 11:15:00,29599.75,29631.75,29581.00,29605.00,50.75,29606.38,29593.69,2026-05-13 11:30:00,DOWN,2026-05-13 11:31:00,1,29600.50,29566.50,CME US Index Futures ETH,1-Minute
2026-05-13,11:45:00,NQ SEP26,15m,2026-05-13 11:45:00,29594.25,29669.00,29566.50,29660.75,102.50,29617.75,29592.13,2026-05-13 12:00:00,UP,2026-05-13 12:15:00,15,29670.50,29581.50,CME US Index Futures ETH,1-Minute
2026-05-13,13:15:00,NQ SEP26,15m,2026-05-13 13:15:00,29730.25,29775.00,29730.25,29770.25,44.75,29752.63,29741.44,2026-05-13 14:00:00,DOWN,2026-05-13 14:00:00,0,29743.25,29724.75,CME US Index Futures ETH,1-Minute
2026-05-13,14:30:00,NQ SEP26,15m,2026-05-13 14:30:00,29804.25,29847.75,29804.25,29832.75,43.50,29826.00,29815.13,2026-05-13 14:45:00,DOWN,2026-05-13 14:45:00,0,29803.25,29795.75,CME US Index Futures ETH,1-Minute
2026-05-13,15:30:00,NQ SEP26,15m,2026-05-13 15:30:00,29807.25,29822.25,29781.75,29807.75,40.50,29802.00,29791.88,2026-05-13 15:51:00,DOWN,2026-05-13 15:51:00,0,29813.00,29766.50,CME US Index Futures ETH,1-Minute
2026-05-13,15:45:00,NQ SEP26,15m,2026-05-13 15:45:00,29808.25,29818.00,29792.25,29814.25,25.75,29805.13,29798.69,2026-05-13 16:00:00,DOWN,2026-05-13 16:00:00,0,29768.00,29753.25,CME US Index Futures ETH,1-Minute
2026-05-13,19:15:00,NQ SEP26,15m,2026-05-13 19:15:00,29872.50,29930.75,29872.50,29924.75,58.25,29901.63,29887.06,2026-05-13 19:34:00,UNRESOLVED,,,29916.25,29872.75,CME US Index Futures ETH,1-Minute
2026-05-13,21:00:00,NQ SEP26,15m,2026-05-13 21:00:00,29960.75,29975.25,29941.25,29963.25,34.00,29958.25,29949.75,2026-05-13 21:15:00,DOWN,2026-05-13 21:18:00,3,29955.00,29940.50,CME US Index Futures ETH,1-Minute
2026-05-13,21:30:00,NQ SEP26,15m,2026-05-13 21:30:00,29950.50,29963.75,29919.50,29961.75,44.25,29941.63,29930.56,2026-05-13 21:45:00,DOWN,2026-05-13 21:45:00,0,29925.25,29919.25,CME US Index Futures ETH,1-Minute
2026-05-13,22:30:00,NQ SEP26,15m,2026-05-13 22:30:00,29898.25,29915.25,29890.75,29909.75,24.50,29903.00,29896.88,2026-05-13 22:46:00,DOWN,2026-05-13 22:47:00,1,29907.50,29889.25,CME US Index Futures ETH,1-Minute
2026-05-13,23:15:00,NQ SEP26,15m,2026-05-13 23:15:00,29869.00,29890.50,29859.50,29883.50,31.00,29875.00,29867.25,2026-05-13 23:30:00,DOWN,2026-05-13 23:31:00,1,29869.75,29847.50,CME US Index Futures ETH,1-Minute
2026-05-14,00:45:00,NQ SEP26,15m,2026-05-14 00:45:00,29848.50,29872.75,29847.00,29864.50,25.75,29859.88,29853.44,2026-05-14 01:00:00,DOWN,2026-05-14 01:01:00,1,29854.25,29841.75,CME US Index Futures ETH,1-Minute
2026-05-14,02:15:00,NQ SEP26,15m,2026-05-14 02:15:00,29886.00,29917.00,29885.00,29908.00,32.00,29901.00,29893.00,2026-05-14 02:50:00,UNRESOLVED,,,29915.75,29885.50,CME US Index Futures ETH,1-Minute
2026-05-14,02:45:00,NQ SEP26,15m,2026-05-14 02:45:00,29905.25,29920.00,29902.50,29914.75,17.50,29911.25,29906.88,2026-05-14 03:00:00,DOWN,2026-05-14 03:00:00,0,29900.25,29888.75,CME US Index Futures ETH,1-Minute
2026-05-14,03:30:00,NQ SEP26,15m,2026-05-14 03:30:00,29876.00,29893.25,29874.25,29883.00,19.00,29883.75,29879.00,2026-05-14 03:57:00,DOWN,2026-05-14 03:58:00,1,29889.25,29872.25,CME US Index Futures ETH,1-Minute
2026-05-14,03:45:00,NQ SEP26,15m,2026-05-14 03:45:00,29883.00,29915.25,29878.75,29902.75,36.50,29897.00,29887.88,2026-05-14 04:00:00,DOWN,2026-05-14 04:00:00,0,29861.75,29849.25,CME US Index Futures ETH,1-Minute
2026-05-14,04:15:00,NQ SEP26,15m,2026-05-14 04:15:00,29857.00,29883.25,29830.50,29881.75,52.75,29856.88,29843.69,2026-05-14 04:42:00,DOWN,2026-05-14 04:47:00,5,29864.50,29828.75,CME US Index Futures ETH,1-Minute
2026-05-14,05:00:00,NQ SEP26,15m,2026-05-14 05:00:00,29838.50,29862.75,29828.75,29858.25,34.00,29845.75,29837.25,2026-05-14 05:15:00,DOWN,2026-05-14 05:27:00,12,29848.75,29827.00,CME US Index Futures ETH,1-Minute
2026-05-14,06:15:00,NQ SEP26,15m,2026-05-14 06:15:00,29815.00,29875.75,29812.50,29839.00,63.25,29844.13,29828.31,2026-05-14 06:30:00,DOWN,2026-05-14 06:41:00,11,29837.25,29807.50,CME US Index Futures ETH,1-Minute
2026-05-14,07:00:00,NQ SEP26,15m,2026-05-14 07:00:00,29808.75,29849.25,29800.25,29827.25,49.00,29824.75,29812.50,2026-05-14 07:24:00,DOWN,2026-05-14 07:26:00,2,29821.25,29794.50,CME US Index Futures ETH,1-Minute
2026-05-14,07:15:00,NQ SEP26,15m,2026-05-14 07:15:00,29826.25,29859.50,29824.50,29848.00,35.00,29842.00,29833.25,2026-05-14 07:30:00,DOWN,2026-05-14 07:30:00,0,29809.00,29803.50,CME US Index Futures ETH,1-Minute
2026-05-14,08:15:00,NQ SEP26,15m,2026-05-14 08:15:00,29822.25,29847.50,29817.25,29843.00,30.25,29832.38,29824.81,2026-05-14 08:33:00,DOWN,2026-05-14 08:37:00,4,29840.00,29814.00,CME US Index Futures ETH,1-Minute
2026-05-14,08:30:00,NQ SEP26,15m,2026-05-14 08:30:00,29842.50,29857.25,29831.75,29843.25,25.50,29844.50,29838.13,2026-05-14 08:45:00,DOWN,2026-05-14 08:45:00,0,29810.75,29803.00,CME US Index Futures ETH,1-Minute
2026-05-14,11:30:00,NQ SEP26,15m,2026-05-14 11:30:00,30015.50,30056.00,30014.00,30039.00,42.00,30035.00,30024.50,2026-05-14 11:45:00,UP,2026-05-14 12:06:00,21,30059.25,30015.25,CME US Index Futures ETH,1-Minute
2026-05-14,12:00:00,NQ SEP26,15m,2026-05-14 12:00:00,30034.50,30052.00,30015.25,30037.50,36.75,30033.63,30024.44,2026-05-14 12:27:00,DOWN,2026-05-14 12:27:00,0,30041.50,30010.50,CME US Index Futures ETH,1-Minute
2026-05-14,13:00:00,NQ SEP26,15m,2026-05-14 13:00:00,30000.25,30021.25,29974.50,30010.25,46.75,29997.88,29986.19,2026-05-14 13:15:00,DOWN,2026-05-14 13:15:00,0,29973.75,29934.25,CME US Index Futures ETH,1-Minute
2026-05-14,13:45:00,NQ SEP26,15m,2026-05-14 13:45:00,29930.50,29984.75,29919.00,29979.75,65.75,29951.88,29935.44,2026-05-14 14:04:00,UNRESOLVED,,,29978.00,29922.75,CME US Index Futures ETH,1-Minute
2026-05-14,14:00:00,NQ SEP26,15m,2026-05-14 14:00:00,29980.75,30034.75,29980.75,30013.25,54.00,30007.75,29994.25,2026-05-14 14:15:00,DOWN,2026-05-14 14:15:00,0,29972.50,29959.75,CME US Index Futures ETH,1-Minute
2026-05-14,15:45:00,NQ SEP26,15m,2026-05-14 15:45:00,29981.75,30017.25,29978.75,30009.50,38.50,29998.00,29988.38,2026-05-14 16:00:00,DOWN,2026-05-14 16:00:00,0,29977.75,29960.75,CME US Index Futures ETH,1-Minute
2026-05-14,16:15:00,NQ SEP26,15m,2026-05-14 16:15:00,29969.00,30020.00,29967.50,29991.75,52.50,29993.75,29980.63,2026-05-14 16:30:00,DOWN,2026-05-14 16:30:00,0,29964.00,29959.50,CME US Index Futures ETH,1-Minute
2026-05-14,19:00:00,NQ SEP26,15m,2026-05-14 19:00:00,29989.75,30002.75,29987.00,29990.75,15.75,29994.88,29990.94,2026-05-14 19:23:00,UP,2026-05-14 19:29:00,6,30006.75,29988.00,CME US Index Futures ETH,1-Minute
2026-05-14,19:30:00,NQ SEP26,15m,2026-05-14 19:30:00,29999.25,30008.50,29988.00,30006.50,20.50,29998.25,29993.13,2026-05-14 19:46:00,DOWN,2026-05-14 19:49:00,3,30001.00,29983.50,CME US Index Futures ETH,1-Minute
2026-05-14,20:15:00,NQ SEP26,15m,2026-05-14 20:15:00,29969.25,29982.25,29938.00,29982.25,44.25,29960.13,29949.06,2026-05-14 20:42:00,DOWN,2026-05-14 20:42:00,0,29954.50,29928.75,CME US Index Futures ETH,1-Minute
2026-05-14,20:30:00,NQ SEP26,15m,2026-05-14 20:30:00,29983.00,30009.25,29981.25,30003.00,28.00,29995.25,29988.25,2026-05-14 20:45:00,DOWN,2026-05-14 20:45:00,0,29953.50,29944.00,CME US Index Futures ETH,1-Minute
2026-05-14,21:00:00,NQ SEP26,15m,2026-05-14 21:00:00,29944.75,29970.25,29937.25,29966.25,33.00,29953.75,29945.50,2026-05-14 21:15:00,DOWN,2026-05-14 21:15:00,0,29939.75,29927.00,CME US Index Futures ETH,1-Minute
2026-05-14,21:45:00,NQ SEP26,15m,2026-05-14 21:45:00,29863.25,29886.75,29828.25,29866.50,58.50,29857.50,29842.88,2026-05-14 22:00:00,DOWN,2026-05-14 22:00:00,0,29824.25,29797.50,CME US Index Futures ETH,1-Minute
2026-05-14,23:15:00,NQ SEP26,15m,2026-05-14 23:15:00,29863.50,29875.75,29845.75,29863.75,30.00,29860.75,29853.25,2026-05-14 23:30:00,DOWN,2026-05-14 23:32:00,2,29859.25,29843.00,CME US Index Futures ETH,1-Minute
2026-05-15,01:30:00,NQ SEP26,15m,2026-05-15 01:30:00,29710.50,29728.25,29697.00,29719.25,31.25,29712.63,29704.81,2026-05-15 01:45:00,DOWN,2026-05-15 01:45:00,0,29645.75,29635.25,CME US Index Futures ETH,1-Minute
2026-05-15,03:15:00,NQ SEP26,15m,2026-05-15 03:15:00,29684.75,29744.25,29677.00,29743.75,67.25,29710.63,29693.81,2026-05-15 03:37:00,DOWN,2026-05-15 03:42:00,5,29705.25,29668.75,CME US Index Futures ETH,1-Minute
2026-05-15,04:00:00,NQ SEP26,15m,2026-05-15 04:00:00,29675.25,29689.25,29658.75,29688.00,30.50,29674.00,29666.38,2026-05-15 04:15:00,DOWN,2026-05-15 04:15:00,0,29635.75,29617.50,CME US Index Futures ETH,1-Minute
2026-05-15,04:45:00,NQ SEP26,15m,2026-05-15 04:45:00,29509.75,29583.00,29469.00,29580.25,114.00,29526.00,29497.50,2026-05-15 05:21:00,UNRESOLVED,,,29545.00,29472.25,CME US Index Futures ETH,1-Minute
2026-05-15,05:30:00,NQ SEP26,15m,2026-05-15 05:30:00,29524.25,29537.50,29472.25,29535.75,65.25,29504.88,29488.56,2026-05-15 05:45:00,DOWN,2026-05-15 05:48:00,3,29500.50,29472.25,CME US Index Futures ETH,1-Minute
2026-05-15,07:00:00,NQ SEP26,15m,2026-05-15 07:00:00,29572.75,29657.75,29563.25,29610.50,94.50,29610.50,29586.88,2026-05-15 07:24:00,DOWN,2026-05-15 07:35:00,11,29602.00,29554.25,CME US Index Futures ETH,1-Minute
2026-05-15,08:30:00,NQ SEP26,15m,2026-05-15 08:30:00,29462.50,29525.50,29454.50,29479.00,71.00,29490.00,29472.25,2026-05-15 08:45:00,DOWN,2026-05-15 08:45:00,0,29461.25,29441.50,CME US Index Futures ETH,1-Minute
2026-05-15,09:00:00,NQ SEP26,15m,2026-05-15 09:00:00,29439.50,29485.75,29424.75,29472.25,61.00,29455.25,29440.00,2026-05-15 09:39:00,UP,2026-05-15 09:41:00,2,29526.00,29433.25,CME US Index Futures ETH,1-Minute
2026-05-15,09:30:00,NQ SEP26,15m,2026-05-15 09:30:00,29459.25,29570.50,29449.50,29560.50,121.00,29510.00,29479.75,2026-05-15 09:45:00,DOWN,2026-05-15 09:45:00,0,29482.25,29448.00,CME US Index Futures ETH,1-Minute
2026-05-15,10:45:00,NQ SEP26,15m,2026-05-15 10:45:00,29574.50,29642.75,29568.25,29629.25,74.50,29605.50,29586.88,2026-05-15 11:00:00,DOWN,2026-05-15 11:00:00,0,29585.25,29557.00,CME US Index Futures ETH,1-Minute
2026-05-15,11:30:00,NQ SEP26,15m,2026-05-15 11:30:00,29567.00,29643.25,29557.00,29616.25,86.25,29600.13,29578.56,2026-05-15 11:45:00,DOWN,2026-05-15 11:45:00,0,29593.25,29553.50,CME US Index Futures ETH,1-Minute
2026-05-15,12:45:00,NQ SEP26,15m,2026-05-15 12:45:00,29615.25,29630.25,29598.50,29627.50,31.75,29614.38,29606.44,2026-05-15 13:00:00,DOWN,2026-05-15 13:00:00,0,29608.00,29588.75,CME US Index Futures ETH,1-Minute
2026-05-15,14:00:00,NQ SEP26,15m,2026-05-15 14:00:00,29707.25,29736.00,29694.25,29729.50,41.75,29715.13,29704.69,2026-05-15 14:19:00,DOWN,2026-05-15 14:19:00,0,29734.25,29685.50,CME US Index Futures ETH,1-Minute
2026-05-15,14:15:00,NQ SEP26,15m,2026-05-15 14:15:00,29731.25,29769.00,29729.00,29751.00,40.00,29749.00,29739.00,2026-05-15 14:30:00,DOWN,2026-05-15 14:30:00,0,29673.00,29658.25,CME US Index Futures ETH,1-Minute
2026-05-15,15:00:00,NQ SEP26,15m,2026-05-15 15:00:00,29658.50,29689.25,29635.00,29672.00,54.25,29662.13,29648.56,2026-05-15 15:15:00,DOWN,2026-05-15 15:15:00,0,29613.00,29600.00,CME US Index Futures ETH,1-Minute
2026-05-15,15:45:00,NQ SEP26,15m,2026-05-15 15:45:00,29572.00,29622.50,29569.75,29578.00,52.75,29596.13,29582.94,2026-05-15 16:00:00,DOWN,2026-05-15 16:00:00,0,29526.50,29502.00,CME US Index Futures ETH,1-Minute
2026-05-15,16:30:00,NQ SEP26,15m,2026-05-15 16:30:00,29437.75,29475.75,29425.00,29458.25,50.75,29450.38,29437.69,2026-05-17 18:01:00,AMBIGUOUS,2026-05-17 18:01:00,0,29504.25,29392.25,CME US Index Futures ETH,1-Minute
2026-05-17,18:45:00,NQ SEP26,15m,2026-05-17 18:45:00,29506.00,29556.75,29479.75,29545.00,77.00,29518.25,29499.00,2026-05-17 19:05:00,DOWN,2026-05-17 19:07:00,2,29514.50,29477.25,CME US Index Futures ETH,1-Minute
2026-05-17,20:00:00,NQ SEP26,15m,2026-05-17 20:00:00,29398.75,29440.75,29370.25,29401.25,70.50,29405.50,29387.88,2026-05-17 20:15:00,DOWN,2026-05-17 20:15:00,0,29304.75,29285.75,CME US Index Futures ETH,1-Minute
2026-05-17,21:00:00,NQ SEP26,15m,2026-05-17 21:00:00,29232.75,29321.25,29227.75,29316.00,93.50,29274.50,29251.13,2026-05-17 21:15:00,DOWN,2026-05-17 21:22:00,7,29292.75,29221.00,CME US Index Futures ETH,1-Minute
2026-05-17,22:30:00,NQ SEP26,15m,2026-05-17 22:30:00,29321.50,29375.75,29321.50,29372.25,54.25,29348.63,29335.06,2026-05-17 22:45:00,DOWN,2026-05-17 22:46:00,1,29336.75,29315.25,CME US Index Futures ETH,1-Minute
2026-05-17,23:15:00,NQ SEP26,15m,2026-05-17 23:15:00,29294.00,29344.25,29290.50,29300.50,53.75,29317.38,29303.94,2026-05-17 23:31:00,DOWN,2026-05-17 23:33:00,2,29322.25,29286.00,CME US Index Futures ETH,1-Minute
2026-05-18,00:15:00,NQ SEP26,15m,2026-05-18 00:15:00,29338.25,29392.25,29336.25,29382.25,56.00,29364.25,29350.25,2026-05-18 00:30:00,DOWN,2026-05-18 00:30:00,0,29313.50,29304.25,CME US Index Futures ETH,1-Minute
2026-05-18,00:45:00,NQ SEP26,15m,2026-05-18 00:45:00,29310.25,29361.25,29302.25,29354.50,59.00,29331.75,29317.00,2026-05-18 01:18:00,UNRESOLVED,,,29349.50,29303.50,CME US Index Futures ETH,1-Minute
2026-05-18,01:15:00,NQ SEP26,15m,2026-05-18 01:15:00,29333.50,29379.50,29322.25,29347.25,57.25,29350.88,29336.56,2026-05-18 01:32:00,UNRESOLVED,,,29369.75,29325.75,CME US Index Futures ETH,1-Minute
2026-05-18,01:45:00,NQ SEP26,15m,2026-05-18 01:45:00,29347.00,29369.75,29325.75,29348.00,44.00,29347.75,29336.75,2026-05-18 02:00:00,DOWN,2026-05-18 02:00:00,0,29335.50,29322.25,CME US Index Futures ETH,1-Minute
2026-05-18,03:00:00,NQ SEP26,15m,2026-05-18 03:00:00,29349.50,29395.25,29347.50,29393.75,47.75,29371.38,29359.44,2026-05-18 03:17:00,DOWN,2026-05-18 03:21:00,4,29373.75,29343.50,CME US Index Futures ETH,1-Minute
2026-05-18,03:30:00,NQ SEP26,15m,2026-05-18 03:30:00,29370.25,29436.50,29342.25,29433.00,94.25,29389.38,29365.81,2026-05-18 03:45:00,UP,2026-05-18 04:04:00,19,29437.75,29356.00,CME US Index Futures ETH,1-Minute
2026-05-18,05:00:00,NQ SEP26,15m,2026-05-18 05:00:00,29474.75,29524.75,29474.25,29523.25,50.50,29499.50,29486.88,2026-05-18 05:15:00,DOWN,2026-05-18 05:26:00,11,29502.00,29473.50,CME US Index Futures ETH,1-Minute
2026-05-18,05:30:00,NQ SEP26,15m,2026-05-18 05:30:00,29481.75,29502.00,29465.50,29485.00,36.50,29483.75,29474.63,2026-05-18 05:52:00,DOWN,2026-05-18 05:53:00,1,29483.50,29461.25,CME US Index Futures ETH,1-Minute
2026-05-18,07:00:00,NQ SEP26,15m,2026-05-18 07:00:00,29400.75,29426.75,29393.00,29402.25,33.75,29409.88,29401.44,2026-05-18 07:15:00,DOWN,2026-05-18 07:15:00,0,29389.75,29381.25,CME US Index Futures ETH,1-Minute
2026-05-18,08:15:00,NQ SEP26,15m,2026-05-18 08:15:00,29461.00,29520.50,29454.00,29501.75,66.50,29487.25,29470.63,2026-05-18 08:32:00,UP,2026-05-18 08:35:00,3,29529.00,29469.25,CME US Index Futures ETH,1-Minute
2026-05-18,09:00:00,NQ SEP26,15m,2026-05-18 09:00:00,29600.50,29702.00,29595.25,29690.25,106.75,29648.63,29621.94,2026-05-18 09:30:00,DOWN,2026-05-18 09:31:00,1,29641.25,29586.25,CME US Index Futures ETH,1-Minute
2026-05-18,10:00:00,NQ SEP26,15m,2026-05-18 10:00:00,29449.75,29591.00,29417.25,29526.00,173.75,29504.13,29460.69,2026-05-18 10:28:00,UNRESOLVED,,,29484.75,29451.50,CME US Index Futures ETH,1-Minute
2026-05-18,10:15:00,NQ SEP26,15m,2026-05-18 10:15:00,29524.75,29554.25,29411.25,29543.75,143.00,29482.75,29447.00,2026-05-18 10:30:00,DOWN,2026-05-18 10:31:00,1,29467.75,29410.00,CME US Index Futures ETH,1-Minute
2026-05-18,11:45:00,NQ SEP26,15m,2026-05-18 11:45:00,29243.00,29347.50,29223.75,29283.00,123.75,29285.63,29254.69,2026-05-18 12:02:00,UP,2026-05-18 12:22:00,20,29356.25,29234.00,CME US Index Futures ETH,1-Minute
2026-05-18,12:15:00,NQ SEP26,15m,2026-05-18 12:15:00,29278.50,29312.25,29234.00,29309.75,78.25,29273.13,29253.56,2026-05-18 12:30:00,DOWN,2026-05-18 12:30:00,0,29171.75,29141.50,CME US Index Futures ETH,1-Minute
2026-05-18,13:30:00,NQ SEP26,15m,2026-05-18 13:30:00,29277.25,29299.50,29248.50,29291.75,51.00,29274.00,29261.25,2026-05-18 13:47:00,UP,2026-05-18 13:53:00,6,29303.50,29254.25,CME US Index Futures ETH,1-Minute
2026-05-18,13:45:00,NQ SEP26,15m,2026-05-18 13:45:00,29292.00,29312.00,29242.00,29293.50,70.00,29277.00,29259.50,2026-05-18 14:02:00,DOWN,2026-05-18 14:03:00,1,29289.50,29236.25,CME US Index Futures ETH,1-Minute
2026-05-18,14:00:00,NQ SEP26,15m,2026-05-18 14:00:00,29294.00,29305.25,29254.25,29296.25,51.00,29279.75,29267.00,2026-05-18 14:15:00,DOWN,2026-05-18 14:15:00,0,29213.25,29196.50,CME US Index Futures ETH,1-Minute
2026-05-18,16:45:00,NQ SEP26,15m,2026-05-18 16:45:00,29368.75,29376.75,29354.25,29369.50,22.50,29365.50,29359.88,2026-05-18 17:00:00,UP,2026-05-18 18:01:00,61,29415.50,29357.25,CME US Index Futures ETH,1-Minute
2026-05-18,19:15:00,NQ SEP26,15m,2026-05-18 19:15:00,29440.25,29467.25,29432.25,29443.75,35.00,29449.75,29441.00,2026-05-18 19:31:00,DOWN,2026-05-18 19:34:00,3,29446.50,29432.25,CME US Index Futures ETH,1-Minute
2026-05-18,19:30:00,NQ SEP26,15m,2026-05-18 19:30:00,29443.75,29451.75,29426.25,29444.75,25.50,29439.00,29432.63,2026-05-18 19:46:00,DOWN,2026-05-18 19:46:00,0,29442.50,29424.75,CME US Index Futures ETH,1-Minute
2026-05-18,20:30:00,NQ SEP26,15m,2026-05-18 20:30:00,29401.75,29470.75,29374.50,29444.50,96.25,29422.63,29398.56,2026-05-18 20:53:00,DOWN,2026-05-18 20:55:00,2,29403.00,29358.50,CME US Index Futures ETH,1-Minute
2026-05-18,21:45:00,NQ SEP26,15m,2026-05-18 21:45:00,29304.75,29361.75,29279.50,29350.75,82.25,29320.63,29300.06,2026-05-18 22:00:00,DOWN,2026-05-18 22:01:00,1,29306.25,29272.75,CME US Index Futures ETH,1-Minute
2026-05-18,22:45:00,NQ SEP26,15m,2026-05-18 22:45:00,29253.75,29281.25,29246.25,29280.25,35.00,29263.75,29255.00,2026-05-18 23:00:00,DOWN,2026-05-18 23:01:00,1,29258.50,29235.25,CME US Index Futures ETH,1-Minute
2026-05-18,23:30:00,NQ SEP26,15m,2026-05-18 23:30:00,29274.50,29296.00,29262.00,29291.50,34.00,29279.00,29270.50,2026-05-18 23:57:00,UNRESOLVED,,,29276.75,29264.00,CME US Index Futures ETH,1-Minute
2026-05-18,23:45:00,NQ SEP26,15m,2026-05-18 23:45:00,29291.25,29320.25,29291.25,29301.00,29.00,29305.75,29298.50,2026-05-19 00:00:00,DOWN,2026-05-19 00:00:00,0,29274.00,29264.50,CME US Index Futures ETH,1-Minute
2026-05-19,00:45:00,NQ SEP26,15m,2026-05-19 00:45:00,29210.50,29256.25,29206.00,29234.00,50.25,29231.13,29218.56,2026-05-19 01:07:00,UNRESOLVED,,,29255.25,29211.25,CME US Index Futures ETH,1-Minute
2026-05-19,01:00:00,NQ SEP26,15m,2026-05-19 01:00:00,29234.50,29254.50,29208.75,29245.75,45.75,29231.63,29220.19,2026-05-19 01:17:00,DOWN,2026-05-19 01:22:00,5,29233.00,29199.00,CME US Index Futures ETH,1-Minute
2026-05-19,03:45:00,NQ SEP26,15m,2026-05-19 03:45:00,29344.00,29382.75,29324.25,29366.75,58.50,29353.50,29338.88,2026-05-19 04:08:00,DOWN,2026-05-19 04:12:00,4,29350.50,29317.25,CME US Index Futures ETH,1-Minute
2026-05-19,04:00:00,NQ SEP26,15m,2026-05-19 04:00:00,29367.50,29407.50,29364.00,29385.00,43.50,29385.75,29374.88,2026-05-19 04:15:00,DOWN,2026-05-19 04:15:00,0,29321.25,29304.50,CME US Index Futures ETH,1-Minute
2026-05-19,04:45:00,NQ SEP26,15m,2026-05-19 04:45:00,29271.25,29304.50,29265.50,29294.50,39.00,29285.00,29275.25,2026-05-19 05:01:00,DOWN,2026-05-19 05:04:00,3,29287.75,29262.25,CME US Index Futures ETH,1-Minute
2026-05-19,06:00:00,NQ SEP26,15m,2026-05-19 06:00:00,29122.75,29212.50,29121.75,29197.50,90.75,29167.13,29144.44,2026-05-19 06:39:00,UP,2026-05-19 07:01:00,22,29215.75,29122.25,CME US Index Futures ETH,1-Minute
2026-05-19,07:00:00,NQ SEP26,15m,2026-05-19 07:00:00,29138.00,29211.75,29122.25,29206.00,89.50,29167.00,29144.63,2026-05-19 08:00:00,DOWN,2026-05-19 08:02:00,2,29149.00,29113.25,CME US Index Futures ETH,1-Minute
2026-05-19,08:45:00,NQ SEP26,15m,2026-05-19 08:45:00,29149.00,29220.00,29140.00,29198.25,80.00,29180.00,29160.00,2026-05-19 09:07:00,DOWN,2026-05-19 09:08:00,1,29179.75,29122.25,CME US Index Futures ETH,1-Minute
2026-05-19,09:45:00,NQ SEP26,15m,2026-05-19 09:45:00,29132.50,29350.25,29132.50,29192.00,217.75,29241.38,29186.94,2026-05-19 10:01:00,DOWN,2026-05-19 10:06:00,5,29226.25,29117.75,CME US Index Futures ETH,1-Minute
2026-05-19,10:00:00,NQ SEP26,15m,2026-05-19 10:00:00,29192.50,29310.25,29151.00,29221.00,159.25,29230.63,29190.81,2026-05-19 10:15:00,DOWN,2026-05-19 10:15:00,0,29056.50,29012.50,CME US Index Futures ETH,1-Minute
2026-05-19,11:15:00,NQ SEP26,15m,2026-05-19 11:15:00,29086.00,29118.25,29037.25,29110.00,81.00,29077.75,29057.50,2026-05-19 11:30:00,UP,2026-05-19 11:32:00,2,29120.50,29040.00,CME US Index Futures ETH,1-Minute
2026-05-19,13:30:00,NQ SEP26,15m,2026-05-19 13:30:00,29356.00,29408.75,29343.75,29364.25,65.00,29376.25,29360.00,2026-05-19 13:46:00,DOWN,2026-05-19 13:47:00,1,29374.25,29327.75,CME US Index Futures ETH,1-Minute
2026-05-19,13:45:00,NQ SEP26,15m,2026-05-19 13:45:00,29364.50,29401.25,29360.75,29371.75,40.50,29381.00,29370.88,2026-05-19 14:00:00,DOWN,2026-05-19 14:00:00,0,29355.25,29342.25,CME US Index Futures ETH,1-Minute
2026-05-19,14:15:00,NQ SEP26,15m,2026-05-19 14:15:00,29351.50,29384.00,29346.00,29354.75,38.00,29365.00,29355.50,2026-05-19 14:30:00,DOWN,2026-05-19 14:30:00,0,29313.75,29301.25,CME US Index Futures ETH,1-Minute
2026-05-19,15:15:00,NQ SEP26,15m,2026-05-19 15:15:00,29242.00,29337.25,29240.00,29335.25,97.25,29288.63,29264.31,2026-05-19 15:30:00,DOWN,2026-05-19 15:37:00,7,29286.25,29225.50,CME US Index Futures ETH,1-Minute
2026-05-19,16:15:00,NQ SEP26,15m,2026-05-19 16:15:00,29204.25,29223.75,29179.25,29205.25,44.50,29201.50,29190.38,2026-05-19 16:30:00,DOWN,2026-05-19 16:44:00,14,29193.25,29178.25,CME US Index Futures ETH,1-Minute
2026-05-19,19:45:00,NQ SEP26,15m,2026-05-19 19:45:00,29252.25,29306.50,29252.00,29276.00,54.50,29279.25,29265.63,2026-05-19 20:00:00,DOWN,2026-05-19 20:00:00,0,29238.75,29227.25,CME US Index Futures ETH,1-Minute
2026-05-19,20:45:00,NQ SEP26,15m,2026-05-19 20:45:00,29176.50,29231.00,29173.50,29209.50,57.50,29202.25,29187.88,2026-05-19 21:07:00,UP,2026-05-19 21:10:00,3,29236.75,29182.25,CME US Index Futures ETH,1-Minute
2026-05-19,21:00:00,NQ SEP26,15m,2026-05-19 21:00:00,29212.25,29253.75,29204.75,29221.00,49.00,29229.25,29217.00,2026-05-19 21:26:00,DOWN,2026-05-19 21:27:00,1,29233.25,29204.25,CME US Index Futures ETH,1-Minute
2026-05-19,21:15:00,NQ SEP26,15m,2026-05-19 21:15:00,29221.75,29261.75,29182.25,29258.00,79.50,29222.00,29202.13,2026-05-19 21:30:00,DOWN,2026-05-19 21:31:00,1,29197.00,29178.75,CME US Index Futures ETH,1-Minute
2026-05-19,22:15:00,NQ SEP26,15m,2026-05-19 22:15:00,29264.25,29275.25,29247.25,29265.00,28.00,29261.25,29254.25,2026-05-19 22:30:00,DOWN,2026-05-19 22:30:00,0,29258.00,29239.25,CME US Index Futures ETH,1-Minute
2026-05-19,23:00:00,NQ SEP26,15m,2026-05-19 23:00:00,29165.75,29189.25,29148.50,29167.00,40.75,29168.88,29158.69,2026-05-19 23:15:00,DOWN,2026-05-19 23:15:00,0,29131.25,29121.25,CME US Index Futures ETH,1-Minute
2026-05-20,00:15:00,NQ SEP26,15m,2026-05-20 00:15:00,29180.75,29224.50,29180.75,29222.50,43.75,29202.63,29191.69,2026-05-20 00:34:00,DOWN,2026-05-20 00:36:00,2,29197.50,29177.50,CME US Index Futures ETH,1-Minute
2026-05-20,02:30:00,NQ SEP26,15m,2026-05-20 02:30:00,29255.75,29309.00,29255.75,29293.50,53.25,29282.38,29269.06,2026-05-20 02:45:00,UP,2026-05-20 02:52:00,7,29312.50,29267.50,CME US Index Futures ETH,1-Minute
2026-05-20,03:30:00,NQ SEP26,15m,2026-05-20 03:30:00,29313.75,29347.25,29312.75,29337.00,34.50,29330.00,29321.38,2026-05-20 03:46:00,DOWN,2026-05-20 03:50:00,4,29332.00,29310.00,CME US Index Futures ETH,1-Minute
2026-05-20,04:45:00,NQ SEP26,15m,2026-05-20 04:45:00,29377.00,29405.50,29369.25,29399.25,36.25,29387.38,29378.31,2026-05-20 05:01:00,DOWN,2026-05-20 05:02:00,1,29381.25,29368.50,CME US Index Futures ETH,1-Minute
2026-05-20,06:15:00,NQ SEP26,15m,2026-05-20 06:15:00,29407.00,29438.00,29405.25,29421.50,32.75,29421.63,29413.44,2026-05-20 06:30:00,DOWN,2026-05-20 06:30:00,0,29411.50,29404.75,CME US Index Futures ETH,1-Minute
2026-05-20,06:45:00,NQ SEP26,15m,2026-05-20 06:45:00,29407.75,29440.00,29404.50,29412.75,35.50,29422.25,29413.38,2026-05-20 07:00:00,DOWN,2026-05-20 07:00:00,0,29391.25,29385.75,CME US Index Futures ETH,1-Minute
2026-05-20,07:30:00,NQ SEP26,15m,2026-05-20 07:30:00,29378.50,29404.50,29377.50,29400.50,27.00,29391.00,29384.25,2026-05-20 07:45:00,DOWN,2026-05-20 07:45:00,0,29376.00,29365.75,CME US Index Futures ETH,1-Minute
2026-05-20,08:30:00,NQ SEP26,15m,2026-05-20 08:30:00,29402.50,29443.50,29392.00,29428.75,51.50,29417.75,29404.88,2026-05-20 08:58:00,DOWN,2026-05-20 08:59:00,1,29408.75,29391.00,CME US Index Futures ETH,1-Minute
2026-05-20,09:45:00,NQ SEP26,15m,2026-05-20 09:45:00,29355.50,29436.75,29305.50,29424.75,131.25,29371.13,29338.31,2026-05-20 10:12:00,DOWN,2026-05-20 10:13:00,1,29349.50,29298.00,CME US Index Futures ETH,1-Minute
2026-05-20,11:45:00,NQ SEP26,15m,2026-05-20 11:45:00,29575.75,29616.50,29571.25,29602.00,45.25,29593.88,29582.56,2026-05-20 12:09:00,DOWN,2026-05-20 12:13:00,4,29607.50,29568.50,CME US Index Futures ETH,1-Minute
2026-05-20,12:00:00,NQ SEP26,15m,2026-05-20 12:00:00,29602.25,29641.00,29588.00,29613.75,53.00,29614.50,29601.25,2026-05-20 12:15:00,DOWN,2026-05-20 12:15:00,0,29591.25,29578.50,CME US Index Futures ETH,1-Minute
2026-05-20,12:45:00,NQ SEP26,15m,2026-05-20 12:45:00,29518.50,29571.25,29503.25,29570.50,68.00,29537.25,29520.25,2026-05-20 13:06:00,UP,2026-05-20 13:14:00,8,29587.00,29511.25,CME US Index Futures ETH,1-Minute
2026-05-20,13:45:00,NQ SEP26,15m,2026-05-20 13:45:00,29577.50,29608.25,29556.00,29585.00,52.25,29582.13,29569.06,2026-05-20 14:01:00,UNRESOLVED,,,29608.25,29557.50,CME US Index Futures ETH,1-Minute
2026-05-20,16:00:00,NQ SEP26,15m,2026-05-20 16:00:00,29635.50,29679.00,29618.50,29677.25,60.50,29648.75,29633.63,2026-05-20 16:15:00,DOWN,2026-05-20 16:17:00,2,29645.00,29570.25,CME US Index Futures ETH,1-Minute
2026-05-20,16:30:00,NQ SEP26,15m,2026-05-20 16:30:00,29639.50,29661.25,29529.50,29656.00,131.75,29595.38,29562.44,2026-05-20 16:53:00,DOWN,2026-05-20 18:01:00,68,29581.25,29528.50,CME US Index Futures ETH,1-Minute
2026-05-20,19:00:00,NQ SEP26,15m,2026-05-20 19:00:00,29465.75,29474.25,29444.00,29473.75,30.25,29459.13,29451.56,2026-05-20 19:28:00,UNRESOLVED,,,29470.00,29446.25,CME US Index Futures ETH,1-Minute
2026-05-20,19:15:00,NQ SEP26,15m,2026-05-20 19:15:00,29474.00,29507.25,29470.25,29487.50,37.00,29488.75,29479.50,2026-05-20 19:30:00,DOWN,2026-05-20 19:30:00,0,29469.50,29462.50,CME US Index Futures ETH,1-Minute
2026-05-20,19:45:00,NQ SEP26,15m,2026-05-20 19:45:00,29462.75,29482.00,29455.75,29469.00,26.25,29468.88,29462.31,2026-05-20 20:04:00,UP,2026-05-20 20:05:00,1,29493.00,29461.00,CME US Index Futures ETH,1-Minute
2026-05-20,20:00:00,NQ SEP26,15m,2026-05-20 20:00:00,29469.00,29491.25,29461.00,29474.50,30.25,29476.13,29468.56,2026-05-20 20:19:00,AMBIGUOUS,2026-05-20 20:19:00,0,29495.00,29459.75,CME US Index Futures ETH,1-Minute
2026-05-20,22:30:00,NQ SEP26,15m,2026-05-20 22:30:00,29615.50,29659.50,29612.75,29638.25,46.75,29636.13,29624.44,2026-05-20 22:45:00,DOWN,2026-05-20 22:46:00,1,29625.50,29608.00,CME US Index Futures ETH,1-Minute
2026-05-21,01:00:00,NQ SEP26,15m,2026-05-21 01:00:00,29686.25,29711.00,29677.25,29700.50,33.75,29694.13,29685.69,2026-05-21 01:27:00,DOWN,2026-05-21 01:27:00,0,29700.50,29675.75,CME US Index Futures ETH,1-Minute
2026-05-21,02:30:00,NQ SEP26,15m,2026-05-21 02:30:00,29646.00,29671.25,29622.50,29648.75,48.75,29646.88,29634.69,2026-05-21 02:45:00,DOWN,2026-05-21 02:45:00,0,29608.50,29599.25,CME US Index Futures ETH,1-Minute
2026-05-21,05:30:00,NQ SEP26,15m,2026-05-21 05:30:00,29686.00,29712.00,29679.25,29701.00,32.75,29695.63,29687.44,2026-05-21 05:45:00,DOWN,2026-05-21 05:45:00,0,29673.00,29657.25,CME US Index Futures ETH,1-Minute
2026-05-21,06:00:00,NQ SEP26,15m,2026-05-21 06:00:00,29660.25,29678.00,29655.50,29662.50,22.50,29666.75,29661.13,2026-05-21 06:19:00,DOWN,2026-05-21 06:22:00,3,29669.50,29648.75,CME US Index Futures ETH,1-Minute
2026-05-21,06:15:00,NQ SEP26,15m,2026-05-21 06:15:00,29663.75,29674.75,29637.25,29667.00,37.50,29656.00,29646.63,2026-05-21 06:30:00,DOWN,2026-05-21 06:30:00,0,29573.25,29542.50,CME US Index Futures ETH,1-Minute
2026-05-21,07:30:00,NQ SEP26,15m,2026-05-21 07:30:00,29531.25,29576.00,29529.25,29558.25,46.75,29552.63,29540.94,2026-05-21 07:45:00,DOWN,2026-05-21 07:45:00,0,29530.75,29522.50,CME US Index Futures ETH,1-Minute
2026-05-21,08:00:00,NQ SEP26,15m,2026-05-21 08:00:00,29525.25,29560.00,29525.25,29535.50,34.75,29542.63,29533.94,2026-05-21 08:15:00,DOWN,2026-05-21 08:15:00,0,29524.25,29511.75,CME US Index Futures ETH,1-Minute
2026-05-21,08:30:00,NQ SEP26,15m,2026-05-21 08:30:00,29520.25,29544.25,29501.75,29524.00,42.50,29523.00,29512.38,2026-05-21 08:45:00,DOWN,2026-05-21 08:53:00,8,29526.25,29495.75,CME US Index Futures ETH,1-Minute
2026-05-21,09:15:00,NQ SEP26,15m,2026-05-21 09:15:00,29475.75,29526.25,29470.25,29498.00,56.00,29498.25,29484.25,2026-05-21 09:30:00,DOWN,2026-05-21 09:30:00,0,29503.50,29469.50,CME US Index Futures ETH,1-Minute
2026-05-21,10:00:00,NQ SEP26,15m,2026-05-21 10:00:00,29498.50,29597.25,29470.25,29570.50,127.00,29533.75,29502.00,2026-05-21 10:16:00,DOWN,2026-05-21 10:20:00,4,29559.00,29469.75,CME US Index Futures ETH,1-Minute
2026-05-21,10:45:00,NQ SEP26,15m,2026-05-21 10:45:00,29471.50,29538.00,29458.00,29518.25,80.00,29498.00,29478.00,2026-05-21 11:06:00,DOWN,2026-05-21 11:07:00,1,29498.25,29448.00,CME US Index Futures ETH,1-Minute
2026-05-21,11:00:00,NQ SEP26,15m,2026-05-21 11:00:00,29516.75,29535.75,29448.25,29518.00,87.50,29492.00,29470.13,2026-05-21 11:35:00,UP,2026-05-21 11:40:00,5,29538.50,29457.75,CME US Index Futures ETH,1-Minute
2026-05-21,12:00:00,NQ SEP26,15m,2026-05-21 12:00:00,29539.75,29586.75,29539.25,29548.50,47.50,29563.00,29551.13,2026-05-21 12:16:00,DOWN,2026-05-21 12:20:00,4,29564.75,29535.50,CME US Index Futures ETH,1-Minute
2026-05-21,12:15:00,NQ SEP26,15m,2026-05-21 12:15:00,29549.25,29592.75,29545.25,29557.50,47.50,29569.00,29557.13,2026-05-21 12:30:00,DOWN,2026-05-21 12:30:00,0,29532.00,29520.50,CME US Index Futures ETH,1-Minute
2026-05-21,14:00:00,NQ SEP26,15m,2026-05-21 14:00:00,29776.00,29836.25,29752.25,29779.50,84.00,29794.25,29773.25,2026-05-21 14:15:00,DOWN,2026-05-21 14:15:00,0,29748.50,29727.25,CME US Index Futures ETH,1-Minute
2026-05-21,14:30:00,NQ SEP26,15m,2026-05-21 14:30:00,29734.00,29760.25,29710.25,29741.25,50.00,29735.25,29722.75,2026-05-21 14:47:00,DOWN,2026-05-21 14:47:00,0,29732.75,29708.75,CME US Index Futures ETH,1-Minute
2026-05-21,15:30:00,NQ SEP26,15m,2026-05-21 15:30:00,29694.00,29721.50,29687.25,29709.75,34.25,29704.38,29695.81,2026-05-21 15:46:00,DOWN,2026-05-21 15:46:00,0,29699.50,29687.25,CME US Index Futures ETH,1-Minute
2026-05-21,16:15:00,NQ SEP26,15m,2026-05-21 16:15:00,29724.50,29753.25,29716.00,29740.25,37.25,29734.63,29725.31,2026-05-21 16:30:00,UNRESOLVED,,,29746.50,29724.50,CME US Index Futures ETH,1-Minute
2026-05-21,16:45:00,NQ SEP26,15m,2026-05-21 16:45:00,29730.00,29742.50,29727.25,29740.50,15.25,29734.88,29731.06,2026-05-21 18:01:00,AMBIGUOUS,2026-05-21 18:01:00,0,29759.00,29726.25,CME US Index Futures ETH,1-Minute
2026-05-21,19:15:00,NQ SEP26,15m,2026-05-21 19:15:00,29820.75,29835.25,29816.75,29826.00,18.50,29826.00,29821.38,2026-05-21 19:30:00,DOWN,2026-05-21 19:38:00,8,29823.25,29816.75,CME US Index Futures ETH,1-Minute
2026-05-21,19:45:00,NQ SEP26,15m,2026-05-21 19:45:00,29821.75,29836.00,29816.75,29825.25,19.25,29826.38,29821.56,2026-05-21 20:01:00,AMBIGUOUS,2026-05-21 20:01:00,0,29839.50,29816.75,CME US Index Futures ETH,1-Minute
2026-05-21,20:00:00,NQ SEP26,15m,2026-05-21 20:00:00,29825.25,29867.00,29823.50,29832.75,43.50,29845.25,29834.38,2026-05-21 20:16:00,UP,2026-05-21 20:22:00,6,29881.75,29833.75,CME US Index Futures ETH,1-Minute
2026-05-21,20:45:00,NQ SEP26,15m,2026-05-21 20:45:00,29854.50,29885.75,29854.25,29857.00,31.50,29870.00,29862.13,2026-05-21 21:00:00,DOWN,2026-05-21 21:00:00,0,29857.25,29847.00,CME US Index Futures ETH,1-Minute
2026-05-21,21:15:00,NQ SEP26,15m,2026-05-21 21:15:00,29845.75,29861.00,29819.25,29856.25,41.75,29840.13,29829.69,2026-05-21 21:30:00,DOWN,2026-05-21 21:33:00,3,29832.50,29816.75,CME US Index Futures ETH,1-Minute
2026-05-21,22:00:00,NQ SEP26,15m,2026-05-21 22:00:00,29808.50,29835.75,29804.00,29811.75,31.75,29819.88,29811.94,2026-05-21 22:23:00,DOWN,2026-05-21 22:25:00,2,29817.75,29802.25,CME US Index Futures ETH,1-Minute
2026-05-21,22:15:00,NQ SEP26,15m,2026-05-21 22:15:00,29812.25,29825.25,29795.25,29814.50,30.00,29810.25,29802.75,2026-05-21 22:30:00,DOWN,2026-05-21 22:30:00,0,29799.50,29792.25,CME US Index Futures ETH,1-Minute
2026-05-21,23:00:00,NQ SEP26,15m,2026-05-21 23:00:00,29820.25,29839.00,29814.50,29832.00,24.50,29826.75,29820.63,2026-05-21 23:15:00,DOWN,2026-05-21 23:15:00,0,29819.75,29814.00,CME US Index Futures ETH,1-Minute
2026-05-22,00:15:00,NQ SEP26,15m,2026-05-22 00:15:00,29855.00,29875.75,29855.00,29866.75,20.75,29865.38,29860.19,2026-05-22 00:31:00,DOWN,2026-05-22 00:36:00,5,29871.00,29851.75,CME US Index Futures ETH,1-Minute
2026-05-22,00:30:00,NQ SEP26,15m,2026-05-22 00:30:00,29867.25,29875.75,29859.75,29870.75,16.00,29867.75,29863.75,2026-05-22 00:45:00,DOWN,2026-05-22 00:45:00,0,29856.25,29853.75,CME US Index Futures ETH,1-Minute
2026-05-22,01:00:00,NQ SEP26,15m,2026-05-22 01:00:00,29854.00,29880.25,29854.00,29874.75,26.25,29867.13,29860.56,2026-05-22 01:25:00,UNRESOLVED,,,29870.00,29855.50,CME US Index Futures ETH,1-Minute
2026-05-22,01:15:00,NQ SEP26,15m,2026-05-22 01:15:00,29874.75,29888.50,29871.75,29877.00,16.75,29880.13,29875.94,2026-05-22 01:30:00,DOWN,2026-05-22 01:30:00,0,29870.75,29866.50,CME US Index Futures ETH,1-Minute
2026-05-22,02:45:00,NQ SEP26,15m,2026-05-22 02:45:00,29847.50,29875.50,29834.75,29870.00,40.75,29855.13,29844.94,2026-05-22 03:00:00,DOWN,2026-05-22 03:01:00,1,29846.75,29827.00,CME US Index Futures ETH,1-Minute
2026-05-22,04:15:00,NQ SEP26,15m,2026-05-22 04:15:00,29866.25,29897.25,29865.00,29878.25,32.25,29881.13,29873.06,2026-05-22 04:35:00,UP,2026-05-22 04:35:00,0,29915.75,29869.75,CME US Index Futures ETH,1-Minute
2026-05-22,04:30:00,NQ SEP26,15m,2026-05-22 04:30:00,29877.75,29947.50,29877.75,29916.75,69.75,29912.63,29895.19,2026-05-22 04:45:00,DOWN,2026-05-22 04:45:00,0,29887.00,29875.25,CME US Index Futures ETH,1-Minute
2026-05-22,05:45:00,NQ SEP26,15m,2026-05-22 05:45:00,29779.75,29819.75,29759.25,29816.00,60.50,29789.50,29774.38,2026-05-22 06:05:00,DOWN,2026-05-22 06:16:00,11,29790.75,29752.75,CME US Index Futures ETH,1-Minute
2026-05-22,07:00:00,NQ SEP26,15m,2026-05-22 07:00:00,29735.25,29761.00,29732.75,29747.75,28.25,29746.88,29739.81,2026-05-22 07:17:00,UP,2026-05-22 07:22:00,5,29763.00,29735.00,CME US Index Futures ETH,1-Minute
2026-05-22,07:15:00,NQ SEP26,15m,2026-05-22 07:15:00,29747.00,29778.25,29743.25,29751.25,35.00,29760.75,29752.00,2026-05-22 07:31:00,UP,2026-05-22 07:40:00,9,29782.25,29744.25,CME US Index Futures ETH,1-Minute
2026-05-22,09:00:00,NQ SEP26,15m,2026-05-22 09:00:00,29837.75,29878.00,29837.75,29876.00,40.25,29857.88,29847.81,2026-05-22 09:20:00,DOWN,2026-05-22 09:20:00,0,29870.50,29836.25,CME US Index Futures ETH,1-Minute
2026-05-22,09:45:00,NQ SEP26,15m,2026-05-22 09:45:00,29862.25,29997.75,29833.50,29924.50,164.25,29915.63,29874.56,2026-05-22 10:01:00,DOWN,2026-05-22 10:03:00,2,29924.25,29815.00,CME US Index Futures ETH,1-Minute
2026-05-22,10:00:00,NQ SEP26,15m,2026-05-22 10:00:00,29924.25,29950.00,29869.75,29925.25,80.25,29909.88,29889.81,2026-05-22 10:15:00,DOWN,2026-05-22 10:15:00,0,29849.25,29836.50,CME US Index Futures ETH,1-Minute
2026-05-22,11:30:00,NQ SEP26,15m,2026-05-22 11:30:00,29971.25,29991.00,29951.00,29990.75,40.00,29971.00,29961.00,2026-05-22 11:49:00,DOWN,2026-05-22 11:50:00,1,29965.00,29942.25,CME US Index Futures ETH,1-Minute
2026-05-22,13:00:00,NQ SEP26,15m,2026-05-22 13:00:00,29923.00,29956.00,29921.50,29953.75,34.50,29938.75,29930.13,2026-05-22 13:21:00,UP,2026-05-22 13:21:00,0,29963.00,29927.25,CME US Index Futures ETH,1-Minute
2026-05-22,13:30:00,NQ SEP26,15m,2026-05-22 13:30:00,29980.00,30019.50,29927.25,30018.75,92.25,29973.38,29950.31,2026-05-22 13:55:00,DOWN,2026-05-22 14:35:00,40,29976.75,29925.25,CME US Index Futures ETH,1-Minute
2026-05-22,14:45:00,NQ SEP26,15m,2026-05-22 14:45:00,29943.25,29956.50,29906.25,29948.75,50.25,29931.38,29918.81,2026-05-22 15:02:00,DOWN,2026-05-22 15:03:00,1,29946.75,29889.50,CME US Index Futures ETH,1-Minute
2026-05-22,15:45:00,NQ SEP26,15m,2026-05-22 15:45:00,29833.75,29870.75,29815.25,29843.25,55.50,29843.00,29829.13,2026-05-22 16:00:00,UNRESOLVED,,,29865.00,29822.25,CME US Index Futures ETH,1-Minute
2026-05-22,16:15:00,NQ SEP26,15m,2026-05-22 16:15:00,29834.00,29863.00,29823.75,29843.25,39.25,29843.38,29833.56,2026-05-22 16:30:00,DOWN,2026-05-22 16:32:00,2,29834.25,29784.50,CME US Index Futures ETH,1-Minute
2026-05-24,19:00:00,NQ SEP26,15m,2026-05-24 19:00:00,30087.00,30107.75,30085.00,30090.75,22.75,30096.38,30090.69,2026-05-24 19:26:00,UNRESOLVED,,,30099.00,30087.50,CME US Index Futures ETH,1-Minute
2026-05-24,19:15:00,NQ SEP26,15m,2026-05-24 19:15:00,30089.75,30114.00,30089.75,30104.75,24.25,30101.88,30095.81,2026-05-24 19:30:00,UP,2026-05-24 19:33:00,3,30122.00,30093.50,CME US Index Futures ETH,1-Minute
2026-05-24,19:45:00,NQ SEP26,15m,2026-05-24 19:45:00,30094.25,30165.25,30094.25,30140.75,71.00,30129.75,30112.00,2026-05-24 20:03:00,UP,2026-05-24 20:24:00,21,30171.00,30108.50,CME US Index Futures ETH,1-Minute
2026-05-24,21:45:00,NQ SEP26,15m,2026-05-24 21:45:00,30209.50,30231.25,30203.25,30215.25,28.00,30217.25,30210.25,2026-05-24 22:00:00,DOWN,2026-05-24 22:05:00,5,30209.00,30202.75,CME US Index Futures ETH,1-Minute
2026-05-24,23:15:00,NQ SEP26,15m,2026-05-24 23:15:00,30240.25,30270.25,30239.75,30247.50,30.50,30255.00,30247.38,2026-05-24 23:30:00,DOWN,2026-05-24 23:47:00,17,30257.25,30239.50,CME US Index Futures ETH,1-Minute
2026-05-25,00:15:00,NQ SEP26,15m,2026-05-25 00:15:00,30244.50,30259.25,30244.25,30249.00,15.00,30251.75,30248.00,2026-05-25 00:31:00,DOWN,2026-05-25 00:33:00,2,30252.25,30243.50,CME US Index Futures ETH,1-Minute
2026-05-25,01:15:00,NQ SEP26,15m,2026-05-25 01:15:00,30256.25,30272.25,30255.25,30268.50,17.00,30263.75,30259.50,2026-05-25 01:52:00,UNRESOLVED,,,30264.00,30257.25,CME US Index Futures ETH,1-Minute
2026-05-25,01:45:00,NQ SEP26,15m,2026-05-25 01:45:00,30265.25,30276.00,30260.00,30274.00,16.00,30268.00,30264.00,2026-05-25 02:00:00,DOWN,2026-05-25 02:00:00,0,30259.25,30250.50,CME US Index Futures ETH,1-Minute
2026-05-25,02:15:00,NQ SEP26,15m,2026-05-25 02:15:00,30250.50,30263.25,30245.25,30253.00,18.00,30254.25,30249.75,2026-05-25 02:30:00,DOWN,2026-05-25 02:32:00,2,30251.50,30245.00,CME US Index Futures ETH,1-Minute
2026-05-25,03:00:00,NQ SEP26,15m,2026-05-25 03:00:00,30249.00,30267.25,30246.75,30249.75,20.50,30257.00,30251.88,2026-05-25 03:15:00,DOWN,2026-05-25 03:15:00,0,30227.50,30222.75,CME US Index Futures ETH,1-Minute
2026-05-25,03:45:00,NQ SEP26,15m,2026-05-25 03:45:00,30213.25,30270.00,30209.25,30247.50,60.75,30239.63,30224.44,2026-05-25 04:04:00,UNRESOLVED,,,30240.25,30221.00,CME US Index Futures ETH,1-Minute
2026-05-25,04:00:00,NQ SEP26,15m,2026-05-25 04:00:00,30247.50,30258.00,30238.25,30254.50,19.75,30248.13,30243.19,2026-05-25 04:15:00,DOWN,2026-05-25 04:15:00,0,30229.75,30222.00,CME US Index Futures ETH,1-Minute
2026-05-25,05:00:00,NQ SEP26,15m,2026-05-25 05:00:00,30237.75,30246.50,30237.75,30245.00,8.75,30242.13,30239.94,2026-05-25 05:26:00,UP,2026-05-25 05:28:00,2,30247.75,30239.50,CME US Index Futures ETH,1-Minute
2026-05-25,05:15:00,NQ SEP26,15m,2026-05-25 05:15:00,30245.50,30259.00,30244.50,30249.00,14.50,30251.75,30248.13,2026-05-25 05:30:00,DOWN,2026-05-25 05:31:00,1,30246.25,30241.25,CME US Index Futures ETH,1-Minute
2026-05-25,07:30:00,NQ SEP26,15m,2026-05-25 07:30:00,30258.75,30265.75,30257.50,30259.75,8.25,30261.63,30259.56,2026-05-25 07:49:00,DOWN,2026-05-25 07:50:00,1,30262.50,30254.75,CME US Index Futures ETH,1-Minute
2026-05-25,07:45:00,NQ SEP26,15m,2026-05-25 07:45:00,30258.75,30270.25,30256.75,30262.75,13.50,30263.50,30260.13,2026-05-25 08:00:00,DOWN,2026-05-25 08:00:00,0,30256.00,30254.00,CME US Index Futures ETH,1-Minute
2026-05-25,08:30:00,NQ SEP26,15m,2026-05-25 08:30:00,30246.25,30272.25,30242.25,30247.75,30.00,30257.25,30249.75,2026-05-25 08:45:00,DOWN,2026-05-25 08:45:00,0,30238.00,30233.75,CME US Index Futures ETH,1-Minute
2026-05-25,09:15:00,NQ SEP26,15m,2026-05-25 09:15:00,30223.50,30237.75,30221.50,30229.00,16.25,30229.63,30225.56,2026-05-25 09:30:00,DOWN,2026-05-25 09:30:00,0,30224.25,30220.00,CME US Index Futures ETH,1-Minute
2026-05-25,10:00:00,NQ SEP26,15m,2026-05-25 10:00:00,30257.25,30276.00,30252.25,30275.75,23.75,30264.13,30258.19,2026-05-25 10:15:00,DOWN,2026-05-25 10:15:00,0,30242.00,30234.50,CME US Index Futures ETH,1-Minute
2026-05-25,11:15:00,NQ SEP26,15m,2026-05-25 11:15:00,30211.00,30273.00,30207.25,30250.00,65.75,30240.13,30223.69,2026-05-25 11:30:00,DOWN,2026-05-25 11:41:00,11,30223.25,30202.50,CME US Index Futures ETH,1-Minute
2026-05-25,12:45:00,NQ SEP26,15m,2026-05-25 12:45:00,30206.00,30218.50,30202.25,30216.75,16.25,30210.38,30206.31,2026-05-25 18:01:00,AMBIGUOUS,2026-05-25 18:01:00,0,30259.25,30192.50,CME US Index Futures ETH,1-Minute
2026-05-25,13:00:00,NQ SEP26,15m,2026-05-25 13:00:00,30216.50,30249.00,30210.00,30244.75,39.00,30229.50,30219.75,2026-05-25 18:15:00,DOWN,2026-05-25 18:15:00,0,30209.50,30199.25,CME US Index Futures ETH,1-Minute
2026-05-25,18:30:00,NQ SEP26,15m,2026-05-25 18:30:00,30207.00,30233.75,30201.50,30221.75,32.25,30217.63,30209.56,2026-05-25 18:45:00,DOWN,2026-05-25 18:45:00,0,30190.75,30182.75,CME US Index Futures ETH,1-Minute
2026-05-25,19:45:00,NQ SEP26,15m,2026-05-25 19:45:00,30122.25,30165.75,30118.75,30163.25,47.00,30142.25,30130.50,2026-05-25 20:02:00,DOWN,2026-05-25 20:03:00,1,30150.25,30116.50,CME US Index Futures ETH,1-Minute
2026-05-25,20:30:00,NQ SEP26,15m,2026-05-25 20:30:00,30109.75,30131.25,30093.50,30126.25,37.75,30112.38,30102.94,2026-05-25 20:45:00,DOWN,2026-05-25 20:48:00,3,30106.00,30091.25,CME US Index Futures ETH,1-Minute
2026-05-25,21:15:00,NQ SEP26,15m,2026-05-25 21:15:00,30103.00,30110.75,30078.75,30105.25,32.00,30094.75,30086.75,2026-05-25 21:30:00,DOWN,2026-05-25 21:31:00,1,30091.25,30076.25,CME US Index Futures ETH,1-Minute
2026-05-25,22:15:00,NQ SEP26,15m,2026-05-25 22:15:00,30096.75,30109.25,30087.00,30102.75,22.25,30098.13,30092.56,2026-05-25 22:30:00,DOWN,2026-05-25 22:37:00,7,30103.25,30085.25,CME US Index Futures ETH,1-Minute
2026-05-25,23:00:00,NQ SEP26,15m,2026-05-25 23:00:00,30092.25,30101.75,30085.50,30100.00,16.25,30093.63,30089.56,2026-05-25 23:15:00,DOWN,2026-05-25 23:15:00,0,30089.50,30085.50,CME US Index Futures ETH,1-Minute
2026-05-25,23:30:00,NQ SEP26,15m,2026-05-25 23:30:00,30085.75,30108.50,30084.50,30107.50,24.00,30096.50,30090.50,2026-05-25 23:46:00,UNRESOLVED,,,30108.00,30086.25,CME US Index Futures ETH,1-Minute
2026-05-26,00:15:00,NQ SEP26,15m,2026-05-26 00:15:00,30103.25,30109.25,30087.75,30108.50,21.50,30098.50,30093.13,2026-05-26 00:31:00,DOWN,2026-05-26 00:47:00,16,30105.25,30081.25,CME US Index Futures ETH,1-Minute
2026-05-26,01:30:00,NQ SEP26,15m,2026-05-26 01:30:00,30087.50,30094.75,30084.00,30089.50,10.75,30089.38,30086.69,2026-05-26 01:48:00,DOWN,2026-05-26 01:48:00,0,30088.50,30081.00,CME US Index Futures ETH,1-Minute
2026-05-26,02:15:00,NQ SEP26,15m,2026-05-26 02:15:00,30089.25,30122.75,30081.00,30119.50,41.75,30101.88,30091.44,2026-05-26 02:30:00,UP,2026-05-26 02:38:00,8,30123.75,30084.25,CME US Index Futures ETH,1-Minute
2026-05-26,02:45:00,NQ SEP26,15m,2026-05-26 02:45:00,30099.50,30124.75,30092.25,30117.00,32.50,30108.50,30100.38,2026-05-26 03:01:00,DOWN,2026-05-26 03:02:00,1,30112.25,30091.00,CME US Index Futures ETH,1-Minute
2026-05-26,06:30:00,NQ SEP26,15m,2026-05-26 06:30:00,30152.00,30188.25,30144.50,30179.75,43.75,30166.38,30155.44,2026-05-26 06:45:00,DOWN,2026-05-26 06:48:00,3,30159.75,30142.25,CME US Index Futures ETH,1-Minute
2026-05-26,09:00:00,NQ SEP26,15m,2026-05-26 09:00:00,30201.00,30208.25,30192.50,30202.75,15.75,30200.38,30196.44,2026-05-26 09:28:00,DOWN,2026-05-26 09:28:00,0,30206.25,30191.25,CME US Index Futures ETH,1-Minute
2026-05-26,09:15:00,NQ SEP26,15m,2026-05-26 09:15:00,30202.25,30207.25,30183.50,30203.50,23.75,30195.38,30189.44,2026-05-26 09:30:00,DOWN,2026-05-26 09:30:00,0,30187.75,30170.75,CME US Index Futures ETH,1-Minute
2026-05-26,10:45:00,NQ SEP26,15m,2026-05-26 10:45:00,30349.75,30401.00,30343.00,30387.75,58.00,30372.00,30357.50,2026-05-26 11:00:00,DOWN,2026-05-26 11:00:00,0,30354.75,30335.25,CME US Index Futures ETH,1-Minute
2026-05-26,13:00:00,NQ SEP26,15m,2026-05-26 13:00:00,30245.75,30266.75,30230.25,30257.00,36.50,30248.50,30239.38,2026-05-26 13:25:00,UNRESOLVED,,,30254.75,30236.75,CME US Index Futures ETH,1-Minute
2026-05-26,13:15:00,NQ SEP26,15m,2026-05-26 13:15:00,30257.75,30284.50,30250.25,30269.00,34.25,30267.38,30258.81,2026-05-26 13:30:00,DOWN,2026-05-26 13:30:00,0,30254.25,30242.00,CME US Index Futures ETH,1-Minute
2026-05-26,14:30:00,NQ SEP26,15m,2026-05-26 14:30:00,30307.75,30336.50,30304.75,30328.25,31.75,30320.63,30312.69,2026-05-26 14:45:00,DOWN,2026-05-26 14:51:00,6,30321.25,30303.25,CME US Index Futures ETH,1-Minute
2026-05-26,15:45:00,NQ SEP26,15m,2026-05-26 15:45:00,30335.00,30377.50,30333.75,30374.00,43.75,30355.63,30344.69,2026-05-26 16:01:00,UNRESOLVED,,,30366.25,30337.75,CME US Index Futures ETH,1-Minute
2026-05-26,16:30:00,NQ SEP26,15m,2026-05-26 16:30:00,30339.50,30355.25,30338.00,30343.50,17.25,30346.63,30342.31,2026-05-26 16:46:00,DOWN,2026-05-26 16:47:00,1,30345.25,30337.75,CME US Index Futures ETH,1-Minute
2026-05-26,18:45:00,NQ SEP26,15m,2026-05-26 18:45:00,30326.75,30345.00,30326.75,30327.50,18.25,30335.88,30331.31,2026-05-26 19:00:00,DOWN,2026-05-26 19:00:00,0,30323.50,30320.00,CME US Index Futures ETH,1-Minute
2026-05-26,20:00:00,NQ SEP26,15m,2026-05-26 20:00:00,30374.25,30386.50,30371.75,30381.75,14.75,30379.13,30375.44,2026-05-26 20:16:00,AMBIGUOUS,2026-05-26 20:16:00,0,30389.25,30367.25,CME US Index Futures ETH,1-Minute
2026-05-26,20:15:00,NQ SEP26,15m,2026-05-26 20:15:00,30380.25,30397.25,30373.00,30388.00,24.25,30385.13,30379.06,2026-05-26 20:30:00,UP,2026-05-26 20:31:00,1,30400.50,30378.50,CME US Index Futures ETH,1-Minute
2026-05-26,21:30:00,NQ SEP26,15m,2026-05-26 21:30:00,30428.50,30441.50,30420.25,30432.25,21.25,30430.88,30425.56,2026-05-26 21:45:00,DOWN,2026-05-26 21:46:00,1,30426.50,30419.00,CME US Index Futures ETH,1-Minute
2026-05-26,22:30:00,NQ SEP26,15m,2026-05-26 22:30:00,30423.00,30435.50,30421.75,30428.25,13.75,30428.63,30425.19,2026-05-26 22:57:00,DOWN,2026-05-26 22:58:00,1,30428.75,30420.00,CME US Index Futures ETH,1-Minute
2026-05-26,22:45:00,NQ SEP26,15m,2026-05-26 22:45:00,30428.00,30438.25,30423.25,30431.50,15.00,30430.75,30427.00,2026-05-26 23:00:00,DOWN,2026-05-26 23:00:00,0,30422.25,30418.50,CME US Index Futures ETH,1-Minute
2026-05-27,00:15:00,NQ SEP26,15m,2026-05-27 00:15:00,30379.25,30406.00,30376.75,30391.75,29.25,30391.38,30384.06,2026-05-27 00:30:00,DOWN,2026-05-27 00:30:00,0,30368.00,30358.75,CME US Index Futures ETH,1-Minute
2026-05-27,00:45:00,NQ SEP26,15m,2026-05-27 00:45:00,30360.00,30388.25,30357.00,30387.50,31.25,30372.63,30364.81,2026-05-27 01:20:00,DOWN,2026-05-27 01:34:00,14,30385.50,30350.00,CME US Index Futures ETH,1-Minute
2026-05-27,02:00:00,NQ SEP26,15m,2026-05-27 02:00:00,30384.00,30391.75,30369.00,30385.75,22.75,30380.38,30374.69,2026-05-27 02:17:00,DOWN,2026-05-27 02:22:00,5,30386.25,30366.00,CME US Index Futures ETH,1-Minute
2026-05-27,04:45:00,NQ SEP26,15m,2026-05-27 04:45:00,30490.75,30500.00,30472.75,30494.00,27.25,30486.38,30479.56,2026-05-27 05:00:00,DOWN,2026-05-27 05:01:00,1,30482.00,30465.50,CME US Index Futures ETH,1-Minute
2026-05-27,06:15:00,NQ SEP26,15m,2026-05-27 06:15:00,30496.25,30529.25,30494.75,30528.75,34.50,30512.00,30503.38,2026-05-27 06:34:00,DOWN,2026-05-27 06:36:00,2,30506.75,30494.50,CME US Index Futures ETH,1-Minute
2026-05-27,07:45:00,NQ SEP26,15m,2026-05-27 07:45:00,30551.50,30579.25,30551.00,30560.25,28.25,30565.13,30558.06,2026-05-27 08:00:00,DOWN,2026-05-27 08:00:00,0,30550.50,30544.50,CME US Index Futures ETH,1-Minute
2026-05-27,08:30:00,NQ SEP26,15m,2026-05-27 08:30:00,30549.00,30661.25,30525.50,30636.00,135.75,30593.38,30559.44,2026-05-27 08:50:00,DOWN,2026-05-27 09:08:00,18,30567.75,30516.25,CME US Index Futures ETH,1-Minute
2026-05-27,10:00:00,NQ SEP26,15m,2026-05-27 10:00:00,30264.25,30359.25,30219.25,30342.00,140.00,30289.25,30254.25,2026-05-27 10:23:00,DOWN,2026-05-27 10:26:00,3,30277.75,30204.25,CME US Index Futures ETH,1-Minute
2026-05-27,10:45:00,NQ SEP26,15m,2026-05-27 10:45:00,30199.00,30306.25,30159.75,30276.00,146.50,30233.00,30196.38,2026-05-27 11:06:00,UNRESOLVED,,,30260.00,30165.50,CME US Index Futures ETH,1-Minute
2026-05-27,11:15:00,NQ SEP26,15m,2026-05-27 11:15:00,30222.75,30260.00,30190.75,30232.75,69.25,30225.38,30208.06,2026-05-27 11:37:00,DOWN,2026-05-27 11:40:00,3,30226.50,30188.00,CME US Index Futures ETH,1-Minute
2026-05-27,11:30:00,NQ SEP26,15m,2026-05-27 11:30:00,30233.00,30234.25,30165.50,30234.00,68.75,30199.88,30182.69,2026-05-27 11:45:00,DOWN,2026-05-27 11:50:00,5,30206.00,30164.75,CME US Index Futures ETH,1-Minute
2026-05-27,12:45:00,NQ SEP26,15m,2026-05-27 12:45:00,30273.00,30321.75,30255.50,30312.25,66.25,30288.63,30272.06,2026-05-27 13:00:00,DOWN,2026-05-27 13:02:00,2,30279.50,30247.25,CME US Index Futures ETH,1-Minute
2026-05-27,15:15:00,NQ SEP26,15m,2026-05-27 15:15:00,30321.25,30344.50,30306.75,30324.25,37.75,30325.63,30316.19,2026-05-27 15:30:00,DOWN,2026-05-27 15:30:00,0,30310.50,30302.75,CME US Index Futures ETH,1-Minute
2026-05-27,15:45:00,NQ SEP26,15m,2026-05-27 15:45:00,30309.25,30354.25,30307.50,30348.25,46.75,30330.88,30319.19,2026-05-27 16:06:00,UP,2026-05-27 16:17:00,11,30375.25,30313.25,CME US Index Futures ETH,1-Minute
2026-05-27,16:45:00,NQ SEP26,15m,2026-05-27 16:45:00,30375.75,30399.00,30374.25,30393.00,24.75,30386.63,30380.44,2026-05-27 18:07:00,DOWN,2026-05-27 18:09:00,2,30398.75,30368.75,CME US Index Futures ETH,1-Minute
2026-05-27,17:00:00,NQ SEP26,15m,2026-05-27 17:00:00,30393.00,30411.75,30391.00,30407.50,20.75,30401.38,30396.19,2026-05-27 18:15:00,DOWN,2026-05-27 18:15:00,0,30359.00,30350.75,CME US Index Futures ETH,1-Minute
2026-05-27,19:00:00,NQ SEP26,15m,2026-05-27 19:00:00,30328.25,30350.75,30326.25,30343.75,24.50,30338.50,30332.38,2026-05-27 19:15:00,AMBIGUOUS,2026-05-27 19:17:00,2,30356.75,30323.25,CME US Index Futures ETH,1-Minute
2026-05-27,21:00:00,NQ SEP26,15m,2026-05-27 21:00:00,30307.25,30372.25,30305.50,30352.75,66.75,30338.88,30322.19,2026-05-27 21:47:00,UNRESOLVED,,,30361.75,30310.50,CME US Index Futures ETH,1-Minute
2026-05-27,22:00:00,NQ SEP26,15m,2026-05-27 22:00:00,30331.50,30359.25,30316.25,30353.25,43.00,30337.75,30327.00,2026-05-27 22:15:00,DOWN,2026-05-27 22:15:00,0,30321.00,30310.25,CME US Index Futures ETH,1-Minute
2026-05-28,00:00:00,NQ SEP26,15m,2026-05-28 00:00:00,30084.00,30119.00,30078.00,30094.25,41.00,30098.50,30088.25,2026-05-28 00:15:00,DOWN,2026-05-28 00:15:00,0,30087.50,30077.25,CME US Index Futures ETH,1-Minute
2026-05-28,00:45:00,NQ SEP26,15m,2026-05-28 00:45:00,30068.50,30104.75,30060.25,30087.50,44.50,30082.50,30071.38,2026-05-28 01:00:00,DOWN,2026-05-28 01:02:00,2,30080.00,30055.25,CME US Index Futures ETH,1-Minute
2026-05-28,02:15:00,NQ SEP26,15m,2026-05-28 02:15:00,30187.75,30215.25,30185.50,30210.25,29.75,30200.38,30192.94,2026-05-28 02:31:00,DOWN,2026-05-28 02:35:00,4,30205.50,30184.75,CME US Index Futures ETH,1-Minute
2026-05-28,04:15:00,NQ SEP26,15m,2026-05-28 04:15:00,30240.50,30272.25,30229.75,30248.25,42.50,30251.00,30240.38,2026-05-28 04:30:00,UNRESOLVED,,,30270.25,30239.75,CME US Index Futures ETH,1-Minute
2026-05-28,04:45:00,NQ SEP26,15m,2026-05-28 04:45:00,30246.25,30270.25,30241.25,30254.50,29.00,30255.75,30248.50,2026-05-28 05:11:00,UNRESOLVED,,,30257.75,30245.50,CME US Index Futures ETH,1-Minute
2026-05-28,05:00:00,NQ SEP26,15m,2026-05-28 05:00:00,30253.00,30267.75,30244.25,30266.50,23.50,30256.00,30250.13,2026-05-28 05:15:00,UP,2026-05-28 05:26:00,11,30271.50,30248.50,CME US Index Futures ETH,1-Minute
2026-05-28,05:30:00,NQ SEP26,15m,2026-05-28 05:30:00,30252.25,30271.50,30250.00,30253.00,21.50,30260.75,30255.38,2026-05-28 05:45:00,DOWN,2026-05-28 05:45:00,0,30233.25,30227.25,CME US Index Futures ETH,1-Minute
2026-05-28,06:00:00,NQ SEP26,15m,2026-05-28 06:00:00,30232.75,30262.75,30229.00,30258.00,33.75,30245.88,30237.44,2026-05-28 06:15:00,DOWN,2026-05-28 06:15:00,0,30233.75,30226.00,CME US Index Futures ETH,1-Minute
2026-05-28,09:00:00,NQ SEP26,15m,2026-05-28 09:00:00,30308.25,30349.75,30302.25,30338.25,47.50,30326.00,30314.13,2026-05-28 09:34:00,AMBIGUOUS,2026-05-28 09:34:00,0,30350.00,30293.00,CME US Index Futures ETH,1-Minute
2026-05-28,09:30:00,NQ SEP26,15m,2026-05-28 09:30:00,30319.00,30348.25,30315.25,30335.75,33.00,30331.75,30323.50,2026-05-28 09:45:00,DOWN,2026-05-28 09:45:00,0,30248.25,30225.50,CME US Index Futures ETH,1-Minute
2026-05-28,13:00:00,NQ SEP26,15m,2026-05-28 13:00:00,30588.75,30612.00,30581.00,30609.25,31.00,30596.50,30588.75,2026-05-28 13:17:00,DOWN,2026-05-28 13:20:00,3,30597.00,30580.25,CME US Index Futures ETH,1-Minute
2026-05-28,13:45:00,NQ SEP26,15m,2026-05-28 13:45:00,30581.75,30606.75,30564.75,30603.75,42.00,30585.75,30575.25,2026-05-28 14:37:00,UNRESOLVED,,,30590.25,30571.75,CME US Index Futures ETH,1-Minute
2026-05-28,14:30:00,NQ SEP26,15m,2026-05-28 14:30:00,30586.25,30607.75,30579.75,30597.50,28.00,30593.75,30586.75,2026-05-28 14:45:00,DOWN,2026-05-28 14:45:00,0,30583.25,30572.50,CME US Index Futures ETH,1-Minute
2026-05-28,15:45:00,NQ SEP26,15m,2026-05-28 15:45:00,30588.00,30613.75,30585.50,30592.50,28.25,30599.63,30592.56,2026-05-28 16:00:00,DOWN,2026-05-28 16:00:00,0,30600.75,30584.75,CME US Index Futures ETH,1-Minute
2026-05-28,16:15:00,NQ SEP26,15m,2026-05-28 16:15:00,30588.50,30618.00,30574.25,30615.75,43.75,30596.13,30585.19,2026-05-28 18:11:00,DOWN,2026-05-28 18:12:00,1,30605.00,30573.25,CME US Index Futures ETH,1-Minute
2026-05-28,19:30:00,NQ SEP26,15m,2026-05-28 19:30:00,30597.50,30609.75,30595.50,30600.50,14.25,30602.63,30599.06,2026-05-28 19:45:00,DOWN,2026-05-28 19:45:00,0,30594.25,30592.25,CME US Index Futures ETH,1-Minute
2026-05-28,21:45:00,NQ SEP26,15m,2026-05-28 21:45:00,30512.25,30540.00,30504.25,30535.75,35.75,30522.13,30513.19,2026-05-28 22:28:00,UNRESOLVED,,,30523.50,30510.00,CME US Index Futures ETH,1-Minute
2026-05-28,22:15:00,NQ SEP26,15m,2026-05-28 22:15:00,30529.00,30554.25,30521.25,30547.00,33.00,30537.75,30529.50,2026-05-28 22:30:00,DOWN,2026-05-28 22:30:00,0,30520.00,30516.50,CME US Index Futures ETH,1-Minute
2026-05-28,22:45:00,NQ SEP26,15m,2026-05-28 22:45:00,30515.50,30537.25,30510.75,30529.00,26.50,30524.00,30517.38,2026-05-28 23:00:00,UP,2026-05-28 23:07:00,7,30540.25,30514.75,CME US Index Futures ETH,1-Minute
2026-05-28,23:30:00,NQ SEP26,15m,2026-05-28 23:30:00,30540.00,30548.75,30534.75,30543.25,14.00,30541.75,30538.25,2026-05-28 23:53:00,AMBIGUOUS,2026-05-28 23:53:00,0,30552.25,30529.00,CME US Index Futures ETH,1-Minute
2026-05-29,01:15:00,NQ SEP26,15m,2026-05-29 01:15:00,30580.25,30600.00,30578.25,30594.00,21.75,30589.13,30583.69,2026-05-29 01:33:00,DOWN,2026-05-29 01:39:00,6,30597.25,30574.25,CME US Index Futures ETH,1-Minute
2026-05-29,03:00:00,NQ SEP26,15m,2026-05-29 03:00:00,30610.00,30632.75,30608.50,30630.50,24.25,30620.63,30614.56,2026-05-29 03:15:00,DOWN,2026-05-29 03:15:00,0,30611.25,30604.25,CME US Index Futures ETH,1-Minute
2026-05-29,04:30:00,NQ SEP26,15m,2026-05-29 04:30:00,30593.50,30600.75,30574.25,30595.25,26.50,30587.50,30580.88,2026-05-29 04:48:00,DOWN,2026-05-29 04:50:00,2,30585.75,30571.75,CME US Index Futures ETH,1-Minute
2026-05-29,05:15:00,NQ SEP26,15m,2026-05-29 05:15:00,30598.50,30643.25,30591.25,30643.25,52.00,30617.25,30604.25,2026-05-29 06:02:00,DOWN,2026-05-29 06:05:00,3,30612.00,30586.25,CME US Index Futures ETH,1-Minute
2026-05-29,06:00:00,NQ SEP26,15m,2026-05-29 06:00:00,30613.25,30631.75,30610.50,30613.75,21.25,30621.13,30615.81,2026-05-29 06:15:00,DOWN,2026-05-29 06:15:00,0,30601.75,30595.00,CME US Index Futures ETH,1-Minute
2026-05-29,07:00:00,NQ SEP26,15m,2026-05-29 07:00:00,30621.75,30632.25,30616.25,30622.75,16.00,30624.25,30620.25,2026-05-29 07:29:00,UP,2026-05-29 07:29:00,0,30633.25,30617.75,CME US Index Futures ETH,1-Minute
2026-05-29,07:15:00,NQ SEP26,15m,2026-05-29 07:15:00,30622.00,30646.50,30620.25,30643.50,26.25,30633.38,30626.81,2026-05-29 07:30:00,DOWN,2026-05-29 07:30:00,0,30624.50,30614.25,CME US Index Futures ETH,1-Minute
2026-05-29,07:45:00,NQ SEP26,15m,2026-05-29 07:45:00,30615.75,30634.50,30592.00,30625.50,42.50,30613.25,30602.63,2026-05-29 08:07:00,UNRESOLVED,,,30613.50,30596.50,CME US Index Futures ETH,1-Minute
2026-05-29,08:00:00,NQ SEP26,15m,2026-05-29 08:00:00,30625.25,30637.00,30581.00,30631.25,56.00,30609.00,30595.00,2026-05-29 08:22:00,DOWN,2026-05-29 08:34:00,12,30614.25,30579.25,CME US Index Futures ETH,1-Minute
2026-05-29,08:30:00,NQ SEP26,15m,2026-05-29 08:30:00,30602.50,30616.00,30594.50,30609.00,21.50,30605.25,30599.88,2026-05-29 08:45:00,DOWN,2026-05-29 08:47:00,2,30605.75,30592.25,CME US Index Futures ETH,1-Minute
2026-05-29,10:00:00,NQ SEP26,15m,2026-05-29 10:00:00,30742.75,30803.00,30734.50,30801.25,68.50,30768.75,30751.63,2026-05-29 10:15:00,DOWN,2026-05-29 10:16:00,1,30762.50,30714.00,CME US Index Futures ETH,1-Minute
2026-05-29,11:15:00,NQ SEP26,15m,2026-05-29 11:15:00,30642.00,30711.75,30617.50,30709.25,94.25,30664.63,30641.06,2026-05-29 11:47:00,UP,2026-05-29 12:09:00,22,30718.25,30634.75,CME US Index Futures ETH,1-Minute
2026-05-29,12:15:00,NQ SEP26,15m,2026-05-29 12:15:00,30646.25,30730.00,30640.00,30718.00,90.00,30685.00,30662.50,2026-05-29 12:57:00,UNRESOLVED,,,30676.50,30657.75,CME US Index Futures ETH,1-Minute
2026-05-29,12:45:00,NQ SEP26,15m,2026-05-29 12:45:00,30686.25,30729.75,30668.00,30704.75,61.75,30698.88,30683.44,2026-05-29 13:00:00,DOWN,2026-05-29 13:00:00,0,30681.50,30668.00,CME US Index Futures ETH,1-Minute
2026-05-29,14:30:00,NQ SEP26,15m,2026-05-29 14:30:00,30625.00,30667.75,30610.75,30661.75,57.00,30639.25,30625.00,2026-05-29 14:46:00,DOWN,2026-05-29 14:52:00,6,30667.75,30609.75,CME US Index Futures ETH,1-Minute
2026-05-29,14:45:00,NQ SEP26,15m,2026-05-29 14:45:00,30661.75,30684.50,30649.25,30667.00,35.25,30666.88,30658.06,2026-05-29 15:00:00,DOWN,2026-05-29 15:00:00,0,30609.25,30600.00,CME US Index Futures ETH,1-Minute
2026-05-29,15:45:00,NQ SEP26,15m,2026-05-29 15:45:00,30664.50,30722.25,30664.00,30711.25,58.25,30693.13,30678.56,2026-05-29 16:00:00,DOWN,2026-05-29 16:20:00,20,30698.25,30663.50,CME US Index Futures ETH,1-Minute
2026-05-31,19:00:00,NQ SEP26,15m,2026-05-31 19:00:00,30736.00,30755.25,30734.25,30737.75,21.00,30744.75,30739.50,2026-05-31 19:23:00,DOWN,2026-05-31 19:23:00,0,30744.00,30732.75,CME US Index Futures ETH,1-Minute
2026-05-31,20:45:00,NQ SEP26,15m,2026-05-31 20:45:00,30825.75,30834.50,30808.00,30826.25,26.50,30821.25,30814.63,2026-05-31 21:01:00,DOWN,2026-05-31 21:02:00,1,30831.25,30802.00,CME US Index Futures ETH,1-Minute
2026-05-31,21:30:00,NQ SEP26,15m,2026-05-31 21:30:00,30812.75,30833.75,30811.25,30815.50,22.50,30822.50,30816.88,2026-05-31 21:47:00,UP,2026-05-31 21:55:00,8,30835.25,30815.75,CME US Index Futures ETH,1-Minute
2026-05-31,22:15:00,NQ SEP26,15m,2026-05-31 22:15:00,30830.75,30849.00,30828.75,30846.50,20.25,30838.88,30833.81,2026-05-31 22:31:00,DOWN,2026-05-31 22:45:00,14,30846.75,30827.50,CME US Index Futures ETH,1-Minute
2026-05-31,23:30:00,NQ SEP26,15m,2026-05-31 23:30:00,30843.25,30860.00,30817.75,30856.75,42.25,30838.88,30828.31,2026-05-31 23:53:00,UNRESOLVED,,,30850.25,30819.50,CME US Index Futures ETH,1-Minute
2026-06-01,00:45:00,NQ SEP26,15m,2026-06-01 00:45:00,30844.50,30863.50,30833.75,30861.25,29.75,30848.63,30841.19,2026-06-01 01:11:00,DOWN,2026-06-01 01:30:00,19,30859.75,30833.25,CME US Index Futures ETH,1-Minute
2026-06-01,02:00:00,NQ SEP26,15m,2026-06-01 02:00:00,30856.25,30874.50,30853.00,30860.50,21.50,30863.75,30858.38,2026-06-01 02:15:00,DOWN,2026-06-01 02:15:00,0,30860.75,30850.50,CME US Index Futures ETH,1-Minute
2026-06-01,03:00:00,NQ SEP26,15m,2026-06-01 03:00:00,30850.00,30871.25,30849.75,30861.00,21.50,30860.50,30855.13,2026-06-01 03:15:00,DOWN,2026-06-01 03:15:00,0,30854.50,30847.50,CME US Index Futures ETH,1-Minute
2026-06-01,04:00:00,NQ SEP26,15m,2026-06-01 04:00:00,30783.75,30796.75,30774.25,30792.25,22.50,30785.50,30779.88,2026-06-01 04:15:00,DOWN,2026-06-01 04:15:00,0,30762.50,30757.75,CME US Index Futures ETH,1-Minute
2026-06-01,05:00:00,NQ SEP26,15m,2026-06-01 05:00:00,30761.00,30787.00,30742.00,30781.50,45.00,30764.50,30753.25,2026-06-01 05:30:00,DOWN,2026-06-01 05:50:00,20,30761.50,30738.00,CME US Index Futures ETH,1-Minute
2026-06-01,06:45:00,NQ SEP26,15m,2026-06-01 06:45:00,30770.00,30787.00,30770.00,30782.25,17.00,30778.50,30774.25,2026-06-01 07:00:00,DOWN,2026-06-01 07:01:00,1,30780.25,30760.75,CME US Index Futures ETH,1-Minute
2026-06-01,07:45:00,NQ SEP26,15m,2026-06-01 07:45:00,30742.75,30784.50,30734.00,30766.75,50.50,30759.25,30746.63,2026-06-01 08:00:00,DOWN,2026-06-01 08:03:00,3,30749.25,30729.25,CME US Index Futures ETH,1-Minute
2026-06-01,08:45:00,NQ SEP26,15m,2026-06-01 08:45:00,30732.00,30771.25,30715.25,30767.00,56.00,30743.25,30729.25,2026-06-01 09:00:00,DOWN,2026-06-01 09:04:00,4,30736.50,30713.00,CME US Index Futures ETH,1-Minute
2026-06-01,09:45:00,NQ SEP26,15m,2026-06-01 09:45:00,30625.25,30744.50,30591.75,30695.50,152.75,30668.13,30629.94,2026-06-01 10:00:00,DOWN,2026-06-01 10:00:00,0,30616.25,30588.25,CME US Index Futures ETH,1-Minute
2026-06-01,11:45:00,NQ SEP26,15m,2026-06-01 11:45:00,30761.50,30836.50,30760.00,30820.00,76.50,30798.25,30779.13,2026-06-01 12:00:00,DOWN,2026-06-01 12:12:00,12,30820.75,30759.25,CME US Index Futures ETH,1-Minute
2026-06-01,14:00:00,NQ SEP26,15m,2026-06-01 14:00:00,30933.75,30974.50,30933.50,30952.25,41.00,30954.00,30943.75,2026-06-01 14:15:00,DOWN,2026-06-01 14:15:00,0,30918.75,30911.75,CME US Index Futures ETH,1-Minute
2026-06-01,14:30:00,NQ SEP26,15m,2026-06-01 14:30:00,30917.50,30937.75,30909.00,30929.00,28.75,30923.38,30916.19,2026-06-01 14:46:00,DOWN,2026-06-01 14:50:00,4,30925.25,30902.75,CME US Index Futures ETH,1-Minute
2026-06-01,15:15:00,NQ SEP26,15m,2026-06-01 15:15:00,30905.00,30931.00,30895.00,30912.75,36.00,30913.00,30904.00,2026-06-01 15:31:00,DOWN,2026-06-01 15:32:00,1,30907.25,30888.25,CME US Index Futures ETH,1-Minute
2026-06-01,16:45:00,NQ SEP26,15m,2026-06-01 16:45:00,30828.00,30856.25,30821.50,30837.00,34.75,30838.88,30830.19,2026-06-01 17:00:00,DOWN,2026-06-01 17:00:00,0,30813.50,30802.75,CME US Index Futures ETH,1-Minute
2026-06-01,19:30:00,NQ SEP26,15m,2026-06-01 19:30:00,30735.25,30747.50,30732.50,30739.75,15.00,30740.00,30736.25,2026-06-01 19:48:00,DOWN,2026-06-01 19:48:00,0,30739.75,30729.25,CME US Index Futures ETH,1-Minute
2026-06-01,19:45:00,NQ SEP26,15m,2026-06-01 19:45:00,30740.50,30762.00,30728.75,30742.25,33.25,30745.38,30737.06,2026-06-01 20:01:00,DOWN,2026-06-01 20:06:00,5,30752.50,30723.00,CME US Index Futures ETH,1-Minute
2026-06-01,20:00:00,NQ SEP26,15m,2026-06-01 20:00:00,30741.50,30752.00,30724.25,30751.50,27.75,30738.13,30731.19,2026-06-01 20:15:00,DOWN,2026-06-01 20:15:00,0,30697.00,30688.25,CME US Index Futures ETH,1-Minute
2026-06-01,21:15:00,NQ SEP26,15m,2026-06-01 21:15:00,30655.00,30683.25,30639.75,30677.75,43.50,30661.50,30650.63,2026-06-01 21:30:00,DOWN,2026-06-01 21:30:00,0,30660.75,30633.00,CME US Index Futures ETH,1-Minute
2026-06-01,22:45:00,NQ SEP26,15m,2026-06-01 22:45:00,30639.25,30667.25,30639.00,30657.50,28.25,30653.13,30646.06,2026-06-01 23:09:00,DOWN,2026-06-01 23:10:00,1,30650.00,30632.25,CME US Index Futures ETH,1-Minute
2026-06-02,01:30:00,NQ SEP26,15m,2026-06-02 01:30:00,30750.25,30757.75,30738.50,30752.75,19.25,30748.13,30743.31,2026-06-02 01:52:00,UP,2026-06-02 01:59:00,7,30759.25,30740.00,CME US Index Futures ETH,1-Minute
2026-06-02,01:45:00,NQ SEP26,15m,2026-06-02 01:45:00,30754.00,30777.25,30754.00,30764.25,23.25,30765.63,30759.81,2026-06-02 02:00:00,DOWN,2026-06-02 02:11:00,11,30775.00,30751.50,CME US Index Futures ETH,1-Minute
2026-06-02,02:15:00,NQ SEP26,15m,2026-06-02 02:15:00,30758.25,30775.00,30751.50,30764.25,23.50,30763.25,30757.38,2026-06-02 02:33:00,DOWN,2026-06-02 02:33:00,0,30768.00,30751.25,CME US Index Futures ETH,1-Minute
2026-06-02,03:15:00,NQ SEP26,15m,2026-06-02 03:15:00,30796.50,30825.25,30792.00,30818.25,33.25,30808.63,30800.31,2026-06-02 03:46:00,UP,2026-06-02 04:01:00,15,30825.75,30793.25,CME US Index Futures ETH,1-Minute
2026-06-02,04:45:00,NQ SEP26,15m,2026-06-02 04:45:00,30829.25,30848.25,30826.00,30830.75,22.25,30837.13,30831.56,2026-06-02 05:00:00,DOWN,2026-06-02 05:00:00,0,30832.25,30825.75,CME US Index Futures ETH,1-Minute
2026-06-02,05:45:00,NQ SEP26,15m,2026-06-02 05:45:00,30818.25,30866.75,30815.50,30859.50,51.25,30841.13,30828.31,2026-06-02 06:34:00,DOWN,2026-06-02 06:39:00,5,30831.25,30814.50,CME US Index Futures ETH,1-Minute
2026-06-02,07:45:00,NQ SEP26,15m,2026-06-02 07:45:00,30830.50,30856.75,30829.50,30833.75,27.25,30843.13,30836.31,2026-06-02 08:00:00,DOWN,2026-06-02 08:00:00,0,30817.50,30813.00,CME US Index Futures ETH,1-Minute
2026-06-02,08:30:00,NQ SEP26,15m,2026-06-02 08:30:00,30813.00,30842.00,30805.25,30830.50,36.75,30823.63,30814.44,2026-06-02 08:55:00,UNRESOLVED,,,30825.25,30811.00,CME US Index Futures ETH,1-Minute
2026-06-02,08:45:00,NQ SEP26,15m,2026-06-02 08:45:00,30830.75,30842.25,30809.00,30836.50,33.25,30825.63,30817.31,2026-06-02 09:00:00,DOWN,2026-06-02 09:00:00,0,30817.25,30808.75,CME US Index Futures ETH,1-Minute
2026-06-02,09:30:00,NQ SEP26,15m,2026-06-02 09:30:00,30775.50,30842.25,30770.75,30838.25,71.50,30806.50,30788.63,2026-06-02 09:45:00,DOWN,2026-06-02 09:45:00,0,30788.75,30755.00,CME US Index Futures ETH,1-Minute
2026-06-02,10:15:00,NQ SEP26,15m,2026-06-02 10:15:00,30885.25,30929.50,30852.25,30916.00,77.25,30890.88,30871.56,2026-06-02 10:30:00,DOWN,2026-06-02 10:30:00,0,30851.75,30830.00,CME US Index Futures ETH,1-Minute
2026-06-02,12:00:00,NQ SEP26,15m,2026-06-02 12:00:00,30950.50,30980.00,30939.50,30971.75,40.50,30959.75,30949.63,2026-06-02 12:21:00,DOWN,2026-06-02 12:22:00,1,30961.50,30933.25,CME US Index Futures ETH,1-Minute
2026-06-02,12:15:00,NQ SEP26,15m,2026-06-02 12:15:00,30972.25,30995.50,30950.50,30982.25,45.00,30973.00,30961.75,2026-06-02 12:30:00,DOWN,2026-06-02 12:30:00,0,30947.25,30940.50,CME US Index Futures ETH,1-Minute
2026-06-02,13:00:00,NQ SEP26,15m,2026-06-02 13:00:00,30929.50,30976.25,30924.25,30973.50,52.00,30950.25,30937.25,2026-06-02 13:20:00,DOWN,2026-06-02 13:24:00,4,30948.00,30922.25,CME US Index Futures ETH,1-Minute
2026-06-02,13:15:00,NQ SEP26,15m,2026-06-02 13:15:00,30973.25,30985.50,30960.00,30978.00,25.50,30972.75,30966.38,2026-06-02 13:30:00,DOWN,2026-06-02 13:30:00,0,30930.50,30920.75,CME US Index Futures ETH,1-Minute
2026-06-02,14:15:00,NQ SEP26,15m,2026-06-02 14:15:00,30910.75,30946.25,30896.25,30930.00,50.00,30921.25,30908.75,2026-06-02 14:36:00,DOWN,2026-06-02 14:40:00,4,30921.00,30890.25,CME US Index Futures ETH,1-Minute
2026-06-02,16:45:00,NQ SEP26,15m,2026-06-02 16:45:00,31020.00,31028.00,31019.25,31025.50,8.75,31023.63,31021.44,2026-06-02 18:01:00,DOWN,2026-06-02 18:01:00,0,31024.75,31005.00,CME US Index Futures ETH,1-Minute
2026-06-02,17:00:00,NQ SEP26,15m,2026-06-02 17:00:00,31024.25,31031.50,31018.25,31025.25,13.25,31024.88,31021.56,2026-06-02 18:15:00,DOWN,2026-06-02 18:15:00,0,31014.50,31010.50,CME US Index Futures ETH,1-Minute
2026-06-02,18:30:00,NQ SEP26,15m,2026-06-02 18:30:00,31011.75,31025.00,31005.00,31022.75,20.00,31015.00,31010.00,2026-06-02 18:49:00,DOWN,2026-06-02 18:49:00,0,31021.00,30999.75,CME US Index Futures ETH,1-Minute
2026-06-02,20:00:00,NQ SEP26,15m,2026-06-02 20:00:00,30964.50,30997.25,30949.50,30990.25,47.75,30973.38,30961.44,2026-06-02 20:15:00,UNRESOLVED,,,30992.25,30953.25,CME US Index Futures ETH,1-Minute
2026-06-02,20:45:00,NQ SEP26,15m,2026-06-02 20:45:00,30975.00,30997.00,30969.00,30996.50,28.00,30983.00,30976.00,2026-06-02 21:02:00,DOWN,2026-06-02 21:04:00,2,30986.50,30967.25,CME US Index Futures ETH,1-Minute
2026-06-02,21:00:00,NQ SEP26,15m,2026-06-02 21:00:00,30995.75,31009.75,30990.00,31002.25,19.75,30999.88,30994.94,2026-06-02 21:15:00,DOWN,2026-06-02 21:15:00,0,30970.25,30957.25,CME US Index Futures ETH,1-Minute
2026-06-02,21:30:00,NQ SEP26,15m,2026-06-02 21:30:00,30958.25,30971.00,30954.00,30967.25,17.00,30962.50,30958.25,2026-06-02 21:45:00,DOWN,2026-06-02 21:45:00,0,30950.25,30940.25,CME US Index Futures ETH,1-Minute
2026-06-02,22:15:00,NQ SEP26,15m,2026-06-02 22:15:00,30966.00,30975.50,30953.75,30972.25,21.75,30964.63,30959.19,2026-06-02 22:30:00,DOWN,2026-06-02 22:37:00,7,30965.50,30953.00,CME US Index Futures ETH,1-Minute
2026-06-03,00:15:00,NQ SEP26,15m,2026-06-03 00:15:00,30988.25,31009.50,30987.75,31006.00,21.75,30998.63,30993.19,2026-06-03 00:48:00,DOWN,2026-06-03 00:49:00,1,31000.00,30984.75,CME US Index Futures ETH,1-Minute
2026-06-03,00:45:00,NQ SEP26,15m,2026-06-03 00:45:00,31004.25,31012.75,30997.50,31006.50,15.25,31005.13,31001.31,2026-06-03 01:00:00,DOWN,2026-06-03 01:00:00,0,30987.00,30983.75,CME US Index Futures ETH,1-Minute
2026-06-03,01:15:00,NQ SEP26,15m,2026-06-03 01:15:00,30984.75,31000.75,30957.25,30996.00,43.50,30979.00,30968.13,2026-06-03 01:33:00,DOWN,2026-06-03 02:13:00,40,30998.25,30952.50,CME US Index Futures ETH,1-Minute
2026-06-03,02:45:00,NQ SEP26,15m,2026-06-03 02:45:00,30972.50,31000.25,30962.00,30987.25,38.25,30981.13,30971.56,2026-06-03 03:04:00,UP,2026-06-03 03:09:00,5,31001.50,30969.25,CME US Index Futures ETH,1-Minute
2026-06-03,03:15:00,NQ SEP26,15m,2026-06-03 03:15:00,30980.00,31024.25,30969.25,31010.25,55.00,30996.75,30983.00,2026-06-03 03:33:00,DOWN,2026-06-03 03:43:00,10,30996.50,30969.25,CME US Index Futures ETH,1-Minute
2026-06-03,04:00:00,NQ SEP26,15m,2026-06-03 04:00:00,30986.00,31004.75,30980.25,31004.75,24.50,30992.50,30986.38,2026-06-03 04:23:00,UP,2026-06-03 04:28:00,5,31009.25,30984.25,CME US Index Futures ETH,1-Minute
2026-06-03,04:15:00,NQ SEP26,15m,2026-06-03 04:15:00,31005.00,31033.75,30982.25,31017.25,51.50,31008.00,30995.13,2026-06-03 04:39:00,UNRESOLVED,,,31005.00,30990.75,CME US Index Futures ETH,1-Minute
2026-06-03,04:30:00,NQ SEP26,15m,2026-06-03 04:30:00,31017.50,31024.25,30984.25,31020.50,40.00,31004.25,30994.25,2026-06-03 04:47:00,UP,2026-06-03 05:10:00,23,31029.50,30989.25,CME US Index Futures ETH,1-Minute
2026-06-03,05:30:00,NQ SEP26,15m,2026-06-03 05:30:00,31024.75,31052.25,31017.50,31048.75,34.75,31034.88,31026.19,2026-06-03 05:49:00,DOWN,2026-06-03 06:00:00,11,31040.50,31013.75,CME US Index Futures ETH,1-Minute
2026-06-03,06:30:00,NQ SEP26,15m,2026-06-03 06:30:00,31041.50,31046.75,31020.75,31046.25,26.00,31033.75,31027.25,2026-06-03 06:45:00,UP,2026-06-03 07:01:00,16,31055.50,31025.25,CME US Index Futures ETH,1-Minute
2026-06-03,07:30:00,NQ SEP26,15m,2026-06-03 07:30:00,31056.50,31069.25,31046.50,31058.25,22.75,31057.88,31052.19,2026-06-03 07:45:00,UP,2026-06-03 07:57:00,12,31069.75,31048.25,CME US Index Futures ETH,1-Minute
2026-06-03,08:00:00,NQ SEP26,15m,2026-06-03 08:00:00,31055.50,31071.75,31048.25,31062.25,23.50,31060.00,31054.13,2026-06-03 08:17:00,DOWN,2026-06-03 08:17:00,0,31059.50,31042.50,CME US Index Futures ETH,1-Minute
2026-06-03,08:15:00,NQ SEP26,15m,2026-06-03 08:15:00,31062.75,31081.25,31055.00,31073.50,26.25,31068.13,31061.56,2026-06-03 08:30:00,DOWN,2026-06-03 08:30:00,0,31042.25,31036.25,CME US Index Futures ETH,1-Minute
2026-06-03,09:15:00,NQ SEP26,15m,2026-06-03 09:15:00,30999.00,31024.75,30994.75,31012.50,30.00,31009.75,31002.25,2026-06-03 09:35:00,UP,2026-06-03 09:35:00,0,31046.00,30996.25,CME US Index Futures ETH,1-Minute
2026-06-03,09:30:00,NQ SEP26,15m,2026-06-03 09:30:00,31012.75,31045.50,31010.75,31036.00,34.75,31028.13,31019.44,2026-06-03 09:45:00,DOWN,2026-06-03 09:45:00,0,30956.50,30904.25,CME US Index Futures ETH,1-Minute
2026-06-03,10:30:00,NQ SEP26,15m,2026-06-03 10:30:00,30969.50,31007.00,30945.25,31005.25,61.75,30976.13,30960.69,2026-06-03 10:50:00,DOWN,2026-06-03 10:51:00,1,30977.00,30938.50,CME US Index Futures ETH,1-Minute
2026-06-03,11:15:00,NQ SEP26,15m,2026-06-03 11:15:00,30950.00,30997.75,30947.00,30975.25,50.75,30972.38,30959.69,2026-06-03 11:30:00,DOWN,2026-06-03 11:30:00,0,30954.75,30935.00,CME US Index Futures ETH,1-Minute
2026-06-03,12:00:00,NQ SEP26,15m,2026-06-03 12:00:00,30884.25,30914.00,30850.25,30886.50,63.75,30882.13,30866.19,2026-06-03 12:19:00,DOWN,2026-06-03 12:19:00,0,30872.50,30849.25,CME US Index Futures ETH,1-Minute
2026-06-03,12:15:00,NQ SEP26,15m,2026-06-03 12:15:00,30887.25,30905.50,30861.25,30893.50,44.25,30883.38,30872.31,2026-06-03 12:30:00,DOWN,2026-06-03 12:30:00,0,30836.50,30822.75,CME US Index Futures ETH,1-Minute
2026-06-03,13:00:00,NQ SEP26,15m,2026-06-03 13:00:00,30812.00,30889.75,30812.00,30889.00,77.75,30850.88,30831.44,2026-06-03 13:15:00,DOWN,2026-06-03 13:19:00,4,30834.00,30798.50,CME US Index Futures ETH,1-Minute
2026-06-03,14:00:00,NQ SEP26,15m,2026-06-03 14:00:00,30896.00,30929.50,30887.00,30925.00,42.50,30908.25,30897.63,2026-06-03 14:15:00,UP,2026-06-03 14:24:00,9,30933.25,30890.25,CME US Index Futures ETH,1-Minute
2026-06-03,14:30:00,NQ SEP26,15m,2026-06-03 14:30:00,30908.00,30962.25,30890.25,30959.25,72.00,30926.25,30908.25,2026-06-03 15:03:00,UNRESOLVED,,,30942.00,30897.50,CME US Index Futures ETH,1-Minute
2026-06-03,15:00:00,NQ SEP26,15m,2026-06-03 15:00:00,30934.00,30950.25,30919.00,30934.25,31.25,30934.63,30926.81,2026-06-03 15:15:00,DOWN,2026-06-03 15:15:00,0,30920.00,30909.75,CME US Index Futures ETH,1-Minute
2026-06-03,15:45:00,NQ SEP26,15m,2026-06-03 15:45:00,30916.75,30973.50,30909.25,30966.00,64.25,30941.38,30925.31,2026-06-03 16:00:00,DOWN,2026-06-03 16:00:00,0,30927.75,30907.25,CME US Index Futures ETH,1-Minute
2026-06-03,18:15:00,NQ SEP26,15m,2026-06-03 18:15:00,30735.25,30781.25,30714.25,30739.50,67.00,30747.75,30731.00,2026-06-03 18:30:00,DOWN,2026-06-03 18:40:00,10,30751.25,30714.00,CME US Index Futures ETH,1-Minute
2026-06-03,18:45:00,NQ SEP26,15m,2026-06-03 18:45:00,30718.75,30751.25,30707.75,30722.25,43.50,30729.50,30718.63,2026-06-03 19:03:00,DOWN,2026-06-03 19:04:00,1,30733.00,30707.25,CME US Index Futures ETH,1-Minute
2026-06-03,19:00:00,NQ SEP26,15m,2026-06-03 19:00:00,30721.00,30753.75,30650.75,30740.00,103.00,30702.25,30676.50,2026-06-03 19:22:00,UNRESOLVED,,,30735.25,30653.00,CME US Index Futures ETH,1-Minute
2026-06-03,21:00:00,NQ SEP26,15m,2026-06-03 21:00:00,30779.25,30785.00,30755.00,30781.00,30.00,30770.00,30762.50,2026-06-03 21:26:00,UNRESOLVED,,,30774.00,30755.25,CME US Index Futures ETH,1-Minute
2026-06-03,21:15:00,NQ SEP26,15m,2026-06-03 21:15:00,30780.25,30813.25,30778.25,30797.25,35.00,30795.75,30787.00,2026-06-03 21:30:00,DOWN,2026-06-03 21:30:00,0,30778.75,30771.00,CME US Index Futures ETH,1-Minute
2026-06-04,00:45:00,NQ SEP26,15m,2026-06-04 00:45:00,30771.00,30789.75,30765.25,30786.25,24.50,30777.50,30771.38,2026-06-04 01:01:00,DOWN,2026-06-04 01:03:00,2,30782.00,30762.25,CME US Index Futures ETH,1-Minute
2026-06-04,02:15:00,NQ SEP26,15m,2026-06-04 02:15:00,30766.75,30783.00,30760.25,30767.50,22.75,30771.63,30765.94,2026-06-04 02:30:00,DOWN,2026-06-04 02:31:00,1,30770.75,30759.75,CME US Index Futures ETH,1-Minute
2026-06-04,03:00:00,NQ SEP26,15m,2026-06-04 03:00:00,30800.25,30817.25,30785.00,30810.50,32.25,30801.13,30793.06,2026-06-04 03:19:00,DOWN,2026-06-04 03:21:00,2,30801.75,30780.75,CME US Index Futures ETH,1-Minute
2026-06-04,03:15:00,NQ SEP26,15m,2026-06-04 03:15:00,30812.25,30826.75,30794.75,30815.50,32.00,30810.75,30802.75,2026-06-04 03:30:00,DOWN,2026-06-04 03:30:00,0,30802.00,30789.75,CME US Index Futures ETH,1-Minute
2026-06-04,06:00:00,NQ SEP26,15m,2026-06-04 06:00:00,30580.25,30631.25,30576.50,30618.50,54.75,30603.88,30590.19,2026-06-04 06:15:00,DOWN,2026-06-04 06:17:00,2,30595.75,30574.00,CME US Index Futures ETH,1-Minute
2026-06-04,07:15:00,NQ SEP26,15m,2026-06-04 07:15:00,30527.50,30547.00,30510.50,30528.75,36.50,30528.75,30519.63,2026-06-04 07:35:00,DOWN,2026-06-04 07:36:00,1,30544.75,30500.25,CME US Index Futures ETH,1-Minute
2026-06-04,07:30:00,NQ SEP26,15m,2026-06-04 07:30:00,30527.25,30561.75,30510.50,30552.25,51.25,30536.13,30523.31,2026-06-04 07:45:00,DOWN,2026-06-04 07:45:00,0,30483.50,30473.75,CME US Index Futures ETH,1-Minute
2026-06-04,09:00:00,NQ SEP26,15m,2026-06-04 09:00:00,30591.00,30612.25,30572.00,30592.00,40.25,30592.13,30582.06,2026-06-04 09:15:00,UP,2026-06-04 09:21:00,6,30613.00,30579.25,CME US Index Futures ETH,1-Minute
2026-06-04,11:15:00,NQ SEP26,15m,2026-06-04 11:15:00,30639.50,30735.50,30636.75,30732.75,98.75,30686.13,30661.44,2026-06-04 11:49:00,UP,2026-06-04 12:16:00,27,30737.75,30645.25,CME US Index Futures ETH,1-Minute
2026-06-04,14:15:00,NQ SEP26,15m,2026-06-04 14:15:00,30841.50,30880.75,30837.50,30874.25,43.25,30859.13,30848.31,2026-06-04 14:34:00,DOWN,2026-06-04 14:59:00,25,30874.50,30837.50,CME US Index Futures ETH,1-Minute
2026-06-04,15:30:00,NQ SEP26,15m,2026-06-04 15:30:00,30837.50,30878.25,30813.25,30877.00,65.00,30845.75,30829.50,2026-06-04 15:45:00,DOWN,2026-06-04 15:47:00,2,30837.25,30810.75,CME US Index Futures ETH,1-Minute
2026-06-04,19:00:00,NQ SEP26,15m,2026-06-04 19:00:00,30618.50,30651.25,30617.75,30648.75,33.50,30634.50,30626.13,2026-06-04 19:15:00,DOWN,2026-06-04 19:15:00,0,30614.00,30609.75,CME US Index Futures ETH,1-Minute
2026-06-04,22:30:00,NQ SEP26,15m,2026-06-04 22:30:00,30494.25,30522.00,30482.00,30516.50,40.00,30502.00,30492.00,2026-06-04 22:47:00,DOWN,2026-06-04 23:07:00,20,30521.25,30477.00,CME US Index Futures ETH,1-Minute
2026-06-05,00:15:00,NQ SEP26,15m,2026-06-05 00:15:00,30445.50,30471.25,30438.25,30467.00,33.00,30454.75,30446.50,2026-06-05 00:31:00,UP,2026-06-05 00:37:00,6,30476.25,30445.75,CME US Index Futures ETH,1-Minute
2026-06-05,01:00:00,NQ SEP26,15m,2026-06-05 01:00:00,30483.50,30525.25,30478.00,30512.00,47.25,30501.63,30489.81,2026-06-05 01:15:00,DOWN,2026-06-05 01:15:00,0,30487.25,30477.75,CME US Index Futures ETH,1-Minute
2026-06-05,01:30:00,NQ SEP26,15m,2026-06-05 01:30:00,30480.75,30510.50,30472.25,30484.75,38.25,30491.38,30481.81,2026-06-05 01:45:00,DOWN,2026-06-05 01:46:00,1,30486.25,30467.75,CME US Index Futures ETH,1-Minute
2026-06-05,02:15:00,NQ SEP26,15m,2026-06-05 02:15:00,30452.50,30496.00,30449.75,30453.50,46.25,30472.88,30461.31,2026-06-05 02:30:00,DOWN,2026-06-05 02:30:00,0,30430.75,30420.25,CME US Index Futures ETH,1-Minute
2026-06-05,03:00:00,NQ SEP26,15m,2026-06-05 03:00:00,30401.25,30427.25,30395.25,30405.75,32.00,30411.25,30403.25,2026-06-05 03:15:00,DOWN,2026-06-05 03:15:00,0,30369.75,30357.25,CME US Index Futures ETH,1-Minute
2026-06-05,04:00:00,NQ SEP26,15m,2026-06-05 04:00:00,30408.00,30439.00,30406.50,30432.50,32.50,30422.75,30414.63,2026-06-05 04:16:00,UP,2026-06-05 04:20:00,4,30439.25,30409.50,CME US Index Futures ETH,1-Minute
2026-06-05,04:30:00,NQ SEP26,15m,2026-06-05 04:30:00,30424.50,30500.25,30409.50,30498.50,90.75,30454.88,30432.19,2026-06-05 04:59:00,UP,2026-06-05 05:14:00,15,30536.75,30430.25,CME US Index Futures ETH,1-Minute
2026-06-05,05:15:00,NQ SEP26,15m,2026-06-05 05:15:00,30441.75,30541.25,30434.50,30502.75,106.75,30487.88,30461.19,2026-06-05 05:30:00,UNRESOLVED,,,30495.00,30454.75,CME US Index Futures ETH,1-Minute
2026-06-05,06:30:00,NQ SEP26,15m,2026-06-05 06:30:00,30489.25,30518.00,30483.00,30513.75,35.00,30500.50,30491.75,2026-06-05 06:53:00,DOWN,2026-06-05 06:56:00,3,30493.75,30479.50,CME US Index Futures ETH,1-Minute
2026-06-05,07:30:00,NQ SEP26,15m,2026-06-05 07:30:00,30465.50,30468.25,30417.75,30466.50,50.50,30443.00,30430.38,2026-06-05 07:58:00,DOWN,2026-06-05 08:04:00,6,30436.50,30408.25,CME US Index Futures ETH,1-Minute
2026-06-05,08:30:00,NQ SEP26,15m,2026-06-05 08:30:00,30393.75,30439.75,30385.25,30397.50,54.50,30412.50,30398.88,2026-06-05 08:51:00,DOWN,2026-06-05 08:52:00,1,30409.00,30383.25,CME US Index Futures ETH,1-Minute
2026-06-05,08:45:00,NQ SEP26,15m,2026-06-05 08:45:00,30398.25,30434.00,30324.75,30403.25,109.25,30379.38,30352.06,2026-06-05 09:00:00,DOWN,2026-06-05 09:07:00,7,30353.75,30314.00,CME US Index Futures ETH,1-Minute
2026-06-05,10:45:00,NQ SEP26,15m,2026-06-05 10:45:00,30107.00,30211.50,30096.50,30125.25,115.00,30154.00,30125.25,2026-06-05 11:00:00,DOWN,2026-06-05 11:02:00,2,30152.25,30090.75,CME US Index Futures ETH,1-Minute
2026-06-05,11:00:00,NQ SEP26,15m,2026-06-05 11:00:00,30124.50,30155.50,30087.50,30135.25,68.00,30121.50,30104.50,2026-06-05 11:15:00,DOWN,2026-06-05 11:15:00,0,30032.50,30008.75,CME US Index Futures ETH,1-Minute
2026-06-05,12:00:00,NQ SEP26,15m,2026-06-05 12:00:00,29927.25,29964.75,29910.75,29940.75,54.00,29937.75,29924.25,2026-06-05 12:15:00,DOWN,2026-06-05 12:15:00,0,29902.00,29874.75,CME US Index Futures ETH,1-Minute
2026-06-05,13:00:00,NQ SEP26,15m,2026-06-05 13:00:00,29715.50,29790.00,29661.25,29772.75,128.75,29725.63,29693.44,2026-06-05 13:15:00,DOWN,2026-06-05 13:17:00,2,29696.25,29648.75,CME US Index Futures ETH,1-Minute
2026-06-05,13:30:00,NQ SEP26,15m,2026-06-05 13:30:00,29692.25,29731.25,29644.00,29723.00,87.25,29687.63,29665.81,2026-06-05 14:06:00,DOWN,2026-06-05 14:12:00,6,29696.25,29638.50,CME US Index Futures ETH,1-Minute
2026-06-05,14:00:00,NQ SEP26,15m,2026-06-05 14:00:00,29700.25,29756.00,29689.75,29753.25,66.25,29722.88,29706.31,2026-06-05 14:15:00,DOWN,2026-06-05 14:15:00,0,29626.25,29593.25,CME US Index Futures ETH,1-Minute
2026-06-05,15:00:00,NQ SEP26,15m,2026-06-05 15:00:00,29464.00,29498.25,29378.25,29473.25,120.00,29438.25,29408.25,2026-06-05 15:15:00,DOWN,2026-06-05 15:15:00,0,29359.75,29331.75,CME US Index Futures ETH,1-Minute
2026-06-05,15:30:00,NQ SEP26,15m,2026-06-05 15:30:00,29353.00,29438.50,29256.50,29437.25,182.00,29347.50,29302.00,2026-06-05 16:00:00,DOWN,2026-06-05 16:02:00,2,29344.50,29217.50,CME US Index Futures ETH,1-Minute
2026-06-05,16:30:00,NQ SEP26,15m,2026-06-05 16:30:00,29116.75,29157.75,29082.25,29148.75,75.50,29120.00,29101.13,2026-06-05 16:45:00,DOWN,2026-06-05 16:49:00,4,29106.25,29063.50,CME US Index Futures ETH,1-Minute
2026-06-07,18:45:00,NQ SEP26,15m,2026-06-07 18:45:00,29251.50,29300.00,29226.25,29256.25,73.75,29263.13,29244.69,2026-06-07 19:00:00,DOWN,2026-06-07 19:00:00,0,29205.25,29170.50,CME US Index Futures ETH,1-Minute
2026-06-07,20:45:00,NQ SEP26,15m,2026-06-07 20:45:00,29505.75,29569.75,29495.75,29535.75,74.00,29532.75,29514.25,2026-06-07 21:00:00,DOWN,2026-06-07 21:00:00,0,29502.25,29485.50,CME US Index Futures ETH,1-Minute
2026-06-07,22:00:00,NQ SEP26,15m,2026-06-07 22:00:00,29440.50,29461.50,29400.50,29441.00,61.00,29431.00,29415.75,2026-06-07 22:17:00,DOWN,2026-06-07 22:19:00,2,29427.00,29396.50,CME US Index Futures ETH,1-Minute
2026-06-07,23:30:00,NQ SEP26,15m,2026-06-07 23:30:00,29489.75,29505.25,29458.75,29500.25,46.50,29482.00,29470.38,2026-06-08 00:05:00,DOWN,2026-06-08 00:06:00,1,29479.00,29439.75,CME US Index Futures ETH,1-Minute
2026-06-08,01:30:00,NQ SEP26,15m,2026-06-08 01:30:00,29347.25,29383.00,29343.00,29374.25,40.00,29363.00,29353.00,2026-06-08 01:45:00,DOWN,2026-06-08 01:45:00,0,29289.50,29266.50,CME US Index Futures ETH,1-Minute
2026-06-08,04:00:00,NQ SEP26,15m,2026-06-08 04:00:00,29505.75,29563.25,29497.50,29539.25,65.75,29530.38,29513.94,2026-06-08 04:15:00,DOWN,2026-06-08 04:15:00,0,29510.75,29492.50,CME US Index Futures ETH,1-Minute
2026-06-08,04:30:00,NQ SEP26,15m,2026-06-08 04:30:00,29494.50,29530.75,29486.00,29505.50,44.75,29508.38,29497.19,2026-06-08 04:45:00,DOWN,2026-06-08 04:45:00,0,29488.25,29477.50,CME US Index Futures ETH,1-Minute
2026-06-08,06:00:00,NQ SEP26,15m,2026-06-08 06:00:00,29500.25,29522.75,29494.50,29522.75,28.25,29508.63,29501.56,2026-06-08 06:15:00,DOWN,2026-06-08 06:17:00,2,29509.50,29489.25,CME US Index Futures ETH,1-Minute
2026-06-08,07:45:00,NQ SEP26,15m,2026-06-08 07:45:00,29691.50,29720.00,29690.75,29693.00,29.25,29705.38,29698.06,2026-06-08 08:00:00,DOWN,2026-06-08 08:00:00,0,29665.00,29654.25,CME US Index Futures ETH,1-Minute
2026-06-08,09:15:00,NQ SEP26,15m,2026-06-08 09:15:00,29766.75,29863.75,29766.25,29857.00,97.50,29815.00,29790.63,2026-06-08 09:31:00,UP,2026-06-08 09:32:00,1,29866.25,29783.25,CME US Index Futures ETH,1-Minute
2026-06-08,11:15:00,NQ SEP26,15m,2026-06-08 11:15:00,29958.75,30016.25,29947.50,29997.50,68.75,29981.88,29964.69,2026-06-08 11:30:00,DOWN,2026-06-08 11:30:00,0,29950.00,29905.50,CME US Index Futures ETH,1-Minute
2026-06-08,11:45:00,NQ SEP26,15m,2026-06-08 11:45:00,29912.50,29967.50,29841.25,29967.50,126.25,29904.38,29872.81,2026-06-08 12:02:00,UP,2026-06-08 12:21:00,19,29973.00,29862.50,CME US Index Futures ETH,1-Minute
2026-06-08,12:15:00,NQ SEP26,15m,2026-06-08 12:15:00,29892.50,29933.50,29862.50,29917.50,71.00,29898.00,29880.25,2026-06-08 12:30:00,DOWN,2026-06-08 12:35:00,5,29899.00,29855.75,CME US Index Futures ETH,1-Minute
2026-06-08,13:30:00,NQ SEP26,15m,2026-06-08 13:30:00,29813.25,29887.75,29774.25,29884.25,113.50,29831.00,29802.63,2026-06-08 13:45:00,UP,2026-06-08 14:07:00,22,29891.75,29791.25,CME US Index Futures ETH,1-Minute
2026-06-08,14:15:00,NQ SEP26,15m,2026-06-08 14:15:00,29841.50,29894.00,29838.25,29846.25,55.75,29866.13,29852.19,2026-06-08 14:39:00,DOWN,2026-06-08 14:40:00,1,29859.00,29828.25,CME US Index Futures ETH,1-Minute
2026-06-08,14:30:00,NQ SEP26,15m,2026-06-08 14:30:00,29847.75,29880.50,29840.25,29872.75,40.25,29860.38,29850.31,2026-06-08 14:45:00,DOWN,2026-06-08 14:45:00,0,29821.50,29809.75,CME US Index Futures ETH,1-Minute
2026-06-08,15:00:00,NQ SEP26,15m,2026-06-08 15:00:00,29813.75,29853.25,29811.75,29824.25,41.50,29832.50,29822.13,2026-06-08 15:15:00,DOWN,2026-06-08 15:15:00,0,29747.75,29709.25,CME US Index Futures ETH,1-Minute
2026-06-08,16:00:00,NQ SEP26,15m,2026-06-08 16:00:00,29718.75,29757.25,29701.25,29735.75,56.00,29729.25,29715.25,2026-06-08 16:18:00,DOWN,2026-06-08 16:21:00,3,29720.75,29685.50,CME US Index Futures ETH,1-Minute
2026-06-08,17:00:00,NQ SEP26,15m,2026-06-08 17:00:00,29711.50,29731.00,29699.25,29717.50,31.75,29715.13,29707.19,2026-06-08 18:15:00,DOWN,2026-06-08 18:15:00,0,29643.75,29635.25,CME US Index Futures ETH,1-Minute
2026-06-08,19:15:00,NQ SEP26,15m,2026-06-08 19:15:00,29708.75,29745.50,29685.75,29736.75,59.75,29715.63,29700.69,2026-06-08 19:31:00,UP,2026-06-08 19:37:00,6,29747.25,29698.25,CME US Index Futures ETH,1-Minute
2026-06-08,19:45:00,NQ SEP26,15m,2026-06-08 19:45:00,29713.25,29764.25,29698.25,29726.25,66.00,29731.25,29714.75,2026-06-08 20:00:00,DOWN,2026-06-08 20:02:00,2,29721.50,29696.50,CME US Index Futures ETH,1-Minute
2026-06-08,20:30:00,NQ SEP26,15m,2026-06-08 20:30:00,29644.50,29668.25,29612.00,29651.00,56.25,29640.13,29626.06,2026-06-08 20:45:00,DOWN,2026-06-08 20:50:00,5,29637.25,29606.25,CME US Index Futures ETH,1-Minute
2026-06-08,21:45:00,NQ SEP26,15m,2026-06-08 21:45:00,29739.25,29803.75,29730.25,29784.25,73.50,29767.00,29748.63,2026-06-08 22:27:00,UNRESOLVED,,,29771.75,29742.75,CME US Index Futures ETH,1-Minute
2026-06-08,22:15:00,NQ SEP26,15m,2026-06-08 22:15:00,29774.75,29798.50,29765.00,29780.25,33.50,29781.75,29773.38,2026-06-08 22:30:00,DOWN,2026-06-08 22:30:00,0,29774.25,29764.25,CME US Index Futures ETH,1-Minute
2026-06-09,00:30:00,NQ SEP26,15m,2026-06-09 00:30:00,29885.00,29905.75,29879.25,29893.75,26.50,29892.50,29885.88,2026-06-09 00:59:00,UNRESOLVED,,,29890.50,29885.50,CME US Index Futures ETH,1-Minute
2026-06-09,00:45:00,NQ SEP26,15m,2026-06-09 00:45:00,29894.25,29913.50,29880.75,29900.00,32.75,29897.13,29888.94,2026-06-09 01:00:00,DOWN,2026-06-09 01:02:00,2,29889.00,29874.75,CME US Index Futures ETH,1-Minute
2026-06-09,01:15:00,NQ SEP26,15m,2026-06-09 01:15:00,29886.75,29908.25,29874.75,29889.50,33.50,29891.50,29883.13,2026-06-09 01:30:00,DOWN,2026-06-09 01:30:00,0,29885.50,29871.00,CME US Index Futures ETH,1-Minute
2026-06-09,02:15:00,NQ SEP26,15m,2026-06-09 02:15:00,29917.00,29942.25,29908.00,29939.00,34.25,29925.13,29916.56,2026-06-09 02:30:00,DOWN,2026-06-09 02:32:00,2,29927.25,29908.00,CME US Index Futures ETH,1-Minute
2026-06-09,02:45:00,NQ SEP26,15m,2026-06-09 02:45:00,29918.00,29934.25,29906.00,29918.75,28.25,29920.13,29913.06,2026-06-09 03:00:00,DOWN,2026-06-09 03:00:00,0,29906.50,29895.00,CME US Index Futures ETH,1-Minute
2026-06-09,03:15:00,NQ SEP26,15m,2026-06-09 03:15:00,29905.25,29971.50,29898.25,29929.75,73.25,29934.88,29916.56,2026-06-09 03:30:00,DOWN,2026-06-09 03:30:00,0,29902.75,29891.75,CME US Index Futures ETH,1-Minute
2026-06-09,03:45:00,NQ SEP26,15m,2026-06-09 03:45:00,29895.00,29909.00,29870.25,29907.50,38.75,29889.63,29879.94,2026-06-09 04:00:00,DOWN,2026-06-09 04:01:00,1,29884.00,29867.75,CME US Index Futures ETH,1-Minute
2026-06-09,04:45:00,NQ SEP26,15m,2026-06-09 04:45:00,29945.00,29967.75,29927.25,29961.00,40.50,29947.50,29937.38,2026-06-09 05:00:00,DOWN,2026-06-09 05:00:00,0,29927.75,29921.75,CME US Index Futures ETH,1-Minute
2026-06-09,05:30:00,NQ SEP26,15m,2026-06-09 05:30:00,29950.25,29973.50,29942.50,29968.00,31.00,29958.00,29950.25,2026-06-09 06:07:00,AMBIGUOUS,2026-06-09 06:07:00,0,29979.50,29900.00,CME US Index Futures ETH,1-Minute
2026-06-09,06:00:00,NQ SEP26,15m,2026-06-09 06:00:00,29960.50,29978.50,29960.25,29961.00,18.25,29969.38,29964.81,2026-06-09 06:15:00,DOWN,2026-06-09 06:15:00,0,29962.75,29927.50,CME US Index Futures ETH,1-Minute
2026-06-09,07:15:00,NQ SEP26,15m,2026-06-09 07:15:00,29968.25,29987.25,29963.25,29981.00,24.00,29975.25,29969.25,2026-06-09 07:30:00,UP,2026-06-09 07:35:00,5,29989.50,29966.75,CME US Index Futures ETH,1-Minute
2026-06-09,07:45:00,NQ SEP26,15m,2026-06-09 07:45:00,29972.25,30009.75,29966.75,30000.00,43.00,29988.25,29977.50,2026-06-09 08:00:00,DOWN,2026-06-09 08:00:00,0,29967.00,29962.75,CME US Index Futures ETH,1-Minute
2026-06-09,09:00:00,NQ SEP26,15m,2026-06-09 09:00:00,29977.75,30021.75,29952.00,30017.50,69.75,29986.88,29969.44,2026-06-09 09:32:00,DOWN,2026-06-09 09:33:00,1,30018.25,29945.00,CME US Index Futures ETH,1-Minute
2026-06-09,09:30:00,NQ SEP26,15m,2026-06-09 09:30:00,29996.00,30023.25,29974.50,30019.00,48.75,29998.88,29986.69,2026-06-09 09:56:00,UP,2026-06-09 09:56:00,0,30028.50,29982.00,CME US Index Futures ETH,1-Minute
2026-06-09,09:45:00,NQ SEP26,15m,2026-06-09 09:45:00,30019.25,30051.75,29915.50,30049.25,136.25,29983.63,29949.56,2026-06-09 10:00:00,DOWN,2026-06-09 10:01:00,1,29991.50,29908.50,CME US Index Futures ETH,1-Minute
2026-06-09,11:45:00,NQ SEP26,15m,2026-06-09 11:45:00,29116.00,29226.50,29092.00,29185.00,134.50,29159.25,29125.63,2026-06-09 12:00:00,DOWN,2026-06-09 12:00:00,0,29003.25,28974.00,CME US Index Futures ETH,1-Minute
2026-06-09,15:00:00,NQ SEP26,15m,2026-06-09 15:00:00,29204.75,29373.50,29198.25,29348.00,175.25,29285.88,29242.06,2026-06-09 15:15:00,DOWN,2026-06-09 15:16:00,1,29281.50,29176.25,CME US Index Futures ETH,1-Minute
2026-06-09,16:45:00,NQ SEP26,15m,2026-06-09 16:45:00,29400.50,29442.00,29383.50,29428.00,58.50,29412.75,29398.13,2026-06-09 18:01:00,DOWN,2026-06-09 18:01:00,0,29378.00,29310.75,CME US Index Futures ETH,1-Minute
2026-06-09,19:15:00,NQ SEP26,15m,2026-06-09 19:15:00,29311.50,29385.00,29301.75,29313.50,83.25,29343.38,29322.56,2026-06-09 19:30:00,DOWN,2026-06-09 19:30:00,0,29292.25,29285.00,CME US Index Futures ETH,1-Minute
2026-06-09,20:15:00,NQ SEP26,15m,2026-06-09 20:15:00,29348.00,29451.25,29348.00,29403.00,103.25,29399.63,29373.81,2026-06-09 20:32:00,DOWN,2026-06-09 20:33:00,1,29380.75,29329.25,CME US Index Futures ETH,1-Minute
2026-06-09,21:00:00,NQ SEP26,15m,2026-06-09 21:00:00,29278.25,29378.25,29273.50,29357.50,104.75,29325.88,29299.69,2026-06-09 21:53:00,DOWN,2026-06-09 22:10:00,17,29343.00,29263.00,CME US Index Futures ETH,1-Minute
2026-06-09,22:00:00,NQ SEP26,15m,2026-06-09 22:00:00,29309.75,29350.50,29293.50,29315.75,57.00,29322.00,29307.75,2026-06-09 22:15:00,DOWN,2026-06-09 22:15:00,0,29285.25,29275.75,CME US Index Futures ETH,1-Minute
2026-06-09,22:30:00,NQ SEP26,15m,2026-06-09 22:30:00,29282.50,29308.50,29257.00,29298.50,51.50,29282.75,29269.88,2026-06-09 22:53:00,DOWN,2026-06-09 22:54:00,1,29282.25,29249.50,CME US Index Futures ETH,1-Minute
2026-06-09,23:15:00,NQ SEP26,15m,2026-06-09 23:15:00,29254.75,29311.75,29249.50,29293.00,62.25,29280.63,29265.06,2026-06-09 23:38:00,DOWN,2026-06-10 00:07:00,29,29290.25,29247.00,CME US Index Futures ETH,1-Minute
2026-06-10,00:00:00,NQ SEP26,15m,2026-06-10 00:00:00,29260.25,29290.25,29256.00,29275.00,34.25,29273.13,29264.56,2026-06-10 00:15:00,DOWN,2026-06-10 00:15:00,0,29233.75,29223.75,CME US Index Futures ETH,1-Minute
2026-06-10,01:00:00,NQ SEP26,15m,2026-06-10 01:00:00,29159.75,29228.25,29149.50,29180.75,78.75,29188.88,29169.19,2026-06-10 01:16:00,DOWN,2026-06-10 01:19:00,3,29187.25,29137.50,CME US Index Futures ETH,1-Minute
2026-06-10,01:15:00,NQ SEP26,15m,2026-06-10 01:15:00,29181.00,29233.25,29167.50,29189.75,65.75,29200.38,29183.94,2026-06-10 01:31:00,DOWN,2026-06-10 01:32:00,1,29226.50,29163.75,CME US Index Futures ETH,1-Minute
2026-06-10,02:30:00,NQ SEP26,15m,2026-06-10 02:30:00,29257.25,29283.50,29234.50,29265.50,49.00,29259.00,29246.75,2026-06-10 02:58:00,UNRESOLVED,,,29251.75,29241.50,CME US Index Futures ETH,1-Minute
2026-06-10,02:45:00,NQ SEP26,15m,2026-06-10 02:45:00,29264.00,29296.25,29244.50,29271.75,51.75,29270.38,29257.44,2026-06-10 03:00:00,DOWN,2026-06-10 03:00:00,0,29253.75,29243.00,CME US Index Futures ETH,1-Minute
2026-06-10,03:15:00,NQ SEP26,15m,2026-06-10 03:15:00,29251.25,29283.25,29224.75,29263.50,58.50,29254.00,29239.38,2026-06-10 03:30:00,DOWN,2026-06-10 03:30:00,0,29229.75,29217.00,CME US Index Futures ETH,1-Minute
2026-06-10,03:45:00,NQ SEP26,15m,2026-06-10 03:45:00,29225.25,29266.75,29212.50,29229.50,54.25,29239.63,29226.06,2026-06-10 04:01:00,DOWN,2026-06-10 04:01:00,0,29247.25,29212.00,CME US Index Futures ETH,1-Minute
2026-06-10,04:00:00,NQ SEP26,15m,2026-06-10 04:00:00,29228.50,29255.25,29208.50,29246.50,46.75,29231.88,29220.19,2026-06-10 04:15:00,DOWN,2026-06-10 04:15:00,0,29174.75,29158.00,CME US Index Futures ETH,1-Minute
2026-06-10,06:00:00,NQ SEP26,15m,2026-06-10 06:00:00,29045.75,29070.50,29017.25,29060.00,53.25,29043.88,29030.56,2026-06-10 06:16:00,DOWN,2026-06-10 06:18:00,2,29047.75,29009.75,CME US Index Futures ETH,1-Minute
2026-06-10,06:45:00,NQ SEP26,15m,2026-06-10 06:45:00,29048.00,29109.25,29042.50,29105.75,66.75,29075.88,29059.19,2026-06-10 07:04:00,AMBIGUOUS,2026-06-10 07:04:00,0,29117.75,29017.25,CME US Index Futures ETH,1-Minute
2026-06-10,07:00:00,NQ SEP26,15m,2026-06-10 07:00:00,29106.75,29126.25,29058.75,29109.75,67.50,29092.50,29075.63,2026-06-10 07:15:00,DOWN,2026-06-10 07:15:00,0,29022.25,28978.25,CME US Index Futures ETH,1-Minute
2026-06-10,09:15:00,NQ SEP26,15m,2026-06-10 09:15:00,29115.50,29171.50,29104.00,29139.25,67.50,29137.75,29120.88,2026-06-10 09:31:00,UP,2026-06-10 09:31:00,0,29235.50,29111.25,CME US Index Futures ETH,1-Minute
2026-06-10,10:30:00,NQ SEP26,15m,2026-06-10 10:30:00,29374.75,29513.25,29328.50,29453.00,184.75,29420.88,29374.69,2026-06-10 10:45:00,DOWN,2026-06-10 10:46:00,1,29432.75,29317.25,CME US Index Futures ETH,1-Minute
2026-06-10,11:30:00,NQ SEP26,15m,2026-06-10 11:30:00,29032.00,29160.00,28945.75,29072.75,214.25,29052.88,28999.31,2026-06-10 11:49:00,DOWN,2026-06-10 11:52:00,3,29064.50,28914.00,CME US Index Futures ETH,1-Minute
2026-06-10,11:45:00,NQ SEP26,15m,2026-06-10 11:45:00,29073.00,29157.25,29003.25,29136.25,154.00,29080.25,29041.75,2026-06-10 12:10:00,DOWN,2026-06-10 12:12:00,2,29068.00,28999.00,CME US Index Futures ETH,1-Minute
2026-06-10,12:30:00,NQ SEP26,15m,2026-06-10 12:30:00,29009.00,29055.25,28985.25,29024.50,70.00,29020.25,29002.75,2026-06-10 12:46:00,DOWN,2026-06-10 12:47:00,1,29034.50,28963.50,CME US Index Futures ETH,1-Minute
2026-06-10,12:45:00,NQ SEP26,15m,2026-06-10 12:45:00,29024.50,29134.00,28986.25,29034.25,147.75,29060.13,29023.19,2026-06-10 13:00:00,DOWN,2026-06-10 13:00:00,0,29005.75,28978.00,CME US Index Futures ETH,1-Minute
2026-06-10,13:30:00,NQ SEP26,15m,2026-06-10 13:30:00,28929.25,28981.25,28910.25,28970.75,71.00,28945.75,28928.00,2026-06-10 13:45:00,DOWN,2026-06-10 13:45:00,0,28920.00,28900.25,CME US Index Futures ETH,1-Minute
2026-06-10,14:15:00,NQ SEP26,15m,2026-06-10 14:15:00,29061.75,29114.75,29034.75,29063.75,80.00,29074.75,29054.75,2026-06-10 14:30:00,DOWN,2026-06-10 14:30:00,0,29013.50,28992.75,CME US Index Futures ETH,1-Minute
2026-06-10,15:45:00,NQ SEP26,15m,2026-06-10 15:45:00,28828.50,28946.25,28807.00,28903.50,139.25,28876.63,28841.81,2026-06-10 16:00:00,DOWN,2026-06-10 16:00:00,0,28900.25,28805.75,CME US Index Futures ETH,1-Minute
2026-06-10,17:00:00,NQ SEP26,15m,2026-06-10 17:00:00,28734.00,28768.75,28691.25,28754.25,77.50,28730.00,28710.63,2026-06-10 18:15:00,DOWN,2026-06-10 18:15:00,0,28686.50,28665.00,CME US Index Futures ETH,1-Minute
2026-06-10,18:30:00,NQ SEP26,15m,2026-06-10 18:30:00,28683.00,28702.25,28662.25,28694.25,40.00,28682.25,28672.25,2026-06-10 18:45:00,UP,2026-06-10 18:45:00,0,28735.00,28672.25,CME US Index Futures ETH,1-Minute
2026-06-10,18:45:00,NQ SEP26,15m,2026-06-10 18:45:00,28696.75,28752.00,28672.25,28714.00,79.75,28712.13,28692.19,2026-06-10 19:00:00,DOWN,2026-06-10 19:00:00,0,28642.00,28610.50,CME US Index Futures ETH,1-Minute
2026-06-10,19:45:00,NQ SEP26,15m,2026-06-10 19:45:00,28681.25,28729.00,28632.25,28707.25,96.75,28680.63,28656.44,2026-06-10 20:00:00,DOWN,2026-06-10 20:05:00,5,28698.25,28614.25,CME US Index Futures ETH,1-Minute
2026-06-10,21:30:00,NQ SEP26,15m,2026-06-10 21:30:00,28994.25,29047.25,28970.25,29033.50,77.00,29008.75,28989.50,2026-06-10 21:45:00,DOWN,2026-06-10 21:47:00,2,29000.25,28968.75,CME US Index Futures ETH,1-Minute
2026-06-10,23:00:00,NQ SEP26,15m,2026-06-10 23:00:00,28855.25,28930.25,28845.50,28919.00,84.75,28887.88,28866.69,2026-06-10 23:21:00,UP,2026-06-10 23:33:00,12,28943.25,28863.50,CME US Index Futures ETH,1-Minute
2026-06-11,00:45:00,NQ SEP26,15m,2026-06-11 00:45:00,29026.00,29085.25,29014.25,29072.75,71.00,29049.75,29032.00,2026-06-11 01:01:00,DOWN,2026-06-11 01:02:00,1,29064.25,29010.00,CME US Index Futures ETH,1-Minute
2026-06-11,01:45:00,NQ SEP26,15m,2026-06-11 01:45:00,29015.75,29033.25,28994.25,29026.00,39.00,29013.75,29004.00,2026-06-11 02:03:00,DOWN,2026-06-11 02:06:00,3,29029.25,28990.50,CME US Index Futures ETH,1-Minute
2026-06-11,02:00:00,NQ SEP26,15m,2026-06-11 02:00:00,29024.75,29038.25,29008.75,29028.75,29.50,29023.50,29016.13,2026-06-11 02:33:00,UP,2026-06-11 02:38:00,5,29048.00,29010.25,CME US Index Futures ETH,1-Minute
2026-06-11,03:45:00,NQ SEP26,15m,2026-06-11 03:45:00,29130.50,29149.25,29118.50,29143.00,30.75,29133.88,29126.19,2026-06-11 04:00:00,UP,2026-06-11 04:01:00,1,29159.75,29121.00,CME US Index Futures ETH,1-Minute
2026-06-11,04:45:00,NQ SEP26,15m,2026-06-11 04:45:00,29187.75,29218.25,29177.50,29194.75,40.75,29197.88,29187.69,2026-06-11 05:00:00,DOWN,2026-06-11 05:09:00,9,29204.25,29169.00,CME US Index Futures ETH,1-Minute
2026-06-11,06:15:00,NQ SEP26,15m,2026-06-11 06:15:00,29159.75,29199.25,29157.50,29178.75,41.75,29178.38,29167.94,2026-06-11 06:30:00,UNRESOLVED,,,29196.75,29158.75,CME US Index Futures ETH,1-Minute
2026-06-11,06:45:00,NQ SEP26,15m,2026-06-11 06:45:00,29159.75,29196.75,29159.75,29174.50,37.00,29178.25,29169.00,2026-06-11 07:00:00,DOWN,2026-06-11 07:00:00,0,29170.25,29158.00,CME US Index Futures ETH,1-Minute
2026-06-11,08:00:00,NQ SEP26,15m,2026-06-11 08:00:00,29168.75,29191.50,29162.50,29183.25,29.00,29177.00,29169.75,2026-06-11 08:16:00,DOWN,2026-06-11 08:18:00,2,29182.25,29158.50,CME US Index Futures ETH,1-Minute
2026-06-11,09:00:00,NQ SEP26,15m,2026-06-11 09:00:00,29033.25,29109.75,29017.75,29094.75,92.00,29063.75,29040.75,2026-06-11 09:30:00,DOWN,2026-06-11 09:31:00,1,29068.25,28995.75,CME US Index Futures ETH,1-Minute
2026-06-11,10:00:00,NQ SEP26,15m,2026-06-11 10:00:00,29021.25,29299.00,28988.75,29182.75,310.25,29143.88,29066.31,2026-06-11 10:17:00,UNRESOLVED,,,29226.25,29034.75,CME US Index Futures ETH,1-Minute
2026-06-11,10:30:00,NQ SEP26,15m,2026-06-11 10:30:00,29124.00,29212.50,29034.75,29150.50,177.75,29123.63,29079.19,2026-06-11 10:47:00,DOWN,2026-06-11 10:54:00,7,29126.25,29025.25,CME US Index Futures ETH,1-Minute
2026-06-11,12:15:00,NQ SEP26,15m,2026-06-11 12:15:00,29140.75,29250.50,29109.75,29234.00,140.75,29180.13,29144.94,2026-06-11 12:30:00,DOWN,2026-06-11 12:32:00,2,29158.50,29109.00,CME US Index Futures ETH,1-Minute
2026-06-11,12:45:00,NQ SEP26,15m,2026-06-11 12:45:00,29127.75,29251.25,29103.25,29168.25,148.00,29177.25,29140.25,2026-06-11 13:00:00,DOWN,2026-06-11 13:00:00,0,29080.75,29045.50,CME US Index Futures ETH,1-Minute
2026-06-11,13:45:00,NQ SEP26,15m,2026-06-11 13:45:00,29369.00,29584.50,29368.50,29563.75,216.00,29476.50,29422.50,2026-06-11 14:04:00,DOWN,2026-06-11 14:06:00,2,29448.25,29352.75,CME US Index Futures ETH,1-Minute
2026-06-11,15:45:00,NQ SEP26,15m,2026-06-11 15:45:00,29706.50,29826.50,29703.50,29781.00,123.00,29765.00,29734.25,2026-06-11 16:00:00,DOWN,2026-06-11 16:01:00,1,29770.50,29698.25,CME US Index Futures ETH,1-Minute
2026-06-11,16:15:00,NQ SEP26,15m,2026-06-11 16:15:00,29746.00,29801.25,29698.25,29795.50,103.00,29749.75,29724.00,2026-06-11 16:36:00,DOWN,2026-06-11 16:43:00,7,29743.25,29697.25,CME US Index Futures ETH,1-Minute
2026-06-11,18:45:00,NQ SEP26,15m,2026-06-11 18:45:00,29818.25,29842.00,29805.25,29836.75,36.75,29823.63,29814.44,2026-06-11 19:08:00,UNRESOLVED,,,29829.25,29811.00,CME US Index Futures ETH,1-Minute
2026-06-11,19:00:00,NQ SEP26,15m,2026-06-11 19:00:00,29840.00,29873.25,29840.00,29846.00,33.25,29856.63,29848.31,2026-06-11 19:15:00,DOWN,2026-06-11 19:15:00,0,29830.00,29821.50,CME US Index Futures ETH,1-Minute
2026-06-11,20:00:00,NQ SEP26,15m,2026-06-11 20:00:00,29851.00,29876.00,29844.50,29860.00,31.50,29860.25,29852.38,2026-06-11 20:15:00,DOWN,2026-06-11 20:16:00,1,29872.00,29829.00,CME US Index Futures ETH,1-Minute
2026-06-11,20:30:00,NQ SEP26,15m,2026-06-11 20:30:00,29863.25,29900.00,29829.00,29893.50,71.00,29864.50,29846.75,2026-06-11 21:03:00,DOWN,2026-06-11 21:06:00,3,29850.50,29827.50,CME US Index Futures ETH,1-Minute
2026-06-11,22:15:00,NQ SEP26,15m,2026-06-11 22:15:00,29837.50,29869.25,29837.50,29854.50,31.75,29853.38,29845.44,2026-06-11 22:30:00,DOWN,2026-06-11 22:30:00,0,29806.25,29799.00,CME US Index Futures ETH,1-Minute
2026-06-11,22:45:00,NQ SEP26,15m,2026-06-11 22:45:00,29800.50,29834.00,29790.25,29831.25,43.75,29812.13,29801.19,2026-06-11 23:13:00,UNRESOLVED,,,29814.50,29796.50,CME US Index Futures ETH,1-Minute
2026-06-11,23:00:00,NQ SEP26,15m,2026-06-11 23:00:00,29834.75,29858.00,29831.50,29848.00,26.50,29844.75,29838.13,2026-06-11 23:15:00,DOWN,2026-06-11 23:15:00,0,29810.25,29807.50,CME US Index Futures ETH,1-Minute
2026-06-11,23:45:00,NQ SEP26,15m,2026-06-11 23:45:00,29806.25,29837.50,29803.00,29821.50,34.50,29820.25,29811.63,2026-06-12 00:01:00,DOWN,2026-06-12 00:02:00,1,29815.25,29792.25,CME US Index Futures ETH,1-Minute
2026-06-12,00:45:00,NQ SEP26,15m,2026-06-12 00:45:00,29821.50,29833.50,29808.50,29828.00,25.00,29821.00,29814.75,2026-06-12 01:06:00,DOWN,2026-06-12 01:08:00,2,29818.00,29804.25,CME US Index Futures ETH,1-Minute
2026-06-12,01:00:00,NQ SEP26,15m,2026-06-12 01:00:00,29826.25,29837.50,29819.25,29832.50,18.25,29828.38,29823.81,2026-06-12 01:15:00,DOWN,2026-06-12 01:15:00,0,29816.00,29806.25,CME US Index Futures ETH,1-Minute
2026-06-12,01:30:00,NQ SEP26,15m,2026-06-12 01:30:00,29816.75,29830.50,29803.25,29821.25,27.25,29816.88,29810.06,2026-06-12 01:45:00,DOWN,2026-06-12 01:45:00,0,29775.25,29765.00,CME US Index Futures ETH,1-Minute
2026-06-12,02:15:00,NQ SEP26,15m,2026-06-12 02:15:00,29691.50,29761.75,29679.75,29749.00,82.00,29720.75,29700.25,2026-06-12 02:31:00,DOWN,2026-06-12 02:40:00,9,29710.75,29678.75,CME US Index Futures ETH,1-Minute
2026-06-12,04:30:00,NQ SEP26,15m,2026-06-12 04:30:00,29758.50,29855.00,29733.75,29810.75,121.25,29794.38,29764.06,2026-06-12 04:45:00,UNRESOLVED,,,29821.50,29738.00,CME US Index Futures ETH,1-Minute
2026-06-12,05:45:00,NQ SEP26,15m,2026-06-12 05:45:00,29902.25,29958.00,29881.75,29927.25,76.25,29919.88,29900.81,2026-06-12 06:15:00,DOWN,2026-06-12 06:19:00,4,29918.75,29877.25,CME US Index Futures ETH,1-Minute
2026-06-12,06:15:00,NQ SEP26,15m,2026-06-12 06:15:00,29910.75,29948.75,29892.75,29912.50,56.00,29920.75,29906.75,2026-06-12 06:30:00,DOWN,2026-06-12 06:30:00,0,29833.00,29809.75,CME US Index Futures ETH,1-Minute
2026-06-12,07:45:00,NQ SEP26,15m,2026-06-12 07:45:00,29925.00,29936.50,29891.00,29935.75,45.50,29913.75,29902.38,2026-06-12 08:04:00,DOWN,2026-06-12 08:05:00,1,29920.25,29878.00,CME US Index Futures ETH,1-Minute
2026-06-12,09:15:00,NQ SEP26,15m,2026-06-12 09:15:00,29693.75,29747.25,29641.00,29747.25,106.25,29694.13,29667.56,2026-06-12 09:31:00,UP,2026-06-12 09:31:00,0,29792.00,29664.25,CME US Index Futures ETH,1-Minute
2026-06-12,09:30:00,NQ SEP26,15m,2026-06-12 09:30:00,29745.00,29788.75,29722.00,29787.25,66.75,29755.38,29738.69,2026-06-12 09:45:00,DOWN,2026-06-12 09:45:00,0,29635.25,29569.75,CME US Index Futures ETH,1-Minute
2026-06-12,10:15:00,NQ SEP26,15m,2026-06-12 10:15:00,29646.25,29888.25,29625.00,29837.50,263.25,29756.63,29690.81,2026-06-12 10:47:00,UP,2026-06-12 10:55:00,8,29898.50,29643.50,CME US Index Futures ETH,1-Minute
2026-06-12,11:15:00,NQ SEP26,15m,2026-06-12 11:15:00,29929.00,29997.25,29886.75,29987.50,110.50,29942.00,29914.38,2026-06-12 11:40:00,DOWN,2026-06-12 11:43:00,3,29954.00,29876.25,CME US Index Futures ETH,1-Minute
2026-06-12,11:30:00,NQ SEP26,15m,2026-06-12 11:30:00,29988.25,30052.50,29959.75,30035.00,92.75,30006.13,29982.94,2026-06-12 11:45:00,DOWN,2026-06-12 11:45:00,0,29887.75,29853.00,CME US Index Futures ETH,1-Minute
2026-06-12,13:15:00,NQ SEP26,15m,2026-06-12 13:15:00,29965.75,30045.00,29951.25,29991.75,93.75,29998.13,29974.69,2026-06-12 13:34:00,UNRESOLVED,,,30017.50,29973.25,CME US Index Futures ETH,1-Minute
2026-06-12,13:30:00,NQ SEP26,15m,2026-06-12 13:30:00,29994.50,30038.00,29984.75,30014.25,53.25,30011.38,29998.06,2026-06-12 13:45:00,DOWN,2026-06-12 13:47:00,2,30003.75,29983.50,CME US Index Futures ETH,1-Minute
2026-06-12,14:45:00,NQ SEP26,15m,2026-06-12 14:45:00,29958.25,30012.75,29956.25,30005.00,56.50,29984.50,29970.38,2026-06-12 15:00:00,DOWN,2026-06-12 15:00:00,0,29962.00,29932.00,CME US Index Futures ETH,1-Minute
2026-06-12,15:15:00,NQ SEP26,15m,2026-06-12 15:15:00,29934.50,30003.50,29931.75,29961.75,71.75,29967.63,29949.69,2026-06-12 15:31:00,DOWN,2026-06-12 15:32:00,1,29959.75,29899.75,CME US Index Futures ETH,1-Minute
2026-06-14,19:00:00,NQ SEP26,15m,2026-06-14 19:00:00,30332.75,30371.75,30325.25,30345.50,46.50,30348.50,30336.88,2026-06-14 19:15:00,DOWN,2026-06-14 19:15:00,0,30322.75,30317.00,CME US Index Futures ETH,1-Minute
2026-06-14,19:45:00,NQ SEP26,15m,2026-06-14 19:45:00,30328.00,30359.00,30327.25,30339.00,31.75,30343.13,30335.19,2026-06-14 20:00:00,UP,2026-06-14 20:01:00,1,30366.25,30332.50,CME US Index Futures ETH,1-Minute
2026-06-14,20:30:00,NQ SEP26,15m,2026-06-14 20:30:00,30450.00,30470.00,30427.50,30456.25,42.50,30448.75,30438.13,2026-06-14 20:45:00,DOWN,2026-06-14 20:54:00,9,30454.00,30427.00,CME US Index Futures ETH,1-Minute
2026-06-14,22:30:00,NQ SEP26,15m,2026-06-14 22:30:00,30485.00,30507.75,30482.00,30506.50,25.75,30494.88,30488.44,2026-06-14 22:45:00,UP,2026-06-14 22:55:00,10,30508.50,30487.75,CME US Index Futures ETH,1-Minute
2026-06-14,23:00:00,NQ SEP26,15m,2026-06-14 23:00:00,30493.50,30508.50,30492.00,30502.00,16.50,30500.25,30496.13,2026-06-14 23:15:00,UP,2026-06-14 23:18:00,3,30516.00,30494.75,CME US Index Futures ETH,1-Minute
2026-06-14,23:30:00,NQ SEP26,15m,2026-06-14 23:30:00,30504.25,30518.00,30501.00,30505.25,17.00,30509.50,30505.25,2026-06-14 23:45:00,DOWN,2026-06-14 23:45:00,0,30498.25,30491.75,CME US Index Futures ETH,1-Minute
2026-06-15,01:15:00,NQ SEP26,15m,2026-06-15 01:15:00,30529.00,30544.75,30523.50,30541.75,21.25,30534.13,30528.81,2026-06-15 01:33:00,DOWN,2026-06-15 01:34:00,1,30529.75,30515.00,CME US Index Futures ETH,1-Minute
2026-06-15,02:45:00,NQ SEP26,15m,2026-06-15 02:45:00,30541.25,30556.00,30522.00,30551.50,34.00,30539.00,30530.50,2026-06-15 03:01:00,DOWN,2026-06-15 03:04:00,3,30552.75,30522.00,CME US Index Futures ETH,1-Minute
2026-06-15,03:45:00,NQ SEP26,15m,2026-06-15 03:45:00,30555.00,30574.25,30538.25,30556.00,36.00,30556.25,30547.25,2026-06-15 04:00:00,UP,2026-06-15 04:03:00,3,30577.25,30539.50,CME US Index Futures ETH,1-Minute
2026-06-15,04:45:00,NQ SEP26,15m,2026-06-15 04:45:00,30600.50,30617.00,30597.00,30611.50,20.00,30607.00,30602.00,2026-06-15 05:00:00,DOWN,2026-06-15 05:00:00,0,30593.75,30586.25,CME US Index Futures ETH,1-Minute
2026-06-15,06:15:00,NQ SEP26,15m,2026-06-15 06:15:00,30549.75,30564.25,30540.50,30561.75,23.75,30552.38,30546.44,2026-06-15 06:35:00,DOWN,2026-06-15 06:39:00,4,30554.75,30538.25,CME US Index Futures ETH,1-Minute
2026-06-15,06:30:00,NQ SEP26,15m,2026-06-15 06:30:00,30561.75,30571.75,30542.00,30567.75,29.75,30556.88,30549.44,2026-06-15 06:45:00,UP,2026-06-15 07:01:00,16,30575.50,30544.25,CME US Index Futures ETH,1-Minute
2026-06-15,07:30:00,NQ SEP26,15m,2026-06-15 07:30:00,30595.50,30617.00,30594.75,30612.25,22.25,30605.88,30600.31,2026-06-15 07:45:00,DOWN,2026-06-15 07:45:00,0,30589.00,30575.00,CME US Index Futures ETH,1-Minute
2026-06-15,08:00:00,NQ SEP26,15m,2026-06-15 08:00:00,30578.25,30618.00,30569.75,30599.25,48.25,30593.88,30581.81,2026-06-15 08:17:00,DOWN,2026-06-15 08:18:00,1,30597.00,30560.50,CME US Index Futures ETH,1-Minute
2026-06-15,10:15:00,NQ SEP26,15m,2026-06-15 10:15:00,30703.75,30764.00,30678.75,30729.00,85.25,30721.38,30700.06,2026-06-15 10:43:00,UNRESOLVED,,,30725.75,30699.00,CME US Index Futures ETH,1-Minute
2026-06-15,12:15:00,NQ SEP26,15m,2026-06-15 12:15:00,30879.25,30903.00,30875.00,30889.00,28.00,30889.00,30882.00,2026-06-15 12:35:00,DOWN,2026-06-15 12:38:00,3,30892.00,30873.75,CME US Index Futures ETH,1-Minute
2026-06-15,12:30:00,NQ SEP26,15m,2026-06-15 12:30:00,30888.50,30912.75,30868.00,30901.00,44.75,30890.38,30879.19,2026-06-15 12:45:00,DOWN,2026-06-15 12:46:00,1,30885.00,30862.00,CME US Index Futures ETH,1-Minute
2026-06-15,13:30:00,NQ SEP26,15m,2026-06-15 13:30:00,30854.50,30892.50,30848.50,30882.75,44.00,30870.50,30859.50,2026-06-15 13:56:00,DOWN,2026-06-15 14:02:00,6,30870.00,30847.50,CME US Index Futures ETH,1-Minute
2026-06-15,14:15:00,NQ SEP26,15m,2026-06-15 14:15:00,30858.50,30871.25,30832.75,30867.50,38.50,30852.00,30842.38,2026-06-15 14:30:00,DOWN,2026-06-15 14:31:00,1,30848.50,30824.00,CME US Index Futures ETH,1-Minute
2026-06-15,14:45:00,NQ SEP26,15m,2026-06-15 14:45:00,30840.25,30885.50,30824.00,30880.50,61.50,30854.75,30839.38,2026-06-15 15:22:00,DOWN,2026-06-15 15:31:00,9,30857.00,30819.75,CME US Index Futures ETH,1-Minute
2026-06-15,16:00:00,NQ SEP26,15m,2026-06-15 16:00:00,30855.25,30879.00,30815.00,30876.50,64.00,30847.00,30831.00,2026-06-15 16:44:00,DOWN,2026-06-15 18:12:00,88,30868.00,30808.00,CME US Index Futures ETH,1-Minute
2026-06-15,19:30:00,NQ SEP26,15m,2026-06-15 19:30:00,30804.75,30832.00,30794.75,30827.25,37.25,30813.38,30804.06,2026-06-15 20:04:00,UP,2026-06-15 20:07:00,3,30840.75,30796.00,CME US Index Futures ETH,1-Minute
2026-06-15,20:00:00,NQ SEP26,15m,2026-06-15 20:00:00,30822.75,30843.25,30811.00,30835.25,32.25,30827.13,30819.06,2026-06-15 20:22:00,DOWN,2026-06-15 20:23:00,1,30824.25,30804.75,CME US Index Futures ETH,1-Minute
2026-06-15,20:15:00,NQ SEP26,15m,2026-06-15 20:15:00,30833.50,30846.50,30796.00,30835.00,50.50,30821.25,30808.63,2026-06-15 20:36:00,DOWN,2026-06-15 20:50:00,14,30835.75,30785.00,CME US Index Futures ETH,1-Minute
2026-06-15,21:30:00,NQ SEP26,15m,2026-06-15 21:30:00,30771.75,30795.25,30768.50,30787.25,26.75,30781.88,30775.19,2026-06-15 21:56:00,DOWN,2026-06-15 21:56:00,0,30782.25,30768.50,CME US Index Futures ETH,1-Minute
2026-06-15,21:45:00,NQ SEP26,15m,2026-06-15 21:45:00,30787.75,30798.00,30774.00,30788.50,24.00,30786.00,30780.00,2026-06-15 22:02:00,DOWN,2026-06-15 22:03:00,1,30790.00,30773.25,CME US Index Futures ETH,1-Minute
2026-06-15,22:30:00,NQ SEP26,15m,2026-06-15 22:30:00,30776.75,30793.00,30776.75,30780.50,16.25,30784.88,30780.81,2026-06-15 22:53:00,DOWN,2026-06-15 22:57:00,4,30789.75,30773.00,CME US Index Futures ETH,1-Minute
2026-06-15,22:45:00,NQ SEP26,15m,2026-06-15 22:45:00,30780.50,30808.75,30779.00,30797.75,29.75,30793.88,30786.44,2026-06-15 23:00:00,DOWN,2026-06-15 23:02:00,2,30787.00,30779.00,CME US Index Futures ETH,1-Minute
2026-06-15,23:45:00,NQ SEP26,15m,2026-06-15 23:45:00,30813.25,30860.00,30813.25,30846.50,46.75,30836.63,30824.94,2026-06-16 00:08:00,DOWN,2026-06-16 00:20:00,12,30834.75,30809.00,CME US Index Futures ETH,1-Minute
2026-06-16,01:15:00,NQ SEP26,15m,2026-06-16 01:15:00,30815.50,30844.25,30815.50,30833.25,28.75,30829.88,30822.69,2026-06-16 01:34:00,DOWN,2026-06-16 01:34:00,0,30828.50,30808.00,CME US Index Futures ETH,1-Minute
2026-06-16,01:30:00,NQ SEP26,15m,2026-06-16 01:30:00,30832.50,30846.50,30830.00,30834.00,16.50,30838.25,30834.13,2026-06-16 01:45:00,DOWN,2026-06-16 01:45:00,0,30808.00,30800.75,CME US Index Futures ETH,1-Minute
2026-06-16,02:30:00,NQ SEP26,15m,2026-06-16 02:30:00,30826.00,30833.00,30812.00,30831.50,21.00,30822.50,30817.25,2026-06-16 02:45:00,DOWN,2026-06-16 02:50:00,5,30822.25,30811.00,CME US Index Futures ETH,1-Minute
2026-06-16,03:00:00,NQ SEP26,15m,2026-06-16 03:00:00,30815.75,30834.25,30811.00,30828.00,23.25,30822.63,30816.81,2026-06-16 03:44:00,UNRESOLVED,,,30822.50,30812.50,CME US Index Futures ETH,1-Minute
2026-06-16,03:30:00,NQ SEP26,15m,2026-06-16 03:30:00,30821.25,30843.25,30817.25,30839.50,26.00,30830.25,30823.75,2026-06-16 03:45:00,DOWN,2026-06-16 03:45:00,0,30816.25,30808.75,CME US Index Futures ETH,1-Minute
2026-06-16,04:30:00,NQ SEP26,15m,2026-06-16 04:30:00,30871.50,30903.00,30871.00,30903.00,32.00,30887.00,30879.00,2026-06-16 04:46:00,DOWN,2026-06-16 04:49:00,3,30887.75,30871.00,CME US Index Futures ETH,1-Minute
2026-06-16,05:00:00,NQ SEP26,15m,2026-06-16 05:00:00,30887.25,30944.50,30871.00,30927.25,73.50,30907.75,30889.38,2026-06-16 05:20:00,DOWN,2026-06-16 05:44:00,24,30908.75,30871.00,CME US Index Futures ETH,1-Minute
2026-06-16,07:15:00,NQ SEP26,15m,2026-06-16 07:15:00,30932.75,30963.50,30923.50,30958.75,40.00,30943.50,30933.50,2026-06-16 07:36:00,UNRESOLVED,,,30960.75,30928.50,CME US Index Futures ETH,1-Minute
2026-06-16,07:45:00,NQ SEP26,15m,2026-06-16 07:45:00,30951.00,30959.25,30928.50,30956.25,30.75,30943.88,30936.19,2026-06-16 08:01:00,DOWN,2026-06-16 08:13:00,12,30952.75,30924.00,CME US Index Futures ETH,1-Minute
2026-06-16,09:45:00,NQ SEP26,15m,2026-06-16 09:45:00,30812.50,30860.50,30750.75,30819.25,109.75,30805.63,30778.19,2026-06-16 10:17:00,DOWN,2026-06-16 10:20:00,3,30817.00,30730.00,CME US Index Futures ETH,1-Minute
2026-06-16,10:15:00,NQ SEP26,15m,2026-06-16 10:15:00,30806.50,30858.50,30791.25,30816.50,67.25,30824.88,30808.06,2026-06-16 10:30:00,DOWN,2026-06-16 10:30:00,0,30698.50,30679.50,CME US Index Futures ETH,1-Minute
2026-06-16,11:15:00,NQ SEP26,15m,2026-06-16 11:15:00,30601.00,30665.25,30590.25,30623.50,75.00,30627.75,30609.00,2026-06-16 11:30:00,DOWN,2026-06-16 11:30:00,0,30551.25,30527.00,CME US Index Futures ETH,1-Minute
2026-06-16,12:15:00,NQ SEP26,15m,2026-06-16 12:15:00,30466.25,30566.75,30463.75,30532.00,103.00,30515.25,30489.50,2026-06-16 12:32:00,DOWN,2026-06-16 12:37:00,5,30520.00,30451.00,CME US Index Futures ETH,1-Minute
2026-06-16,12:30:00,NQ SEP26,15m,2026-06-16 12:30:00,30533.00,30575.00,30512.25,30536.75,62.75,30543.63,30527.94,2026-06-16 12:45:00,DOWN,2026-06-16 12:45:00,0,30510.50,30493.50,CME US Index Futures ETH,1-Minute
2026-06-16,14:00:00,NQ SEP26,15m,2026-06-16 14:00:00,30447.50,30521.00,30432.25,30477.25,88.75,30476.63,30454.44,2026-06-16 14:16:00,DOWN,2026-06-16 14:36:00,20,30485.25,30422.75,CME US Index Futures ETH,1-Minute
2026-06-16,15:30:00,NQ SEP26,15m,2026-06-16 15:30:00,30401.75,30451.50,30336.75,30446.00,114.75,30394.13,30365.44,2026-06-16 15:53:00,DOWN,2026-06-16 15:58:00,5,30397.75,30327.75,CME US Index Futures ETH,1-Minute
2026-06-16,18:30:00,NQ SEP26,15m,2026-06-16 18:30:00,30363.75,30377.00,30343.75,30366.75,33.25,30360.38,30352.06,2026-06-16 18:45:00,DOWN,2026-06-16 18:45:00,0,30365.50,30331.25,CME US Index Futures ETH,1-Minute
2026-06-16,19:00:00,NQ SEP26,15m,2026-06-16 19:00:00,30364.75,30389.25,30353.00,30378.00,36.25,30371.13,30362.06,2026-06-16 19:15:00,DOWN,2026-06-16 19:15:00,0,30353.00,30344.00,CME US Index Futures ETH,1-Minute
2026-06-16,20:45:00,NQ SEP26,15m,2026-06-16 20:45:00,30379.50,30402.75,30370.25,30390.75,32.50,30386.50,30378.38,2026-06-16 21:01:00,DOWN,2026-06-16 21:02:00,1,30385.25,30368.25,CME US Index Futures ETH,1-Minute
2026-06-16,22:15:00,NQ SEP26,15m,2026-06-16 22:15:00,30447.25,30456.25,30437.50,30455.00,18.75,30446.88,30442.19,2026-06-16 22:35:00,DOWN,2026-06-16 22:40:00,5,30446.50,30433.75,CME US Index Futures ETH,1-Minute
2026-06-17,00:00:00,NQ SEP26,15m,2026-06-17 00:00:00,30455.25,30469.75,30453.25,30466.75,16.50,30461.50,30457.38,2026-06-17 00:42:00,DOWN,2026-06-17 00:42:00,0,30463.75,30447.00,CME US Index Futures ETH,1-Minute
2026-06-17,00:30:00,NQ SEP26,15m,2026-06-17 00:30:00,30463.75,30482.00,30462.75,30474.50,19.25,30472.38,30467.56,2026-06-17 00:45:00,DOWN,2026-06-17 00:45:00,0,30455.25,30451.75,CME US Index Futures ETH,1-Minute
2026-06-17,01:45:00,NQ SEP26,15m,2026-06-17 01:45:00,30491.00,30520.50,30488.00,30511.75,32.50,30504.25,30496.13,2026-06-17 02:01:00,UP,2026-06-17 02:08:00,7,30522.75,30490.75,CME US Index Futures ETH,1-Minute
2026-06-17,02:15:00,NQ SEP26,15m,2026-06-17 02:15:00,30501.25,30522.75,30490.75,30511.75,32.00,30506.75,30498.75,2026-06-17 02:30:00,DOWN,2026-06-17 02:30:00,0,30495.50,30490.00,CME US Index Futures ETH,1-Minute
2026-06-17,03:15:00,NQ SEP26,15m,2026-06-17 03:15:00,30544.50,30579.75,30543.50,30575.50,36.25,30561.63,30552.56,2026-06-17 03:30:00,DOWN,2026-06-17 03:35:00,5,30563.00,30543.25,CME US Index Futures ETH,1-Minute
2026-06-17,03:45:00,NQ SEP26,15m,2026-06-17 03:45:00,30552.25,30573.25,30543.25,30560.00,30.00,30558.25,30550.75,2026-06-17 04:12:00,DOWN,2026-06-17 04:12:00,0,30556.00,30540.00,CME US Index Futures ETH,1-Minute
2026-06-17,05:30:00,NQ SEP26,15m,2026-06-17 05:30:00,30505.25,30519.00,30492.00,30516.00,27.00,30505.50,30498.75,2026-06-17 05:45:00,DOWN,2026-06-17 05:45:00,0,30500.50,30489.75,CME US Index Futures ETH,1-Minute
2026-06-17,06:45:00,NQ SEP26,15m,2026-06-17 06:45:00,30462.00,30487.00,30448.25,30486.00,38.75,30467.63,30457.94,2026-06-17 07:00:00,DOWN,2026-06-17 07:01:00,1,30467.75,30446.75,CME US Index Futures ETH,1-Minute
2026-06-17,07:15:00,NQ SEP26,15m,2026-06-17 07:15:00,30458.75,30482.75,30442.25,30478.50,40.50,30462.50,30452.38,2026-06-17 07:43:00,DOWN,2026-06-17 07:43:00,0,30454.00,30438.75,CME US Index Futures ETH,1-Minute
2026-06-17,08:45:00,NQ SEP26,15m,2026-06-17 08:45:00,30464.00,30521.00,30461.75,30506.50,59.25,30491.38,30476.56,2026-06-17 09:03:00,UP,2026-06-17 09:30:00,27,30534.75,30465.00,CME US Index Futures ETH,1-Minute
2026-06-17,09:30:00,NQ SEP26,15m,2026-06-17 09:30:00,30481.50,30534.75,30480.00,30527.75,54.75,30507.38,30493.69,2026-06-17 09:47:00,DOWN,2026-06-17 09:48:00,1,30510.00,30476.25,CME US Index Futures ETH,1-Minute
2026-06-17,10:30:00,NQ SEP26,15m,2026-06-17 10:30:00,30444.75,30545.75,30434.75,30509.50,111.00,30490.25,30462.50,2026-06-17 10:45:00,DOWN,2026-06-17 10:45:00,0,30448.00,30421.00,CME US Index Futures ETH,1-Minute
2026-06-17,11:30:00,NQ SEP26,15m,2026-06-17 11:30:00,30410.25,30458.50,30392.50,30418.25,66.00,30425.50,30409.00,2026-06-17 11:45:00,UP,2026-06-17 12:01:00,16,30470.75,30402.00,CME US Index Futures ETH,1-Minute
2026-06-17,12:00:00,NQ SEP26,15m,2026-06-17 12:00:00,30415.00,30458.50,30412.50,30450.00,46.00,30435.50,30424.00,2026-06-17 12:43:00,UNRESOLVED,,,30435.00,30418.00,CME US Index Futures ETH,1-Minute
2026-06-17,12:30:00,NQ SEP26,15m,2026-06-17 12:30:00,30441.00,30472.00,30426.75,30456.75,45.25,30449.38,30438.06,2026-06-17 12:45:00,DOWN,2026-06-17 12:46:00,1,30442.00,30405.75,CME US Index Futures ETH,1-Minute
2026-06-17,13:30:00,NQ SEP26,15m,2026-06-17 13:30:00,30376.25,30425.25,30352.50,30418.75,72.75,30388.88,30370.69,2026-06-17 14:01:00,AMBIGUOUS,2026-06-17 14:01:00,0,30471.75,30300.00,CME US Index Futures ETH,1-Minute
2026-06-17,14:00:00,NQ SEP26,15m,2026-06-17 14:00:00,30393.75,30484.75,30384.50,30466.75,100.25,30434.63,30409.56,2026-06-17 14:15:00,DOWN,2026-06-17 14:15:00,0,30268.75,30219.25,CME US Index Futures ETH,1-Minute
2026-06-17,14:45:00,NQ SEP26,15m,2026-06-17 14:45:00,30242.25,30520.00,30209.50,30505.50,310.50,30364.75,30287.13,2026-06-17 15:00:00,DOWN,2026-06-17 15:12:00,12,30356.25,30202.75,CME US Index Futures ETH,1-Minute
2026-06-17,15:15:00,NQ SEP26,15m,2026-06-17 15:15:00,30274.50,30370.00,30200.25,30352.25,169.75,30285.13,30242.69,2026-06-17 15:30:00,DOWN,2026-06-17 15:30:00,0,30149.50,30110.00,CME US Index Futures ETH,1-Minute
2026-06-17,16:45:00,NQ SEP26,15m,2026-06-17 16:45:00,30124.00,30159.50,30111.00,30134.00,48.50,30135.25,30123.13,2026-06-17 18:01:00,UP,2026-06-17 18:01:00,0,30161.50,30119.50,CME US Index Futures ETH,1-Minute
2026-06-17,18:45:00,NQ SEP26,15m,2026-06-17 18:45:00,30225.50,30248.00,30219.25,30229.50,28.75,30233.63,30226.44,2026-06-17 19:07:00,UP,2026-06-17 19:09:00,2,30249.75,30225.00,CME US Index Futures ETH,1-Minute
2026-06-17,19:30:00,NQ SEP26,15m,2026-06-17 19:30:00,30262.00,30300.00,30259.50,30290.75,40.50,30279.75,30269.63,2026-06-17 19:45:00,UP,2026-06-17 20:00:00,15,30312.25,30268.75,CME US Index Futures ETH,1-Minute
2026-06-17,20:45:00,NQ SEP26,15m,2026-06-17 20:45:00,30381.75,30415.75,30378.00,30409.25,37.75,30396.88,30387.44,2026-06-17 21:00:00,DOWN,2026-06-17 21:00:00,0,30375.75,30366.25,CME US Index Futures ETH,1-Minute
2026-06-17,21:15:00,NQ SEP26,15m,2026-06-17 21:15:00,30367.75,30438.25,30363.25,30430.00,75.00,30400.75,30382.00,2026-06-17 21:47:00,UNRESOLVED,,,30430.75,30368.00,CME US Index Futures ETH,1-Minute
2026-06-17,22:15:00,NQ SEP26,15m,2026-06-17 22:15:00,30382.50,30430.75,30373.50,30417.50,57.25,30402.13,30387.81,2026-06-17 22:32:00,UNRESOLVED,,,30414.00,30382.00,CME US Index Futures ETH,1-Minute
2026-06-17,22:45:00,NQ SEP26,15m,2026-06-17 22:45:00,30400.75,30410.50,30382.00,30405.00,28.50,30396.25,30389.13,2026-06-17 23:09:00,DOWN,2026-06-17 23:12:00,3,30394.75,30379.75,CME US Index Futures ETH,1-Minute
2026-06-17,23:30:00,NQ SEP26,15m,2026-06-17 23:30:00,30379.75,30410.25,30378.00,30403.50,32.25,30394.13,30386.06,2026-06-17 23:45:00,DOWN,2026-06-17 23:45:00,0,30381.00,30373.75,CME US Index Futures ETH,1-Minute
2026-06-18,00:00:00,NQ SEP26,15m,2026-06-18 00:00:00,30378.25,30409.00,30378.25,30399.00,30.75,30393.63,30385.94,2026-06-18 00:15:00,DOWN,2026-06-18 00:15:00,0,30366.75,30354.25,CME US Index Futures ETH,1-Minute
2026-06-18,01:30:00,NQ SEP26,15m,2026-06-18 01:30:00,30339.25,30372.25,30336.00,30362.25,36.25,30354.13,30345.06,2026-06-18 01:47:00,DOWN,2026-06-18 02:02:00,15,30356.75,30320.00,CME US Index Futures ETH,1-Minute
2026-06-18,02:00:00,NQ SEP26,15m,2026-06-18 02:00:00,30352.25,30356.75,30336.75,30354.00,20.00,30346.75,30341.75,2026-06-18 02:15:00,DOWN,2026-06-18 02:15:00,0,30345.25,30330.50,CME US Index Futures ETH,1-Minute
2026-06-18,04:15:00,NQ SEP26,15m,2026-06-18 04:15:00,30445.25,30500.00,30440.25,30482.50,59.75,30470.13,30455.19,2026-06-18 04:30:00,DOWN,2026-06-18 04:30:00,0,30436.50,30418.75,CME US Index Futures ETH,1-Minute
2026-06-18,04:45:00,NQ SEP26,15m,2026-06-18 04:45:00,30429.25,30469.00,30422.00,30451.50,47.00,30445.50,30433.75,2026-06-18 05:00:00,DOWN,2026-06-18 05:00:00,0,30402.00,30390.00,CME US Index Futures ETH,1-Minute
2026-06-18,06:00:00,NQ SEP26,15m,2026-06-18 06:00:00,30459.00,30495.00,30459.00,30488.50,36.00,30477.00,30468.00,2026-06-18 06:33:00,DOWN,2026-06-18 06:34:00,1,30478.50,30451.50,CME US Index Futures ETH,1-Minute
2026-06-18,07:00:00,NQ SEP26,15m,2026-06-18 07:00:00,30429.25,30443.75,30421.00,30434.75,22.75,30432.38,30426.69,2026-06-18 07:15:00,DOWN,2026-06-18 07:15:00,0,30409.50,30390.75,CME US Index Futures ETH,1-Minute
2026-06-18,09:15:00,NQ SEP26,15m,2026-06-18 09:15:00,30514.00,30523.50,30467.50,30516.00,56.00,30495.50,30481.50,2026-06-18 09:36:00,DOWN,2026-06-18 09:36:00,0,30503.50,30452.75,CME US Index Futures ETH,1-Minute
2026-06-18,09:30:00,NQ SEP26,15m,2026-06-18 09:30:00,30516.00,30619.75,30513.25,30595.00,106.50,30566.50,30539.88,2026-06-18 09:45:00,DOWN,2026-06-18 09:45:00,0,30434.50,30391.00,CME US Index Futures ETH,1-Minute
2026-06-18,10:15:00,NQ SEP26,15m,2026-06-18 10:15:00,30469.25,30591.50,30449.50,30523.00,142.00,30520.50,30485.00,2026-06-18 10:31:00,UP,2026-06-18 10:38:00,7,30594.25,30463.50,CME US Index Futures ETH,1-Minute
2026-06-18,11:00:00,NQ SEP26,15m,2026-06-18 11:00:00,30573.25,30660.75,30571.25,30623.50,89.50,30616.00,30593.63,2026-06-18 11:24:00,UNRESOLVED,,,30629.00,30580.75,CME US Index Futures ETH,1-Minute
2026-06-18,11:15:00,NQ SEP26,15m,2026-06-18 11:15:00,30623.75,30675.75,30584.25,30628.25,91.50,30630.00,30607.13,2026-06-18 11:30:00,DOWN,2026-06-18 11:30:00,0,30600.00,30566.75,CME US Index Futures ETH,1-Minute
2026-06-18,12:45:00,NQ SEP26,15m,2026-06-18 12:45:00,30683.25,30707.75,30663.50,30691.75,44.25,30685.63,30674.56,2026-06-18 13:00:00,DOWN,2026-06-18 13:01:00,1,30688.00,30662.00,CME US Index Futures ETH,1-Minute
2026-06-18,13:45:00,NQ SEP26,15m,2026-06-18 13:45:00,30710.00,30736.75,30706.00,30723.75,30.75,30721.38,30713.69,2026-06-18 14:00:00,DOWN,2026-06-18 14:01:00,1,30716.25,30698.75,CME US Index Futures ETH,1-Minute
2026-06-18,15:00:00,NQ SEP26,15m,2026-06-18 15:00:00,30676.50,30718.50,30672.50,30690.75,46.00,30695.50,30684.00,2026-06-18 15:15:00,DOWN,2026-06-18 15:15:00,0,30663.75,30646.75,CME US Index Futures ETH,1-Minute
2026-06-18,16:30:00,NQ SEP26,15m,2026-06-18 16:30:00,30715.00,30744.25,30705.50,30730.50,38.75,30724.88,30715.19,2026-06-18 16:48:00,UP,2026-06-18 18:01:00,73,30770.75,30706.50,CME US Index Futures ETH,1-Minute
2026-06-18,17:00:00,NQ SEP26,15m,2026-06-18 17:00:00,30719.75,30727.75,30706.50,30726.50,21.25,30717.13,30711.81,2026-06-18 18:19:00,DOWN,2026-06-18 18:20:00,1,30720.00,30691.50,CME US Index Futures ETH,1-Minute
2026-06-18,19:45:00,NQ SEP26,15m,2026-06-18 19:45:00,30682.75,30698.25,30670.25,30686.25,28.00,30684.25,30677.25,2026-06-18 20:01:00,DOWN,2026-06-18 20:01:00,0,30694.25,30666.75,CME US Index Futures ETH,1-Minute
2026-06-18,20:00:00,NQ SEP26,15m,2026-06-18 20:00:00,30685.75,30703.25,30679.25,30692.50,24.00,30691.25,30685.25,2026-06-18 20:15:00,DOWN,2026-06-18 20:15:00,0,30650.00,30642.00,CME US Index Futures ETH,1-Minute
2026-06-18,20:45:00,NQ SEP26,15m,2026-06-18 20:45:00,30646.75,30662.25,30637.00,30647.25,25.25,30649.63,30643.31,2026-06-18 21:00:00,DOWN,2026-06-18 21:02:00,2,30650.00,30635.75,CME US Index Futures ETH,1-Minute
2026-06-18,21:30:00,NQ SEP26,15m,2026-06-18 21:30:00,30621.75,30637.25,30621.75,30630.75,15.50,30629.50,30625.63,2026-06-18 21:45:00,DOWN,2026-06-18 21:45:00,0,30611.00,30606.00,CME US Index Futures ETH,1-Minute
2026-06-18,22:45:00,NQ SEP26,15m,2026-06-18 22:45:00,30605.50,30619.50,30600.25,30617.50,19.25,30609.88,30605.06,2026-06-18 23:00:00,DOWN,2026-06-18 23:00:00,0,30595.00,30592.50,CME US Index Futures ETH,1-Minute
2026-06-19,01:15:00,NQ SEP26,15m,2026-06-19 01:15:00,30435.00,30452.25,30412.25,30437.75,40.00,30432.25,30422.25,2026-06-19 01:35:00,DOWN,2026-06-19 01:38:00,3,30433.25,30411.75,CME US Index Futures ETH,1-Minute
2026-06-19,02:30:00,NQ SEP26,15m,2026-06-19 02:30:00,30512.00,30535.75,30495.75,30523.25,40.00,30515.75,30505.75,2026-06-19 02:46:00,UP,2026-06-19 02:53:00,7,30538.00,30505.25,CME US Index Futures ETH,1-Minute
2026-06-19,04:30:00,NQ SEP26,15m,2026-06-19 04:30:00,30631.00,30650.00,30625.00,30644.25,25.00,30637.50,30631.25,2026-06-19 04:48:00,UP,2026-06-19 04:50:00,2,30658.25,30629.25,CME US Index Futures ETH,1-Minute
2026-06-19,04:45:00,NQ SEP26,15m,2026-06-19 04:45:00,30640.50,30658.50,30624.00,30649.00,34.50,30641.25,30632.63,2026-06-19 05:06:00,DOWN,2026-06-19 05:11:00,5,30643.75,30623.25,CME US Index Futures ETH,1-Minute
2026-06-19,05:45:00,NQ SEP26,15m,2026-06-19 05:45:00,30615.50,30645.25,30613.75,30626.75,31.50,30629.50,30621.63,2026-06-19 06:01:00,DOWN,2026-06-19 06:05:00,4,30633.50,30611.50,CME US Index Futures ETH,1-Minute
2026-06-19,07:00:00,NQ SEP26,15m,2026-06-19 07:00:00,30564.50,30591.75,30551.00,30574.00,40.75,30571.38,30561.19,2026-06-19 07:15:00,UP,2026-06-19 07:41:00,26,30601.75,30551.25,CME US Index Futures ETH,1-Minute
2026-06-19,07:45:00,NQ SEP26,15m,2026-06-19 07:45:00,30559.75,30601.75,30557.25,30593.50,44.50,30579.50,30568.38,2026-06-19 08:16:00,DOWN,2026-06-19 08:31:00,15,30579.25,30553.00,CME US Index Futures ETH,1-Minute
2026-06-19,10:00:00,NQ SEP26,15m,2026-06-19 10:00:00,30649.50,30695.75,30642.25,30682.25,53.50,30669.00,30655.63,2026-06-19 10:17:00,UNRESOLVED,,,30677.75,30648.00,CME US Index Futures ETH,1-Minute
2026-06-19,11:00:00,NQ SEP26,15m,2026-06-19 11:00:00,30677.25,30697.25,30674.75,30691.50,22.50,30686.00,30680.38,2026-06-19 11:20:00,UNRESOLVED,,,30694.00,30680.00,CME US Index Futures ETH,1-Minute
2026-06-19,11:15:00,NQ SEP26,15m,2026-06-19 11:15:00,30690.00,30705.00,30684.00,30694.25,21.00,30694.50,30689.25,2026-06-19 11:32:00,DOWN,2026-06-19 11:32:00,0,30694.25,30682.50,CME US Index Futures ETH,1-Minute
2026-06-19,11:30:00,NQ SEP26,15m,2026-06-19 11:30:00,30693.50,30698.00,30680.00,30697.50,18.00,30689.00,30684.50,2026-06-19 11:45:00,DOWN,2026-06-19 11:45:00,0,30667.75,30658.50,CME US Index Futures ETH,1-Minute
2026-06-19,12:00:00,NQ SEP26,15m,2026-06-19 12:00:00,30658.75,30691.75,30658.50,30684.00,33.25,30675.13,30666.81,2026-06-19 12:15:00,UP,2026-06-19 12:35:00,20,30702.00,30664.00,CME US Index Futures ETH,1-Minute
2026-06-19,12:30:00,NQ SEP26,15m,2026-06-19 12:30:00,30669.25,30685.50,30666.00,30683.25,19.50,30675.75,30670.88,2026-06-19 12:53:00,DOWN,2026-06-19 12:53:00,0,30680.25,30663.75,CME US Index Futures ETH,1-Minute
2026-06-19,12:45:00,NQ SEP26,15m,2026-06-19 12:45:00,30682.50,30702.00,30676.25,30689.25,25.75,30689.13,30682.69,2026-06-19 13:00:00,DOWN,2026-06-19 13:00:00,0,30658.00,30640.00,CME US Index Futures ETH,1-Minute
2026-06-21,18:45:00,NQ SEP26,15m,2026-06-21 18:45:00,30551.50,30557.75,30511.50,30551.75,46.25,30534.63,30523.06,2026-06-21 19:00:00,DOWN,2026-06-21 19:00:00,0,30523.00,30499.25,CME US Index Futures ETH,1-Minute
2026-06-21,21:30:00,NQ SEP26,15m,2026-06-21 21:30:00,30630.50,30658.75,30621.25,30651.50,37.50,30640.00,30630.63,2026-06-21 21:47:00,DOWN,2026-06-21 21:47:00,0,30639.00,30618.50,CME US Index Futures ETH,1-Minute
2026-06-21,22:45:00,NQ SEP26,15m,2026-06-21 22:45:00,30589.00,30601.00,30582.75,30597.00,18.25,30591.88,30587.31,2026-06-21 23:00:00,DOWN,2026-06-21 23:01:00,1,30593.50,30572.75,CME US Index Futures ETH,1-Minute
2026-06-21,23:30:00,NQ SEP26,15m,2026-06-21 23:30:00,30557.25,30609.25,30556.25,30602.50,53.00,30582.75,30569.50,2026-06-21 23:55:00,DOWN,2026-06-21 23:57:00,2,30588.75,30550.25,CME US Index Futures ETH,1-Minute
2026-06-22,00:15:00,NQ SEP26,15m,2026-06-22 00:15:00,30556.50,30583.25,30549.00,30560.50,34.25,30566.13,30557.56,2026-06-22 00:30:00,DOWN,2026-06-22 00:30:00,0,30550.75,30544.75,CME US Index Futures ETH,1-Minute
2026-06-22,01:30:00,NQ SEP26,15m,2026-06-22 01:30:00,30654.75,30665.00,30642.50,30659.25,22.50,30653.75,30648.13,2026-06-22 01:45:00,DOWN,2026-06-22 01:45:00,0,30638.50,30634.00,CME US Index Futures ETH,1-Minute
2026-06-22,03:30:00,NQ SEP26,15m,2026-06-22 03:30:00,30764.50,30781.75,30759.00,30774.25,22.75,30770.38,30764.69,2026-06-22 03:45:00,DOWN,2026-06-22 03:45:00,0,30752.00,30744.50,CME US Index Futures ETH,1-Minute
2026-06-22,04:00:00,NQ SEP26,15m,2026-06-22 04:00:00,30749.25,30767.00,30745.25,30759.00,21.75,30756.13,30750.69,2026-06-22 04:15:00,DOWN,2026-06-22 04:15:00,0,30730.25,30722.25,CME US Index Futures ETH,1-Minute
2026-06-22,05:15:00,NQ SEP26,15m,2026-06-22 05:15:00,30730.75,30758.00,30710.00,30743.75,48.00,30734.00,30722.00,2026-06-22 05:32:00,DOWN,2026-06-22 05:42:00,10,30734.50,30709.75,CME US Index Futures ETH,1-Minute
2026-06-22,06:15:00,NQ SEP26,15m,2026-06-22 06:15:00,30700.50,30766.75,30700.50,30750.50,66.25,30733.63,30717.06,2026-06-22 06:31:00,UP,2026-06-22 07:05:00,34,30773.25,30702.75,CME US Index Futures ETH,1-Minute
2026-06-22,07:00:00,NQ SEP26,15m,2026-06-22 07:00:00,30718.00,30736.25,30715.00,30720.00,21.25,30725.63,30720.31,2026-06-22 07:15:00,AMBIGUOUS,2026-06-22 07:15:00,0,30736.50,30710.75,CME US Index Futures ETH,1-Minute
2026-06-22,07:15:00,NQ SEP26,15m,2026-06-22 07:15:00,30720.25,30828.00,30710.75,30730.50,117.25,30769.38,30740.06,2026-06-22 07:30:00,UNRESOLVED,,,30771.00,30736.75,CME US Index Futures ETH,1-Minute
2026-06-22,07:30:00,NQ SEP26,15m,2026-06-22 07:30:00,30730.50,30750.75,30722.00,30738.75,28.75,30736.38,30729.19,2026-06-22 07:49:00,UP,2026-06-22 07:49:00,0,30757.25,30727.00,CME US Index Futures ETH,1-Minute
2026-06-22,09:15:00,NQ SEP26,15m,2026-06-22 09:15:00,30801.00,30869.75,30801.00,30858.25,68.75,30835.38,30818.19,2026-06-22 09:30:00,UP,2026-06-22 09:31:00,1,30904.00,30803.00,CME US Index Futures ETH,1-Minute
2026-06-22,10:00:00,NQ SEP26,15m,2026-06-22 10:00:00,30789.25,30937.25,30787.75,30937.00,149.50,30862.50,30825.13,2026-06-22 10:21:00,DOWN,2026-06-22 10:25:00,4,30877.50,30786.75,CME US Index Futures ETH,1-Minute
2026-06-22,11:00:00,NQ SEP26,15m,2026-06-22 11:00:00,30626.25,30682.00,30545.00,30639.00,137.00,30613.50,30579.25,2026-06-22 11:36:00,DOWN,2026-06-22 11:50:00,14,30673.75,30541.25,CME US Index Futures ETH,1-Minute
2026-06-22,11:45:00,NQ SEP26,15m,2026-06-22 11:45:00,30597.50,30673.00,30575.75,30648.50,97.25,30624.38,30600.06,2026-06-22 12:00:00,DOWN,2026-06-22 12:00:00,0,30574.25,30548.25,CME US Index Futures ETH,1-Minute
2026-06-22,12:30:00,NQ SEP26,15m,2026-06-22 12:30:00,30579.75,30615.25,30552.25,30590.00,63.00,30583.75,30568.00,2026-06-22 12:45:00,DOWN,2026-06-22 12:45:00,0,30549.50,30536.50,CME US Index Futures ETH,1-Minute
2026-06-22,13:30:00,NQ SEP26,15m,2026-06-22 13:30:00,30567.75,30613.75,30567.25,30597.75,46.50,30590.50,30578.88,2026-06-22 13:45:00,UP,2026-06-22 13:50:00,5,30616.25,30573.75,CME US Index Futures ETH,1-Minute
2026-06-22,14:15:00,NQ SEP26,15m,2026-06-22 14:15:00,30614.50,30638.25,30601.00,30625.75,37.25,30619.63,30610.31,2026-06-22 14:41:00,DOWN,2026-06-22 14:43:00,2,30617.00,30598.25,CME US Index Futures ETH,1-Minute
2026-06-22,14:30:00,NQ SEP26,15m,2026-06-22 14:30:00,30625.50,30665.00,30615.75,30627.75,49.25,30640.38,30628.06,2026-06-22 14:45:00,DOWN,2026-06-22 14:45:00,0,30598.00,30580.75,CME US Index Futures ETH,1-Minute
2026-06-22,16:45:00,NQ SEP26,15m,2026-06-22 16:45:00,30649.25,30658.00,30647.50,30657.00,10.50,30652.75,30650.13,2026-06-22 18:01:00,AMBIGUOUS,2026-06-22 18:01:00,0,30673.75,30645.50,CME US Index Futures ETH,1-Minute
2026-06-22,17:00:00,NQ SEP26,15m,2026-06-22 17:00:00,30657.25,30672.75,30648.75,30662.50,24.00,30660.75,30654.75,2026-06-22 18:29:00,UNRESOLVED,,,30660.00,30649.75,CME US Index Futures ETH,1-Minute
2026-06-22,18:15:00,NQ SEP26,15m,2026-06-22 18:15:00,30662.75,30701.25,30645.50,30664.50,55.75,30673.38,30659.44,2026-06-22 18:30:00,DOWN,2026-06-22 18:30:00,0,30652.00,30634.00,CME US Index Futures ETH,1-Minute
2026-06-22,19:00:00,NQ SEP26,15m,2026-06-22 19:00:00,30574.75,30593.75,30566.50,30582.25,27.25,30580.13,30573.31,2026-06-22 19:15:00,DOWN,2026-06-22 19:15:00,0,30563.00,30556.25,CME US Index Futures ETH,1-Minute
2026-06-22,19:30:00,NQ SEP26,15m,2026-06-22 19:30:00,30559.75,30573.50,30545.00,30572.00,28.50,30559.25,30552.13,2026-06-22 19:48:00,DOWN,2026-06-22 19:53:00,5,30564.25,30540.00,CME US Index Futures ETH,1-Minute
2026-06-22,19:45:00,NQ SEP26,15m,2026-06-22 19:45:00,30572.00,30576.75,30559.00,30573.50,17.75,30567.88,30563.44,2026-06-22 20:00:00,UP,2026-06-22 20:00:00,0,30578.25,30562.50,CME US Index Futures ETH,1-Minute
2026-06-22,20:00:00,NQ SEP26,15m,2026-06-22 20:00:00,30573.50,30579.00,30540.00,30575.00,39.00,30559.50,30549.75,2026-06-22 20:15:00,DOWN,2026-06-22 20:15:00,0,30527.50,30518.00,CME US Index Futures ETH,1-Minute
2026-06-22,20:45:00,NQ SEP26,15m,2026-06-22 20:45:00,30496.25,30607.25,30481.75,30604.50,125.50,30544.50,30513.13,2026-06-22 21:36:00,DOWN,2026-06-22 21:39:00,3,30523.50,30476.75,CME US Index Futures ETH,1-Minute
2026-06-22,22:30:00,NQ SEP26,15m,2026-06-22 22:30:00,30434.25,30465.00,30430.00,30456.25,35.00,30447.50,30438.75,2026-06-22 22:45:00,DOWN,2026-06-22 22:45:00,0,30437.50,30425.50,CME US Index Futures ETH,1-Minute
2026-06-22,23:30:00,NQ SEP26,15m,2026-06-22 23:30:00,30366.00,30379.25,30350.25,30366.50,29.00,30364.75,30357.50,2026-06-22 23:45:00,DOWN,2026-06-22 23:45:00,0,30333.00,30321.00,CME US Index Futures ETH,1-Minute
2026-06-23,00:00:00,NQ SEP26,15m,2026-06-23 00:00:00,30329.75,30402.00,30313.00,30400.00,89.00,30357.50,30335.25,2026-06-23 00:17:00,DOWN,2026-06-23 00:22:00,5,30340.75,30313.00,CME US Index Futures ETH,1-Minute
2026-06-23,03:15:00,NQ SEP26,15m,2026-06-23 03:15:00,29969.50,30054.25,29943.50,30046.00,110.75,29998.88,29971.19,2026-06-23 03:32:00,DOWN,2026-06-23 03:45:00,13,30003.75,29938.50,CME US Index Futures ETH,1-Minute
2026-06-23,04:45:00,NQ SEP26,15m,2026-06-23 04:45:00,29798.25,29878.00,29798.25,29853.50,79.75,29838.13,29818.19,2026-06-23 05:00:00,UP,2026-06-23 05:07:00,7,29887.25,29811.25,CME US Index Futures ETH,1-Minute
2026-06-23,05:30:00,NQ SEP26,15m,2026-06-23 05:30:00,29900.75,29933.75,29882.50,29917.25,51.25,29908.13,29895.31,2026-06-23 05:45:00,DOWN,2026-06-23 05:45:00,0,29875.50,29862.50,CME US Index Futures ETH,1-Minute
2026-06-23,06:00:00,NQ SEP26,15m,2026-06-23 06:00:00,29863.75,29894.25,29857.50,29886.25,36.75,29875.88,29866.69,2026-06-23 06:15:00,DOWN,2026-06-23 06:15:00,0,29865.00,29853.50,CME US Index Futures ETH,1-Minute
2026-06-23,07:15:00,NQ SEP26,15m,2026-06-23 07:15:00,29818.50,29851.75,29787.50,29848.00,64.25,29819.63,29803.56,2026-06-23 07:31:00,UP,2026-06-23 07:40:00,9,29858.75,29801.50,CME US Index Futures ETH,1-Minute
2026-06-23,07:45:00,NQ SEP26,15m,2026-06-23 07:45:00,29812.50,29872.75,29801.50,29867.75,71.25,29837.13,29819.31,2026-06-23 08:13:00,UNRESOLVED,,,29832.75,29813.50,CME US Index Futures ETH,1-Minute
2026-06-23,08:00:00,NQ SEP26,15m,2026-06-23 08:00:00,29867.75,29884.00,29848.25,29873.25,35.75,29866.13,29857.19,2026-06-23 08:15:00,DOWN,2026-06-23 08:15:00,0,29829.25,29815.25,CME US Index Futures ETH,1-Minute
2026-06-23,09:15:00,NQ SEP26,15m,2026-06-23 09:15:00,29735.00,29745.50,29691.75,29735.50,53.75,29718.63,29705.19,2026-06-23 09:30:00,DOWN,2026-06-23 09:31:00,1,29721.75,29638.75,CME US Index Futures ETH,1-Minute
2026-06-23,10:15:00,NQ SEP26,15m,2026-06-23 10:15:00,29926.50,30015.50,29921.00,30001.50,94.50,29968.25,29944.63,2026-06-23 10:32:00,DOWN,2026-06-23 10:33:00,1,29957.50,29903.00,CME US Index Futures ETH,1-Minute
2026-06-23,12:45:00,NQ SEP26,15m,2026-06-23 12:45:00,29877.25,29903.75,29837.75,29900.50,66.00,29870.75,29854.25,2026-06-23 13:01:00,DOWN,2026-06-23 13:01:00,0,29866.50,29836.00,CME US Index Futures ETH,1-Minute
2026-06-23,13:30:00,NQ SEP26,15m,2026-06-23 13:30:00,29851.00,29891.75,29821.00,29866.50,70.75,29856.38,29838.69,2026-06-23 13:45:00,DOWN,2026-06-23 13:48:00,3,29845.00,29815.00,CME US Index Futures ETH,1-Minute
2026-06-23,14:15:00,NQ SEP26,15m,2026-06-23 14:15:00,29732.75,29782.50,29709.50,29746.00,73.00,29746.00,29727.75,2026-06-23 14:31:00,DOWN,2026-06-23 14:36:00,5,29742.00,29707.50,CME US Index Futures ETH,1-Minute
2026-06-23,15:30:00,NQ SEP26,15m,2026-06-23 15:30:00,29673.25,29733.50,29616.00,29710.75,117.50,29674.75,29645.38,2026-06-23 15:49:00,UP,2026-06-23 16:26:00,37,29739.75,29633.25,CME US Index Futures ETH,1-Minute
2026-06-23,17:00:00,NQ SEP26,15m,2026-06-23 17:00:00,29729.50,29757.50,29716.00,29752.00,41.50,29736.75,29726.38,2026-06-23 18:24:00,DOWN,2026-06-23 18:25:00,1,29734.50,29710.00,CME US Index Futures ETH,1-Minute
2026-06-23,18:15:00,NQ SEP26,15m,2026-06-23 18:15:00,29770.00,29802.25,29745.00,29781.75,57.25,29773.63,29759.31,2026-06-23 18:30:00,DOWN,2026-06-23 18:30:00,0,29715.00,29704.00,CME US Index Futures ETH,1-Minute
2026-06-23,19:00:00,NQ SEP26,15m,2026-06-23 19:00:00,29640.00,29688.75,29638.00,29680.00,50.75,29663.38,29650.69,2026-06-23 19:15:00,UP,2026-06-23 19:25:00,10,29689.75,29649.75,CME US Index Futures ETH,1-Minute
2026-06-23,19:30:00,NQ SEP26,15m,2026-06-23 19:30:00,29653.25,29694.25,29650.50,29681.75,43.75,29672.38,29661.44,2026-06-23 19:45:00,DOWN,2026-06-23 19:45:00,0,29657.00,29650.50,CME US Index Futures ETH,1-Minute
2026-06-23,20:30:00,NQ SEP26,15m,2026-06-23 20:30:00,29822.00,29858.50,29807.50,29847.75,51.00,29833.00,29820.25,2026-06-23 20:57:00,UNRESOLVED,,,29838.50,29815.25,CME US Index Futures ETH,1-Minute
2026-06-23,20:45:00,NQ SEP26,15m,2026-06-23 20:45:00,29849.50,29891.75,29838.25,29879.25,53.50,29865.00,29851.63,2026-06-23 21:00:00,DOWN,2026-06-23 21:00:00,0,29847.50,29829.50,CME US Index Futures ETH,1-Minute
2026-06-23,21:45:00,NQ SEP26,15m,2026-06-23 21:45:00,29814.50,29845.25,29808.00,29832.25,37.25,29826.63,29817.31,2026-06-23 22:01:00,DOWN,2026-06-23 22:08:00,7,29837.75,29801.00,CME US Index Futures ETH,1-Minute
2026-06-23,23:30:00,NQ SEP26,15m,2026-06-23 23:30:00,29726.75,29751.00,29673.00,29749.25,78.00,29712.00,29692.50,2026-06-24 00:06:00,UNRESOLVED,,,29710.25,29682.00,CME US Index Futures ETH,1-Minute
2026-06-24,00:00:00,NQ SEP26,15m,2026-06-24 00:00:00,29743.00,29749.00,29710.50,29745.25,38.50,29729.75,29720.13,2026-06-24 00:15:00,DOWN,2026-06-24 00:15:00,0,29691.75,29674.75,CME US Index Futures ETH,1-Minute
2026-06-24,01:30:00,NQ SEP26,15m,2026-06-24 01:30:00,29816.50,29862.25,29806.75,29834.50,55.50,29834.50,29820.63,2026-06-24 01:54:00,UNRESOLVED,,,29827.75,29813.00,CME US Index Futures ETH,1-Minute
2026-06-24,01:45:00,NQ SEP26,15m,2026-06-24 01:45:00,29836.00,29884.25,29834.50,29845.00,49.75,29859.38,29846.94,2026-06-24 02:00:00,DOWN,2026-06-24 02:00:00,0,29827.00,29817.50,CME US Index Futures ETH,1-Minute
2026-06-24,02:15:00,NQ SEP26,15m,2026-06-24 02:15:00,29819.50,29853.00,29797.25,29842.00,55.75,29825.13,29811.19,2026-06-24 02:30:00,UP,2026-06-24 02:36:00,6,29864.00,29803.00,CME US Index Futures ETH,1-Minute
2026-06-24,02:45:00,NQ SEP26,15m,2026-06-24 02:45:00,29816.75,29866.00,29811.50,29834.75,54.50,29838.75,29825.13,2026-06-24 03:00:00,DOWN,2026-06-24 03:02:00,2,29840.75,29803.75,CME US Index Futures ETH,1-Minute
2026-06-24,03:45:00,NQ SEP26,15m,2026-06-24 03:45:00,29792.75,29821.75,29765.50,29816.00,56.25,29793.63,29779.56,2026-06-24 04:00:00,DOWN,2026-06-24 04:00:00,0,29773.75,29764.50,CME US Index Futures ETH,1-Minute
2026-06-24,05:15:00,NQ SEP26,15m,2026-06-24 05:15:00,29819.25,29843.75,29793.75,29836.25,50.00,29818.75,29806.25,2026-06-24 05:30:00,DOWN,2026-06-24 05:32:00,2,29814.50,29792.25,CME US Index Futures ETH,1-Minute
2026-06-24,06:30:00,NQ SEP26,15m,2026-06-24 06:30:00,29807.50,29821.25,29794.25,29815.75,27.00,29807.75,29801.00,2026-06-24 06:52:00,DOWN,2026-06-24 06:56:00,4,29815.00,29790.00,CME US Index Futures ETH,1-Minute
2026-06-24,06:45:00,NQ SEP26,15m,2026-06-24 06:45:00,29817.75,29851.00,29812.00,29834.25,39.00,29831.50,29821.75,2026-06-24 07:00:00,DOWN,2026-06-24 07:00:00,0,29803.75,29791.75,CME US Index Futures ETH,1-Minute
2026-06-24,08:00:00,NQ SEP26,15m,2026-06-24 08:00:00,29815.00,29865.00,29802.00,29862.25,63.00,29833.50,29817.75,2026-06-24 08:36:00,DOWN,2026-06-24 08:37:00,1,29825.00,29799.00,CME US Index Futures ETH,1-Minute
2026-06-24,08:30:00,NQ SEP26,15m,2026-06-24 08:30:00,29846.50,29872.75,29823.25,29852.75,49.50,29848.00,29835.63,2026-06-24 08:45:00,DOWN,2026-06-24 08:45:00,0,29798.00,29788.75,CME US Index Futures ETH,1-Minute
2026-06-24,09:30:00,NQ SEP26,15m,2026-06-24 09:30:00,29705.00,29756.25,29692.50,29711.50,63.75,29724.38,29708.44,2026-06-24 09:45:00,DOWN,2026-06-24 09:45:00,0,29675.25,29628.00,CME US Index Futures ETH,1-Minute
2026-06-24,10:00:00,NQ SEP26,15m,2026-06-24 10:00:00,29662.50,29790.00,29562.25,29684.25,227.75,29676.13,29619.19,2026-06-24 10:17:00,DOWN,2026-06-24 10:21:00,4,29639.00,29525.00,CME US Index Futures ETH,1-Minute
2026-06-24,11:00:00,NQ SEP26,15m,2026-06-24 11:00:00,29786.25,29893.25,29780.00,29891.00,113.25,29836.63,29808.31,2026-06-24 11:15:00,DOWN,2026-06-24 11:15:00,0,29803.50,29759.25,CME US Index Futures ETH,1-Minute
2026-06-24,11:30:00,NQ SEP26,15m,2026-06-24 11:30:00,29781.50,29821.00,29704.00,29801.00,117.00,29762.50,29733.25,2026-06-24 11:45:00,DOWN,2026-06-24 11:48:00,3,29745.25,29700.00,CME US Index Futures ETH,1-Minute
2026-06-24,12:15:00,NQ SEP26,15m,2026-06-24 12:15:00,29757.25,29806.25,29728.75,29773.25,77.50,29767.50,29748.13,2026-06-24 12:31:00,DOWN,2026-06-24 12:31:00,0,29754.00,29724.50,CME US Index Futures ETH,1-Minute
2026-06-24,13:45:00,NQ SEP26,15m,2026-06-24 13:45:00,29411.50,29465.00,29364.75,29412.00,100.25,29414.88,29389.81,2026-06-24 14:00:00,UP,2026-06-24 14:16:00,16,29499.75,29376.50,CME US Index Futures ETH,1-Minute
2026-06-24,14:30:00,NQ SEP26,15m,2026-06-24 14:30:00,29442.50,29563.50,29440.75,29539.75,122.75,29502.13,29471.44,2026-06-24 14:45:00,DOWN,2026-06-24 14:45:00,0,29450.00,29427.75,CME US Index Futures ETH,1-Minute
2026-06-24,17:00:00,NQ SEP26,15m,2026-06-24 17:00:00,30094.50,30157.75,30080.00,30095.25,77.75,30118.88,30099.44,2026-06-24 18:15:00,DOWN,2026-06-24 18:15:00,0,30086.25,30067.00,CME US Index Futures ETH,1-Minute
2026-06-24,18:45:00,NQ SEP26,15m,2026-06-24 18:45:00,30059.25,30080.25,30053.25,30072.50,27.00,30066.75,30060.00,2026-06-24 19:00:00,DOWN,2026-06-24 19:00:00,0,30052.50,30048.50,CME US Index Futures ETH,1-Minute
2026-06-24,19:45:00,NQ SEP26,15m,2026-06-24 19:45:00,30078.25,30122.50,30075.00,30115.00,47.50,30098.75,30086.88,2026-06-24 20:01:00,DOWN,2026-06-24 20:02:00,1,30102.50,30066.25,CME US Index Futures ETH,1-Minute
2026-06-24,21:15:00,NQ SEP26,15m,2026-06-24 21:15:00,29967.50,29996.25,29950.25,29969.50,46.00,29973.25,29961.75,2026-06-24 21:30:00,UP,2026-06-24 21:36:00,6,30005.75,29960.75,CME US Index Futures ETH,1-Minute
2026-06-24,21:45:00,NQ SEP26,15m,2026-06-24 21:45:00,29966.75,30028.25,29960.75,29995.50,67.50,29994.50,29977.63,2026-06-24 22:12:00,DOWN,2026-06-24 22:13:00,1,29981.75,29941.00,CME US Index Futures ETH,1-Minute
2026-06-24,22:00:00,NQ SEP26,15m,2026-06-24 22:00:00,29995.50,30031.00,29987.50,29998.75,43.50,30009.25,29998.38,2026-06-24 22:15:00,DOWN,2026-06-24 22:15:00,0,29953.25,29943.25,CME US Index Futures ETH,1-Minute
2026-06-24,23:15:00,NQ SEP26,15m,2026-06-24 23:15:00,29999.25,30022.75,29992.75,30008.00,30.00,30007.75,30000.25,2026-06-24 23:44:00,UNRESOLVED,,,30007.25,29998.75,CME US Index Futures ETH,1-Minute
2026-06-25,00:00:00,NQ SEP26,15m,2026-06-25 00:00:00,30012.25,30043.50,30003.50,30032.75,40.00,30023.50,30013.50,2026-06-25 00:18:00,UP,2026-06-25 00:23:00,5,30044.25,30012.75,CME US Index Futures ETH,1-Minute
2026-06-25,01:45:00,NQ SEP26,15m,2026-06-25 01:45:00,30093.00,30121.25,30089.00,30106.25,32.25,30105.13,30097.06,2026-06-25 02:00:00,DOWN,2026-06-25 02:00:00,0,30094.00,30088.25,CME US Index Futures ETH,1-Minute
2026-06-25,04:00:00,NQ SEP26,15m,2026-06-25 04:00:00,30176.75,30181.75,30154.00,30181.75,27.75,30167.88,30160.94,2026-06-25 04:22:00,UP,2026-06-25 04:29:00,7,30185.50,30158.00,CME US Index Futures ETH,1-Minute
2026-06-25,04:15:00,NQ SEP26,15m,2026-06-25 04:15:00,30182.00,30219.00,30165.00,30182.25,54.00,30192.00,30178.50,2026-06-25 04:30:00,DOWN,2026-06-25 04:31:00,1,30180.25,30163.00,CME US Index Futures ETH,1-Minute
2026-06-25,05:45:00,NQ SEP26,15m,2026-06-25 05:45:00,30137.25,30156.75,30132.25,30150.50,24.50,30144.50,30138.38,2026-06-25 06:00:00,DOWN,2026-06-25 06:00:00,0,30138.00,30129.00,CME US Index Futures ETH,1-Minute
2026-06-25,06:30:00,NQ SEP26,15m,2026-06-25 06:30:00,30160.75,30169.50,30143.00,30164.25,26.50,30156.25,30149.63,2026-06-25 06:45:00,DOWN,2026-06-25 06:46:00,1,30156.00,30140.00,CME US Index Futures ETH,1-Minute
2026-06-25,07:00:00,NQ SEP26,15m,2026-06-25 07:00:00,30153.00,30176.00,30140.00,30160.50,36.00,30158.00,30149.00,2026-06-25 07:16:00,DOWN,2026-06-25 07:21:00,5,30158.50,30135.25,CME US Index Futures ETH,1-Minute
2026-06-25,08:15:00,NQ SEP26,15m,2026-06-25 08:15:00,30130.25,30182.00,30121.00,30141.50,61.00,30151.50,30136.25,2026-06-25 08:30:00,UP,2026-06-25 08:31:00,1,30263.75,30126.00,CME US Index Futures ETH,1-Minute
2026-06-25,08:45:00,NQ SEP26,15m,2026-06-25 08:45:00,30130.75,30263.75,30126.00,30192.75,137.75,30194.88,30160.44,2026-06-25 09:09:00,UNRESOLVED,,,30172.00,30143.50,CME US Index Futures ETH,1-Minute
2026-06-25,09:00:00,NQ SEP26,15m,2026-06-25 09:00:00,30193.75,30227.25,30187.75,30201.25,39.50,30207.50,30197.63,2026-06-25 09:15:00,DOWN,2026-06-25 09:15:00,0,30165.00,30153.75,CME US Index Futures ETH,1-Minute
2026-06-25,10:45:00,NQ SEP26,15m,2026-06-25 10:45:00,29586.00,29716.25,29564.25,29603.75,152.00,29640.25,29602.25,2026-06-25 11:12:00,DOWN,2026-06-25 11:13:00,1,29652.75,29541.00,CME US Index Futures ETH,1-Minute
2026-06-25,11:00:00,NQ SEP26,15m,2026-06-25 11:00:00,29604.00,29776.75,29562.00,29633.25,214.75,29669.38,29615.69,2026-06-25 11:15:00,DOWN,2026-06-25 11:15:00,0,29550.00,29509.75,CME US Index Futures ETH,1-Minute
2026-06-25,12:15:00,NQ SEP26,15m,2026-06-25 12:15:00,29661.75,29844.25,29643.75,29825.50,200.50,29744.00,29693.88,2026-06-25 12:34:00,DOWN,2026-06-25 12:45:00,11,29735.25,29638.00,CME US Index Futures ETH,1-Minute
2026-06-25,13:30:00,NQ SEP26,15m,2026-06-25 13:30:00,29747.75,29811.00,29674.00,29764.50,137.00,29742.50,29708.25,2026-06-25 13:46:00,UP,2026-06-25 14:10:00,24,29811.50,29678.75,CME US Index Futures ETH,1-Minute
2026-06-25,14:30:00,NQ SEP26,15m,2026-06-25 14:30:00,29772.50,29891.25,29747.50,29877.25,143.75,29819.38,29783.44,2026-06-25 14:46:00,DOWN,2026-06-25 14:46:00,0,29789.25,29745.00,CME US Index Futures ETH,1-Minute
2026-06-25,15:30:00,NQ SEP26,15m,2026-06-25 15:30:00,29670.25,29699.25,29626.00,29682.75,73.25,29662.63,29644.31,2026-06-25 15:47:00,DOWN,2026-06-25 15:51:00,4,29680.25,29616.25,CME US Index Futures ETH,1-Minute
2026-06-25,16:15:00,NQ SEP26,15m,2026-06-25 16:15:00,29744.75,29922.50,29743.25,29806.75,179.25,29832.88,29788.06,2026-06-25 16:32:00,UNRESOLVED,,,29815.25,29770.00,CME US Index Futures ETH,1-Minute
2026-06-25,16:30:00,NQ SEP26,15m,2026-06-25 16:30:00,29806.50,29868.25,29804.00,29818.50,64.25,29836.13,29820.06,2026-06-25 16:45:00,DOWN,2026-06-25 16:45:00,0,29779.25,29774.75,CME US Index Futures ETH,1-Minute
