datetime_et,open,high,low,close,volume
20260623  15:00:00,29771.5,29792.5,29763.0,29770.0,-1
20260623  15:01:00,29770.0,29770.0,29746.75,29755.25,-1
20260623  15:02:00,29755.25,29767.25,29746.0,29752.0,-1
20260623  15:03:00,29752.0,29778.25,29751.75,29758.5,-1
20260623  15:04:00,29758.5,29759.75,29746.5,29756.75,-1
20260623  15:05:00,29756.75,29760.0,29748.5,29760.0,-1
20260623  15:06:00,29760.0,29771.5,29755.5,29769.25,-1
20260623  15:07:00,29769.25,29778.75,29764.75,29776.25,-1
20260623  15:08:00,29776.25,29783.75,29776.0,29783.0,-1
20260623  15:09:00,29783.0,29789.25,29780.5,29783.25,-1
20260623  15:10:00,29783.25,29787.75,29775.5,29783.75,-1
20260623  15:11:00,29783.75,29798.0,29782.5,29789.75,-1
20260623  15:12:00,29789.75,29798.0,29788.75,29797.0,-1
20260623  15:13:00,29797.0,29802.5,29792.25,29794.25,-1
20260623  15:14:00,29794.25,29797.75,29781.0,29781.0,-1
20260623  15:15:00,29781.0,29796.25,29780.75,29796.25,-1
20260623  15:16:00,29796.25,29803.25,29793.5,29795.75,-1
20260623  15:17:00,29795.75,29796.25,29787.5,29791.25,-1
20260623  15:18:00,29791.25,29792.5,29776.0,29777.25,-1
20260623  15:19:00,29777.25,29778.25,29761.25,29770.75,-1
20260623  15:20:00,29770.75,29774.75,29764.75,29764.75,-1
20260623  15:21:00,29764.75,29765.25,29742.75,29751.0,-1
20260623  15:22:00,29751.0,29752.5,29732.25,29732.5,-1
20260623  15:23:00,29732.5,29734.0,29719.5,29719.5,-1
20260623  15:24:00,29719.5,29729.5,29710.25,29710.75,-1
20260623  15:25:00,29710.75,29714.0,29702.75,29711.0,-1
20260623  15:26:00,29711.0,29715.5,29701.25,29704.5,-1
20260623  15:27:00,29704.5,29714.25,29701.75,29714.25,-1
20260623  15:28:00,29714.25,29720.75,29705.75,29708.75,-1
20260623  15:29:00,29708.75,29714.5,29703.75,29705.75,-1
20260623  15:30:00,29705.75,29728.0,29705.5,29727.0,-1
20260623  15:31:00,29727.0,29727.25,29716.25,29719.25,-1
20260623  15:32:00,29719.25,29725.5,29716.75,29719.75,-1
20260623  15:33:00,29719.75,29720.25,29691.25,29692.5,-1
20260623  15:34:00,29692.5,29694.75,29668.0,29677.5,-1
20260623  15:35:00,29677.5,29679.75,29662.0,29664.75,-1
20260623  15:36:00,29664.75,29684.0,29664.25,29678.0,-1
20260623  15:37:00,29678.0,29681.25,29654.0,29661.0,-1
20260623  15:38:00,29661.0,29676.0,29660.75,29672.75,-1
20260623  15:39:00,29672.75,29677.0,29660.75,29671.75,-1
20260623  15:40:00,29671.75,29678.5,29658.0,29677.0,-1
20260623  15:41:00,29677.0,29679.25,29670.0,29671.25,-1
20260623  15:42:00,29671.25,29671.5,29646.75,29654.0,-1
20260623  15:43:00,29654.0,29659.0,29643.0,29644.75,-1
20260623  15:44:00,29644.75,29648.0,29632.25,29641.0,-1
20260623  15:45:00,29641.0,29657.25,29638.5,29655.5,-1
20260623  15:46:00,29655.5,29662.0,29655.25,29660.5,-1
20260623  15:47:00,29660.5,29661.75,29653.5,29657.25,-1
20260623  15:48:00,29657.25,29665.25,29652.25,29665.0,-1
20260623  15:49:00,29665.0,29667.25,29659.75,29667.0,-1
20260623  15:50:00,29667.0,29677.25,29662.25,29671.5,-1
20260623  15:51:00,29671.5,29675.75,29666.75,29668.0,-1
20260623  15:52:00,29668.0,29668.0,29651.75,29654.75,-1
20260623  15:53:00,29654.75,29678.25,29653.25,29678.25,-1
20260623  15:54:00,29678.25,29680.5,29669.75,29673.75,-1
20260623  15:55:00,29673.75,29682.5,29671.0,29679.25,-1
20260623  15:56:00,29679.25,29683.5,29678.25,29680.75,-1
20260623  15:57:00,29680.75,29688.75,29678.0,29685.75,-1
20260623  15:58:00,29685.75,29686.75,29676.5,29680.0,-1
20260623  15:59:00,29680.0,29681.75,29677.0,29679.25,-1
20260623  16:00:00,29679.25,29683.0,29656.0,29658.0,-1
20260623  16:01:00,29658.0,29667.25,29655.75,29662.25,-1
20260623  16:02:00,29662.25,29666.0,29651.75,29661.0,-1
20260623  16:03:00,29661.0,29662.0,29641.5,29643.25,-1
20260623  16:04:00,29643.25,29646.0,29631.0,29634.25,-1
20260623  16:05:00,29634.25,29638.0,29589.75,29595.0,-1
20260623  16:06:00,29595.0,29603.75,29587.75,29596.75,-1
20260623  16:07:00,29596.75,29602.75,29592.25,29595.25,-1
20260623  16:08:00,29595.25,29607.0,29586.25,29605.25,-1
20260623  16:09:00,29605.25,29620.25,29604.0,29618.0,-1
20260623  16:10:00,29618.0,29622.75,29613.5,29614.5,-1
20260623  16:11:00,29614.5,29639.25,29614.0,29638.25,-1
20260623  16:12:00,29638.25,29648.25,29637.75,29644.25,-1
20260623  16:13:00,29644.25,29658.0,29641.0,29657.0,-1
20260623  16:14:00,29657.0,29665.75,29649.75,29652.25,-1
20260623  16:15:00,29652.25,29674.25,29649.5,29670.75,-1
20260623  16:16:00,29670.75,29673.0,29661.25,29661.75,-1
20260623  16:17:00,29661.75,29666.5,29658.75,29662.0,-1
20260623  16:18:00,29662.0,29666.75,29659.5,29664.5,-1
20260623  16:19:00,29664.5,29672.75,29664.5,29668.5,-1
20260623  16:20:00,29668.5,29669.5,29662.25,29665.0,-1
20260623  16:21:00,29665.0,29678.75,29662.25,29677.25,-1
20260623  16:22:00,29677.25,29685.5,29675.5,29682.75,-1
20260623  16:23:00,29682.75,29685.5,29680.0,29685.5,-1
20260623  16:24:00,29685.5,29689.75,29681.5,29688.75,-1
20260623  16:25:00,29688.75,29691.75,29684.0,29688.0,-1
20260623  16:26:00,29688.0,29693.75,29682.5,29685.25,-1
20260623  16:27:00,29685.25,29686.5,29671.0,29681.25,-1
20260623  16:28:00,29681.25,29689.75,29680.25,29687.25,-1
20260623  16:29:00,29687.25,29688.25,29679.75,29681.25,-1
20260623  16:30:00,29681.25,29686.5,29677.25,29680.0,-1
20260623  16:31:00,29680.0,29680.75,29674.0,29677.0,-1
20260623  16:32:00,29677.0,29678.25,29656.0,29663.0,-1
20260623  16:33:00,29663.0,29663.0,29648.75,29650.25,-1
20260623  16:34:00,29650.25,29656.5,29641.25,29645.0,-1
20260623  16:35:00,29645.0,29649.5,29640.5,29646.5,-1
20260623  16:36:00,29646.5,29652.75,29642.5,29643.0,-1
20260623  16:37:00,29643.0,29651.5,29631.5,29633.25,-1
20260623  16:38:00,29633.25,29641.0,29631.75,29639.5,-1
20260623  16:39:00,29639.5,29642.5,29623.5,29627.5,-1
20260623  16:40:00,29627.5,29643.75,29620.75,29643.75,-1
20260623  16:41:00,29643.75,29646.0,29635.5,29639.75,-1
20260623  16:42:00,29639.75,29656.75,29638.5,29655.0,-1
20260623  16:43:00,29655.0,29656.75,29649.25,29652.5,-1
20260623  16:44:00,29652.5,29656.75,29650.25,29655.25,-1
20260623  16:45:00,29655.25,29718.5,29652.75,29718.0,-1
20260623  16:46:00,29718.0,29765.0,29711.75,29763.5,-1
20260623  16:47:00,29763.5,29763.5,29738.0,29746.25,-1
20260623  16:48:00,29746.25,29754.75,29733.25,29742.5,-1
20260623  16:49:00,29742.5,29745.75,29732.75,29733.5,-1
20260623  16:50:00,29733.5,29747.75,29722.25,29726.75,-1
20260623  16:51:00,29726.75,29736.75,29723.25,29734.0,-1
20260623  16:52:00,29734.0,29746.25,29725.75,29745.5,-1
20260623  16:53:00,29745.5,29750.5,29736.5,29749.25,-1
20260623  16:54:00,29749.25,29753.5,29731.75,29732.0,-1
20260623  16:55:00,29732.0,29748.5,29730.5,29742.75,-1
20260623  16:56:00,29742.75,29750.0,29738.25,29746.5,-1
20260623  16:57:00,29746.5,29749.5,29736.25,29736.25,-1
20260623  16:58:00,29736.25,29745.5,29731.5,29737.5,-1
20260623  16:59:00,29737.5,29749.25,29736.0,29748.0,-1
20260623  17:00:00,29748.0,29786.25,29738.5,29782.25,-1
20260623  17:01:00,29782.25,29797.25,29774.0,29796.5,-1
20260623  17:02:00,29796.5,29807.75,29762.5,29764.0,-1
20260623  17:03:00,29764.0,29778.25,29756.75,29761.75,-1
20260623  17:04:00,29761.75,29765.25,29744.75,29748.5,-1
20260623  17:05:00,29748.5,29751.5,29736.5,29748.0,-1
20260623  17:06:00,29748.0,29794.5,29745.75,29794.0,-1
20260623  17:07:00,29794.0,29819.75,29792.5,29817.25,-1
20260623  17:08:00,29817.25,29823.0,29799.5,29813.25,-1
20260623  17:09:00,29813.25,29830.75,29813.0,29821.25,-1
20260623  17:10:00,29821.25,29840.25,29820.75,29838.5,-1
20260623  17:11:00,29838.5,29850.0,29822.5,29848.5,-1
20260623  17:12:00,29848.5,29850.5,29833.5,29837.0,-1
20260623  17:13:00,29837.0,29837.0,29807.0,29813.25,-1
20260623  17:14:00,29813.25,29828.75,29806.5,29823.5,-1
20260623  17:15:00,29823.5,29843.0,29819.0,29834.0,-1
20260623  17:16:00,29834.0,29846.0,29819.5,29845.5,-1
20260623  17:17:00,29845.5,29857.25,29841.5,29847.5,-1
20260623  17:18:00,29847.5,29856.75,29844.5,29855.25,-1
20260623  17:19:00,29855.25,29858.0,29849.25,29851.25,-1
20260623  17:20:00,29851.25,29854.5,29836.5,29841.5,-1
20260623  17:21:00,29841.5,29849.25,29829.5,29835.25,-1
20260623  17:22:00,29835.25,29839.5,29826.5,29838.0,-1
20260623  17:23:00,29838.0,29845.75,29819.75,29820.5,-1
20260623  17:24:00,29820.5,29825.25,29811.25,29815.5,-1
20260623  17:25:00,29815.5,29828.0,29810.5,29822.0,-1
20260623  17:26:00,29822.0,29841.5,29807.75,29841.0,-1
20260623  17:27:00,29841.0,29845.25,29830.75,29834.0,-1
20260623  17:28:00,29834.0,29838.5,29822.5,29832.5,-1
20260623  17:29:00,29832.5,29851.5,29829.5,29848.25,-1
20260623  17:30:00,29848.25,29855.0,29844.0,29848.75,-1
20260623  17:31:00,29848.75,29855.75,29838.0,29852.0,-1
20260623  17:32:00,29852.0,29872.5,29850.25,29867.75,-1
20260623  17:33:00,29867.75,29874.0,29859.75,29860.75,-1
20260623  17:34:00,29860.75,29873.75,29857.25,29871.75,-1
20260623  17:35:00,29871.75,29883.25,29863.0,29865.0,-1
20260623  17:36:00,29865.0,29883.0,29864.0,29879.75,-1
20260623  17:37:00,29879.75,29880.25,29854.5,29861.0,-1
20260623  17:38:00,29861.0,29871.75,29854.5,29867.75,-1
20260623  17:39:00,29867.75,29877.25,29861.25,29875.0,-1
20260623  17:40:00,29875.0,29876.25,29862.5,29872.0,-1
20260623  17:41:00,29872.0,29878.25,29858.25,29866.0,-1
20260623  17:42:00,29866.0,29891.5,29865.0,29875.5,-1
20260623  17:43:00,29875.5,29888.75,29875.25,29887.25,-1
20260623  17:44:00,29887.25,29890.0,29877.5,29877.75,-1
20260623  17:45:00,29877.75,29884.25,29865.0,29873.5,-1
20260623  17:46:00,29873.5,29887.5,29873.5,29877.0,-1
20260623  17:47:00,29877.0,29879.5,29866.25,29868.0,-1
20260623  17:48:00,29868.0,29874.75,29858.0,29869.25,-1
20260623  17:49:00,29869.25,29870.75,29860.0,29865.75,-1
20260623  17:50:00,29865.75,29878.0,29857.5,29871.0,-1
20260623  17:51:00,29871.0,29871.5,29848.0,29850.75,-1
20260623  17:52:00,29850.75,29857.25,29844.25,29854.25,-1
20260623  17:53:00,29854.25,29859.0,29850.75,29857.75,-1
20260623  17:54:00,29857.75,29860.25,29833.75,29838.5,-1
20260623  17:55:00,29838.5,29840.5,29826.75,29835.25,-1
20260623  17:56:00,29835.25,29837.75,29817.0,29818.5,-1
20260623  17:57:00,29818.5,29837.5,29814.75,29830.0,-1
20260623  17:58:00,29830.0,29837.75,29827.0,29830.75,-1
20260623  17:59:00,29830.75,29847.5,29829.25,29846.25,-1
20260623  18:00:00,29846.25,29852.75,29813.75,29817.5,-1
20260623  18:01:00,29817.5,29822.0,29810.75,29820.25,-1
20260623  18:02:00,29820.25,29829.5,29810.5,29825.5,-1
20260623  18:03:00,29825.5,29826.5,29798.75,29800.0,-1
20260623  18:04:00,29800.0,29802.5,29784.5,29789.75,-1
20260623  18:05:00,29789.75,29793.5,29780.75,29789.5,-1
20260623  18:06:00,29789.5,29805.25,29788.0,29804.25,-1
20260623  18:07:00,29804.25,29822.5,29804.0,29820.5,-1
20260623  18:08:00,29820.5,29827.25,29801.5,29803.5,-1
20260623  18:09:00,29803.5,29804.25,29781.0,29788.0,-1
20260623  18:10:00,29788.0,29802.5,29783.25,29794.5,-1
20260623  18:11:00,29794.5,29813.25,29787.0,29796.5,-1
20260623  18:12:00,29796.5,29821.0,29794.75,29816.5,-1
20260623  18:13:00,29816.5,29820.75,29802.75,29810.0,-1
20260623  18:14:00,29810.0,29820.5,29806.75,29818.5,-1
20260623  18:15:00,29818.5,29822.5,29803.0,29812.5,-1
20260623  18:16:00,29812.5,29812.5,29785.5,29788.0,-1
20260623  18:17:00,29788.0,29792.75,29774.0,29775.0,-1
20260623  18:18:00,29775.0,29780.25,29763.0,29779.25,-1
20260623  18:19:00,29779.25,29781.75,29762.25,29771.5,-1
20260623  18:20:00,29771.5,29782.75,29762.0,29772.5,-1
20260623  18:21:00,29772.5,29780.5,29766.25,29772.5,-1
20260623  18:22:00,29772.5,29791.75,29772.25,29785.25,-1
20260623  18:23:00,29785.25,29807.0,29781.25,29806.25,-1
20260623  18:24:00,29806.25,29820.25,29801.75,29815.25,-1
20260623  18:25:00,29815.25,29824.0,29810.0,29821.0,-1
20260623  18:26:00,29821.0,29827.0,29816.25,29821.0,-1
20260623  18:27:00,29821.0,29821.5,29802.25,29806.5,-1
20260623  18:28:00,29806.5,29812.5,29798.25,29802.5,-1
20260623  18:29:00,29802.5,29818.0,29798.5,29816.0,-1
20260623  18:30:00,29816.0,29833.25,29812.0,29832.5,-1
20260623  18:31:00,29832.5,29835.25,29822.75,29835.0,-1
20260623  18:32:00,29835.0,29837.5,29826.0,29834.0,-1
20260623  18:33:00,29834.0,29841.0,29830.0,29837.75,-1
20260623  18:34:00,29837.75,29838.0,29828.75,29832.5,-1
20260623  18:35:00,29832.5,29832.5,29814.5,29826.75,-1
20260623  18:36:00,29826.75,29831.75,29808.75,29813.5,-1
20260623  18:37:00,29813.5,29827.5,29811.25,29820.0,-1
20260623  18:38:00,29820.0,29831.75,29815.75,29823.25,-1
20260623  18:39:00,29823.25,29828.0,29819.0,29823.75,-1
20260623  18:40:00,29823.75,29832.25,29810.5,29812.0,-1
20260623  18:41:00,29812.0,29839.5,29810.0,29839.25,-1
20260623  18:42:00,29839.25,29843.0,29823.75,29830.0,-1
20260623  18:43:00,29830.0,29843.5,29821.5,29843.0,-1
20260623  18:44:00,29843.0,29845.0,29825.5,29832.0,-1
20260623  18:45:00,29832.0,29840.5,29806.25,29817.75,-1
20260623  18:46:00,29817.75,29820.25,29811.25,29812.75,-1
20260623  18:47:00,29812.75,29822.5,29808.25,29819.0,-1
20260623  18:48:00,29819.0,29828.25,29815.0,29820.25,-1
20260623  18:49:00,29820.25,29827.0,29812.5,29821.25,-1
20260623  18:50:00,29821.25,29836.0,29814.0,29831.75,-1
20260623  18:51:00,29831.75,29838.75,29828.5,29830.25,-1
20260623  18:52:00,29830.25,29833.0,29817.5,29823.0,-1
20260623  18:53:00,29823.0,29838.25,29819.25,29837.75,-1
20260623  18:54:00,29837.75,29851.5,29832.75,29846.25,-1
20260623  18:55:00,29846.25,29846.25,29822.75,29826.25,-1
20260623  18:56:00,29826.25,29837.0,29826.0,29831.5,-1
20260623  18:57:00,29831.5,29845.5,29830.75,29837.0,-1
20260623  18:58:00,29837.0,29843.5,29829.5,29833.25,-1
20260623  18:59:00,29833.25,29833.25,29818.75,29826.25,-1
20260623  19:00:00,29826.25,29827.75,29809.75,29813.25,-1
20260623  19:01:00,29813.25,29831.5,29812.25,29829.0,-1
20260623  19:02:00,29829.0,29838.0,29812.5,29814.25,-1
20260623  19:03:00,29814.25,29833.75,29811.25,29827.5,-1
20260623  19:04:00,29827.5,29834.25,29821.5,29828.5,-1
20260623  19:05:00,29828.5,29830.0,29817.25,29818.0,-1
20260623  19:06:00,29818.0,29829.5,29813.0,29814.5,-1
20260623  19:07:00,29814.5,29817.5,29800.5,29806.75,-1
20260623  19:08:00,29806.75,29812.5,29800.5,29805.75,-1
20260623  19:09:00,29805.75,29826.25,29805.75,29823.5,-1
20260623  19:10:00,29823.5,29829.5,29823.25,29828.25,-1
20260623  19:11:00,29828.25,29838.75,29825.5,29828.5,-1
20260623  19:12:00,29828.5,29834.5,29817.5,29821.5,-1
20260623  19:13:00,29821.5,29823.25,29815.5,29817.5,-1
20260623  19:14:00,29817.5,29821.75,29812.25,29818.0,-1
20260623  19:15:00,29818.0,29819.0,29802.0,29809.5,-1
20260623  19:16:00,29809.5,29812.25,29798.5,29806.0,-1
20260623  19:17:00,29806.0,29808.25,29785.5,29789.0,-1
20260623  19:18:00,29789.0,29794.5,29782.0,29794.5,-1
20260623  19:19:00,29794.5,29809.5,29791.75,29802.5,-1
20260623  19:20:00,29802.5,29807.75,29794.25,29799.75,-1
20260623  19:21:00,29799.75,29801.0,29782.25,29782.5,-1
20260623  19:22:00,29782.5,29783.5,29767.0,29777.25,-1
20260623  19:23:00,29777.25,29779.0,29768.25,29769.5,-1
20260623  19:24:00,29769.5,29775.25,29762.75,29773.5,-1
20260623  19:25:00,29773.5,29789.0,29772.75,29787.25,-1
20260623  19:26:00,29787.25,29788.75,29778.5,29780.0,-1
20260623  19:27:00,29780.0,29784.5,29771.0,29783.25,-1
20260623  19:28:00,29783.25,29793.0,29781.75,29790.0,-1
20260623  19:29:00,29790.0,29799.75,29789.5,29796.25,-1
20260623  19:30:00,29796.25,29810.5,29789.75,29790.0,-1
20260623  19:31:00,29790.0,29793.0,29782.0,29790.25,-1
20260623  19:32:00,29790.25,29790.5,29778.75,29781.0,-1
20260623  19:33:00,29781.0,29783.5,29778.0,29783.0,-1
20260623  19:34:00,29783.0,29785.5,29775.25,29776.25,-1
20260623  19:35:00,29776.25,29781.25,29769.25,29772.0,-1
20260623  19:36:00,29772.0,29772.5,29764.75,29768.25,-1
20260623  19:37:00,29768.25,29770.25,29752.5,29754.0,-1
20260623  19:38:00,29754.0,29761.0,29753.0,29759.25,-1
20260623  19:39:00,29759.25,29759.75,29731.75,29738.25,-1
20260623  19:40:00,29738.25,29747.75,29727.5,29741.5,-1
20260623  19:41:00,29741.5,29748.25,29734.75,29735.5,-1
20260623  19:42:00,29735.5,29735.5,29717.5,29723.75,-1
20260623  19:43:00,29723.75,29732.75,29722.25,29731.0,-1
20260623  19:44:00,29731.0,29733.5,29718.75,29723.0,-1
20260623  19:45:00,29723.0,29729.75,29715.75,29716.75,-1
20260623  19:46:00,29716.75,29716.75,29698.5,29701.25,-1
20260623  19:47:00,29701.25,29705.75,29690.25,29697.25,-1
20260623  19:48:00,29697.25,29705.0,29681.75,29699.25,-1
20260623  19:49:00,29699.25,29700.0,29685.0,29689.75,-1
20260623  19:50:00,29689.75,29694.5,29672.75,29673.0,-1
20260623  19:51:00,29673.0,29683.5,29669.0,29678.0,-1
20260623  19:52:00,29678.0,29686.0,29672.0,29676.5,-1
20260623  19:53:00,29676.5,29688.5,29674.0,29674.75,-1
20260623  19:54:00,29674.75,29677.0,29662.0,29674.5,-1
20260623  19:55:00,29674.5,29683.75,29668.75,29674.5,-1
20260623  19:56:00,29674.5,29675.25,29663.0,29672.5,-1
20260623  19:57:00,29672.5,29679.25,29661.25,29661.75,-1
20260623  19:58:00,29661.75,29663.0,29646.5,29652.25,-1
20260623  19:59:00,29652.25,29653.25,29636.0,29638.0,-1
20260623  20:00:00,29638.0,29658.0,29634.0,29645.5,-1
20260623  20:01:00,29645.5,29664.0,29638.0,29659.5,-1
20260623  20:02:00,29659.5,29660.5,29644.5,29648.5,-1
20260623  20:03:00,29648.5,29649.5,29636.25,29647.25,-1
20260623  20:04:00,29647.25,29652.25,29632.0,29636.25,-1
20260623  20:05:00,29636.25,29640.5,29626.75,29629.75,-1
20260623  20:06:00,29629.75,29632.25,29616.0,29625.0,-1
20260623  20:07:00,29625.0,29643.75,29623.75,29640.0,-1
20260623  20:08:00,29640.0,29650.5,29634.5,29645.75,-1
20260623  20:09:00,29645.75,29677.0,29642.75,29670.75,-1
20260623  20:10:00,29670.75,29703.75,29668.75,29697.75,-1
20260623  20:11:00,29697.75,29716.5,29693.0,29716.0,-1
20260623  20:12:00,29716.0,29725.5,29709.25,29720.25,-1
20260623  20:13:00,29720.25,29728.0,29715.5,29723.75,-1
20260623  20:14:00,29723.75,29735.0,29721.25,29726.25,-1
20260623  20:15:00,29726.25,29727.0,29703.75,29712.0,-1
20260623  20:16:00,29712.0,29714.0,29692.0,29693.75,-1
20260623  20:17:00,29693.75,29695.5,29680.75,29688.75,-1
20260623  20:18:00,29688.75,29693.0,29683.5,29687.0,-1
20260623  20:19:00,29687.0,29696.5,29679.0,29683.5,-1
20260623  20:20:00,29683.5,29704.25,29682.0,29696.5,-1
20260623  20:21:00,29696.5,29699.0,29677.75,29680.5,-1
20260623  20:22:00,29680.5,29697.0,29680.5,29694.0,-1
20260623  20:23:00,29694.0,29700.25,29688.5,29689.25,-1
20260623  20:24:00,29689.25,29689.5,29672.5,29680.5,-1
20260623  20:25:00,29680.5,29701.75,29679.25,29699.0,-1
20260623  20:26:00,29699.0,29708.5,29693.75,29707.0,-1
20260623  20:27:00,29707.0,29721.0,29703.5,29718.0,-1
20260623  20:28:00,29718.0,29733.25,29717.0,29731.25,-1
20260623  20:29:00,29731.25,29750.5,29727.5,29749.0,-1
20260623  20:30:00,29749.0,29758.5,29743.5,29750.25,-1
20260623  20:31:00,29750.25,29760.0,29743.5,29757.5,-1
20260623  20:32:00,29757.5,29771.0,29757.0,29764.75,-1
20260623  20:33:00,29764.75,29767.75,29748.5,29750.0,-1
20260623  20:34:00,29750.0,29759.5,29745.75,29758.75,-1
20260623  20:35:00,29758.75,29779.25,29758.0,29767.5,-1
20260623  20:36:00,29767.5,29771.0,29758.5,29768.75,-1
20260623  20:37:00,29768.75,29770.25,29750.25,29751.5,-1
20260623  20:38:00,29751.5,29751.75,29740.0,29748.75,-1
20260623  20:39:00,29748.75,29752.25,29743.0,29751.25,-1
20260623  20:40:00,29751.25,29756.0,29735.75,29755.0,-1
20260623  20:41:00,29755.0,29761.25,29744.75,29748.75,-1
20260623  20:42:00,29748.75,29759.75,29742.5,29749.0,-1
20260623  20:43:00,29749.0,29756.25,29744.5,29752.0,-1
20260623  20:44:00,29752.0,29753.0,29741.25,29741.75,-1
20260623  20:45:00,29741.75,29743.5,29733.5,29738.75,-1
20260623  20:46:00,29738.75,29747.0,29730.25,29731.0,-1
20260623  20:47:00,29731.0,29738.75,29726.25,29730.75,-1
20260623  20:48:00,29730.75,29737.25,29724.25,29735.0,-1
20260623  20:49:00,29735.0,29740.5,29726.0,29727.5,-1
20260623  20:50:00,29727.5,29729.75,29713.25,29719.25,-1
20260623  20:51:00,29719.25,29727.5,29715.0,29722.75,-1
20260623  20:52:00,29722.75,29728.0,29710.25,29727.75,-1
20260623  20:53:00,29727.75,29737.75,29721.0,29722.25,-1
20260623  20:54:00,29722.25,29727.25,29714.0,29721.0,-1
20260623  20:55:00,29721.0,29723.5,29713.5,29718.5,-1
20260623  20:56:00,29718.5,29735.75,29714.5,29731.0,-1
20260623  20:57:00,29731.0,29739.5,29725.5,29731.5,-1
20260623  20:58:00,29731.5,29744.5,29726.75,29743.5,-1
20260623  20:59:00,29743.5,29748.5,29739.75,29746.0,-1
20260623  21:00:00,29746.0,29750.25,29728.5,29732.25,-1
20260623  21:01:00,29732.25,29733.5,29722.0,29724.5,-1
20260623  21:02:00,29724.5,29728.25,29714.25,29715.25,-1
20260623  21:03:00,29715.25,29715.5,29700.75,29701.5,-1
20260623  21:04:00,29701.5,29706.5,29696.75,29697.25,-1
20260623  21:05:00,29697.25,29699.5,29684.25,29694.0,-1
20260623  21:06:00,29694.0,29697.0,29683.5,29689.75,-1
20260623  21:07:00,29689.75,29706.5,29689.25,29693.75,-1
20260623  21:08:00,29693.75,29696.5,29686.25,29688.25,-1
20260623  21:09:00,29688.25,29703.5,29684.0,29699.0,-1
20260623  21:10:00,29699.0,29710.0,29698.0,29698.25,-1
20260623  21:11:00,29698.25,29702.0,29687.75,29697.5,-1
20260623  21:12:00,29697.5,29706.5,29691.75,29692.5,-1
20260623  21:13:00,29692.5,29692.75,29681.75,29683.5,-1
20260623  21:14:00,29683.5,29692.0,29675.0,29687.75,-1
20260623  21:15:00,29687.75,29696.5,29684.75,29692.25,-1
20260623  21:16:00,29692.25,29700.0,29682.75,29683.5,-1
20260623  21:17:00,29683.5,29684.0,29669.5,29675.75,-1
20260623  21:18:00,29675.75,29679.0,29666.75,29676.25,-1
20260623  21:19:00,29676.25,29679.0,29663.5,29664.75,-1
20260623  21:20:00,29664.75,29669.75,29658.75,29661.75,-1
20260623  21:21:00,29661.75,29668.0,29658.25,29662.5,-1
20260623  21:22:00,29662.5,29674.5,29654.5,29669.75,-1
20260623  21:23:00,29669.75,29680.25,29654.5,29658.25,-1
20260623  21:24:00,29658.25,29662.5,29654.5,29661.0,-1
20260623  21:25:00,29661.0,29672.25,29660.25,29668.0,-1
20260623  21:26:00,29668.0,29674.25,29660.0,29666.0,-1
20260623  21:27:00,29666.0,29682.75,29665.5,29676.75,-1
20260623  21:28:00,29676.75,29677.0,29668.75,29671.5,-1
20260623  21:29:00,29671.5,29677.25,29663.75,29668.5,-1
20260623  21:30:00,29668.5,29697.0,29667.75,29684.5,-1
20260623  21:31:00,29684.5,29691.75,29675.0,29686.25,-1
20260623  21:32:00,29686.25,29709.0,29686.0,29708.0,-1
20260623  21:33:00,29708.0,29708.5,29698.5,29703.25,-1
20260623  21:34:00,29703.25,29713.75,29698.75,29711.5,-1
20260623  21:35:00,29711.5,29711.5,29696.25,29710.25,-1
20260623  21:36:00,29710.25,29739.25,29705.5,29736.25,-1
20260623  21:37:00,29736.25,29742.75,29731.0,29742.0,-1
20260623  21:38:00,29742.0,29745.5,29734.5,29738.75,-1
20260623  21:39:00,29738.75,29742.75,29731.75,29742.75,-1
20260623  21:40:00,29742.75,29759.25,29734.5,29758.0,-1
20260623  21:41:00,29758.0,29762.75,29751.75,29759.0,-1
20260623  21:42:00,29759.0,29769.25,29755.5,29768.5,-1
20260623  21:43:00,29768.5,29768.5,29756.0,29758.0,-1
20260623  21:44:00,29758.0,29761.5,29751.0,29752.75,-1
20260623  21:45:00,29752.75,29763.25,29751.25,29754.5,-1
20260623  21:46:00,29754.5,29764.5,29750.5,29763.0,-1
20260623  21:47:00,29763.0,29771.5,29759.5,29765.0,-1
20260623  21:48:00,29765.0,29765.0,29754.0,29759.75,-1
20260623  21:49:00,29759.75,29772.0,29758.75,29771.75,-1
20260623  21:50:00,29771.75,29776.75,29767.5,29775.75,-1
20260623  21:51:00,29775.75,29785.75,29768.0,29778.25,-1
20260623  21:52:00,29778.25,29779.0,29767.0,29776.0,-1
20260623  21:53:00,29776.0,29778.25,29765.75,29771.5,-1
20260623  21:54:00,29771.5,29781.25,29769.25,29777.75,-1
20260623  21:55:00,29777.75,29786.5,29768.0,29784.75,-1
20260623  21:56:00,29784.75,29791.0,29779.5,29784.25,-1
20260623  21:57:00,29784.25,29788.5,29779.5,29783.25,-1
20260623  21:58:00,29783.25,29788.0,29778.25,29783.0,-1
20260623  21:59:00,29783.0,29786.5,29775.5,29785.25,-1
20260623  22:00:00,29785.25,29798.75,29779.5,29783.75,-1
20260623  22:01:00,29783.75,29793.5,29783.0,29788.5,-1
20260623  22:02:00,29788.5,29807.5,29782.25,29806.25,-1
20260623  22:03:00,29806.25,29809.25,29797.75,29805.25,-1
20260623  22:04:00,29805.25,29807.25,29797.25,29804.75,-1
20260623  22:05:00,29804.75,29814.0,29794.75,29795.25,-1
20260623  22:06:00,29795.25,29798.75,29782.5,29791.25,-1
20260623  22:07:00,29791.25,29799.0,29786.25,29792.0,-1
20260623  22:08:00,29792.0,29803.0,29789.5,29797.5,-1
20260623  22:09:00,29797.5,29821.0,29795.75,29817.0,-1
20260623  22:10:00,29817.0,29817.75,29808.5,29811.0,-1
20260623  22:11:00,29811.0,29826.25,29808.0,29825.75,-1
20260623  22:12:00,29825.75,29831.5,29821.75,29824.0,-1
20260623  22:13:00,29824.0,29833.75,29818.5,29819.75,-1
20260623  22:14:00,29819.75,29821.75,29810.25,29817.25,-1
20260623  22:15:00,29817.25,29822.5,29806.25,29821.25,-1
20260623  22:16:00,29821.25,29835.5,29821.0,29826.25,-1
20260623  22:17:00,29826.25,29840.5,29822.25,29840.25,-1
20260623  22:18:00,29840.25,29852.25,29839.0,29849.0,-1
20260623  22:19:00,29849.0,29854.5,29844.5,29851.75,-1
20260623  22:20:00,29851.75,29857.0,29843.25,29846.75,-1
20260623  22:21:00,29846.75,29861.5,29844.5,29858.0,-1
20260623  22:22:00,29858.0,29858.0,29842.75,29846.25,-1
20260623  22:23:00,29846.25,29849.25,29836.5,29845.5,-1
20260623  22:24:00,29845.5,29856.75,29840.75,29856.0,-1
20260623  22:25:00,29856.0,29862.5,29839.0,29839.5,-1
20260623  22:26:00,29839.5,29849.75,29834.75,29838.75,-1
20260623  22:27:00,29838.75,29845.5,29835.5,29843.5,-1
20260623  22:28:00,29843.5,29850.75,29839.75,29848.75,-1
20260623  22:29:00,29848.75,29848.75,29832.25,29835.5,-1
20260623  22:30:00,29835.5,29846.5,29835.25,29841.25,-1
20260623  22:31:00,29841.25,29856.0,29839.75,29855.25,-1
20260623  22:32:00,29855.25,29873.75,29852.25,29871.5,-1
20260623  22:33:00,29871.5,29872.25,29853.25,29855.5,-1
20260623  22:34:00,29855.5,29856.5,29838.5,29844.75,-1
20260623  22:35:00,29844.75,29855.5,29842.75,29854.0,-1
20260623  22:36:00,29854.0,29868.5,29853.25,29868.5,-1
20260623  22:37:00,29868.5,29871.5,29863.0,29865.5,-1
20260623  22:38:00,29865.5,29875.25,29862.75,29875.0,-1
20260623  22:39:00,29875.0,29884.25,29871.25,29878.5,-1
20260623  22:40:00,29878.5,29878.75,29862.5,29862.75,-1
20260623  22:41:00,29862.75,29863.5,29851.5,29852.5,-1
20260623  22:42:00,29852.5,29854.25,29843.0,29849.75,-1
20260623  22:43:00,29849.75,29856.5,29844.0,29844.5,-1
20260623  22:44:00,29844.5,29849.25,29841.75,29845.25,-1
20260623  22:45:00,29845.25,29853.75,29836.0,29846.5,-1
20260623  22:46:00,29846.5,29857.75,29844.25,29846.5,-1
20260623  22:47:00,29846.5,29850.5,29842.25,29849.0,-1
20260623  22:48:00,29849.0,29850.5,29842.75,29844.5,-1
20260623  22:49:00,29844.5,29844.75,29833.5,29837.5,-1
20260623  22:50:00,29837.5,29838.0,29823.75,29825.25,-1
20260623  22:51:00,29825.25,29834.0,29823.5,29828.0,-1
20260623  22:52:00,29828.0,29829.25,29820.75,29825.5,-1
20260623  22:53:00,29825.5,29828.25,29818.25,29820.75,-1
20260623  22:54:00,29820.75,29825.0,29815.5,29822.25,-1
20260623  22:55:00,29822.25,29822.75,29813.0,29815.25,-1
20260623  22:56:00,29815.25,29825.25,29814.0,29822.75,-1
20260623  22:57:00,29822.75,29827.25,29819.0,29820.5,-1
20260623  22:58:00,29820.5,29827.5,29820.0,29826.5,-1
20260623  22:59:00,29826.5,29827.5,29816.75,29820.0,-1
20260623  23:00:00,29820.0,29823.25,29804.0,29810.5,-1
20260623  23:01:00,29810.5,29814.25,29803.75,29813.25,-1
20260623  23:02:00,29813.25,29820.75,29811.75,29819.25,-1
20260623  23:03:00,29819.25,29823.0,29816.0,29817.5,-1
20260623  23:04:00,29817.5,29819.0,29797.25,29802.0,-1
20260623  23:05:00,29802.0,29817.0,29800.75,29811.75,-1
20260623  23:06:00,29811.75,29817.5,29807.75,29809.0,-1
20260623  23:07:00,29809.0,29816.5,29807.25,29813.75,-1
20260623  23:08:00,29813.75,29829.5,29813.5,29828.0,-1
20260623  23:09:00,29828.0,29835.75,29827.0,29833.0,-1
20260623  23:10:00,29833.0,29847.75,29829.25,29845.75,-1
20260623  23:11:00,29845.75,29851.25,29840.0,29845.75,-1
20260623  23:12:00,29845.75,29850.0,29838.25,29848.75,-1
20260623  23:13:00,29848.75,29852.75,29846.5,29848.5,-1
20260623  23:14:00,29848.5,29849.25,29839.75,29843.25,-1
20260623  23:15:00,29843.25,29848.0,29834.25,29834.75,-1
20260623  23:16:00,29834.75,29836.75,29816.25,29820.75,-1
20260623  23:17:00,29820.75,29826.0,29817.5,29825.5,-1
20260623  23:18:00,29825.5,29827.0,29814.5,29821.25,-1
20260623  23:19:00,29821.25,29830.75,29819.25,29828.0,-1
20260623  23:20:00,29828.0,29829.0,29807.5,29809.75,-1
20260623  23:21:00,29809.75,29815.75,29808.25,29812.0,-1
20260623  23:22:00,29812.0,29828.25,29810.0,29826.25,-1
20260623  23:23:00,29826.25,29828.5,29819.5,29822.5,-1
20260623  23:24:00,29822.5,29825.0,29813.75,29821.5,-1
20260623  23:25:00,29821.5,29822.0,29812.75,29820.0,-1
20260623  23:26:00,29820.0,29824.0,29812.75,29815.25,-1
20260623  23:27:00,29815.25,29821.5,29808.0,29814.0,-1
20260623  23:28:00,29814.0,29814.0,29807.0,29811.5,-1
20260623  23:29:00,29811.5,29816.0,29802.75,29816.0,-1
20260623  23:30:00,29816.0,29822.0,29811.25,29817.25,-1
20260623  23:31:00,29817.25,29833.75,29813.5,29828.0,-1
20260623  23:32:00,29828.0,29833.75,29825.25,29828.25,-1
20260623  23:33:00,29828.25,29836.0,29827.25,29835.25,-1
20260623  23:34:00,29835.25,29849.75,29834.5,29846.0,-1
20260623  23:35:00,29846.0,29863.5,29844.5,29861.25,-1
20260623  23:36:00,29861.25,29865.5,29851.25,29856.75,-1
20260623  23:37:00,29856.75,29859.5,29848.25,29855.5,-1
20260623  23:38:00,29855.5,29861.5,29846.0,29846.25,-1
20260623  23:39:00,29846.25,29848.75,29833.75,29836.75,-1
20260623  23:40:00,29836.75,29843.25,29832.25,29841.0,-1
20260623  23:41:00,29841.0,29843.0,29835.5,29839.25,-1
20260623  23:42:00,29839.25,29847.0,29832.5,29835.25,-1
20260623  23:43:00,29835.25,29839.75,29833.5,29839.25,-1
20260623  23:44:00,29839.25,29840.0,29832.5,29835.0,-1
20260623  23:45:00,29835.0,29835.0,29824.25,29831.0,-1
20260623  23:46:00,29831.0,29833.0,29825.25,29831.0,-1
20260623  23:47:00,29831.0,29836.25,29821.75,29822.0,-1
20260623  23:48:00,29822.0,29831.25,29820.75,29831.25,-1
20260623  23:49:00,29831.25,29834.75,29817.75,29820.25,-1
20260623  23:50:00,29820.25,29831.25,29819.75,29820.0,-1
20260623  23:51:00,29820.0,29832.25,29819.25,29829.25,-1
20260623  23:52:00,29829.25,29840.75,29829.25,29838.5,-1
20260623  23:53:00,29838.5,29840.0,29835.0,29838.25,-1
20260623  23:54:00,29838.25,29838.5,29832.0,29832.75,-1
20260623  23:55:00,29832.75,29834.5,29826.0,29828.75,-1
20260623  23:56:00,29828.75,29837.5,29825.5,29836.25,-1
20260623  23:57:00,29836.25,29837.0,29822.75,29827.75,-1
20260623  23:58:00,29827.75,29837.0,29822.75,29824.25,-1
20260623  23:59:00,29824.25,29828.5,29820.5,29822.75,-1
20260624  00:00:00,29822.75,29841.25,29818.0,29821.0,-1
20260624  00:01:00,29821.0,29821.75,29804.0,29808.5,-1
20260624  00:02:00,29808.5,29812.25,29791.75,29796.75,-1
20260624  00:03:00,29796.75,29801.25,29786.5,29789.5,-1
20260624  00:04:00,29789.5,29805.75,29785.25,29805.5,-1
20260624  00:05:00,29805.5,29810.5,29791.0,29801.5,-1
20260624  00:06:00,29801.5,29819.0,29801.25,29812.75,-1
20260624  00:07:00,29812.75,29821.0,29798.0,29813.25,-1
20260624  00:08:00,29813.25,29824.25,29807.25,29819.0,-1
20260624  00:09:00,29819.0,29820.5,29801.0,29803.5,-1
20260624  00:10:00,29803.5,29822.25,29798.75,29814.75,-1
20260624  00:11:00,29814.75,29825.75,29812.25,29823.75,-1
20260624  00:12:00,29823.75,29825.75,29807.25,29809.5,-1
20260624  00:13:00,29809.5,29815.5,29805.0,29810.0,-1
20260624  00:14:00,29810.0,29815.25,29808.25,29812.25,-1
20260624  00:15:00,29812.25,29815.5,29794.25,29796.5,-1
20260624  00:16:00,29796.5,29817.0,29795.0,29811.25,-1
20260624  00:17:00,29811.25,29816.0,29801.5,29815.5,-1
20260624  00:18:00,29815.5,29822.0,29808.5,29820.25,-1
20260624  00:19:00,29820.25,29820.75,29801.25,29803.75,-1
20260624  00:20:00,29803.75,29810.75,29795.5,29798.0,-1
20260624  00:21:00,29798.0,29801.0,29791.0,29800.75,-1
20260624  00:22:00,29800.75,29818.25,29799.0,29816.5,-1
20260624  00:23:00,29816.5,29827.5,29812.25,29823.0,-1
20260624  00:24:00,29823.0,29823.0,29808.0,29813.75,-1
20260624  00:25:00,29813.75,29813.75,29790.0,29795.5,-1
20260624  00:26:00,29795.5,29805.0,29795.0,29797.5,-1
20260624  00:27:00,29797.5,29805.5,29793.75,29800.25,-1
20260624  00:28:00,29800.25,29807.25,29793.0,29795.5,-1
20260624  00:29:00,29795.5,29799.25,29792.75,29793.75,-1
20260624  00:30:00,29793.75,29810.25,29792.0,29808.25,-1
20260624  00:31:00,29808.25,29810.5,29796.5,29799.0,-1
20260624  00:32:00,29799.0,29808.75,29795.5,29804.5,-1
20260624  00:33:00,29804.5,29812.25,29801.0,29806.75,-1
20260624  00:34:00,29806.75,29813.0,29799.25,29802.0,-1
20260624  00:35:00,29802.0,29804.5,29775.75,29784.25,-1
20260624  00:36:00,29784.25,29787.0,29771.25,29773.0,-1
20260624  00:37:00,29773.0,29778.75,29765.0,29778.25,-1
20260624  00:38:00,29778.25,29792.0,29775.0,29787.5,-1
20260624  00:39:00,29787.5,29793.0,29780.25,29793.0,-1
20260624  00:40:00,29793.0,29794.0,29779.25,29784.0,-1
20260624  00:41:00,29784.0,29805.25,29779.5,29802.25,-1
20260624  00:42:00,29802.25,29806.75,29797.25,29803.5,-1
20260624  00:43:00,29803.5,29812.5,29790.5,29804.75,-1
20260624  00:44:00,29804.75,29821.25,29802.25,29816.0,-1
20260624  00:45:00,29816.0,29822.25,29811.25,29817.5,-1
20260624  00:46:00,29817.5,29828.75,29816.0,29826.75,-1
20260624  00:47:00,29826.75,29836.5,29825.75,29828.25,-1
20260624  00:48:00,29828.25,29834.0,29820.5,29822.5,-1
20260624  00:49:00,29822.5,29829.0,29820.75,29828.5,-1
20260624  00:50:00,29828.5,29829.0,29820.75,29823.0,-1
20260624  00:51:00,29823.0,29824.0,29810.25,29812.5,-1
20260624  00:52:00,29812.5,29813.25,29796.0,29799.75,-1
20260624  00:53:00,29799.75,29803.0,29787.0,29788.25,-1
20260624  00:54:00,29788.25,29796.0,29785.25,29796.0,-1
20260624  00:55:00,29796.0,29804.0,29786.5,29789.75,-1
20260624  00:56:00,29789.75,29790.25,29774.5,29777.75,-1
20260624  00:57:00,29777.75,29779.0,29771.75,29773.5,-1
20260624  00:58:00,29773.5,29779.25,29772.25,29774.25,-1
20260624  00:59:00,29774.25,29774.5,29763.25,29770.5,-1
20260624  01:00:00,29770.5,29778.25,29763.25,29769.5,-1
20260624  01:01:00,29769.5,29791.0,29766.75,29790.0,-1
20260624  01:02:00,29790.0,29801.5,29787.5,29799.5,-1
20260624  01:03:00,29799.5,29804.75,29791.5,29792.25,-1
20260624  01:04:00,29792.25,29826.25,29792.0,29824.75,-1
20260624  01:05:00,29824.75,29835.75,29819.75,29831.75,-1
20260624  01:06:00,29831.75,29836.5,29821.25,29823.0,-1
20260624  01:07:00,29823.0,29839.5,29817.75,29835.25,-1
20260624  01:08:00,29835.25,29843.5,29831.25,29836.75,-1
20260624  01:09:00,29836.75,29838.25,29822.0,29825.5,-1
20260624  01:10:00,29825.5,29838.75,29824.0,29833.25,-1
20260624  01:11:00,29833.25,29840.5,29828.75,29834.25,-1
20260624  01:12:00,29834.25,29836.75,29820.0,29825.5,-1
20260624  01:13:00,29825.5,29854.5,29825.25,29854.0,-1
20260624  01:14:00,29854.0,29860.75,29847.0,29858.25,-1
20260624  01:15:00,29858.25,29859.0,29846.25,29852.25,-1
20260624  01:16:00,29852.25,29857.75,29846.5,29848.0,-1
20260624  01:17:00,29848.0,29862.75,29844.75,29858.25,-1
20260624  01:18:00,29858.25,29864.0,29853.75,29860.75,-1
20260624  01:19:00,29860.75,29861.0,29834.0,29838.5,-1
20260624  01:20:00,29838.5,29846.0,29836.0,29837.0,-1
20260624  01:21:00,29837.0,29840.75,29826.25,29835.25,-1
20260624  01:22:00,29835.25,29837.5,29826.0,29830.0,-1
20260624  01:23:00,29830.0,29843.5,29828.75,29837.5,-1
20260624  01:24:00,29837.5,29838.0,29829.5,29832.75,-1
20260624  01:25:00,29832.75,29834.0,29817.25,29822.0,-1
20260624  01:26:00,29822.0,29829.5,29820.0,29829.0,-1
20260624  01:27:00,29829.0,29832.5,29822.75,29827.75,-1
20260624  01:28:00,29827.75,29836.75,29826.0,29829.25,-1
20260624  01:29:00,29829.25,29839.25,29825.25,29838.75,-1
20260624  01:30:00,29838.75,29843.25,29828.25,29835.25,-1
20260624  01:31:00,29835.25,29847.25,29830.0,29846.5,-1
20260624  01:32:00,29846.5,29862.0,29841.25,29860.75,-1
20260624  01:33:00,29860.75,29867.0,29855.5,29860.75,-1
20260624  01:34:00,29860.75,29861.0,29844.0,29852.75,-1
20260624  01:35:00,29852.75,29858.25,29842.5,29843.0,-1
20260624  01:36:00,29843.0,29844.0,29821.25,29825.75,-1
20260624  01:37:00,29825.75,29831.25,29820.25,29828.0,-1
20260624  01:38:00,29828.0,29839.0,29825.5,29837.0,-1
20260624  01:39:00,29837.0,29840.5,29820.5,29823.0,-1
20260624  01:40:00,29823.0,29835.5,29821.5,29832.0,-1
20260624  01:41:00,29832.0,29835.0,29825.75,29827.5,-1
20260624  01:42:00,29827.5,29830.75,29820.25,29830.25,-1
20260624  01:43:00,29830.25,29842.5,29828.75,29840.75,-1
20260624  01:44:00,29840.75,29843.75,29833.75,29835.25,-1
20260624  01:45:00,29835.25,29838.25,29823.75,29826.75,-1
20260624  01:46:00,29826.75,29830.25,29820.75,29827.5,-1
20260624  01:47:00,29827.5,29834.5,29809.0,29811.0,-1
20260624  01:48:00,29811.0,29817.5,29809.75,29814.0,-1
20260624  01:49:00,29814.0,29818.75,29808.0,29808.5,-1
20260624  01:50:00,29808.5,29817.0,29807.25,29816.25,-1
20260624  01:51:00,29816.25,29820.75,29811.75,29814.75,-1
20260624  01:52:00,29814.75,29822.75,29813.5,29820.25,-1
20260624  01:53:00,29820.25,29826.25,29803.75,29806.75,-1
20260624  01:54:00,29806.75,29815.5,29804.25,29813.5,-1
20260624  01:55:00,29813.5,29817.5,29809.5,29811.75,-1
20260624  01:56:00,29811.75,29821.0,29808.0,29814.0,-1
20260624  01:57:00,29814.0,29821.5,29809.75,29821.25,-1
20260624  01:58:00,29821.25,29821.5,29816.25,29816.5,-1
20260624  01:59:00,29816.5,29822.0,29814.75,29819.0,-1
20260624  02:00:00,29819.0,29833.0,29816.5,29822.5,-1
20260624  02:01:00,29822.5,29828.25,29811.0,29820.0,-1
20260624  02:02:00,29820.0,29822.5,29794.5,29800.5,-1
20260624  02:03:00,29800.5,29809.5,29797.5,29803.5,-1
20260624  02:04:00,29803.5,29806.25,29797.25,29799.5,-1
20260624  02:05:00,29799.5,29808.5,29794.0,29807.75,-1
20260624  02:06:00,29807.75,29815.75,29803.5,29804.0,-1
20260624  02:07:00,29804.0,29804.25,29794.5,29797.75,-1
20260624  02:08:00,29797.75,29816.75,29794.5,29814.75,-1
20260624  02:09:00,29814.75,29821.25,29806.75,29812.5,-1
20260624  02:10:00,29812.5,29823.0,29808.25,29819.75,-1
20260624  02:11:00,29819.75,29827.75,29805.0,29816.75,-1
20260624  02:12:00,29816.75,29838.75,29816.5,29837.0,-1
20260624  02:13:00,29837.0,29844.0,29831.75,29840.0,-1
20260624  02:14:00,29840.0,29844.0,29835.25,29835.75,-1
20260624  02:15:00,29835.75,29840.5,29833.25,29835.25,-1
20260624  02:16:00,29835.25,29836.5,29809.75,29816.25,-1
20260624  02:17:00,29816.25,29822.25,29814.0,29817.25,-1
20260624  02:18:00,29817.25,29822.0,29800.5,29804.0,-1
20260624  02:19:00,29804.0,29811.25,29794.0,29811.25,-1
20260624  02:20:00,29811.25,29815.75,29807.25,29815.0,-1
20260624  02:21:00,29815.0,29819.75,29805.5,29807.0,-1
20260624  02:22:00,29807.0,29811.0,29804.25,29810.5,-1
20260624  02:23:00,29810.5,29812.5,29805.5,29806.0,-1
20260624  02:24:00,29806.0,29821.5,29804.5,29815.0,-1
20260624  02:25:00,29815.0,29829.25,29813.75,29829.0,-1
20260624  02:26:00,29829.0,29829.25,29809.0,29814.25,-1
20260624  02:27:00,29814.25,29820.0,29808.75,29809.75,-1
20260624  02:28:00,29809.75,29816.0,29807.5,29814.0,-1
20260624  02:29:00,29814.0,29814.0,29800.75,29807.5,-1
20260624  02:30:00,29807.5,29811.5,29803.75,29810.25,-1
20260624  02:31:00,29810.25,29815.0,29793.75,29795.5,-1
20260624  02:32:00,29795.5,29804.0,29794.25,29802.25,-1
20260624  02:33:00,29802.25,29807.5,29796.75,29797.75,-1
20260624  02:34:00,29797.75,29808.5,29796.75,29804.0,-1
20260624  02:35:00,29804.0,29805.5,29793.25,29802.5,-1
20260624  02:36:00,29802.5,29803.0,29785.5,29789.5,-1
20260624  02:37:00,29789.5,29792.0,29782.75,29789.5,-1
20260624  02:38:00,29789.5,29791.5,29785.25,29786.25,-1
20260624  02:39:00,29786.25,29789.25,29783.5,29787.75,-1
20260624  02:40:00,29787.75,29788.25,29768.0,29773.25,-1
20260624  02:41:00,29773.25,29776.75,29768.25,29775.75,-1
20260624  02:42:00,29775.75,29776.0,29766.25,29770.5,-1
20260624  02:43:00,29770.5,29776.25,29768.25,29774.25,-1
20260624  02:44:00,29774.25,29777.75,29766.25,29767.25,-1
20260624  02:45:00,29767.25,29767.25,29754.25,29765.0,-1
20260624  02:46:00,29765.0,29772.75,29756.75,29772.75,-1
20260624  02:47:00,29772.75,29786.5,29772.5,29784.5,-1
20260624  02:48:00,29784.5,29786.25,29770.25,29771.25,-1
20260624  02:49:00,29771.25,29783.5,29771.25,29782.75,-1
20260624  02:50:00,29782.75,29792.0,29781.75,29791.25,-1
20260624  02:51:00,29791.25,29795.0,29785.25,29794.5,-1
20260624  02:52:00,29794.5,29810.5,29794.0,29809.5,-1
20260624  02:53:00,29809.5,29810.5,29800.75,29808.75,-1
20260624  02:54:00,29808.75,29810.25,29795.75,29797.5,-1
20260624  02:55:00,29797.5,29804.5,29796.0,29800.25,-1
20260624  02:56:00,29800.25,29809.25,29799.25,29805.0,-1
20260624  02:57:00,29805.0,29808.75,29800.75,29808.25,-1
20260624  02:58:00,29808.25,29813.25,29801.75,29803.75,-1
20260624  02:59:00,29803.75,29811.25,29799.25,29809.0,-1
20260624  03:00:00,29809.0,29810.25,29784.75,29789.0,-1
20260624  03:01:00,29789.0,29793.5,29781.0,29781.0,-1
20260624  03:02:00,29781.0,29782.5,29774.75,29781.5,-1
20260624  03:03:00,29781.5,29795.0,29778.5,29795.0,-1
20260624  03:04:00,29795.0,29800.5,29787.0,29791.5,-1
20260624  03:05:00,29791.5,29798.75,29790.0,29796.5,-1
20260624  03:06:00,29796.5,29796.5,29785.5,29793.5,-1
20260624  03:07:00,29793.5,29796.5,29786.25,29788.25,-1
20260624  03:08:00,29788.25,29808.0,29784.75,29802.75,-1
20260624  03:09:00,29802.75,29806.0,29796.25,29797.0,-1
20260624  03:10:00,29797.0,29801.25,29784.25,29795.0,-1
20260624  03:11:00,29795.0,29801.5,29790.5,29792.0,-1
20260624  03:12:00,29792.0,29802.75,29791.75,29801.25,-1
20260624  03:13:00,29801.25,29809.25,29800.0,29805.75,-1
20260624  03:14:00,29805.75,29809.5,29803.25,29808.5,-1
20260624  03:15:00,29808.5,29817.5,29804.0,29814.5,-1
20260624  03:16:00,29814.5,29815.25,29808.25,29811.75,-1
20260624  03:17:00,29811.75,29821.25,29810.75,29818.5,-1
20260624  03:18:00,29818.5,29819.5,29810.75,29816.75,-1
20260624  03:19:00,29816.75,29817.75,29804.25,29806.75,-1
20260624  03:20:00,29806.75,29809.25,29801.75,29803.5,-1
20260624  03:21:00,29803.5,29813.5,29800.0,29812.5,-1
20260624  03:22:00,29812.5,29814.75,29808.5,29811.5,-1
20260624  03:23:00,29811.5,29812.5,29796.5,29797.75,-1
20260624  03:24:00,29797.75,29804.75,29794.5,29798.0,-1
20260624  03:25:00,29798.0,29806.0,29795.25,29805.0,-1
20260624  03:26:00,29805.0,29812.5,29804.75,29810.75,-1
20260624  03:27:00,29810.75,29812.0,29802.75,29805.25,-1
20260624  03:28:00,29805.25,29811.25,29804.5,29807.75,-1
20260624  03:29:00,29807.75,29818.5,29806.5,29817.0,-1
20260624  03:30:00,29817.0,29822.75,29812.25,29821.5,-1
20260624  03:31:00,29821.5,29832.5,29818.0,29828.0,-1
20260624  03:32:00,29828.0,29830.5,29823.25,29828.25,-1
20260624  03:33:00,29828.25,29832.5,29824.5,29830.0,-1
20260624  03:34:00,29830.0,29831.5,29825.0,29827.75,-1
20260624  03:35:00,29827.75,29833.75,29824.25,29829.0,-1
20260624  03:36:00,29829.0,29831.0,29823.25,29825.25,-1
20260624  03:37:00,29825.25,29832.25,29823.25,29830.0,-1
20260624  03:38:00,29830.0,29834.5,29822.5,29823.75,-1
20260624  03:39:00,29823.75,29825.75,29821.25,29822.5,-1
20260624  03:40:00,29822.5,29828.75,29818.0,29821.25,-1
20260624  03:41:00,29821.25,29828.5,29820.0,29825.25,-1
20260624  03:42:00,29825.25,29841.75,29822.5,29838.0,-1
20260624  03:43:00,29838.0,29850.75,29831.75,29850.5,-1
20260624  03:44:00,29850.5,29852.0,29833.25,29834.0,-1
20260624  03:45:00,29834.0,29836.25,29827.75,29828.25,-1
20260624  03:46:00,29828.25,29828.25,29817.75,29822.25,-1
20260624  03:47:00,29822.25,29826.75,29818.75,29825.75,-1
20260624  03:48:00,29825.75,29826.75,29815.25,29824.75,-1
20260624  03:49:00,29824.75,29824.75,29817.25,29823.0,-1
20260624  03:50:00,29823.0,29823.0,29809.5,29811.25,-1
20260624  03:51:00,29811.25,29815.0,29798.25,29802.5,-1
20260624  03:52:00,29802.5,29809.5,29801.5,29805.25,-1
20260624  03:53:00,29805.25,29806.5,29800.0,29803.75,-1
20260624  03:54:00,29803.75,29804.25,29799.25,29803.25,-1
20260624  03:55:00,29803.25,29805.5,29790.25,29792.75,-1
20260624  03:56:00,29792.75,29800.75,29792.25,29800.5,-1
20260624  03:57:00,29800.5,29802.0,29788.75,29794.75,-1
20260624  03:58:00,29794.75,29799.25,29792.25,29793.25,-1
20260624  03:59:00,29793.25,29803.75,29791.5,29794.0,-1
20260624  04:00:00,29794.0,29816.75,29791.75,29815.25,-1
20260624  04:01:00,29815.25,29819.0,29808.5,29813.25,-1
20260624  04:02:00,29813.25,29823.75,29813.0,29821.25,-1
20260624  04:03:00,29821.25,29825.25,29817.75,29821.5,-1
20260624  04:04:00,29821.5,29824.25,29810.5,29812.0,-1
20260624  04:05:00,29812.0,29813.75,29792.25,29794.25,-1
20260624  04:06:00,29794.25,29797.5,29786.0,29789.25,-1
20260624  04:07:00,29789.25,29791.25,29776.25,29787.0,-1
20260624  04:08:00,29787.0,29788.25,29779.0,29783.25,-1
20260624  04:09:00,29783.25,29789.5,29772.0,29775.75,-1
20260624  04:10:00,29775.75,29786.75,29772.0,29781.0,-1
20260624  04:11:00,29781.0,29786.75,29778.0,29782.0,-1
20260624  04:12:00,29782.0,29782.5,29776.25,29778.75,-1
20260624  04:13:00,29778.75,29779.25,29771.0,29774.75,-1
20260624  04:14:00,29774.75,29774.75,29762.75,29764.75,-1
20260624  04:15:00,29764.75,29767.25,29752.75,29756.75,-1
20260624  04:16:00,29756.75,29760.0,29750.25,29758.25,-1
20260624  04:17:00,29758.25,29759.25,29750.75,29753.25,-1
20260624  04:18:00,29753.25,29774.25,29751.0,29764.25,-1
20260624  04:19:00,29764.25,29765.75,29754.5,29756.25,-1
20260624  04:20:00,29756.25,29757.5,29735.25,29739.25,-1
20260624  04:21:00,29739.25,29745.25,29735.0,29744.75,-1
20260624  04:22:00,29744.75,29753.25,29743.75,29750.75,-1
20260624  04:23:00,29750.75,29759.5,29750.5,29753.5,-1
20260624  04:24:00,29753.5,29767.5,29750.5,29765.25,-1
20260624  04:25:00,29765.25,29767.5,29751.5,29756.5,-1
20260624  04:26:00,29756.5,29759.25,29751.0,29754.75,-1
20260624  04:27:00,29754.75,29763.25,29751.25,29762.5,-1
20260624  04:28:00,29762.5,29764.25,29749.25,29760.0,-1
20260624  04:29:00,29760.0,29761.0,29751.25,29754.75,-1
20260624  04:30:00,29754.75,29777.75,29751.75,29774.5,-1
20260624  04:31:00,29774.5,29778.5,29770.5,29777.25,-1
20260624  04:32:00,29777.25,29790.25,29776.5,29786.75,-1
20260624  04:33:00,29786.75,29789.25,29776.75,29779.25,-1
20260624  04:34:00,29779.25,29786.0,29776.75,29785.25,-1
20260624  04:35:00,29785.25,29789.5,29784.0,29787.25,-1
20260624  04:36:00,29787.25,29803.75,29785.0,29800.75,-1
20260624  04:37:00,29800.75,29829.25,29798.25,29815.5,-1
20260624  04:38:00,29815.5,29824.5,29811.25,29819.0,-1
20260624  04:39:00,29819.0,29819.25,29805.5,29810.5,-1
20260624  04:40:00,29810.5,29813.75,29798.25,29799.25,-1
20260624  04:41:00,29799.25,29809.75,29795.5,29806.5,-1
20260624  04:42:00,29806.5,29809.5,29802.0,29806.5,-1
20260624  04:43:00,29806.5,29814.5,29803.75,29811.5,-1
20260624  04:44:00,29811.5,29817.0,29807.75,29814.25,-1
20260624  04:45:00,29814.25,29818.0,29803.75,29806.5,-1
20260624  04:46:00,29806.5,29813.0,29803.5,29807.75,-1
20260624  04:47:00,29807.75,29811.5,29802.0,29804.5,-1
20260624  04:48:00,29804.5,29833.25,29802.0,29828.25,-1
20260624  04:49:00,29828.25,29855.75,29827.75,29849.25,-1
20260624  04:50:00,29849.25,29854.5,29843.75,29845.25,-1
20260624  04:51:00,29845.25,29853.5,29841.0,29847.5,-1
20260624  04:52:00,29847.5,29860.25,29843.0,29847.75,-1
20260624  04:53:00,29847.75,29861.0,29839.25,29858.75,-1
20260624  04:54:00,29858.75,29865.5,29853.5,29857.0,-1
20260624  04:55:00,29857.0,29857.5,29838.75,29838.75,-1
20260624  04:56:00,29838.75,29844.0,29833.75,29838.75,-1
20260624  04:57:00,29838.75,29850.5,29837.0,29848.0,-1
20260624  04:58:00,29848.0,29853.75,29846.0,29849.5,-1
20260624  04:59:00,29849.5,29862.25,29844.0,29861.5,-1
20260624  05:00:00,29861.5,29864.5,29837.25,29840.5,-1
20260624  05:01:00,29840.5,29844.0,29825.5,29842.25,-1
20260624  05:02:00,29842.25,29851.75,29841.0,29848.75,-1
20260624  05:03:00,29848.75,29853.0,29836.25,29839.75,-1
20260624  05:04:00,29839.75,29848.5,29836.25,29838.75,-1
20260624  05:05:00,29838.75,29847.0,29833.0,29845.0,-1
20260624  05:06:00,29845.0,29852.5,29839.0,29844.0,-1
20260624  05:07:00,29844.0,29844.75,29834.75,29837.5,-1
20260624  05:08:00,29837.5,29843.75,29832.75,29837.25,-1
20260624  05:09:00,29837.25,29852.25,29837.0,29847.5,-1
20260624  05:10:00,29847.5,29852.75,29834.0,29846.75,-1
20260624  05:11:00,29846.75,29860.5,29835.5,29858.0,-1
20260624  05:12:00,29858.0,29862.75,29851.75,29855.75,-1
20260624  05:13:00,29855.75,29855.75,29841.5,29846.25,-1
20260624  05:14:00,29846.25,29854.25,29843.5,29845.75,-1
20260624  05:15:00,29845.75,29850.25,29831.75,29833.0,-1
20260624  05:16:00,29833.0,29835.5,29823.25,29827.75,-1
20260624  05:17:00,29827.75,29846.25,29825.75,29845.0,-1
20260624  05:18:00,29845.0,29853.5,29843.25,29851.75,-1
20260624  05:19:00,29851.75,29870.5,29847.75,29868.5,-1
20260624  05:20:00,29868.5,29872.75,29860.0,29862.5,-1
20260624  05:21:00,29862.5,29872.25,29861.5,29865.5,-1
20260624  05:22:00,29865.5,29868.75,29855.5,29862.25,-1
20260624  05:23:00,29862.25,29862.5,29846.75,29853.0,-1
20260624  05:24:00,29853.0,29859.25,29851.5,29857.5,-1
20260624  05:25:00,29857.5,29860.75,29848.0,29851.0,-1
20260624  05:26:00,29851.0,29856.0,29839.75,29847.25,-1
20260624  05:27:00,29847.25,29852.25,29843.5,29847.75,-1
20260624  05:28:00,29847.75,29855.0,29845.25,29853.0,-1
20260624  05:29:00,29853.0,29861.75,29851.0,29852.0,-1
20260624  05:30:00,29852.0,29865.25,29846.25,29848.0,-1
20260624  05:31:00,29848.0,29849.0,29838.5,29841.75,-1
20260624  05:32:00,29841.75,29845.25,29832.75,29840.75,-1
20260624  05:33:00,29840.75,29844.5,29837.75,29842.5,-1
20260624  05:34:00,29842.5,29843.0,29820.75,29822.75,-1
20260624  05:35:00,29822.75,29825.0,29806.25,29806.5,-1
20260624  05:36:00,29806.5,29814.75,29799.0,29802.25,-1
20260624  05:37:00,29802.25,29808.75,29796.0,29800.0,-1
20260624  05:38:00,29800.0,29814.5,29798.75,29811.75,-1
20260624  05:39:00,29811.75,29814.5,29808.0,29809.75,-1
20260624  05:40:00,29809.75,29812.75,29802.5,29802.75,-1
20260624  05:41:00,29802.75,29804.5,29783.75,29786.5,-1
20260624  05:42:00,29786.5,29795.75,29785.75,29793.5,-1
20260624  05:43:00,29793.5,29797.0,29791.5,29793.25,-1
20260624  05:44:00,29793.25,29798.0,29788.0,29793.25,-1
20260624  05:45:00,29793.25,29797.5,29788.75,29791.25,-1
20260624  05:46:00,29791.25,29798.0,29787.25,29792.5,-1
20260624  05:47:00,29792.5,29794.5,29786.5,29791.0,-1
20260624  05:48:00,29791.0,29796.5,29784.25,29789.0,-1
20260624  05:49:00,29789.0,29790.25,29772.25,29778.0,-1
20260624  05:50:00,29778.0,29779.75,29764.75,29766.25,-1
20260624  05:51:00,29766.25,29775.75,29765.0,29767.75,-1
20260624  05:52:00,29767.75,29772.5,29765.75,29769.25,-1
20260624  05:53:00,29769.25,29777.25,29768.0,29771.5,-1
20260624  05:54:00,29771.5,29773.5,29759.0,29768.5,-1
20260624  05:55:00,29768.5,29772.5,29754.5,29756.0,-1
20260624  05:56:00,29756.0,29763.75,29754.25,29762.0,-1
20260624  05:57:00,29762.0,29769.75,29760.5,29767.25,-1
20260624  05:58:00,29767.25,29773.5,29759.75,29761.25,-1
20260624  05:59:00,29761.25,29763.75,29752.5,29763.75,-1
20260624  06:00:00,29763.75,29791.25,29752.25,29755.75,-1
20260624  06:01:00,29755.75,29766.5,29752.75,29762.25,-1
20260624  06:02:00,29762.25,29779.5,29760.5,29776.75,-1
20260624  06:03:00,29776.75,29779.5,29759.0,29763.75,-1
20260624  06:04:00,29763.75,29765.0,29746.75,29748.25,-1
20260624  06:05:00,29748.25,29762.75,29746.5,29758.5,-1
20260624  06:06:00,29758.5,29758.75,29741.75,29747.75,-1
20260624  06:07:00,29747.75,29757.0,29741.0,29742.75,-1
20260624  06:08:00,29742.75,29747.75,29734.0,29739.5,-1
20260624  06:09:00,29739.5,29744.0,29723.75,29731.75,-1
20260624  06:10:00,29731.75,29735.25,29719.25,29723.75,-1
20260624  06:11:00,29723.75,29725.0,29704.0,29719.0,-1
20260624  06:12:00,29719.0,29724.5,29708.0,29712.75,-1
20260624  06:13:00,29712.75,29723.0,29710.5,29712.25,-1
20260624  06:14:00,29712.25,29712.75,29698.75,29704.5,-1
20260624  06:15:00,29704.5,29714.25,29699.0,29710.75,-1
20260624  06:16:00,29710.75,29722.25,29706.25,29721.0,-1
20260624  06:17:00,29721.0,29725.75,29711.75,29720.75,-1
20260624  06:18:00,29720.75,29727.5,29713.75,29726.75,-1
20260624  06:19:00,29726.75,29737.25,29724.5,29733.75,-1
20260624  06:20:00,29733.75,29751.0,29729.0,29749.75,-1
20260624  06:21:00,29749.75,29753.25,29728.5,29729.75,-1
20260624  06:22:00,29729.75,29731.75,29722.0,29728.0,-1
20260624  06:23:00,29728.0,29731.25,29713.0,29714.25,-1
20260624  06:24:00,29714.25,29749.25,29692.5,29735.25,-1
20260624  06:25:00,29735.25,29753.25,29730.75,29747.25,-1
20260624  06:26:00,29747.25,29754.5,29742.5,29751.25,-1
20260624  06:27:00,29751.25,29757.0,29725.5,29729.5,-1
20260624  06:28:00,29729.5,29729.5,29703.5,29706.0,-1
20260624  06:29:00,29706.0,29714.25,29703.75,29712.0,-1
20260624  06:30:00,29712.0,29712.0,29636.25,29652.75,-1
20260624  06:31:00,29652.75,29688.75,29647.25,29666.5,-1
20260624  06:32:00,29666.5,29811.75,29665.0,29792.25,-1
20260624  06:33:00,29792.25,29840.0,29787.75,29818.5,-1
20260624  06:34:00,29818.5,29826.25,29794.0,29809.75,-1
20260624  06:35:00,29809.75,29832.0,29796.25,29816.5,-1
20260624  06:36:00,29816.5,29841.25,29751.5,29771.0,-1
20260624  06:37:00,29771.0,29807.25,29761.0,29804.75,-1
20260624  06:38:00,29804.75,29807.25,29745.25,29760.25,-1
20260624  06:39:00,29760.25,29770.5,29720.5,29727.5,-1
20260624  06:40:00,29727.5,29741.25,29667.5,29672.0,-1
20260624  06:41:00,29672.0,29689.5,29628.5,29629.25,-1
20260624  06:42:00,29629.25,29662.25,29613.0,29617.25,-1
20260624  06:43:00,29617.25,29644.5,29603.75,29635.0,-1
20260624  06:44:00,29635.0,29675.0,29628.25,29661.75,-1
20260624  06:45:00,29661.75,29711.0,29637.0,29683.25,-1
20260624  06:46:00,29683.25,29714.25,29642.5,29702.25,-1
20260624  06:47:00,29702.25,29707.0,29645.25,29651.5,-1
20260624  06:48:00,29651.5,29656.5,29563.75,29587.0,-1
20260624  06:49:00,29587.0,29683.75,29585.75,29661.0,-1
20260624  06:50:00,29661.0,29730.25,29657.75,29722.75,-1
20260624  06:51:00,29722.75,29773.0,29712.0,29767.5,-1
20260624  06:52:00,29767.5,29783.5,29741.0,29762.0,-1
20260624  06:53:00,29762.0,29778.0,29744.25,29769.75,-1
20260624  06:54:00,29769.75,29789.5,29758.75,29767.25,-1
20260624  06:55:00,29767.25,29770.5,29697.25,29715.75,-1
20260624  06:56:00,29715.75,29727.25,29685.5,29690.5,-1
20260624  06:57:00,29690.5,29717.25,29674.0,29690.0,-1
20260624  06:58:00,29690.0,29711.25,29666.75,29702.5,-1
20260624  06:59:00,29702.5,29721.0,29678.5,29685.5,-1
20260624  07:00:00,29685.5,29717.75,29638.75,29651.25,-1
20260624  07:01:00,29651.25,29690.25,29646.25,29664.5,-1
20260624  07:02:00,29664.5,29685.75,29626.75,29667.25,-1
20260624  07:03:00,29667.25,29674.25,29631.25,29641.25,-1
20260624  07:04:00,29641.25,29680.5,29633.5,29666.5,-1
20260624  07:05:00,29666.5,29719.5,29663.25,29694.0,-1
20260624  07:06:00,29694.0,29725.5,29662.0,29676.75,-1
20260624  07:07:00,29676.75,29718.5,29674.75,29676.5,-1
20260624  07:08:00,29676.5,29699.5,29646.5,29653.75,-1
20260624  07:09:00,29653.75,29683.5,29645.0,29675.25,-1
20260624  07:10:00,29675.25,29722.5,29658.75,29701.0,-1
20260624  07:11:00,29701.0,29707.0,29655.5,29671.75,-1
20260624  07:12:00,29671.75,29696.0,29634.75,29675.25,-1
20260624  07:13:00,29675.25,29676.0,29635.75,29652.75,-1
20260624  07:14:00,29652.75,29669.5,29637.25,29666.0,-1
20260624  07:15:00,29666.0,29695.25,29623.0,29623.75,-1
20260624  07:16:00,29623.75,29638.75,29593.25,29596.75,-1
20260624  07:17:00,29596.75,29621.25,29583.5,29585.25,-1
20260624  07:18:00,29585.25,29612.75,29583.75,29603.0,-1
20260624  07:19:00,29603.0,29605.25,29575.75,29581.75,-1
20260624  07:20:00,29581.75,29584.0,29525.5,29564.25,-1
20260624  07:21:00,29564.25,29637.0,29549.75,29626.5,-1
20260624  07:22:00,29626.5,29656.5,29621.0,29636.25,-1
20260624  07:23:00,29636.25,29668.25,29618.75,29648.25,-1
20260624  07:24:00,29648.25,29676.75,29639.5,29664.5,-1
20260624  07:25:00,29664.5,29702.25,29658.75,29677.5,-1
20260624  07:26:00,29677.5,29697.5,29651.25,29658.0,-1
20260624  07:27:00,29658.0,29722.25,29657.25,29713.75,-1
20260624  07:28:00,29713.75,29731.5,29701.75,29703.25,-1
20260624  07:29:00,29703.25,29710.25,29686.5,29706.0,-1
20260624  07:30:00,29706.0,29757.0,29703.5,29754.25,-1
20260624  07:31:00,29754.25,29765.25,29736.75,29764.25,-1
20260624  07:32:00,29764.25,29776.75,29748.25,29759.5,-1
20260624  07:33:00,29759.5,29761.5,29730.25,29741.75,-1
20260624  07:34:00,29741.75,29768.5,29741.75,29762.25,-1
20260624  07:35:00,29762.25,29783.25,29758.0,29775.75,-1
20260624  07:36:00,29775.75,29791.0,29757.0,29775.25,-1
20260624  07:37:00,29775.25,29780.75,29757.0,29771.5,-1
20260624  07:38:00,29771.5,29788.0,29760.25,29767.25,-1
20260624  07:39:00,29767.25,29769.5,29721.5,29725.5,-1
20260624  07:40:00,29725.5,29765.0,29723.0,29756.5,-1
20260624  07:41:00,29756.5,29760.25,29726.0,29738.75,-1
20260624  07:42:00,29738.75,29739.75,29710.5,29721.25,-1
20260624  07:43:00,29721.25,29734.0,29714.25,29731.5,-1
20260624  07:44:00,29731.5,29793.75,29727.25,29787.0,-1
20260624  07:45:00,29787.0,29812.5,29780.25,29791.25,-1
20260624  07:46:00,29791.25,29849.25,29782.5,29847.25,-1
20260624  07:47:00,29847.25,29867.0,29836.5,29863.0,-1
20260624  07:48:00,29863.0,29877.5,29842.5,29848.0,-1
20260624  07:49:00,29848.0,29855.0,29826.25,29832.5,-1
20260624  07:50:00,29832.5,29866.75,29832.25,29846.25,-1
20260624  07:51:00,29846.25,29858.0,29828.75,29845.5,-1
20260624  07:52:00,29845.5,29864.75,29839.0,29858.25,-1
20260624  07:53:00,29858.25,29865.25,29847.75,29856.25,-1
20260624  07:54:00,29856.25,29857.0,29810.75,29812.0,-1
20260624  07:55:00,29812.0,29819.5,29790.5,29800.5,-1
20260624  07:56:00,29800.5,29823.5,29798.5,29817.5,-1
20260624  07:57:00,29817.5,29839.25,29806.75,29833.25,-1
20260624  07:58:00,29833.25,29869.75,29830.5,29861.25,-1
20260624  07:59:00,29861.25,29893.0,29853.25,29890.75,-1
20260624  08:00:00,29890.75,29901.75,29880.75,29884.25,-1
20260624  08:01:00,29884.25,29907.25,29877.25,29894.25,-1
20260624  08:02:00,29894.25,29902.25,29861.5,29864.75,-1
20260624  08:03:00,29864.75,29876.75,29850.0,29872.25,-1
20260624  08:04:00,29872.25,29881.5,29840.75,29858.25,-1
20260624  08:05:00,29858.25,29866.25,29847.0,29853.25,-1
20260624  08:06:00,29853.25,29855.25,29829.5,29838.5,-1
20260624  08:07:00,29838.5,29843.5,29814.5,29817.25,-1
20260624  08:08:00,29817.25,29832.75,29794.75,29801.25,-1
20260624  08:09:00,29801.25,29805.25,29772.25,29784.5,-1
20260624  08:10:00,29784.5,29806.25,29774.5,29787.75,-1
20260624  08:11:00,29787.75,29800.5,29783.5,29789.0,-1
20260624  08:12:00,29789.0,29791.25,29750.5,29754.75,-1
20260624  08:13:00,29754.75,29767.5,29748.25,29765.5,-1
20260624  08:14:00,29765.5,29803.0,29759.75,29782.25,-1
20260624  08:15:00,29782.25,29791.5,29769.25,29779.75,-1
20260624  08:16:00,29779.75,29813.75,29766.25,29803.25,-1
20260624  08:17:00,29803.25,29820.5,29784.5,29811.75,-1
20260624  08:18:00,29811.75,29821.25,29795.75,29798.25,-1
20260624  08:19:00,29798.25,29800.0,29762.0,29789.25,-1
20260624  08:20:00,29789.25,29800.0,29781.0,29790.0,-1
20260624  08:21:00,29790.0,29800.5,29770.25,29772.75,-1
20260624  08:22:00,29772.75,29784.0,29767.25,29774.75,-1
20260624  08:23:00,29774.75,29792.5,29760.5,29786.25,-1
20260624  08:24:00,29786.25,29790.25,29732.25,29739.25,-1
20260624  08:25:00,29739.25,29740.25,29704.0,29713.25,-1
20260624  08:26:00,29713.25,29746.0,29713.0,29743.5,-1
20260624  08:27:00,29743.5,29780.5,29741.5,29769.25,-1
20260624  08:28:00,29769.25,29772.5,29750.5,29755.5,-1
20260624  08:29:00,29755.5,29802.5,29754.75,29800.0,-1
20260624  08:30:00,29800.0,29828.5,29785.75,29817.5,-1
20260624  08:31:00,29817.5,29819.25,29786.0,29788.0,-1
20260624  08:32:00,29788.0,29801.5,29772.5,29786.0,-1
20260624  08:33:00,29786.0,29791.5,29755.0,29762.25,-1
20260624  08:34:00,29762.25,29795.75,29760.0,29778.75,-1
20260624  08:35:00,29778.75,29809.0,29764.75,29803.25,-1
20260624  08:36:00,29803.25,29809.75,29780.75,29790.25,-1
20260624  08:37:00,29790.25,29799.0,29779.5,29796.75,-1
20260624  08:38:00,29796.75,29799.5,29774.75,29775.0,-1
20260624  08:39:00,29775.0,29776.25,29744.25,29762.25,-1
20260624  08:40:00,29762.25,29773.0,29748.25,29758.0,-1
20260624  08:41:00,29758.0,29763.75,29733.25,29739.75,-1
20260624  08:42:00,29739.75,29744.0,29712.25,29722.25,-1
20260624  08:43:00,29722.25,29733.5,29714.0,29724.75,-1
20260624  08:44:00,29724.75,29744.5,29716.5,29743.75,-1
20260624  08:45:00,29743.75,29745.25,29706.75,29719.25,-1
20260624  08:46:00,29719.25,29733.5,29706.75,29708.0,-1
20260624  08:47:00,29708.0,29728.25,29700.0,29717.25,-1
20260624  08:48:00,29717.25,29743.0,29710.5,29714.25,-1
20260624  08:49:00,29714.25,29769.5,29710.75,29761.75,-1
20260624  08:50:00,29761.75,29788.75,29760.5,29783.0,-1
20260624  08:51:00,29783.0,29796.5,29777.75,29789.5,-1
20260624  08:52:00,29789.5,29803.0,29769.5,29802.75,-1
20260624  08:53:00,29802.75,29809.75,29791.75,29802.0,-1
20260624  08:54:00,29802.0,29802.0,29776.25,29787.0,-1
20260624  08:55:00,29787.0,29805.75,29784.5,29792.0,-1
20260624  08:56:00,29792.0,29796.75,29763.0,29778.25,-1
20260624  08:57:00,29778.25,29788.75,29773.25,29781.75,-1
20260624  08:58:00,29781.75,29781.75,29749.0,29750.0,-1
20260624  08:59:00,29750.0,29762.75,29747.75,29756.0,-1
20260624  09:00:00,29756.0,29785.25,29738.25,29766.5,-1
20260624  09:01:00,29766.5,29779.75,29758.0,29758.5,-1
20260624  09:02:00,29758.5,29776.25,29756.5,29766.75,-1
20260624  09:03:00,29766.75,29773.75,29745.25,29756.5,-1
20260624  09:04:00,29756.5,29770.25,29753.25,29762.25,-1
20260624  09:05:00,29762.25,29766.5,29744.5,29756.5,-1
20260624  09:06:00,29756.5,29771.5,29730.5,29736.5,-1
20260624  09:07:00,29736.5,29763.25,29733.75,29762.5,-1
20260624  09:08:00,29762.5,29777.25,29747.0,29749.25,-1
20260624  09:09:00,29749.25,29763.75,29741.75,29759.75,-1
20260624  09:10:00,29759.75,29793.0,29745.5,29792.5,-1
20260624  09:11:00,29792.5,29806.0,29784.0,29786.0,-1
20260624  09:12:00,29786.0,29787.0,29767.5,29774.25,-1
20260624  09:13:00,29774.25,29774.5,29753.75,29766.75,-1
20260624  09:14:00,29766.75,29784.75,29765.75,29774.25,-1
20260624  09:15:00,29774.25,29792.75,29773.0,29774.0,-1
20260624  09:16:00,29774.0,29782.25,29762.5,29775.75,-1
20260624  09:17:00,29775.75,29780.25,29762.0,29769.0,-1
20260624  09:18:00,29769.0,29782.0,29760.25,29778.5,-1
20260624  09:19:00,29778.5,29784.75,29766.25,29775.25,-1
20260624  09:20:00,29775.25,29784.75,29764.25,29771.75,-1
20260624  09:21:00,29771.75,29775.75,29754.75,29761.0,-1
20260624  09:22:00,29761.0,29797.25,29755.75,29794.5,-1
20260624  09:23:00,29794.5,29801.0,29784.75,29787.5,-1
20260624  09:24:00,29787.5,29796.5,29774.0,29781.75,-1
20260624  09:25:00,29781.75,29784.75,29745.5,29747.5,-1
20260624  09:26:00,29747.5,29756.25,29740.75,29752.25,-1
20260624  09:27:00,29752.25,29760.5,29743.75,29751.75,-1
20260624  09:28:00,29751.75,29761.25,29747.5,29758.75,-1
20260624  09:29:00,29758.75,29769.0,29750.5,29753.25,-1
20260624  09:30:00,29753.25,29754.75,29724.25,29731.25,-1
20260624  09:31:00,29731.25,29738.75,29708.25,29720.0,-1
20260624  09:32:00,29720.0,29722.25,29707.75,29712.5,-1
20260624  09:33:00,29712.5,29725.0,29705.5,29718.5,-1
20260624  09:34:00,29718.5,29722.75,29706.5,29713.0,-1
20260624  09:35:00,29713.0,29735.0,29711.5,29728.5,-1
20260624  09:36:00,29728.5,29731.25,29678.5,29685.5,-1
20260624  09:37:00,29685.5,29690.5,29660.25,29671.75,-1
20260624  09:38:00,29671.75,29682.25,29662.5,29664.25,-1
20260624  09:39:00,29664.25,29671.25,29650.0,29653.5,-1
20260624  09:40:00,29653.5,29655.5,29622.25,29648.25,-1
20260624  09:41:00,29648.25,29651.75,29616.0,29642.0,-1
20260624  09:42:00,29642.0,29642.0,29610.5,29621.75,-1
20260624  09:43:00,29621.75,29635.5,29614.0,29626.0,-1
20260624  09:44:00,29626.0,29647.0,29622.75,29640.5,-1
20260624  09:45:00,29640.5,29641.0,29612.5,29621.0,-1
20260624  09:46:00,29621.0,29633.5,29613.0,29613.75,-1
20260624  09:47:00,29613.75,29643.5,29610.5,29637.0,-1
20260624  09:48:00,29637.0,29655.0,29633.75,29645.25,-1
20260624  09:49:00,29645.25,29652.75,29637.75,29639.0,-1
20260624  09:50:00,29639.0,29671.0,29636.25,29663.0,-1
20260624  09:51:00,29663.0,29666.25,29644.75,29649.75,-1
20260624  09:52:00,29649.75,29659.75,29632.5,29635.0,-1
20260624  09:53:00,29635.0,29647.25,29626.75,29628.5,-1
20260624  09:54:00,29628.5,29635.5,29612.25,29613.75,-1
20260624  09:55:00,29613.75,29617.5,29595.75,29609.0,-1
20260624  09:56:00,29609.0,29627.25,29607.25,29609.0,-1
20260624  09:57:00,29609.0,29613.75,29597.0,29605.75,-1
20260624  09:58:00,29605.75,29618.25,29602.5,29609.75,-1
20260624  09:59:00,29609.75,29614.0,29597.0,29606.25,-1
20260624  10:00:00,29606.25,29622.0,29592.5,29612.5,-1
20260624  10:01:00,29612.5,29624.25,29603.5,29622.5,-1
20260624  10:02:00,29622.5,29648.75,29610.0,29641.25,-1
20260624  10:03:00,29641.25,29657.5,29636.25,29656.5,-1
20260624  10:04:00,29656.5,29661.25,29647.5,29659.0,-1
20260624  10:05:00,29659.0,29661.0,29632.25,29633.75,-1
20260624  10:06:00,29633.75,29636.5,29595.75,29597.5,-1
20260624  10:07:00,29597.5,29600.5,29555.5,29560.0,-1
20260624  10:08:00,29560.0,29571.5,29543.75,29553.25,-1
20260624  10:09:00,29553.25,29565.5,29548.0,29565.0,-1
20260624  10:10:00,29565.0,29587.75,29551.0,29585.25,-1
20260624  10:11:00,29585.25,29588.5,29561.25,29564.5,-1
20260624  10:12:00,29564.5,29586.25,29559.75,29566.25,-1
20260624  10:13:00,29566.25,29567.5,29538.25,29545.5,-1
20260624  10:14:00,29545.5,29561.75,29540.75,29548.0,-1
20260624  10:15:00,29548.0,29571.5,29544.0,29558.75,-1
20260624  10:16:00,29558.75,29559.25,29493.0,29500.5,-1
20260624  10:17:00,29500.5,29522.5,29491.5,29511.25,-1
20260624  10:18:00,29511.25,29513.75,29481.75,29486.25,-1
20260624  10:19:00,29486.25,29506.5,29478.75,29492.25,-1
20260624  10:20:00,29492.25,29495.25,29455.0,29458.0,-1
20260624  10:21:00,29458.0,29476.75,29450.0,29463.0,-1
20260624  10:22:00,29463.0,29487.75,29462.75,29470.5,-1
20260624  10:23:00,29470.5,29472.25,29447.0,29454.75,-1
20260624  10:24:00,29454.75,29470.25,29447.25,29456.75,-1
20260624  10:25:00,29456.75,29464.25,29426.25,29454.75,-1
20260624  10:26:00,29454.75,29464.25,29441.5,29445.75,-1
20260624  10:27:00,29445.75,29456.25,29432.25,29433.25,-1
20260624  10:28:00,29433.25,29435.0,29403.25,29406.25,-1
20260624  10:29:00,29406.25,29428.0,29403.0,29410.75,-1
20260624  10:30:00,29410.75,29442.0,29402.5,29431.0,-1
20260624  10:31:00,29431.0,29434.0,29378.75,29388.0,-1
20260624  10:32:00,29388.0,29402.75,29371.75,29391.25,-1
20260624  10:33:00,29391.25,29409.0,29365.0,29398.25,-1
20260624  10:34:00,29398.25,29434.0,29396.75,29427.0,-1
20260624  10:35:00,29427.0,29465.5,29423.25,29430.25,-1
20260624  10:36:00,29430.25,29439.5,29400.75,29409.0,-1
20260624  10:37:00,29409.0,29416.0,29394.75,29409.0,-1
20260624  10:38:00,29409.0,29426.0,29392.0,29417.5,-1
20260624  10:39:00,29417.5,29444.5,29409.75,29439.5,-1
20260624  10:40:00,29439.5,29451.75,29424.75,29434.25,-1
20260624  10:41:00,29434.25,29458.25,29433.25,29448.75,-1
20260624  10:42:00,29448.75,29461.25,29438.25,29451.75,-1
20260624  10:43:00,29451.75,29452.0,29421.5,29426.5,-1
20260624  10:44:00,29426.5,29430.0,29400.75,29410.75,-1
20260624  10:45:00,29410.75,29433.25,29397.0,29397.25,-1
20260624  10:46:00,29397.25,29438.0,29387.25,29433.25,-1
20260624  10:47:00,29433.25,29462.75,29426.25,29454.5,-1
20260624  10:48:00,29454.5,29461.25,29434.25,29441.75,-1
20260624  10:49:00,29441.75,29453.5,29428.0,29442.0,-1
20260624  10:50:00,29442.0,29451.75,29416.25,29435.0,-1
20260624  10:51:00,29435.0,29446.5,29421.25,29430.5,-1
20260624  10:52:00,29430.5,29436.75,29410.75,29416.25,-1
20260624  10:53:00,29416.25,29433.0,29410.25,29430.5,-1
20260624  10:54:00,29430.5,29436.25,29414.25,29428.25,-1
20260624  10:55:00,29428.25,29460.75,29428.0,29453.5,-1
20260624  10:56:00,29453.5,29463.75,29436.75,29446.25,-1
20260624  10:57:00,29446.25,29446.25,29407.75,29411.25,-1
20260624  10:58:00,29411.25,29411.25,29374.25,29383.0,-1
20260624  10:59:00,29383.0,29401.5,29380.75,29388.75,-1
20260624  11:00:00,29388.75,29413.0,29377.0,29399.0,-1
20260624  11:01:00,29399.0,29451.75,29393.0,29427.25,-1
20260624  11:02:00,29427.25,29429.0,29400.75,29415.75,-1
20260624  11:03:00,29415.75,29417.75,29396.5,29403.25,-1
20260624  11:04:00,29403.25,29416.0,29397.25,29407.75,-1
20260624  11:05:00,29407.75,29429.0,29403.75,29415.25,-1
20260624  11:06:00,29415.25,29457.75,29413.0,29442.25,-1
20260624  11:07:00,29442.25,29463.25,29423.75,29431.25,-1
20260624  11:08:00,29431.25,29452.25,29425.5,29434.0,-1
20260624  11:09:00,29434.0,29452.25,29429.5,29449.75,-1
20260624  11:10:00,29449.75,29454.75,29438.0,29445.25,-1
20260624  11:11:00,29445.25,29451.5,29427.75,29429.0,-1
20260624  11:12:00,29429.0,29443.25,29413.5,29426.25,-1
20260624  11:13:00,29426.25,29437.5,29421.5,29435.5,-1
20260624  11:14:00,29435.5,29447.5,29420.5,29442.0,-1
20260624  11:15:00,29442.0,29499.25,29440.5,29492.75,-1
20260624  11:16:00,29492.75,29503.0,29474.25,29498.5,-1
20260624  11:17:00,29498.5,29504.5,29483.75,29493.5,-1
20260624  11:18:00,29493.5,29494.25,29453.75,29487.75,-1
20260624  11:19:00,29487.75,29517.0,29481.25,29510.25,-1
20260624  11:20:00,29510.25,29516.5,29496.5,29502.25,-1
20260624  11:21:00,29502.25,29513.25,29496.75,29506.25,-1
20260624  11:22:00,29506.25,29517.5,29500.5,29513.0,-1
20260624  11:23:00,29513.0,29526.25,29512.0,29523.5,-1
20260624  11:24:00,29523.5,29538.75,29515.0,29538.25,-1
20260624  11:25:00,29538.25,29563.25,29536.5,29559.0,-1
20260624  11:26:00,29559.0,29560.75,29538.75,29541.0,-1
20260624  11:27:00,29541.0,29551.0,29533.75,29538.25,-1
20260624  11:28:00,29538.25,29558.5,29529.0,29556.5,-1
20260624  11:29:00,29556.5,29559.75,29535.25,29539.75,-1
20260624  11:30:00,29539.75,29556.0,29530.0,29542.5,-1
20260624  11:31:00,29542.5,29547.5,29528.0,29540.75,-1
20260624  11:32:00,29540.75,29542.5,29526.5,29528.0,-1
20260624  11:33:00,29528.0,29531.5,29497.25,29501.75,-1
20260624  11:34:00,29501.75,29523.0,29501.0,29511.75,-1
20260624  11:35:00,29511.75,29517.0,29471.5,29482.25,-1
20260624  11:36:00,29482.25,29493.75,29465.5,29493.0,-1
20260624  11:37:00,29493.0,29510.5,29480.25,29485.75,-1
20260624  11:38:00,29485.75,29497.25,29477.25,29482.0,-1
20260624  11:39:00,29482.0,29488.75,29461.5,29469.5,-1
20260624  11:40:00,29469.5,29479.5,29425.75,29438.5,-1
20260624  11:41:00,29438.5,29462.25,29431.0,29446.5,-1
20260624  11:42:00,29446.5,29464.25,29441.5,29455.5,-1
20260624  11:43:00,29455.5,29456.5,29430.0,29436.5,-1
20260624  11:44:00,29436.5,29450.5,29428.0,29448.5,-1
20260624  11:45:00,29448.5,29448.75,29427.0,29432.25,-1
20260624  11:46:00,29432.25,29437.75,29407.25,29408.75,-1
20260624  11:47:00,29408.75,29416.0,29381.5,29384.0,-1
20260624  11:48:00,29384.0,29389.0,29368.25,29374.0,-1
20260624  11:49:00,29374.0,29376.0,29336.25,29355.75,-1
20260624  11:50:00,29355.75,29364.5,29331.5,29340.25,-1
20260624  11:51:00,29340.25,29349.25,29324.5,29329.75,-1
20260624  11:52:00,29329.75,29356.0,29325.5,29338.25,-1
20260624  11:53:00,29338.25,29359.25,29337.5,29347.75,-1
20260624  11:54:00,29347.75,29376.0,29346.5,29366.25,-1
20260624  11:55:00,29366.25,29377.0,29354.25,29368.75,-1
20260624  11:56:00,29368.75,29390.5,29362.75,29387.75,-1
20260624  11:57:00,29387.75,29410.5,29371.0,29375.0,-1
20260624  11:58:00,29375.0,29375.5,29336.25,29343.75,-1
20260624  11:59:00,29343.75,29347.5,29329.25,29345.25,-1
20260624  12:00:00,29345.25,29355.5,29310.75,29332.25,-1
20260624  12:01:00,29332.25,29341.5,29316.5,29317.75,-1
20260624  12:02:00,29317.75,29362.5,29314.75,29354.0,-1
20260624  12:03:00,29354.0,29414.0,29350.0,29399.5,-1
20260624  12:04:00,29399.5,29404.75,29384.75,29393.25,-1
20260624  12:05:00,29393.25,29395.5,29340.5,29355.5,-1
20260624  12:06:00,29355.5,29359.25,29305.5,29307.0,-1
20260624  12:07:00,29307.0,29310.25,29280.25,29291.0,-1
20260624  12:08:00,29291.0,29298.75,29279.25,29297.25,-1
20260624  12:09:00,29297.25,29312.75,29292.0,29298.5,-1
20260624  12:10:00,29298.5,29314.0,29273.25,29303.25,-1
20260624  12:11:00,29303.25,29306.0,29275.0,29275.25,-1
20260624  12:12:00,29275.25,29290.75,29268.25,29273.75,-1
20260624  12:13:00,29273.75,29281.5,29264.25,29269.75,-1
20260624  12:14:00,29269.75,29318.0,29269.0,29311.5,-1
20260624  12:15:00,29311.5,29318.5,29290.0,29303.0,-1
20260624  12:16:00,29303.0,29308.5,29286.25,29291.0,-1
20260624  12:17:00,29291.0,29313.25,29290.0,29302.5,-1
20260624  12:18:00,29302.5,29312.0,29291.5,29310.5,-1
20260624  12:19:00,29310.5,29322.5,29300.75,29312.5,-1
20260624  12:20:00,29312.5,29320.25,29295.0,29303.75,-1
20260624  12:21:00,29303.75,29322.5,29301.0,29313.75,-1
20260624  12:22:00,29313.75,29328.75,29303.25,29322.25,-1
20260624  12:23:00,29322.25,29338.25,29319.5,29329.0,-1
20260624  12:24:00,29329.0,29350.25,29316.5,29350.25,-1
20260624  12:25:00,29350.25,29375.5,29345.25,29356.25,-1
20260624  12:26:00,29356.25,29381.25,29347.5,29380.5,-1
20260624  12:27:00,29380.5,29390.75,29358.5,29368.75,-1
20260624  12:28:00,29368.75,29383.0,29363.0,29373.25,-1
20260624  12:29:00,29373.25,29395.75,29369.75,29384.5,-1
20260624  12:30:00,29384.5,29412.0,29371.5,29405.0,-1
20260624  12:31:00,29405.0,29409.0,29380.75,29387.5,-1
20260624  12:32:00,29387.5,29397.5,29372.25,29391.5,-1
20260624  12:33:00,29391.5,29401.5,29378.5,29388.25,-1
20260624  12:34:00,29388.25,29405.75,29386.0,29399.0,-1
20260624  12:35:00,29399.0,29405.25,29376.0,29391.25,-1
20260624  12:36:00,29391.25,29434.75,29386.5,29431.75,-1
20260624  12:37:00,29431.75,29434.5,29408.75,29409.5,-1
20260624  12:38:00,29409.5,29425.0,29403.5,29412.5,-1
20260624  12:39:00,29412.5,29442.5,29405.25,29429.25,-1
20260624  12:40:00,29429.25,29446.75,29418.25,29427.0,-1
20260624  12:41:00,29427.0,29434.25,29402.25,29405.5,-1
20260624  12:42:00,29405.5,29407.5,29357.0,29366.0,-1
20260624  12:43:00,29366.0,29394.75,29365.5,29378.75,-1
20260624  12:44:00,29378.75,29399.75,29373.25,29388.0,-1
20260624  12:45:00,29388.0,29426.0,29373.5,29420.0,-1
20260624  12:46:00,29420.0,29421.0,29397.0,29402.25,-1
20260624  12:47:00,29402.25,29413.5,29388.0,29408.75,-1
20260624  12:48:00,29408.75,29413.5,29396.75,29408.0,-1
20260624  12:49:00,29408.0,29424.0,29397.25,29422.25,-1
20260624  12:50:00,29422.25,29453.25,29400.5,29435.25,-1
20260624  12:51:00,29435.25,29466.25,29432.25,29456.25,-1
20260624  12:52:00,29456.25,29471.25,29448.0,29459.75,-1
20260624  12:53:00,29459.75,29486.5,29457.0,29482.75,-1
20260624  12:54:00,29482.75,29490.25,29461.0,29482.75,-1
20260624  12:55:00,29482.75,29483.75,29455.5,29478.75,-1
20260624  12:56:00,29478.75,29483.25,29454.25,29454.25,-1
20260624  12:57:00,29454.25,29465.75,29434.75,29463.75,-1
20260624  12:58:00,29463.75,29475.5,29458.75,29466.25,-1
20260624  12:59:00,29466.25,29529.0,29465.5,29514.5,-1
20260624  13:00:00,29514.5,29547.25,29487.0,29545.0,-1
20260624  13:01:00,29545.0,29658.0,29510.0,29655.0,-1
20260624  13:02:00,29655.0,29672.0,29596.0,29655.5,-1
20260624  13:03:00,29655.5,29701.0,29628.0,29697.0,-1
20260624  13:04:00,29697.0,29746.25,29671.75,29746.25,-1
20260624  13:05:00,29746.25,29794.25,29727.5,29787.75,-1
20260624  13:06:00,29787.75,29835.0,29787.75,29820.75,-1
20260624  13:07:00,29820.75,29831.5,29797.5,29799.75,-1
20260624  13:08:00,29799.75,29877.25,29798.75,29874.25,-1
20260624  13:09:00,29874.25,29885.75,29864.75,29865.25,-1
20260624  13:10:00,29865.25,29879.5,29843.75,29870.25,-1
20260624  13:11:00,29870.25,29889.75,29863.0,29864.0,-1
20260624  13:12:00,29864.0,29871.5,29830.0,29844.75,-1
20260624  13:13:00,29844.75,29885.25,29829.25,29884.0,-1
20260624  13:14:00,29884.0,29890.0,29867.5,29884.5,-1
20260624  13:15:00,29884.5,29885.75,29861.0,29868.0,-1
20260624  13:16:00,29868.0,29874.25,29856.0,29872.5,-1
20260624  13:17:00,29872.5,29891.0,29857.75,29863.0,-1
20260624  13:18:00,29863.0,29884.75,29857.25,29884.5,-1
20260624  13:19:00,29884.5,29887.5,29871.5,29880.5,-1
20260624  13:20:00,29880.5,29909.5,29877.5,29899.25,-1
20260624  13:21:00,29899.25,29944.75,29899.25,29941.75,-1
20260624  13:22:00,29941.75,29969.5,29937.75,29944.0,-1
20260624  13:23:00,29944.0,29975.0,29942.75,29972.5,-1
20260624  13:24:00,29972.5,29992.25,29967.75,29991.25,-1
20260624  13:25:00,29991.25,30009.25,29975.5,30007.5,-1
20260624  13:26:00,30007.5,30029.75,29998.25,30022.5,-1
20260624  13:27:00,30022.5,30024.5,29998.5,30013.5,-1
20260624  13:28:00,30013.5,30015.5,29995.75,30011.25,-1
20260624  13:29:00,30011.25,30027.0,30008.5,30010.0,-1
20260624  13:30:00,30010.0,30018.25,30001.75,30011.25,-1
20260624  13:31:00,30011.25,30020.5,29997.75,30017.0,-1
20260624  13:32:00,30017.0,30030.75,29998.25,30003.25,-1
20260624  13:33:00,30003.25,30011.75,29986.25,29987.0,-1
20260624  13:34:00,29987.0,29987.25,29967.25,29967.75,-1
20260624  13:35:00,29967.75,30013.75,29966.25,29999.75,-1
20260624  13:36:00,29999.75,29999.75,29986.75,29988.25,-1
20260624  13:37:00,29988.25,30017.25,29988.25,30004.5,-1
20260624  13:38:00,30004.5,30017.0,30002.25,30014.5,-1
20260624  13:39:00,30014.5,30034.75,30011.75,30034.75,-1
20260624  13:40:00,30034.75,30044.0,30028.25,30035.75,-1
20260624  13:41:00,30035.75,30063.5,30026.75,30051.0,-1
20260624  13:42:00,30051.0,30059.25,30042.25,30055.75,-1
20260624  13:43:00,30055.75,30089.75,30053.75,30088.25,-1
20260624  13:44:00,30088.25,30101.5,30081.0,30094.75,-1
20260624  13:45:00,30094.75,30098.75,30083.75,30094.0,-1
20260624  13:46:00,30094.0,30107.5,30090.75,30106.5,-1
20260624  13:47:00,30106.5,30137.25,30105.75,30127.25,-1
20260624  13:48:00,30127.25,30153.5,30114.5,30152.75,-1
20260624  13:49:00,30152.75,30157.25,30116.0,30130.0,-1
20260624  13:50:00,30130.0,30132.75,30102.75,30122.0,-1
20260624  13:51:00,30122.0,30124.5,30092.25,30098.25,-1
20260624  13:52:00,30098.25,30120.5,30098.0,30111.25,-1
20260624  13:53:00,30111.25,30114.25,30098.25,30108.25,-1
20260624  13:54:00,30108.25,30117.0,30105.25,30107.75,-1
20260624  13:55:00,30107.75,30108.25,30086.5,30090.75,-1
20260624  13:56:00,30090.75,30096.0,30079.25,30080.75,-1
20260624  13:57:00,30080.75,30106.25,30080.5,30105.75,-1
20260624  13:58:00,30105.75,30106.25,30083.75,30089.0,-1
20260624  13:59:00,30089.0,30096.25,30085.25,30096.0,-1
20260624  15:00:00,30089.75,30163.0,30086.25,30153.25,-1
20260624  15:01:00,30153.25,30168.0,30141.25,30144.75,-1
20260624  15:02:00,30144.75,30149.25,30122.5,30135.0,-1
20260624  15:03:00,30135.0,30135.5,30110.25,30120.5,-1
20260624  15:04:00,30120.5,30132.5,30087.25,30091.75,-1
20260624  15:05:00,30091.75,30097.5,30078.0,30078.0,-1
20260624  15:06:00,30078.0,30079.75,30064.0,30067.5,-1
20260624  15:07:00,30067.5,30074.5,30063.0,30065.25,-1
20260624  15:08:00,30065.25,30078.25,30064.5,30074.0,-1
20260624  15:09:00,30074.0,30077.5,30065.5,30072.0,-1
20260624  15:10:00,30072.0,30089.25,30070.75,30085.75,-1
20260624  15:11:00,30085.75,30094.25,30080.75,30094.0,-1
20260624  15:12:00,30094.0,30106.75,30090.25,30102.0,-1
20260624  15:13:00,30102.0,30103.0,30079.5,30083.0,-1
20260624  15:14:00,30083.0,30087.25,30069.25,30073.25,-1
20260624  15:15:00,30073.25,30076.5,30064.5,30066.0,-1
20260624  15:16:00,30066.0,30075.0,30064.0,30068.5,-1
20260624  15:17:00,30068.5,30072.5,30064.5,30067.75,-1
20260624  15:18:00,30067.75,30077.25,30060.75,30062.5,-1
20260624  15:19:00,30062.5,30064.0,30057.0,30062.25,-1
20260624  15:20:00,30062.25,30090.75,30057.0,30079.25,-1
20260624  15:21:00,30079.25,30084.0,30070.0,30083.5,-1
20260624  15:22:00,30083.5,30085.0,30075.5,30078.75,-1
20260624  15:23:00,30078.75,30081.75,30071.5,30075.25,-1
20260624  15:24:00,30075.25,30075.75,30062.5,30064.5,-1
20260624  15:25:00,30064.5,30073.75,30056.25,30073.25,-1
20260624  15:26:00,30073.25,30073.5,30056.0,30058.0,-1
20260624  15:27:00,30058.0,30065.25,30053.5,30059.25,-1
20260624  15:28:00,30059.25,30078.75,30059.25,30065.25,-1
20260624  15:29:00,30065.25,30069.25,30057.25,30057.75,-1
20260624  15:30:00,30057.75,30077.25,30057.75,30073.75,-1
20260624  15:31:00,30073.75,30076.25,30065.75,30067.5,-1
20260624  15:32:00,30067.5,30069.25,30061.5,30067.25,-1
20260624  15:33:00,30067.25,30067.75,30057.25,30061.75,-1
20260624  15:34:00,30061.75,30073.25,30061.25,30064.75,-1
20260624  15:35:00,30064.75,30072.0,30063.0,30069.75,-1
20260624  15:36:00,30069.75,30070.0,30060.0,30065.0,-1
20260624  15:37:00,30065.0,30069.5,30061.0,30063.5,-1
20260624  15:38:00,30063.5,30069.5,30063.25,30066.25,-1
20260624  15:39:00,30066.25,30070.5,30064.0,30065.25,-1
20260624  15:40:00,30065.25,30072.75,30060.75,30061.0,-1
20260624  15:41:00,30061.0,30062.75,30053.5,30061.5,-1
20260624  15:42:00,30061.5,30080.0,30061.5,30070.25,-1
20260624  15:43:00,30070.25,30075.25,30067.0,30070.75,-1
20260624  15:44:00,30070.75,30080.25,30067.0,30072.75,-1
20260624  15:45:00,30072.75,30076.0,30068.75,30069.0,-1
20260624  15:46:00,30069.0,30073.0,30061.75,30063.0,-1
20260624  15:47:00,30063.0,30068.25,30056.25,30066.5,-1
20260624  15:48:00,30066.5,30066.5,30056.25,30057.75,-1
20260624  15:49:00,30057.75,30060.5,30048.5,30052.0,-1
20260624  15:50:00,30052.0,30059.75,30051.5,30054.25,-1
20260624  15:51:00,30054.25,30061.5,30053.0,30057.0,-1
20260624  15:52:00,30057.0,30069.0,30051.5,30068.25,-1
20260624  15:53:00,30068.25,30068.25,30055.0,30056.25,-1
20260624  15:54:00,30056.25,30058.5,30053.0,30056.75,-1
20260624  15:55:00,30056.75,30058.75,30050.5,30057.5,-1
20260624  15:56:00,30057.5,30057.75,30050.75,30051.5,-1
20260624  15:57:00,30051.5,30053.75,30046.75,30049.5,-1
20260624  15:58:00,30049.5,30051.75,30047.25,30051.0,-1
20260624  15:59:00,30051.0,30052.5,30047.75,30051.75,-1
20260624  16:00:00,30051.75,30056.0,30047.5,30050.25,-1
20260624  16:01:00,30050.25,30062.75,30050.25,30055.0,-1
20260624  16:02:00,30055.0,30055.75,30048.25,30050.5,-1
20260624  16:03:00,30050.5,30061.0,30050.25,30057.0,-1
20260624  16:04:00,30057.0,30072.25,30055.75,30064.75,-1
20260624  16:05:00,30064.75,30069.25,30060.75,30068.5,-1
20260624  16:06:00,30068.5,30074.5,30065.5,30071.5,-1
20260624  16:07:00,30071.5,30073.75,30066.0,30067.25,-1
20260624  16:08:00,30067.25,30070.0,30064.75,30068.25,-1
20260624  16:09:00,30068.25,30068.25,30057.75,30064.5,-1
20260624  16:10:00,30064.5,30073.75,30064.0,30073.75,-1
20260624  16:11:00,30073.75,30083.0,30069.0,30070.5,-1
20260624  16:12:00,30070.5,30074.75,30051.5,30053.0,-1
20260624  16:13:00,30053.0,30060.25,30052.75,30057.5,-1
20260624  16:14:00,30057.5,30061.0,30054.0,30060.25,-1
20260624  16:15:00,30060.25,30062.25,30055.5,30059.25,-1
20260624  16:16:00,30059.25,30064.25,30056.25,30060.25,-1
20260624  16:17:00,30060.25,30068.5,30059.25,30062.5,-1
20260624  16:18:00,30062.5,30063.75,30058.75,30061.75,-1
20260624  16:19:00,30061.75,30062.5,30057.0,30058.75,-1
20260624  16:20:00,30058.75,30068.5,30057.75,30066.25,-1
20260624  16:21:00,30066.25,30079.25,30064.75,30075.75,-1
20260624  16:22:00,30075.75,30075.75,30068.0,30068.5,-1
20260624  16:23:00,30068.5,30078.75,30067.75,30078.25,-1
20260624  16:24:00,30078.25,30082.25,30072.5,30078.5,-1
20260624  16:25:00,30078.5,30086.0,30077.25,30082.25,-1
20260624  16:26:00,30082.25,30087.5,30080.25,30087.0,-1
20260624  16:27:00,30087.0,30096.5,30085.5,30091.0,-1
20260624  16:28:00,30091.0,30092.75,30076.0,30077.0,-1
20260624  16:29:00,30077.0,30081.0,30075.5,30077.25,-1
20260624  16:30:00,30077.25,30083.0,30075.5,30082.25,-1
20260624  16:31:00,30082.25,30089.5,30081.25,30084.75,-1
20260624  16:32:00,30084.75,30087.5,30082.5,30085.0,-1
20260624  16:33:00,30085.0,30087.25,30083.0,30084.5,-1
20260624  16:34:00,30084.5,30094.5,30083.75,30093.5,-1
20260624  16:35:00,30093.5,30106.5,30091.25,30105.25,-1
20260624  16:36:00,30105.25,30109.0,30102.75,30107.5,-1
20260624  16:37:00,30107.5,30111.25,30103.25,30111.25,-1
20260624  16:38:00,30111.25,30113.75,30108.0,30111.0,-1
20260624  16:39:00,30111.0,30118.25,30107.0,30107.0,-1
20260624  16:40:00,30107.0,30108.0,30099.25,30106.75,-1
20260624  16:41:00,30106.75,30121.5,30106.75,30118.5,-1
20260624  16:42:00,30118.5,30122.0,30114.5,30118.5,-1
20260624  16:43:00,30118.5,30122.5,30111.25,30112.0,-1
20260624  16:44:00,30112.0,30117.25,30107.5,30115.75,-1
20260624  16:45:00,30115.75,30134.5,30114.0,30133.25,-1
20260624  16:46:00,30133.25,30135.75,30108.5,30109.5,-1
20260624  16:47:00,30109.5,30112.75,30097.25,30103.5,-1
20260624  16:48:00,30103.5,30106.75,30095.75,30100.0,-1
20260624  16:49:00,30100.0,30107.25,30099.75,30104.0,-1
20260624  16:50:00,30104.0,30106.75,30090.25,30094.0,-1
20260624  16:51:00,30094.0,30094.5,30085.0,30093.5,-1
20260624  16:52:00,30093.5,30098.75,30090.75,30098.75,-1
20260624  16:53:00,30098.75,30099.5,30093.75,30095.0,-1
20260624  16:54:00,30095.0,30109.25,30094.75,30109.0,-1
20260624  16:55:00,30109.0,30111.0,30101.5,30106.25,-1
20260624  16:56:00,30106.25,30110.0,30099.25,30104.25,-1
20260624  16:57:00,30104.25,30114.0,30103.75,30108.0,-1
20260624  16:58:00,30108.0,30109.75,30091.25,30091.75,-1
20260624  16:59:00,30091.75,30098.25,30089.0,30096.25,-1
20260624  17:00:00,30096.25,30102.5,30080.75,30089.5,-1
20260624  17:01:00,30089.5,30091.75,30066.5,30073.0,-1
20260624  17:02:00,30073.0,30077.25,30059.75,30060.25,-1
20260624  17:03:00,30060.25,30066.5,30055.5,30066.0,-1
20260624  17:04:00,30066.0,30068.25,30059.5,30065.25,-1
20260624  17:05:00,30065.25,30067.25,30047.5,30059.0,-1
20260624  17:06:00,30059.0,30081.25,30058.5,30075.0,-1
20260624  17:07:00,30075.0,30076.5,30052.25,30056.0,-1
20260624  17:08:00,30056.0,30065.25,30046.5,30061.75,-1
20260624  17:09:00,30061.75,30073.5,30056.5,30067.25,-1
20260624  17:10:00,30067.25,30078.0,30057.0,30075.5,-1
20260624  17:11:00,30075.5,30094.5,30074.5,30085.25,-1
20260624  17:12:00,30085.25,30100.25,30083.0,30093.75,-1
20260624  17:13:00,30093.75,30099.25,30075.5,30079.0,-1
20260624  17:14:00,30079.0,30093.25,30065.75,30093.25,-1
20260624  17:15:00,30093.25,30095.5,30071.75,30090.25,-1
20260624  17:16:00,30090.25,30092.75,30073.25,30087.0,-1
20260624  17:17:00,30087.0,30098.5,30072.75,30074.5,-1
20260624  17:18:00,30074.5,30074.5,30062.25,30069.0,-1
20260624  17:19:00,30069.0,30082.5,30066.0,30070.5,-1
20260624  17:20:00,30070.5,30071.25,30057.25,30059.25,-1
20260624  17:21:00,30059.25,30072.0,30058.75,30059.25,-1
20260624  17:22:00,30059.25,30072.25,30053.25,30072.0,-1
20260624  17:23:00,30072.0,30081.0,30071.5,30078.25,-1
20260624  17:24:00,30078.25,30079.75,30061.75,30062.25,-1
20260624  17:25:00,30062.25,30062.5,30032.5,30035.5,-1
20260624  17:26:00,30035.5,30042.75,30027.5,30040.0,-1
20260624  17:27:00,30040.0,30045.0,30026.5,30043.5,-1
20260624  17:28:00,30043.5,30050.5,30035.5,30036.75,-1
20260624  17:29:00,30036.75,30047.5,30032.5,30036.0,-1
20260624  17:30:00,30036.0,30041.5,30030.5,30035.75,-1
20260624  17:31:00,30035.75,30039.0,30009.75,30012.25,-1
20260624  17:32:00,30012.25,30017.5,29989.0,29999.0,-1
20260624  17:33:00,29999.0,30010.0,29990.25,29991.75,-1
20260624  17:34:00,29991.75,29998.0,29987.5,29993.75,-1
20260624  17:35:00,29993.75,29997.0,29977.5,29983.75,-1
20260624  17:36:00,29983.75,29998.5,29980.75,29998.5,-1
20260624  17:37:00,29998.5,29998.5,29982.0,29987.75,-1
20260624  17:38:00,29987.75,29987.75,29978.0,29983.25,-1
20260624  17:39:00,29983.25,29986.25,29972.25,29978.5,-1
20260624  17:40:00,29978.5,29983.0,29962.75,29963.75,-1
20260624  17:41:00,29963.75,29970.5,29944.75,29953.0,-1
20260624  17:42:00,29953.0,29964.5,29943.25,29963.25,-1
20260624  17:43:00,29963.25,29971.75,29960.75,29962.5,-1
20260624  17:44:00,29962.5,29966.5,29954.25,29963.0,-1
20260624  17:45:00,29963.0,29971.5,29954.25,29955.5,-1
20260624  17:46:00,29955.5,29964.0,29948.25,29949.5,-1
20260624  17:47:00,29949.5,29954.25,29941.75,29944.25,-1
20260624  17:48:00,29944.25,29950.75,29936.5,29940.5,-1
20260624  17:49:00,29940.5,29947.0,29938.0,29942.0,-1
20260624  17:50:00,29942.0,29971.0,29939.75,29967.75,-1
20260624  17:51:00,29967.75,29980.75,29964.5,29975.0,-1
20260624  17:52:00,29975.0,29986.25,29966.5,29970.5,-1
20260624  17:53:00,29970.5,29992.0,29966.75,29990.5,-1
20260624  17:54:00,29990.5,29991.75,29980.75,29987.75,-1
20260624  17:55:00,29987.75,29988.75,29963.5,29965.75,-1
20260624  17:56:00,29965.75,29966.5,29951.75,29962.5,-1
20260624  17:57:00,29962.5,29976.75,29960.75,29966.5,-1
20260624  17:58:00,29966.5,29966.75,29953.25,29955.75,-1
20260624  17:59:00,29955.75,29966.75,29954.25,29966.75,-1
20260624  18:00:00,29966.75,29989.5,29959.0,29987.5,-1
20260624  18:01:00,29987.5,29995.75,29978.75,29985.75,-1
20260624  18:02:00,29985.75,29994.5,29974.75,29976.5,-1
20260624  18:03:00,29976.5,29977.75,29965.0,29968.25,-1
20260624  18:04:00,29968.25,29969.75,29952.75,29953.5,-1
20260624  18:05:00,29953.5,29969.5,29950.75,29967.75,-1
20260624  18:06:00,29967.75,29971.75,29955.0,29962.25,-1
20260624  18:07:00,29962.25,29968.0,29953.25,29959.75,-1
20260624  18:08:00,29959.75,29967.5,29953.25,29959.5,-1
20260624  18:09:00,29959.5,29970.75,29955.0,29965.75,-1
20260624  18:10:00,29965.75,29971.5,29958.75,29965.0,-1
20260624  18:11:00,29965.0,29978.75,29959.75,29969.0,-1
20260624  18:12:00,29969.0,29976.0,29967.5,29971.75,-1
20260624  18:13:00,29971.75,29976.0,29965.5,29967.75,-1
20260624  18:14:00,29967.75,29974.25,29964.0,29969.75,-1
20260624  18:15:00,29969.75,29975.5,29964.0,29968.25,-1
20260624  18:16:00,29968.25,29971.5,29952.75,29965.25,-1
20260624  18:17:00,29965.25,29982.0,29963.25,29975.75,-1
20260624  18:18:00,29975.75,29976.25,29958.0,29963.75,-1
20260624  18:19:00,29963.75,29974.25,29951.25,29973.5,-1
20260624  18:20:00,29973.5,29983.5,29971.25,29981.75,-1
20260624  18:21:00,29981.75,29987.5,29980.25,29981.25,-1
20260624  18:22:00,29981.25,29989.25,29976.75,29986.75,-1
20260624  18:23:00,29986.75,29990.0,29978.25,29990.0,-1
20260624  18:24:00,29990.0,29991.0,29976.75,29977.25,-1
20260624  18:25:00,29977.25,29982.25,29967.25,29967.75,-1
20260624  18:26:00,29967.75,29972.25,29960.75,29964.0,-1
20260624  18:27:00,29964.0,29979.5,29963.5,29969.75,-1
20260624  18:28:00,29969.75,29977.5,29967.0,29970.5,-1
20260624  18:29:00,29970.5,29970.75,29961.5,29965.25,-1
20260624  18:30:00,29965.25,29971.5,29960.25,29965.25,-1
20260624  18:31:00,29965.25,29978.75,29963.0,29973.25,-1
20260624  18:32:00,29973.25,29985.25,29971.75,29975.25,-1
20260624  18:33:00,29975.25,29981.0,29973.0,29979.25,-1
20260624  18:34:00,29979.25,29994.25,29976.0,29992.25,-1
20260624  18:35:00,29992.25,30005.0,29989.25,30005.0,-1
20260624  18:36:00,30005.0,30011.0,30000.0,30000.25,-1
20260624  18:37:00,30000.25,30023.5,29996.25,30019.25,-1
20260624  18:38:00,30019.25,30027.75,30017.5,30022.0,-1
20260624  18:39:00,30022.0,30028.5,30013.0,30013.25,-1
20260624  18:40:00,30013.25,30019.0,30002.75,30005.0,-1
20260624  18:41:00,30005.0,30011.0,29998.75,30001.5,-1
20260624  18:42:00,30001.5,30009.75,29993.5,30009.75,-1
20260624  18:43:00,30009.75,30019.0,30009.0,30011.5,-1
20260624  18:44:00,30011.5,30012.0,29992.0,29996.5,-1
20260624  18:45:00,29996.5,29998.75,29987.75,29994.75,-1
20260624  18:46:00,29994.75,30000.5,29987.5,29994.75,-1
20260624  18:47:00,29994.75,30004.75,29993.0,30002.0,-1
20260624  18:48:00,30002.0,30004.75,29993.75,29999.25,-1
20260624  18:49:00,29999.25,30014.75,29997.5,30014.25,-1
20260624  18:50:00,30014.25,30021.0,30003.0,30014.25,-1
20260624  18:51:00,30014.25,30021.75,30008.25,30019.0,-1
20260624  18:52:00,30019.0,30025.75,30018.25,30023.5,-1
20260624  18:53:00,30023.5,30026.75,30020.0,30022.0,-1
20260624  18:54:00,30022.0,30024.0,30016.0,30022.5,-1
20260624  18:55:00,30022.5,30031.0,30020.5,30027.5,-1
20260624  18:56:00,30027.5,30030.25,30022.5,30027.75,-1
20260624  18:57:00,30027.75,30031.25,30011.75,30014.5,-1
20260624  18:58:00,30014.5,30015.75,30003.0,30007.0,-1
20260624  18:59:00,30007.0,30009.75,29997.25,29998.25,-1
20260624  19:00:00,29998.25,30001.5,29988.0,29990.75,-1
20260624  19:01:00,29990.75,30006.75,29990.75,30005.25,-1
20260624  19:02:00,30005.25,30017.25,30004.75,30009.5,-1
20260624  19:03:00,30009.5,30018.5,30008.25,30017.75,-1
20260624  19:04:00,30017.75,30018.75,30010.0,30013.25,-1
20260624  19:05:00,30013.25,30020.5,30004.75,30012.75,-1
20260624  19:06:00,30012.75,30016.25,30004.0,30007.25,-1
20260624  19:07:00,30007.25,30010.5,29994.25,29995.75,-1
20260624  19:08:00,29995.75,29998.25,29987.25,29994.75,-1
20260624  19:09:00,29994.75,29997.5,29985.0,29994.75,-1
20260624  19:10:00,29994.75,29994.75,29978.0,29981.75,-1
20260624  19:11:00,29981.75,29982.25,29964.25,29964.5,-1
20260624  19:12:00,29964.5,29964.75,29941.0,29952.75,-1
20260624  19:13:00,29952.75,29957.25,29942.75,29948.0,-1
20260624  19:14:00,29948.0,29953.0,29943.5,29944.75,-1
20260624  19:15:00,29944.75,29950.5,29931.0,29932.25,-1
20260624  19:16:00,29932.25,29943.0,29925.0,29940.5,-1
20260624  19:17:00,29940.5,29957.0,29938.75,29954.75,-1
20260624  19:18:00,29954.75,29954.75,29944.0,29949.25,-1
20260624  19:19:00,29949.25,29972.75,29948.75,29970.25,-1
20260624  19:20:00,29970.25,29976.75,29963.75,29964.25,-1
20260624  19:21:00,29964.25,29973.25,29959.0,29970.25,-1
20260624  19:22:00,29970.25,29987.0,29968.0,29983.75,-1
20260624  19:23:00,29983.75,29989.5,29974.0,29975.25,-1
20260624  19:24:00,29975.25,29979.75,29966.25,29966.75,-1
20260624  19:25:00,29966.75,29978.0,29962.5,29977.25,-1
20260624  19:26:00,29977.25,29988.5,29975.5,29986.0,-1
20260624  19:27:00,29986.0,29991.5,29980.0,29987.75,-1
20260624  19:28:00,29987.75,29992.5,29986.0,29990.5,-1
20260624  19:29:00,29990.5,29995.75,29984.0,29985.5,-1
20260624  19:30:00,29985.5,29991.0,29976.25,29988.75,-1
20260624  19:31:00,29988.75,29991.5,29983.75,29990.25,-1
20260624  19:32:00,29990.25,29996.5,29987.75,29994.25,-1
20260624  19:33:00,29994.25,29996.25,29981.75,29989.5,-1
20260624  19:34:00,29989.5,29992.0,29985.5,29989.75,-1
20260624  19:35:00,29989.75,29991.5,29984.0,29991.5,-1
20260624  19:36:00,29991.5,29997.25,29985.0,29994.25,-1
20260624  19:37:00,29994.25,29997.0,29992.0,29992.75,-1
20260624  19:38:00,29992.75,29993.0,29983.5,29983.75,-1
20260624  19:39:00,29983.75,29990.75,29978.25,29987.25,-1
20260624  19:40:00,29987.25,29990.0,29968.75,29969.5,-1
20260624  19:41:00,29969.5,29971.75,29967.0,29969.25,-1
20260624  19:42:00,29969.25,29972.25,29967.0,29970.5,-1
20260624  19:43:00,29970.5,29975.75,29967.5,29973.0,-1
20260624  19:44:00,29973.0,29979.25,29971.25,29974.75,-1
20260624  19:45:00,29974.75,29977.75,29970.75,29972.5,-1
20260624  19:46:00,29972.5,29973.5,29965.75,29971.0,-1
20260624  19:47:00,29971.0,29982.5,29969.75,29980.75,-1
20260624  19:48:00,29980.75,29984.5,29975.25,29979.5,-1
20260624  19:49:00,29979.5,29982.5,29978.5,29980.75,-1
20260624  19:50:00,29980.75,29982.25,29970.25,29974.5,-1
20260624  19:51:00,29974.5,29981.75,29973.0,29974.0,-1
20260624  19:52:00,29974.0,29991.25,29971.75,29991.0,-1
20260624  19:53:00,29991.0,29994.25,29984.5,29987.5,-1
20260624  19:54:00,29987.5,29993.75,29986.25,29991.25,-1
20260624  19:55:00,29991.25,29993.5,29984.5,29988.0,-1
20260624  19:56:00,29988.0,29997.0,29983.5,29996.75,-1
20260624  19:57:00,29996.75,29998.25,29990.25,29994.5,-1
20260624  19:58:00,29994.5,30002.75,29993.75,30000.5,-1
20260624  19:59:00,30000.5,30001.25,29996.5,29998.25,-1
20260624  20:00:00,29998.25,30005.75,29992.5,29998.25,-1
20260624  20:01:00,29998.25,30014.75,29996.5,30013.25,-1
20260624  20:02:00,30013.25,30020.75,30008.75,30009.5,-1
20260624  20:03:00,30009.5,30011.5,30003.5,30005.0,-1
20260624  20:04:00,30005.0,30014.0,30000.5,30011.25,-1
20260624  20:05:00,30011.25,30021.0,30006.75,30019.25,-1
20260624  20:06:00,30019.25,30022.0,30016.25,30017.75,-1
20260624  20:07:00,30017.75,30020.75,30014.0,30017.5,-1
20260624  20:08:00,30017.5,30022.75,30016.25,30017.75,-1
20260624  20:09:00,30017.75,30018.0,30005.25,30006.5,-1
20260624  20:10:00,30006.5,30012.25,30003.75,30011.75,-1
20260624  20:11:00,30011.75,30013.5,30006.5,30012.5,-1
20260624  20:12:00,30012.5,30014.5,30003.75,30004.25,-1
20260624  20:13:00,30004.25,30009.5,29997.75,30000.5,-1
20260624  20:14:00,30000.5,30008.5,29998.75,30007.25,-1
20260624  20:15:00,30007.25,30015.0,29981.75,29998.75,-1
20260624  20:16:00,29998.75,30014.25,29998.5,30014.25,-1
20260624  20:17:00,30014.25,30023.75,30011.5,30021.75,-1
20260624  20:18:00,30021.75,30028.25,30014.25,30024.25,-1
20260624  20:19:00,30024.25,30027.25,30021.25,30024.75,-1
20260624  20:20:00,30024.75,30024.75,30017.0,30022.0,-1
20260624  20:21:00,30022.0,30029.25,30017.0,30028.5,-1
20260624  20:22:00,30028.5,30029.5,30020.0,30026.75,-1
20260624  20:23:00,30026.75,30035.75,30025.5,30035.0,-1
20260624  20:24:00,30035.0,30038.75,30028.5,30030.75,-1
20260624  20:25:00,30030.75,30031.75,30022.75,30029.5,-1
20260624  20:26:00,30029.5,30033.0,30026.75,30032.25,-1
20260624  20:27:00,30032.25,30035.25,30023.25,30029.0,-1
20260624  20:28:00,30029.0,30030.5,30020.25,30020.75,-1
20260624  20:29:00,30020.75,30025.75,30016.5,30025.0,-1
20260624  20:30:00,30025.0,30041.75,30022.75,30038.75,-1
20260624  20:31:00,30038.75,30044.75,30035.25,30036.75,-1
20260624  20:32:00,30036.75,30038.0,30022.25,30028.5,-1
20260624  20:33:00,30028.5,30029.25,30019.25,30020.25,-1
20260624  20:34:00,30020.25,30026.25,30019.25,30023.5,-1
20260624  20:35:00,30023.5,30024.5,30008.25,30010.5,-1
20260624  20:36:00,30010.5,30012.75,30004.25,30009.75,-1
20260624  20:37:00,30009.75,30025.5,30009.25,30015.25,-1
20260624  20:38:00,30015.25,30018.0,30009.0,30010.75,-1
20260624  20:39:00,30010.75,30020.25,30008.5,30017.0,-1
20260624  20:40:00,30017.0,30017.5,30008.0,30013.75,-1
20260624  20:41:00,30013.75,30018.5,30010.5,30014.5,-1
20260624  20:42:00,30014.5,30016.25,30005.75,30008.25,-1
20260624  20:43:00,30008.25,30008.75,29999.75,30003.25,-1
20260624  20:44:00,30003.25,30010.25,30000.5,30010.25,-1
20260624  20:45:00,30010.25,30013.0,30004.25,30006.0,-1
20260624  20:46:00,30006.0,30016.5,30004.25,30016.25,-1
20260624  20:47:00,30016.25,30022.25,30009.0,30015.5,-1
20260624  20:48:00,30015.5,30023.25,30013.5,30023.0,-1
20260624  20:49:00,30023.0,30034.0,30021.25,30030.5,-1
20260624  20:50:00,30030.5,30032.5,30021.0,30029.75,-1
20260624  20:51:00,30029.75,30036.5,30027.5,30036.0,-1
20260624  20:52:00,30036.0,30043.75,30035.25,30038.75,-1
20260624  20:53:00,30038.75,30042.75,30037.5,30037.75,-1
20260624  20:54:00,30037.75,30040.5,30032.25,30040.25,-1
20260624  20:55:00,30040.25,30043.25,30038.0,30043.0,-1
20260624  20:56:00,30043.0,30043.75,30035.75,30038.25,-1
20260624  20:57:00,30038.25,30038.5,30030.75,30034.0,-1
20260624  20:58:00,30034.0,30038.75,30033.25,30037.25,-1
20260624  20:59:00,30037.25,30037.5,30031.5,30033.75,-1
20260624  21:00:00,30033.75,30037.25,30027.75,30031.25,-1
20260624  21:01:00,30031.25,30039.75,30030.5,30036.75,-1
20260624  21:02:00,30036.75,30039.75,30028.25,30029.75,-1
20260624  21:03:00,30029.75,30034.25,30027.5,30033.75,-1
20260624  21:04:00,30033.75,30039.25,30032.0,30033.0,-1
20260624  21:05:00,30033.0,30039.25,30030.75,30036.5,-1
20260624  21:06:00,30036.5,30037.75,30033.0,30033.0,-1
20260624  21:07:00,30033.0,30041.0,30033.0,30040.25,-1
20260624  21:08:00,30040.25,30041.5,30033.0,30033.5,-1
20260624  21:09:00,30033.5,30043.25,30032.5,30041.75,-1
20260624  21:10:00,30041.75,30044.5,30034.25,30035.5,-1
20260624  21:11:00,30035.5,30043.25,30030.5,30039.75,-1
20260624  21:12:00,30039.75,30040.75,30033.0,30035.75,-1
20260624  21:13:00,30035.75,30040.25,30033.0,30039.75,-1
20260624  21:14:00,30039.75,30042.0,30028.25,30029.5,-1
20260624  21:15:00,30029.5,30035.75,30027.25,30032.25,-1
20260624  21:16:00,30032.25,30036.5,30026.0,30027.5,-1
20260624  21:17:00,30027.5,30027.5,30012.25,30016.5,-1
20260624  21:18:00,30016.5,30027.0,30014.25,30025.25,-1
20260624  21:19:00,30025.25,30028.5,30018.25,30026.75,-1
20260624  21:20:00,30026.75,30033.75,30026.0,30028.25,-1
20260624  21:21:00,30028.25,30037.25,30026.0,30036.25,-1
20260624  21:22:00,30036.25,30044.25,30034.25,30042.75,-1
20260624  21:23:00,30042.75,30043.0,30036.5,30038.25,-1
20260624  21:24:00,30038.25,30042.0,30030.75,30031.0,-1
20260624  21:25:00,30031.0,30031.5,30024.25,30028.5,-1
20260624  21:26:00,30028.5,30031.5,30021.0,30021.75,-1
20260624  21:27:00,30021.75,30024.5,30021.0,30022.75,-1
20260624  21:28:00,30022.75,30024.25,30017.75,30020.25,-1
20260624  21:29:00,30020.25,30021.25,30017.5,30019.5,-1
20260624  21:30:00,30019.5,30022.75,30014.5,30016.0,-1
20260624  21:31:00,30016.0,30016.75,30001.25,30001.5,-1
20260624  21:32:00,30001.5,30004.5,29998.0,30002.25,-1
20260624  21:33:00,30002.25,30006.75,29999.25,30005.75,-1
20260624  21:34:00,30005.75,30012.0,30001.0,30011.75,-1
20260624  21:35:00,30011.75,30015.75,30000.0,30004.0,-1
20260624  21:36:00,30004.0,30011.5,30003.5,30010.25,-1
20260624  21:37:00,30010.25,30019.5,30009.75,30018.75,-1
20260624  21:38:00,30018.75,30029.75,30016.5,30024.0,-1
20260624  21:39:00,30024.0,30030.25,30023.75,30026.5,-1
20260624  21:40:00,30026.5,30031.5,30021.75,30022.25,-1
20260624  21:41:00,30022.25,30023.5,30014.25,30019.25,-1
20260624  21:42:00,30019.25,30028.5,30018.75,30028.5,-1
20260624  21:43:00,30028.5,30034.0,30027.25,30031.25,-1
20260624  21:44:00,30031.25,30039.25,30029.0,30038.5,-1
20260624  21:45:00,30038.5,30040.5,30033.0,30035.0,-1
20260624  21:46:00,30035.0,30039.0,30032.75,30038.5,-1
20260624  21:47:00,30038.5,30040.75,30034.5,30040.0,-1
20260624  21:48:00,30040.0,30051.0,30038.25,30045.25,-1
20260624  21:49:00,30045.25,30045.5,30035.25,30040.25,-1
20260624  21:50:00,30040.25,30055.75,30039.75,30054.0,-1
20260624  21:51:00,30054.0,30054.0,30048.25,30052.25,-1
20260624  21:52:00,30052.25,30057.5,30051.75,30056.0,-1
20260624  21:53:00,30056.0,30063.5,30052.75,30061.5,-1
20260624  21:54:00,30061.5,30062.0,30052.5,30052.75,-1
20260624  21:55:00,30052.75,30054.25,30048.75,30053.75,-1
20260624  21:56:00,30053.75,30053.75,30043.5,30044.25,-1
20260624  21:57:00,30044.25,30052.0,30044.25,30047.75,-1
20260624  21:58:00,30047.75,30048.0,30033.75,30036.0,-1
20260624  21:59:00,30036.0,30041.5,30034.25,30040.5,-1
20260624  22:00:00,30040.5,30052.5,30039.25,30043.25,-1
20260624  22:01:00,30043.25,30062.5,30043.25,30060.25,-1
20260624  22:02:00,30060.25,30066.5,30058.75,30063.5,-1
20260624  22:03:00,30063.5,30063.5,30055.25,30058.25,-1
20260624  22:04:00,30058.25,30065.0,30057.5,30063.0,-1
20260624  22:05:00,30063.0,30074.25,30062.0,30071.75,-1
20260624  22:06:00,30071.75,30073.5,30064.75,30066.25,-1
20260624  22:07:00,30066.25,30073.5,30065.0,30070.0,-1
20260624  22:08:00,30070.0,30074.25,30068.0,30072.25,-1
20260624  22:09:00,30072.25,30073.75,30067.5,30071.0,-1
20260624  22:10:00,30071.0,30072.25,30062.5,30066.75,-1
20260624  22:11:00,30066.75,30067.25,30058.0,30059.25,-1
20260624  22:12:00,30059.25,30064.5,30057.5,30062.25,-1
20260624  22:13:00,30062.25,30070.0,30062.0,30068.0,-1
20260624  22:14:00,30068.0,30071.25,30065.75,30069.5,-1
20260624  22:15:00,30069.5,30073.75,30067.0,30071.75,-1
20260624  22:16:00,30071.75,30076.5,30070.25,30076.25,-1
20260624  22:17:00,30076.25,30077.0,30070.5,30074.25,-1
20260624  22:18:00,30074.25,30074.75,30064.5,30065.25,-1
20260624  22:19:00,30065.25,30068.0,30061.75,30064.25,-1
20260624  22:20:00,30064.25,30068.5,30062.25,30067.0,-1
20260624  22:21:00,30067.0,30073.25,30066.5,30072.0,-1
20260624  22:22:00,30072.0,30076.0,30069.0,30075.5,-1
20260624  22:23:00,30075.5,30084.75,30072.75,30084.5,-1
20260624  22:24:00,30084.5,30089.5,30081.0,30085.5,-1
20260624  22:25:00,30085.5,30088.75,30081.25,30081.5,-1
20260624  22:26:00,30081.5,30090.25,30080.0,30089.0,-1
20260624  22:27:00,30089.0,30094.75,30087.25,30092.25,-1
20260624  22:28:00,30092.25,30097.25,30087.5,30093.0,-1
20260624  22:29:00,30093.0,30097.5,30091.0,30093.5,-1
20260624  22:30:00,30093.5,30096.25,30088.0,30093.25,-1
20260624  22:31:00,30093.25,30100.25,30092.25,30097.5,-1
20260624  22:32:00,30097.5,30102.0,30093.5,30094.25,-1
20260624  22:33:00,30094.25,30103.0,30091.75,30102.25,-1
20260624  22:34:00,30102.25,30107.75,30098.75,30107.25,-1
20260624  22:35:00,30107.25,30110.25,30100.5,30104.5,-1
20260624  22:36:00,30104.5,30108.0,30094.25,30098.75,-1
20260624  22:37:00,30098.75,30104.5,30094.5,30100.5,-1
20260624  22:38:00,30100.5,30105.5,30098.5,30102.25,-1
20260624  22:39:00,30102.25,30104.0,30098.0,30102.0,-1
20260624  22:40:00,30102.0,30115.75,30101.25,30111.75,-1
20260624  22:41:00,30111.75,30114.25,30107.0,30113.5,-1
20260624  22:42:00,30113.5,30121.5,30110.5,30119.75,-1
20260624  22:43:00,30119.75,30119.75,30106.0,30107.25,-1
20260624  22:44:00,30107.25,30115.0,30105.5,30106.0,-1
20260624  22:45:00,30106.0,30108.0,30101.0,30103.5,-1
20260624  22:46:00,30103.5,30107.0,30098.5,30099.75,-1
20260624  22:47:00,30099.75,30100.0,30088.0,30097.5,-1
20260624  22:48:00,30097.5,30105.5,30095.25,30099.5,-1
20260624  22:49:00,30099.5,30101.0,30096.25,30099.5,-1
20260624  22:50:00,30099.5,30100.0,30088.75,30091.75,-1
20260624  22:51:00,30091.75,30100.25,30090.25,30099.75,-1
20260624  22:52:00,30099.75,30107.0,30098.0,30104.25,-1
20260624  22:53:00,30104.25,30104.25,30093.0,30093.5,-1
20260624  22:54:00,30093.5,30100.5,30089.25,30094.0,-1
20260624  22:55:00,30094.0,30095.75,30085.5,30089.25,-1
20260624  22:56:00,30089.25,30096.75,30083.0,30095.25,-1
20260624  22:57:00,30095.25,30096.5,30085.25,30091.0,-1
20260624  22:58:00,30091.0,30093.0,30089.5,30091.0,-1
20260624  22:59:00,30091.0,30094.0,30088.5,30089.0,-1
20260624  23:00:00,30089.0,30106.75,30088.75,30104.25,-1
20260624  23:01:00,30104.25,30104.25,30095.75,30100.25,-1
20260624  23:02:00,30100.25,30108.5,30100.0,30108.0,-1
20260624  23:03:00,30108.0,30111.0,30091.25,30099.25,-1
20260624  23:04:00,30099.25,30101.75,30087.25,30089.25,-1
20260624  23:05:00,30089.25,30090.5,30082.25,30086.0,-1
20260624  23:06:00,30086.0,30087.25,30077.75,30082.75,-1
20260624  23:07:00,30082.75,30097.25,30081.75,30096.75,-1
20260624  23:08:00,30096.75,30102.25,30095.25,30102.0,-1
20260624  23:09:00,30102.0,30106.0,30096.75,30101.5,-1
20260624  23:10:00,30101.5,30101.75,30094.5,30100.0,-1
20260624  23:11:00,30100.0,30103.5,30094.25,30103.25,-1
20260624  23:12:00,30103.25,30104.75,30098.5,30104.75,-1
20260624  23:13:00,30104.75,30120.25,30103.75,30120.0,-1
20260624  23:14:00,30120.0,30120.5,30112.25,30112.5,-1
20260624  23:15:00,30112.5,30119.25,30107.75,30117.25,-1
20260624  23:16:00,30117.25,30122.75,30115.75,30119.25,-1
20260624  23:17:00,30119.25,30123.0,30118.5,30120.75,-1
20260624  23:18:00,30120.75,30125.5,30119.5,30125.0,-1
20260624  23:19:00,30125.0,30126.5,30120.5,30122.5,-1
20260624  23:20:00,30122.5,30127.25,30120.5,30126.5,-1
20260624  23:21:00,30126.5,30128.0,30118.25,30123.5,-1
20260624  23:22:00,30123.5,30129.75,30120.25,30129.5,-1
20260624  23:23:00,30129.5,30131.5,30127.5,30128.25,-1
20260624  23:24:00,30128.25,30131.25,30126.25,30131.0,-1
20260624  23:25:00,30131.0,30131.25,30124.5,30127.25,-1
20260624  23:26:00,30127.25,30128.0,30117.5,30125.25,-1
20260624  23:27:00,30125.25,30127.75,30118.75,30127.25,-1
20260624  23:28:00,30127.25,30127.5,30110.5,30111.75,-1
20260624  23:29:00,30111.75,30113.5,30108.25,30111.0,-1
20260624  23:30:00,30111.0,30113.5,30104.0,30113.25,-1
20260624  23:31:00,30113.25,30116.75,30107.0,30111.25,-1
20260624  23:32:00,30111.25,30116.75,30107.0,30116.5,-1
20260624  23:33:00,30116.5,30118.75,30113.5,30116.0,-1
20260624  23:34:00,30116.0,30119.5,30109.5,30116.25,-1
20260624  23:35:00,30116.25,30120.25,30109.25,30115.75,-1
20260624  23:36:00,30115.75,30118.75,30113.75,30117.5,-1
20260624  23:37:00,30117.5,30117.5,30105.0,30107.0,-1
20260624  23:38:00,30107.0,30113.25,30104.75,30112.0,-1
20260624  23:39:00,30112.0,30112.5,30107.5,30111.75,-1
20260624  23:40:00,30111.75,30111.75,30098.5,30103.75,-1
20260624  23:41:00,30103.75,30111.25,30099.5,30110.75,-1
20260624  23:42:00,30110.75,30116.25,30107.5,30113.5,-1
20260624  23:43:00,30113.5,30113.75,30103.0,30106.0,-1
20260624  23:44:00,30106.0,30107.0,30102.25,30104.75,-1
20260624  23:45:00,30104.75,30108.5,30103.0,30106.5,-1
20260624  23:46:00,30106.5,30112.75,30104.5,30111.0,-1
20260624  23:47:00,30111.0,30112.0,30105.25,30106.5,-1
20260624  23:48:00,30106.5,30108.75,30103.25,30104.0,-1
20260624  23:49:00,30104.0,30106.5,30101.25,30104.75,-1
20260624  23:50:00,30104.75,30105.5,30100.5,30102.0,-1
20260624  23:51:00,30102.0,30119.5,30101.5,30115.5,-1
20260624  23:52:00,30115.5,30115.75,30109.5,30114.5,-1
20260624  23:53:00,30114.5,30114.5,30103.0,30103.0,-1
20260624  23:54:00,30103.0,30109.25,30101.5,30103.75,-1
20260624  23:55:00,30103.75,30109.5,30102.75,30108.5,-1
20260624  23:56:00,30108.5,30113.5,30107.25,30108.25,-1
20260624  23:57:00,30108.25,30109.75,30102.0,30105.25,-1
20260624  23:58:00,30105.25,30108.25,30102.75,30104.5,-1
20260624  23:59:00,30104.5,30109.75,30101.25,30105.75,-1
20260625  00:00:00,30105.75,30121.75,30105.5,30115.75,-1
20260625  00:01:00,30115.75,30124.75,30112.75,30115.5,-1
20260625  00:02:00,30115.5,30117.5,30111.25,30112.25,-1
20260625  00:03:00,30112.25,30126.25,30110.5,30119.25,-1
20260625  00:04:00,30119.25,30122.0,30114.0,30121.5,-1
20260625  00:05:00,30121.5,30137.25,30121.25,30133.75,-1
20260625  00:06:00,30133.75,30138.5,30132.0,30134.25,-1
20260625  00:07:00,30134.25,30135.5,30130.5,30135.25,-1
20260625  00:08:00,30135.25,30138.5,30127.75,30131.75,-1
20260625  00:09:00,30131.75,30134.25,30129.5,30131.5,-1
20260625  00:10:00,30131.5,30132.5,30125.0,30129.0,-1
20260625  00:11:00,30129.0,30133.5,30124.25,30126.25,-1
20260625  00:12:00,30126.25,30132.0,30122.5,30129.75,-1
20260625  00:13:00,30129.75,30131.0,30124.5,30126.5,-1
20260625  00:14:00,30126.5,30128.5,30122.0,30126.25,-1
20260625  00:15:00,30126.25,30134.0,30125.75,30131.0,-1
20260625  00:16:00,30131.0,30144.0,30129.5,30143.5,-1
20260625  00:17:00,30143.5,30158.75,30141.0,30155.75,-1
20260625  00:18:00,30155.75,30157.25,30152.75,30155.0,-1
20260625  00:19:00,30155.0,30155.75,30150.5,30155.5,-1
20260625  00:20:00,30155.5,30177.0,30155.25,30175.75,-1
20260625  00:21:00,30175.75,30181.0,30170.5,30174.25,-1
20260625  00:22:00,30174.25,30181.25,30168.5,30179.0,-1
20260625  00:23:00,30179.0,30183.25,30170.25,30181.25,-1
20260625  00:24:00,30181.25,30185.75,30177.25,30179.5,-1
20260625  00:25:00,30179.5,30186.5,30169.25,30170.5,-1
20260625  00:26:00,30170.5,30176.0,30166.75,30171.75,-1
20260625  00:27:00,30171.75,30179.75,30171.0,30179.0,-1
20260625  00:28:00,30179.0,30181.5,30171.25,30173.25,-1
20260625  00:29:00,30173.25,30177.75,30171.0,30171.75,-1
20260625  00:30:00,30171.75,30172.5,30162.25,30164.75,-1
20260625  00:31:00,30164.75,30171.25,30162.75,30169.75,-1
20260625  00:32:00,30169.75,30177.75,30169.0,30172.75,-1
20260625  00:33:00,30172.75,30172.75,30166.75,30172.0,-1
20260625  00:34:00,30172.0,30175.0,30166.5,30168.75,-1
20260625  00:35:00,30168.75,30171.5,30160.0,30161.0,-1
20260625  00:36:00,30161.0,30163.25,30149.75,30154.25,-1
20260625  00:37:00,30154.25,30162.25,30153.5,30154.0,-1
20260625  00:38:00,30154.0,30165.25,30149.25,30164.0,-1
20260625  00:39:00,30164.0,30172.75,30163.75,30171.75,-1
20260625  00:40:00,30171.75,30176.75,30169.75,30171.75,-1
20260625  00:41:00,30171.75,30175.75,30167.75,30175.5,-1
20260625  00:42:00,30175.5,30181.0,30172.0,30177.75,-1
20260625  00:43:00,30177.75,30181.75,30175.5,30175.75,-1
20260625  00:44:00,30175.75,30180.75,30175.0,30176.5,-1
20260625  00:45:00,30176.5,30178.0,30164.5,30169.0,-1
20260625  00:46:00,30169.0,30170.25,30163.0,30165.75,-1
20260625  00:47:00,30165.75,30174.0,30164.75,30171.0,-1
20260625  00:48:00,30171.0,30176.5,30166.75,30171.75,-1
20260625  00:49:00,30171.75,30173.25,30165.5,30168.25,-1
20260625  00:50:00,30168.25,30170.0,30163.5,30164.25,-1
20260625  00:51:00,30164.25,30165.0,30157.75,30158.25,-1
20260625  00:52:00,30158.25,30164.25,30156.75,30160.25,-1
20260625  00:53:00,30160.25,30167.5,30160.0,30166.5,-1
20260625  00:54:00,30166.5,30166.5,30161.25,30162.0,-1
20260625  00:55:00,30162.0,30162.75,30153.75,30157.0,-1
20260625  00:56:00,30157.0,30167.5,30156.0,30165.0,-1
20260625  00:57:00,30165.0,30173.5,30164.0,30173.25,-1
20260625  00:58:00,30173.25,30178.25,30172.0,30176.25,-1
20260625  00:59:00,30176.25,30181.5,30175.5,30180.5,-1
20260625  01:00:00,30180.5,30193.5,30164.75,30192.75,-1
20260625  01:01:00,30192.75,30198.0,30187.5,30195.75,-1
20260625  01:02:00,30195.75,30214.0,30192.25,30213.5,-1
20260625  01:03:00,30213.5,30218.0,30199.5,30203.5,-1
20260625  01:04:00,30203.5,30203.5,30189.0,30190.0,-1
20260625  01:05:00,30190.0,30194.75,30186.5,30189.5,-1
20260625  01:06:00,30189.5,30209.0,30189.5,30202.25,-1
20260625  01:07:00,30202.25,30204.75,30194.5,30198.75,-1
20260625  01:08:00,30198.75,30206.0,30197.5,30199.25,-1
20260625  01:09:00,30199.25,30209.0,30198.0,30205.5,-1
20260625  01:10:00,30205.5,30213.75,30200.0,30210.25,-1
20260625  01:11:00,30210.25,30214.0,30203.25,30212.25,-1
20260625  01:12:00,30212.25,30217.0,30204.0,30204.25,-1
20260625  01:13:00,30204.25,30205.0,30188.5,30191.25,-1
20260625  01:14:00,30191.25,30193.25,30182.5,30183.5,-1
20260625  01:15:00,30183.5,30185.25,30173.5,30174.25,-1
20260625  01:16:00,30174.25,30177.75,30167.25,30168.0,-1
20260625  01:17:00,30168.0,30171.0,30161.25,30167.25,-1
20260625  01:18:00,30167.25,30175.25,30163.5,30175.0,-1
20260625  01:19:00,30175.0,30176.0,30167.0,30171.5,-1
20260625  01:20:00,30171.5,30177.75,30162.0,30165.25,-1
20260625  01:21:00,30165.25,30174.75,30157.5,30174.5,-1
20260625  01:22:00,30174.5,30177.5,30167.5,30169.5,-1
20260625  01:23:00,30169.5,30172.0,30164.75,30168.5,-1
20260625  01:24:00,30168.5,30173.75,30166.0,30171.25,-1
20260625  01:25:00,30171.25,30173.75,30163.75,30164.75,-1
20260625  01:26:00,30164.75,30173.0,30160.25,30170.5,-1
20260625  01:27:00,30170.5,30174.25,30167.5,30172.25,-1
20260625  01:28:00,30172.25,30185.5,30171.5,30180.75,-1
20260625  01:29:00,30180.75,30181.25,30167.5,30169.75,-1
20260625  01:30:00,30169.75,30176.0,30163.0,30164.25,-1
20260625  01:31:00,30164.25,30169.5,30163.0,30169.25,-1
20260625  01:32:00,30169.25,30175.5,30165.5,30167.75,-1
20260625  01:33:00,30167.75,30178.75,30166.75,30171.5,-1
20260625  01:34:00,30171.5,30172.0,30160.25,30161.0,-1
20260625  01:35:00,30161.0,30169.25,30158.75,30164.25,-1
20260625  01:36:00,30164.25,30177.75,30164.25,30177.25,-1
20260625  01:37:00,30177.25,30179.5,30171.75,30178.75,-1
20260625  01:38:00,30178.75,30182.0,30173.75,30177.0,-1
20260625  01:39:00,30177.0,30184.0,30176.5,30180.25,-1
20260625  01:40:00,30180.25,30181.0,30174.0,30174.25,-1
20260625  01:41:00,30174.25,30174.25,30168.75,30171.25,-1
20260625  01:42:00,30171.25,30171.5,30161.75,30162.75,-1
20260625  01:43:00,30162.75,30165.5,30159.5,30160.75,-1
20260625  01:44:00,30160.75,30162.25,30154.0,30154.5,-1
20260625  01:45:00,30154.5,30156.25,30146.5,30147.25,-1
20260625  01:46:00,30147.25,30149.25,30139.75,30149.25,-1
20260625  01:47:00,30149.25,30150.75,30140.25,30142.0,-1
20260625  01:48:00,30142.0,30154.5,30141.5,30145.0,-1
20260625  01:49:00,30145.0,30146.75,30139.5,30145.75,-1
20260625  01:50:00,30145.75,30146.75,30133.25,30134.75,-1
20260625  01:51:00,30134.75,30136.25,30129.75,30133.0,-1
20260625  01:52:00,30133.0,30135.0,30119.25,30132.5,-1
20260625  01:53:00,30132.5,30137.5,30127.25,30128.75,-1
20260625  01:54:00,30128.75,30134.75,30127.0,30134.5,-1
20260625  01:55:00,30134.5,30139.0,30127.0,30130.5,-1
20260625  01:56:00,30130.5,30133.0,30122.75,30123.5,-1
20260625  01:57:00,30123.5,30126.5,30122.5,30125.5,-1
20260625  01:58:00,30125.5,30127.0,30110.5,30116.5,-1
20260625  01:59:00,30116.5,30124.25,30114.25,30120.5,-1
20260625  02:00:00,30120.5,30136.75,30120.0,30134.5,-1
20260625  02:01:00,30134.5,30136.25,30119.5,30122.25,-1
20260625  02:02:00,30122.25,30125.5,30113.25,30125.5,-1
20260625  02:03:00,30125.5,30139.5,30123.5,30139.5,-1
20260625  02:04:00,30139.5,30139.5,30132.5,30136.25,-1
20260625  02:05:00,30136.25,30144.0,30132.5,30143.75,-1
20260625  02:06:00,30143.75,30151.5,30142.5,30145.5,-1
20260625  02:07:00,30145.5,30151.5,30144.25,30146.5,-1
20260625  02:08:00,30146.5,30148.0,30140.75,30141.25,-1
20260625  02:09:00,30141.25,30146.75,30133.5,30134.0,-1
20260625  02:10:00,30134.0,30138.0,30130.5,30138.0,-1
20260625  02:11:00,30138.0,30140.25,30131.25,30139.5,-1
20260625  02:12:00,30139.5,30149.25,30139.25,30146.0,-1
20260625  02:13:00,30146.0,30150.0,30134.75,30138.0,-1
20260625  02:14:00,30138.0,30138.75,30133.75,30138.25,-1
20260625  02:15:00,30138.25,30142.5,30135.0,30138.0,-1
20260625  02:16:00,30138.0,30151.25,30131.5,30149.75,-1
20260625  02:17:00,30149.75,30149.75,30132.5,30137.5,-1
20260625  02:18:00,30137.5,30138.0,30121.5,30128.0,-1
20260625  02:19:00,30128.0,30131.5,30120.25,30122.0,-1
20260625  02:20:00,30122.0,30126.75,30118.25,30121.0,-1
20260625  02:21:00,30121.0,30127.5,30118.75,30126.0,-1
20260625  02:22:00,30126.0,30127.5,30121.5,30123.25,-1
20260625  02:23:00,30123.25,30134.25,30122.0,30132.5,-1
20260625  02:24:00,30132.5,30134.75,30128.0,30133.25,-1
20260625  02:25:00,30133.25,30133.5,30125.0,30130.75,-1
20260625  02:26:00,30130.75,30132.5,30127.5,30131.0,-1
20260625  02:27:00,30131.0,30134.25,30126.75,30131.25,-1
20260625  02:28:00,30131.25,30140.25,30129.5,30139.0,-1
20260625  02:29:00,30139.0,30143.0,30133.75,30137.75,-1
20260625  02:30:00,30137.75,30153.75,30134.75,30150.25,-1
20260625  02:31:00,30150.25,30150.25,30132.0,30133.5,-1
20260625  02:32:00,30133.5,30141.25,30133.0,30136.5,-1
20260625  02:33:00,30136.5,30145.5,30135.5,30144.5,-1
20260625  02:34:00,30144.5,30148.0,30139.75,30142.0,-1
20260625  02:35:00,30142.0,30144.75,30138.0,30142.25,-1
20260625  02:36:00,30142.25,30152.75,30139.5,30147.5,-1
20260625  02:37:00,30147.5,30156.0,30146.25,30154.5,-1
20260625  02:38:00,30154.5,30155.75,30151.75,30153.0,-1
20260625  02:39:00,30153.0,30156.5,30150.5,30155.0,-1
20260625  02:40:00,30155.0,30155.75,30144.5,30150.75,-1
20260625  02:41:00,30150.75,30155.25,30150.25,30153.0,-1
20260625  02:42:00,30153.0,30153.5,30148.0,30151.75,-1
20260625  02:43:00,30151.75,30157.5,30149.75,30151.5,-1
20260625  02:44:00,30151.5,30152.5,30148.25,30150.5,-1
20260625  02:45:00,30150.5,30150.5,30142.25,30142.75,-1
20260625  02:46:00,30142.75,30148.5,30141.0,30147.25,-1
20260625  02:47:00,30147.25,30150.5,30145.0,30146.75,-1
20260625  02:48:00,30146.75,30150.25,30145.25,30148.0,-1
20260625  02:49:00,30148.0,30151.75,30146.0,30150.0,-1
20260625  02:50:00,30150.0,30151.25,30146.5,30147.0,-1
20260625  02:51:00,30147.0,30154.5,30145.75,30152.5,-1
20260625  02:52:00,30152.5,30157.75,30148.0,30156.25,-1
20260625  02:53:00,30156.25,30157.5,30153.25,30154.0,-1
20260625  02:54:00,30154.0,30156.0,30144.5,30151.0,-1
20260625  02:55:00,30151.0,30151.5,30133.25,30135.5,-1
20260625  02:56:00,30135.5,30143.0,30135.25,30140.75,-1
20260625  02:57:00,30140.75,30144.75,30135.0,30137.0,-1
20260625  02:58:00,30137.0,30141.0,30135.75,30136.75,-1
20260625  02:59:00,30136.75,30138.25,30129.0,30132.25,-1
20260625  03:00:00,30132.25,30137.25,30128.25,30133.25,-1
20260625  03:01:00,30133.25,30140.0,30129.5,30136.75,-1
20260625  03:02:00,30136.75,30143.25,30136.25,30139.0,-1
20260625  03:03:00,30139.0,30139.5,30124.5,30127.75,-1
20260625  03:04:00,30127.75,30140.75,30125.75,30140.25,-1
20260625  03:05:00,30140.25,30141.0,30133.75,30138.0,-1
20260625  03:06:00,30138.0,30142.25,30131.75,30141.0,-1
20260625  03:07:00,30141.0,30149.5,30139.5,30144.5,-1
20260625  03:08:00,30144.5,30152.25,30143.0,30147.5,-1
20260625  03:09:00,30147.5,30151.5,30147.25,30151.5,-1
20260625  03:10:00,30151.5,30152.0,30144.75,30149.25,-1
20260625  03:11:00,30149.25,30152.75,30146.0,30149.25,-1
20260625  03:12:00,30149.25,30161.75,30145.5,30160.75,-1
20260625  03:13:00,30160.75,30161.5,30154.0,30154.5,-1
20260625  03:14:00,30154.5,30160.5,30152.75,30160.0,-1
20260625  03:15:00,30160.0,30165.75,30154.0,30165.75,-1
20260625  03:16:00,30165.75,30169.25,30162.75,30166.25,-1
20260625  03:17:00,30166.25,30166.25,30154.25,30155.0,-1
20260625  03:18:00,30155.0,30163.75,30154.75,30162.5,-1
20260625  03:19:00,30162.5,30165.5,30159.5,30162.25,-1
20260625  03:20:00,30162.25,30162.25,30143.0,30146.0,-1
20260625  03:21:00,30146.0,30152.0,30145.0,30151.5,-1
20260625  03:22:00,30151.5,30157.25,30151.25,30156.5,-1
20260625  03:23:00,30156.5,30157.25,30152.75,30155.75,-1
20260625  03:24:00,30155.75,30159.75,30155.0,30157.75,-1
20260625  03:25:00,30157.75,30166.5,30156.0,30166.25,-1
20260625  03:26:00,30166.25,30168.75,30159.75,30160.0,-1
20260625  03:27:00,30160.0,30160.75,30156.25,30159.25,-1
20260625  03:28:00,30159.25,30161.0,30153.0,30158.0,-1
20260625  03:29:00,30158.0,30164.25,30157.0,30164.0,-1
20260625  03:30:00,30164.0,30173.5,30163.75,30169.0,-1
20260625  03:31:00,30169.0,30175.0,30166.5,30168.25,-1
20260625  03:32:00,30168.25,30174.5,30162.5,30173.5,-1
20260625  03:33:00,30173.5,30173.5,30163.25,30166.75,-1
20260625  03:34:00,30166.75,30167.25,30160.25,30164.5,-1
20260625  03:35:00,30164.5,30164.75,30156.0,30160.0,-1
20260625  03:36:00,30160.0,30168.5,30156.5,30166.75,-1
20260625  03:37:00,30166.75,30180.75,30164.5,30180.5,-1
20260625  03:38:00,30180.5,30185.75,30178.75,30180.0,-1
20260625  03:39:00,30180.0,30180.25,30170.75,30173.0,-1
20260625  03:40:00,30173.0,30174.5,30165.5,30167.75,-1
20260625  03:41:00,30167.75,30168.75,30149.75,30155.75,-1
20260625  03:42:00,30155.75,30157.75,30151.75,30152.25,-1
20260625  03:43:00,30152.25,30157.0,30147.25,30154.5,-1
20260625  03:44:00,30154.5,30156.25,30148.75,30153.0,-1
20260625  03:45:00,30153.0,30153.0,30139.5,30145.0,-1
20260625  03:46:00,30145.0,30154.5,30143.75,30153.25,-1
20260625  03:47:00,30153.25,30154.5,30149.25,30154.5,-1
20260625  03:48:00,30154.5,30158.5,30151.25,30158.5,-1
20260625  03:49:00,30158.5,30162.0,30154.5,30161.75,-1
20260625  03:50:00,30161.75,30164.25,30156.75,30157.5,-1
20260625  03:51:00,30157.5,30168.5,30157.5,30168.0,-1
20260625  03:52:00,30168.0,30175.25,30166.75,30168.25,-1
20260625  03:53:00,30168.25,30168.25,30162.25,30167.75,-1
20260625  03:54:00,30167.75,30171.5,30167.25,30170.75,-1
20260625  03:55:00,30170.75,30176.25,30169.0,30174.0,-1
20260625  03:56:00,30174.0,30176.0,30168.5,30170.0,-1
20260625  03:57:00,30170.0,30170.0,30165.5,30167.0,-1
20260625  03:58:00,30167.0,30168.0,30152.25,30156.5,-1
20260625  03:59:00,30156.5,30161.5,30149.0,30159.5,-1
20260625  04:00:00,30159.5,30189.75,30159.25,30180.25,-1
20260625  04:01:00,30180.25,30190.0,30178.0,30187.25,-1
20260625  04:02:00,30187.25,30193.25,30181.0,30189.0,-1
20260625  04:03:00,30189.0,30190.0,30175.0,30179.0,-1
20260625  04:04:00,30179.0,30190.5,30174.0,30186.75,-1
20260625  04:05:00,30186.75,30189.5,30175.0,30176.0,-1
20260625  04:06:00,30176.0,30176.5,30160.25,30161.5,-1
20260625  04:07:00,30161.5,30165.25,30155.0,30159.0,-1
20260625  04:08:00,30159.0,30165.5,30156.0,30163.0,-1
20260625  04:09:00,30163.0,30165.25,30156.5,30164.0,-1
20260625  04:10:00,30164.0,30167.5,30161.25,30165.25,-1
20260625  04:11:00,30165.25,30175.0,30164.0,30171.0,-1
20260625  04:12:00,30171.0,30171.75,30156.5,30156.75,-1
20260625  04:13:00,30156.75,30158.75,30151.75,30154.0,-1
20260625  04:14:00,30154.0,30160.0,30152.0,30153.0,-1
20260625  04:15:00,30153.0,30157.0,30143.75,30151.5,-1
20260625  04:16:00,30151.5,30157.25,30149.0,30151.0,-1
20260625  04:17:00,30151.0,30158.75,30149.75,30156.0,-1
20260625  04:18:00,30156.0,30156.0,30145.25,30152.5,-1
20260625  04:19:00,30152.5,30157.0,30142.5,30143.75,-1
20260625  04:20:00,30143.75,30146.25,30135.25,30135.75,-1
20260625  04:21:00,30135.75,30136.25,30128.5,30133.75,-1
20260625  04:22:00,30133.75,30134.75,30121.75,30129.75,-1
20260625  04:23:00,30129.75,30131.5,30122.25,30123.25,-1
20260625  04:24:00,30123.25,30123.5,30115.25,30116.25,-1
20260625  04:25:00,30116.25,30121.25,30112.5,30121.25,-1
20260625  04:26:00,30121.25,30125.75,30115.75,30123.5,-1
20260625  04:27:00,30123.5,30126.5,30115.5,30120.75,-1
20260625  04:28:00,30120.75,30122.0,30108.5,30116.25,-1
20260625  04:29:00,30116.25,30120.75,30111.75,30116.75,-1
20260625  04:30:00,30116.75,30118.5,30099.25,30105.75,-1
20260625  04:31:00,30105.75,30118.0,30103.0,30113.75,-1
20260625  04:32:00,30113.75,30119.5,30110.5,30110.75,-1
20260625  04:33:00,30110.75,30124.25,30107.5,30122.0,-1
20260625  04:34:00,30122.0,30123.75,30108.75,30113.0,-1
20260625  04:35:00,30113.0,30122.25,30112.25,30119.75,-1
20260625  04:36:00,30119.75,30126.5,30118.25,30122.5,-1
20260625  04:37:00,30122.5,30122.75,30108.5,30112.0,-1
20260625  04:38:00,30112.0,30118.75,30108.75,30117.75,-1
20260625  04:39:00,30117.75,30127.5,30116.75,30123.25,-1
20260625  04:40:00,30123.25,30126.0,30119.5,30126.0,-1
20260625  04:41:00,30126.0,30129.25,30120.75,30127.0,-1
20260625  04:42:00,30127.0,30130.75,30122.75,30129.0,-1
20260625  04:43:00,30129.0,30134.5,30129.0,30133.75,-1
20260625  04:44:00,30133.75,30138.25,30129.5,30131.25,-1
20260625  04:45:00,30131.25,30152.5,30130.25,30149.5,-1
20260625  04:46:00,30149.5,30150.0,30142.5,30143.25,-1
20260625  04:47:00,30143.25,30143.25,30128.75,30134.5,-1
20260625  04:48:00,30134.5,30135.25,30128.75,30133.5,-1
20260625  04:49:00,30133.5,30138.0,30131.25,30132.25,-1
20260625  04:50:00,30132.25,30141.0,30130.25,30133.75,-1
20260625  04:51:00,30133.75,30141.0,30129.5,30137.25,-1
20260625  04:52:00,30137.25,30141.25,30135.75,30137.25,-1
20260625  04:53:00,30137.25,30137.5,30126.25,30127.25,-1
20260625  04:54:00,30127.25,30128.25,30118.25,30120.25,-1
20260625  04:55:00,30120.25,30122.5,30113.75,30117.0,-1
20260625  04:56:00,30117.0,30126.25,30115.75,30124.5,-1
20260625  04:57:00,30124.5,30132.75,30122.75,30132.0,-1
20260625  04:58:00,30132.0,30133.75,30123.0,30132.25,-1
20260625  04:59:00,30132.25,30134.75,30128.5,30131.0,-1
20260625  05:00:00,30131.0,30140.5,30126.5,30127.25,-1
20260625  05:01:00,30127.25,30130.5,30120.75,30126.25,-1
20260625  05:02:00,30126.25,30133.75,30125.0,30131.75,-1
20260625  05:03:00,30131.75,30137.25,30125.5,30133.25,-1
20260625  05:04:00,30133.25,30144.5,30130.5,30144.5,-1
20260625  05:05:00,30144.5,30162.0,30143.5,30159.25,-1
20260625  05:06:00,30159.25,30165.5,30153.75,30156.5,-1
20260625  05:07:00,30156.5,30160.5,30152.0,30159.5,-1
20260625  05:08:00,30159.5,30181.5,30158.5,30177.0,-1
20260625  05:09:00,30177.0,30178.25,30167.5,30167.75,-1
20260625  05:10:00,30167.75,30168.5,30161.25,30165.0,-1
20260625  05:11:00,30165.0,30170.25,30159.25,30164.5,-1
20260625  05:12:00,30164.5,30169.25,30161.75,30164.5,-1
20260625  05:13:00,30164.5,30167.0,30137.0,30137.75,-1
20260625  05:14:00,30137.75,30144.25,30132.5,30141.0,-1
20260625  05:15:00,30141.0,30150.25,30139.0,30144.5,-1
20260625  05:16:00,30144.5,30153.5,30141.25,30142.75,-1
20260625  05:17:00,30142.75,30143.25,30127.0,30135.25,-1
20260625  05:18:00,30135.25,30135.75,30128.25,30133.75,-1
20260625  05:19:00,30133.75,30138.75,30129.5,30133.0,-1
20260625  05:20:00,30133.0,30136.25,30122.5,30135.25,-1
20260625  05:21:00,30135.25,30139.0,30129.25,30130.0,-1
20260625  05:22:00,30130.0,30131.75,30121.5,30123.75,-1
20260625  05:23:00,30123.75,30126.0,30117.0,30122.25,-1
20260625  05:24:00,30122.25,30137.75,30121.5,30137.25,-1
20260625  05:25:00,30137.25,30144.75,30136.75,30138.5,-1
20260625  05:26:00,30138.5,30141.25,30131.25,30133.0,-1
20260625  05:27:00,30133.0,30140.75,30129.75,30140.5,-1
20260625  05:28:00,30140.5,30140.5,30132.5,30137.5,-1
20260625  05:29:00,30137.5,30139.75,30126.75,30132.0,-1
20260625  05:30:00,30132.0,30262.75,30126.5,30243.5,-1
20260625  05:31:00,30243.5,30246.25,30206.0,30207.75,-1
20260625  05:32:00,30207.75,30221.5,30178.25,30192.25,-1
20260625  05:33:00,30192.25,30202.75,30175.0,30177.25,-1
20260625  05:34:00,30177.25,30207.75,30176.75,30206.0,-1
20260625  05:35:00,30206.0,30214.0,30193.5,30204.75,-1
20260625  05:36:00,30204.75,30227.5,30203.75,30224.25,-1
20260625  05:37:00,30224.25,30234.5,30201.75,30205.0,-1
20260625  05:38:00,30205.0,30210.0,30186.0,30202.75,-1
20260625  05:39:00,30202.75,30210.0,30184.75,30197.25,-1
20260625  05:40:00,30197.25,30209.0,30183.5,30184.75,-1
20260625  05:41:00,30184.75,30200.5,30175.5,30195.0,-1
20260625  05:42:00,30195.0,30215.0,30187.0,30204.25,-1
20260625  05:43:00,30204.25,30206.25,30188.0,30190.5,-1
20260625  05:44:00,30190.5,30199.25,30186.75,30192.5,-1
20260625  05:45:00,30192.5,30201.75,30188.25,30198.5,-1
20260625  05:46:00,30198.5,30210.75,30190.5,30206.5,-1
20260625  05:47:00,30206.5,30222.0,30199.75,30221.25,-1
20260625  05:48:00,30221.25,30226.75,30212.75,30222.5,-1
20260625  05:49:00,30222.5,30224.5,30206.25,30208.5,-1
20260625  05:50:00,30208.5,30214.25,30204.75,30208.25,-1
20260625  05:51:00,30208.25,30221.25,30205.5,30216.5,-1
20260625  05:52:00,30216.5,30221.75,30209.5,30214.0,-1
20260625  05:53:00,30214.0,30220.75,30205.75,30211.25,-1
20260625  05:54:00,30211.25,30215.5,30205.5,30214.0,-1
20260625  05:55:00,30214.0,30215.75,30202.0,30210.5,-1
20260625  05:56:00,30210.5,30211.0,30198.5,30204.0,-1
20260625  05:57:00,30204.0,30211.25,30201.5,30202.5,-1
20260625  05:58:00,30202.5,30202.5,30191.5,30193.0,-1
20260625  05:59:00,30193.0,30205.5,30192.5,30202.0,-1
20260625  06:00:00,30202.0,30215.0,30193.25,30194.25,-1
20260625  06:01:00,30194.25,30197.0,30188.5,30191.25,-1
20260625  06:02:00,30191.25,30199.25,30186.75,30197.25,-1
20260625  06:03:00,30197.25,30201.5,30178.25,30183.0,-1
20260625  06:04:00,30183.0,30187.75,30172.25,30177.75,-1
20260625  06:05:00,30177.75,30179.25,30165.0,30171.75,-1
20260625  06:06:00,30171.75,30180.25,30168.0,30169.75,-1
20260625  06:07:00,30169.75,30176.25,30161.0,30162.0,-1
20260625  06:08:00,30162.0,30167.5,30160.75,30167.25,-1
20260625  06:09:00,30167.25,30171.75,30153.5,30155.25,-1
20260625  06:10:00,30155.25,30161.25,30151.5,30158.5,-1
20260625  06:11:00,30158.5,30164.75,30145.5,30162.0,-1
20260625  06:12:00,30162.0,30168.75,30157.75,30163.25,-1
20260625  06:13:00,30163.25,30165.0,30143.5,30160.0,-1
20260625  06:14:00,30160.0,30164.75,30153.5,30163.75,-1
20260625  06:15:00,30163.75,30165.0,30148.5,30153.5,-1
20260625  06:16:00,30153.5,30153.75,30142.25,30145.0,-1
20260625  06:17:00,30145.0,30149.5,30138.5,30146.75,-1
20260625  06:18:00,30146.75,30147.75,30136.75,30142.0,-1
20260625  06:19:00,30142.0,30148.75,30137.0,30143.0,-1
20260625  06:20:00,30143.0,30152.5,30141.75,30148.0,-1
20260625  06:21:00,30148.0,30151.75,30137.75,30143.5,-1
20260625  06:22:00,30143.5,30153.0,30136.5,30150.25,-1
20260625  06:23:00,30150.25,30152.75,30141.5,30146.5,-1
20260625  06:24:00,30146.5,30147.25,30131.25,30141.0,-1
20260625  06:25:00,30141.0,30165.75,30140.75,30161.25,-1
20260625  06:26:00,30161.25,30169.75,30159.0,30169.25,-1
20260625  06:27:00,30169.25,30179.0,30167.25,30176.75,-1
20260625  06:28:00,30176.75,30178.5,30153.75,30161.75,-1
20260625  06:29:00,30161.75,30163.5,30149.25,30152.25,-1
20260625  06:30:00,30152.25,30193.25,30107.75,30122.75,-1
20260625  06:31:00,30122.75,30126.75,30067.5,30080.75,-1
20260625  06:32:00,30080.75,30092.5,30060.0,30069.75,-1
20260625  06:33:00,30069.75,30070.75,30040.0,30050.0,-1
20260625  06:34:00,30050.0,30075.75,30045.5,30058.5,-1
20260625  06:35:00,30058.5,30088.5,30056.75,30087.0,-1
20260625  06:36:00,30087.0,30090.75,30047.25,30064.5,-1
20260625  06:37:00,30064.5,30084.0,30026.5,30029.5,-1
20260625  06:38:00,30029.5,30036.25,29992.5,30008.75,-1
20260625  06:39:00,30008.75,30031.25,29995.0,29996.75,-1
20260625  06:40:00,29996.75,30010.5,29943.5,29947.25,-1
20260625  06:41:00,29947.25,29961.25,29904.25,29905.5,-1
20260625  06:42:00,29905.5,29913.5,29844.25,29846.5,-1
20260625  06:43:00,29846.5,29854.25,29758.5,29770.5,-1
20260625  06:44:00,29770.5,29805.5,29746.5,29767.75,-1
20260625  06:45:00,29767.75,29817.0,29693.0,29701.5,-1
20260625  06:46:00,29701.5,29717.25,29588.0,29619.0,-1
20260625  06:47:00,29619.0,29657.25,29572.75,29600.0,-1
20260625  06:48:00,29600.0,29635.75,29530.5,29531.75,-1
20260625  06:49:00,29531.75,29652.75,29529.5,29637.75,-1
20260625  06:50:00,29637.75,29683.75,29599.75,29644.75,-1
20260625  06:51:00,29644.75,29655.5,29535.5,29539.5,-1
20260625  06:52:00,29539.5,29556.75,29486.25,29520.25,-1
20260625  06:53:00,29520.25,29565.25,29444.0,29453.0,-1
20260625  06:54:00,29453.0,29486.5,29406.25,29420.0,-1
20260625  06:55:00,29420.0,29446.75,29335.5,29384.25,-1
20260625  06:56:00,29384.25,29435.25,29364.75,29396.5,-1
20260625  06:57:00,29396.5,29462.75,29379.5,29418.25,-1
20260625  06:58:00,29418.25,29432.25,29356.25,29357.25,-1
20260625  06:59:00,29357.25,29385.0,29297.0,29317.5,-1
20260625  07:00:00,29317.5,29414.0,29307.5,29380.25,-1
20260625  07:01:00,29380.25,29460.0,29349.0,29423.0,-1
20260625  07:02:00,29423.0,29490.25,29402.25,29482.75,-1
20260625  07:03:00,29482.75,29544.75,29466.25,29510.5,-1
20260625  07:04:00,29510.5,29519.25,29464.5,29486.75,-1
20260625  07:05:00,29486.75,29565.75,29483.75,29503.75,-1
20260625  07:06:00,29503.75,29556.25,29489.75,29544.75,-1
20260625  07:07:00,29544.75,29581.25,29540.25,29574.25,-1
20260625  07:08:00,29574.25,29609.75,29546.5,29588.5,-1
20260625  07:09:00,29588.5,29615.75,29576.25,29605.0,-1
20260625  07:10:00,29605.0,29678.0,29594.25,29649.25,-1
20260625  07:11:00,29649.25,29689.75,29636.0,29663.75,-1
20260625  07:12:00,29663.75,29678.0,29618.75,29621.25,-1
20260625  07:13:00,29621.25,29643.75,29553.75,29579.0,-1
20260625  07:14:00,29579.0,29596.25,29541.75,29546.5,-1
20260625  07:15:00,29546.5,29610.5,29528.75,29540.5,-1
20260625  07:16:00,29540.5,29561.0,29477.75,29502.0,-1
20260625  07:17:00,29502.0,29569.0,29485.5,29536.25,-1
20260625  07:18:00,29536.25,29562.75,29506.75,29519.75,-1
20260625  07:19:00,29519.75,29617.0,29488.25,29611.25,-1
20260625  07:20:00,29611.25,29674.0,29594.0,29652.25,-1
20260625  07:21:00,29652.25,29681.75,29635.5,29674.25,-1
20260625  07:22:00,29674.25,29685.5,29590.25,29592.5,-1
20260625  07:23:00,29592.5,29615.25,29560.25,29587.75,-1
20260625  07:24:00,29587.75,29590.25,29524.5,29569.25,-1
20260625  07:25:00,29569.25,29614.5,29568.75,29593.25,-1
20260625  07:26:00,29593.25,29627.5,29561.75,29609.5,-1
20260625  07:27:00,29609.5,29637.75,29563.5,29574.5,-1
20260625  07:28:00,29574.5,29614.25,29551.75,29588.0,-1
20260625  07:29:00,29588.0,29609.25,29566.25,29587.25,-1
20260625  07:30:00,29587.25,29622.75,29583.75,29600.75,-1
20260625  07:31:00,29600.75,29637.25,29599.0,29600.5,-1
20260625  07:32:00,29600.5,29665.75,29584.25,29658.25,-1
20260625  07:33:00,29658.25,29716.0,29646.0,29688.5,-1
20260625  07:34:00,29688.5,29696.0,29619.25,29669.0,-1
20260625  07:35:00,29669.0,29694.0,29660.75,29671.0,-1
20260625  07:36:00,29671.0,29686.75,29653.5,29670.5,-1
20260625  07:37:00,29670.5,29692.0,29607.0,29631.0,-1
20260625  07:38:00,29631.0,29659.0,29623.0,29638.75,-1
20260625  07:39:00,29638.75,29709.5,29637.5,29698.5,-1
20260625  07:40:00,29698.5,29711.25,29673.75,29697.0,-1
20260625  07:41:00,29697.0,29704.75,29658.0,29668.25,-1
20260625  07:42:00,29668.25,29669.25,29629.75,29636.0,-1
20260625  07:43:00,29636.0,29649.25,29595.25,29599.25,-1
20260625  07:44:00,29599.25,29620.5,29563.75,29604.75,-1
20260625  07:45:00,29604.75,29622.25,29562.0,29596.75,-1
20260625  07:46:00,29596.75,29613.0,29576.75,29582.25,-1
20260625  07:47:00,29582.25,29611.5,29572.5,29596.5,-1
20260625  07:48:00,29596.5,29655.5,29595.0,29654.75,-1
20260625  07:49:00,29654.75,29685.25,29652.25,29671.25,-1
20260625  07:50:00,29671.25,29697.25,29646.0,29655.5,-1
20260625  07:51:00,29655.5,29738.5,29646.5,29728.25,-1
20260625  07:52:00,29728.25,29773.0,29722.5,29765.5,-1
20260625  07:53:00,29765.5,29771.0,29725.75,29741.25,-1
20260625  07:54:00,29741.25,29776.25,29738.75,29771.0,-1
20260625  07:55:00,29771.0,29771.75,29735.0,29746.25,-1
20260625  07:56:00,29746.25,29754.0,29716.25,29719.0,-1
20260625  07:57:00,29719.0,29721.0,29616.0,29623.25,-1
20260625  07:58:00,29623.25,29660.5,29613.0,29616.25,-1
20260625  07:59:00,29616.25,29665.5,29613.0,29634.25,-1
20260625  08:00:00,29634.25,29648.5,29607.25,29648.25,-1
20260625  08:01:00,29648.25,29687.25,29641.0,29655.75,-1
20260625  08:02:00,29655.75,29698.0,29641.75,29696.25,-1
20260625  08:03:00,29696.25,29697.0,29657.0,29677.0,-1
20260625  08:04:00,29677.0,29732.0,29674.0,29727.75,-1
20260625  08:05:00,29727.75,29746.0,29659.5,29671.25,-1
20260625  08:06:00,29671.25,29686.5,29631.25,29653.25,-1
20260625  08:07:00,29653.25,29665.25,29633.75,29652.0,-1
20260625  08:08:00,29652.0,29677.25,29640.0,29650.25,-1
20260625  08:09:00,29650.25,29663.75,29625.0,29643.25,-1
20260625  08:10:00,29643.25,29660.5,29630.5,29651.5,-1
20260625  08:11:00,29651.5,29653.5,29581.25,29596.0,-1
20260625  08:12:00,29596.0,29608.0,29543.0,29550.75,-1
20260625  08:13:00,29550.75,29563.25,29527.25,29540.75,-1
20260625  08:14:00,29540.75,29551.0,29512.25,29533.25,-1
20260625  08:15:00,29533.25,29535.5,29462.5,29487.75,-1
20260625  08:16:00,29487.75,29502.0,29469.5,29500.25,-1
20260625  08:17:00,29500.25,29546.25,29495.0,29532.25,-1
20260625  08:18:00,29532.25,29582.75,29526.0,29561.5,-1
20260625  08:19:00,29561.5,29608.75,29552.25,29590.25,-1
20260625  08:20:00,29590.25,29594.75,29542.75,29558.0,-1
20260625  08:21:00,29558.0,29621.0,29557.25,29619.75,-1
20260625  08:22:00,29619.75,29628.25,29596.5,29615.75,-1
20260625  08:23:00,29615.75,29639.5,29605.0,29619.5,-1
20260625  08:24:00,29619.5,29667.0,29618.5,29645.5,-1
20260625  08:25:00,29645.5,29645.5,29609.5,29611.5,-1
20260625  08:26:00,29611.5,29623.0,29583.75,29616.5,-1
20260625  08:27:00,29616.5,29644.75,29604.25,29628.75,-1
20260625  08:28:00,29628.75,29633.25,29595.0,29618.5,-1
20260625  08:29:00,29618.5,29624.75,29593.25,29613.5,-1
20260625  08:30:00,29613.5,29636.0,29606.0,29631.75,-1
20260625  08:31:00,29631.75,29668.5,29621.75,29647.5,-1
20260625  08:32:00,29647.5,29692.75,29643.75,29683.75,-1
20260625  08:33:00,29683.75,29686.0,29653.5,29669.75,-1
20260625  08:34:00,29669.75,29677.5,29616.5,29621.0,-1
20260625  08:35:00,29621.0,29655.0,29620.75,29644.5,-1
20260625  08:36:00,29644.5,29672.5,29640.5,29664.5,-1
20260625  08:37:00,29664.5,29680.5,29651.0,29653.25,-1
20260625  08:38:00,29653.25,29672.25,29643.5,29658.75,-1
20260625  08:39:00,29658.75,29659.0,29636.5,29641.0,-1
20260625  08:40:00,29641.0,29665.25,29631.5,29656.25,-1
20260625  08:41:00,29656.25,29670.5,29632.25,29654.25,-1
20260625  08:42:00,29654.25,29661.75,29639.25,29656.75,-1
20260625  08:43:00,29656.75,29686.25,29654.0,29666.75,-1
20260625  08:44:00,29666.75,29701.75,29664.5,29695.25,-1
20260625  08:45:00,29695.25,29744.0,29683.75,29735.5,-1
20260625  08:46:00,29735.5,29762.25,29731.25,29740.25,-1
20260625  08:47:00,29740.25,29752.5,29732.0,29744.25,-1
20260625  08:48:00,29744.25,29746.75,29691.5,29700.25,-1
20260625  08:49:00,29700.25,29707.5,29668.75,29678.5,-1
20260625  08:50:00,29678.5,29690.75,29652.5,29674.75,-1
20260625  08:51:00,29674.75,29714.0,29672.25,29688.0,-1
20260625  08:52:00,29688.0,29694.5,29674.5,29684.75,-1
20260625  08:53:00,29684.75,29691.75,29665.0,29679.25,-1
20260625  08:54:00,29679.25,29710.5,29678.0,29699.5,-1
20260625  08:55:00,29699.5,29707.25,29683.5,29688.75,-1
20260625  08:56:00,29688.75,29701.0,29678.25,29685.5,-1
20260625  08:57:00,29685.5,29714.25,29676.25,29692.25,-1
20260625  08:58:00,29692.25,29694.5,29665.5,29672.25,-1
20260625  08:59:00,29672.25,29675.0,29651.75,29659.5,-1
20260625  09:00:00,29659.5,29675.5,29645.5,29671.25,-1
20260625  09:01:00,29671.25,29684.0,29643.25,29672.0,-1
20260625  09:02:00,29672.0,29677.5,29655.0,29657.0,-1
20260625  09:03:00,29657.0,29670.75,29648.0,29658.5,-1
20260625  09:04:00,29658.5,29688.75,29657.5,29684.75,-1
20260625  09:05:00,29684.75,29719.25,29676.5,29711.5,-1
20260625  09:06:00,29711.5,29765.75,29702.75,29764.25,-1
20260625  09:07:00,29764.25,29766.0,29743.0,29745.0,-1
20260625  09:08:00,29745.0,29773.25,29734.25,29770.5,-1
20260625  09:09:00,29770.5,29796.5,29760.25,29790.5,-1
20260625  09:10:00,29790.5,29828.25,29781.5,29823.5,-1
20260625  09:11:00,29823.5,29843.0,29802.5,29811.25,-1
20260625  09:12:00,29811.25,29818.0,29791.75,29810.75,-1
20260625  09:13:00,29810.75,29844.25,29808.75,29841.0,-1
20260625  09:14:00,29841.0,29841.0,29819.5,29826.0,-1
20260625  09:15:00,29826.0,29855.25,29825.0,29850.0,-1
20260625  09:16:00,29850.0,29864.75,29843.25,29863.75,-1
20260625  09:17:00,29863.75,29871.5,29843.0,29856.5,-1
20260625  09:18:00,29856.5,29864.75,29837.0,29842.25,-1
20260625  09:19:00,29842.25,29843.0,29810.75,29819.75,-1
20260625  09:20:00,29819.75,29837.75,29806.75,29807.25,-1
20260625  09:21:00,29807.25,29822.0,29797.0,29818.75,-1
20260625  09:22:00,29818.75,29825.5,29788.25,29789.0,-1
20260625  09:23:00,29789.0,29798.5,29753.5,29756.5,-1
20260625  09:24:00,29756.5,29774.5,29743.5,29760.75,-1
20260625  09:25:00,29760.75,29771.75,29733.0,29743.5,-1
20260625  09:26:00,29743.5,29765.5,29742.75,29756.25,-1
20260625  09:27:00,29756.25,29760.5,29742.5,29756.75,-1
20260625  09:28:00,29756.75,29771.0,29748.5,29754.5,-1
20260625  09:29:00,29754.5,29769.5,29742.0,29763.75,-1
20260625  09:30:00,29763.75,29768.5,29727.5,29738.75,-1
20260625  09:31:00,29738.75,29750.25,29713.25,29716.5,-1
20260625  09:32:00,29716.5,29733.5,29707.75,29708.5,-1
20260625  09:33:00,29708.5,29713.5,29673.5,29705.25,-1
20260625  09:34:00,29705.25,29711.0,29685.25,29711.0,-1
20260625  09:35:00,29711.0,29721.5,29684.75,29714.5,-1
20260625  09:36:00,29714.5,29735.25,29702.0,29710.0,-1
20260625  09:37:00,29710.0,29711.5,29692.25,29704.0,-1
20260625  09:38:00,29704.0,29704.0,29682.25,29698.25,-1
20260625  09:39:00,29698.25,29705.75,29672.75,29683.5,-1
20260625  09:40:00,29683.5,29689.0,29668.0,29679.75,-1
20260625  09:41:00,29679.75,29697.75,29661.25,29664.5,-1
20260625  09:42:00,29664.5,29686.75,29660.25,29669.25,-1
20260625  09:43:00,29669.25,29683.5,29646.75,29648.75,-1
20260625  09:44:00,29648.75,29655.25,29638.0,29651.25,-1
20260625  09:45:00,29651.25,29651.25,29586.25,29592.25,-1
20260625  09:46:00,29592.25,29646.25,29588.25,29639.0,-1
20260625  09:47:00,29639.0,29681.25,29633.5,29665.75,-1
20260625  09:48:00,29665.75,29697.0,29663.75,29685.5,-1
20260625  09:49:00,29685.5,29706.5,29677.5,29700.0,-1
20260625  09:50:00,29700.0,29710.25,29679.0,29700.75,-1
20260625  09:51:00,29700.75,29708.25,29676.75,29680.75,-1
20260625  09:52:00,29680.75,29695.75,29662.25,29692.75,-1
20260625  09:53:00,29692.75,29715.5,29687.25,29696.25,-1
20260625  09:54:00,29696.25,29713.0,29687.75,29689.5,-1
20260625  09:55:00,29689.5,29693.5,29654.75,29666.0,-1
20260625  09:56:00,29666.0,29682.75,29648.0,29655.0,-1
20260625  09:57:00,29655.0,29675.25,29650.25,29653.25,-1
20260625  09:58:00,29653.25,29679.0,29653.0,29676.5,-1
20260625  09:59:00,29676.5,29684.25,29668.25,29681.75,-1
20260625  10:00:00,29681.75,29717.0,29680.0,29704.75,-1
20260625  10:01:00,29704.75,29710.25,29685.75,29698.75,-1
20260625  10:02:00,29698.75,29709.75,29679.0,29693.0,-1
20260625  10:03:00,29693.0,29709.5,29684.0,29701.25,-1
20260625  10:04:00,29701.25,29709.5,29686.5,29687.5,-1
20260625  10:05:00,29687.5,29698.25,29678.5,29691.0,-1
20260625  10:06:00,29691.0,29693.0,29675.0,29675.5,-1
20260625  10:07:00,29675.5,29699.0,29672.0,29696.25,-1
20260625  10:08:00,29696.25,29715.5,29692.5,29694.0,-1
20260625  10:09:00,29694.0,29712.5,29693.0,29706.25,-1
20260625  10:10:00,29706.25,29750.75,29705.75,29744.75,-1
20260625  10:11:00,29744.75,29778.75,29742.0,29755.5,-1
20260625  10:12:00,29755.5,29758.5,29729.5,29747.0,-1
20260625  10:13:00,29747.0,29767.5,29741.25,29763.5,-1
20260625  10:14:00,29763.5,29771.0,29744.25,29748.0,-1
20260625  10:15:00,29748.0,29804.0,29747.5,29799.0,-1
20260625  10:16:00,29799.0,29811.0,29785.75,29789.25,-1
20260625  10:17:00,29789.25,29799.0,29763.75,29776.75,-1
20260625  10:18:00,29776.75,29777.25,29734.5,29735.5,-1
20260625  10:19:00,29735.5,29746.5,29700.25,29701.0,-1
20260625  10:20:00,29701.0,29720.25,29674.0,29711.25,-1
20260625  10:21:00,29711.25,29729.5,29705.5,29717.75,-1
20260625  10:22:00,29717.75,29730.0,29706.0,29714.25,-1
20260625  10:23:00,29714.25,29722.5,29699.75,29720.0,-1
20260625  10:24:00,29720.0,29744.0,29717.0,29735.25,-1
20260625  10:25:00,29735.25,29749.5,29725.75,29738.5,-1
20260625  10:26:00,29738.5,29774.25,29737.75,29771.75,-1
20260625  10:27:00,29771.75,29779.5,29765.0,29771.5,-1
20260625  10:28:00,29771.5,29772.0,29740.25,29747.5,-1
20260625  10:29:00,29747.5,29766.5,29745.0,29765.5,-1
20260625  10:30:00,29765.5,29779.5,29756.0,29771.75,-1
20260625  10:31:00,29771.75,29772.75,29746.0,29750.75,-1
20260625  10:32:00,29750.75,29761.25,29732.25,29735.75,-1
20260625  10:33:00,29735.75,29747.5,29719.75,29737.25,-1
20260625  10:34:00,29737.25,29743.75,29725.75,29733.25,-1
20260625  10:35:00,29733.25,29756.0,29728.75,29745.75,-1
20260625  10:36:00,29745.75,29773.5,29743.5,29762.0,-1
20260625  10:37:00,29762.0,29762.25,29743.25,29752.5,-1
20260625  10:38:00,29752.5,29771.75,29747.5,29770.0,-1
20260625  10:39:00,29770.0,29773.0,29754.75,29768.5,-1
20260625  10:40:00,29768.5,29794.75,29764.5,29788.25,-1
20260625  10:41:00,29788.25,29798.5,29765.0,29770.25,-1
20260625  10:42:00,29770.25,29776.25,29757.5,29762.5,-1
20260625  10:43:00,29762.5,29775.75,29742.25,29742.75,-1
20260625  10:44:00,29742.75,29745.75,29726.75,29735.5,-1
20260625  10:45:00,29735.5,29737.75,29695.5,29701.75,-1
20260625  10:46:00,29701.75,29724.5,29698.25,29709.75,-1
20260625  10:47:00,29709.75,29712.25,29687.25,29701.5,-1
20260625  10:48:00,29701.5,29707.0,29684.0,29696.25,-1
20260625  10:49:00,29696.25,29698.5,29682.25,29694.5,-1
20260625  10:50:00,29694.5,29710.0,29680.75,29701.0,-1
20260625  10:51:00,29701.0,29709.25,29688.0,29695.0,-1
20260625  10:52:00,29695.0,29716.5,29693.5,29707.25,-1
20260625  10:53:00,29707.25,29753.0,29701.25,29744.0,-1
20260625  10:54:00,29744.0,29760.25,29738.25,29746.75,-1
20260625  10:55:00,29746.75,29757.5,29732.5,29756.5,-1
20260625  10:56:00,29756.5,29758.5,29724.5,29758.0,-1
20260625  10:57:00,29758.0,29780.25,29756.5,29771.25,-1
20260625  10:58:00,29771.25,29796.5,29768.25,29792.5,-1
20260625  10:59:00,29792.5,29803.5,29782.25,29794.25,-1
20260625  11:00:00,29794.25,29801.75,29772.0,29783.75,-1
20260625  11:01:00,29783.75,29800.5,29777.25,29782.25,-1
20260625  11:02:00,29782.25,29783.5,29689.25,29699.25,-1
20260625  11:03:00,29699.25,29728.75,29680.75,29683.0,-1
20260625  11:04:00,29683.0,29722.5,29679.0,29710.0,-1
20260625  11:05:00,29710.0,29721.0,29692.0,29716.0,-1
20260625  11:06:00,29716.0,29764.25,29712.75,29762.0,-1
20260625  11:07:00,29762.0,29787.0,29748.5,29774.0,-1
20260625  11:08:00,29774.0,29789.25,29768.5,29775.0,-1
20260625  11:09:00,29775.0,29811.0,29773.0,29798.0,-1
20260625  11:10:00,29798.0,29814.0,29780.75,29788.0,-1
20260625  11:11:00,29788.0,29805.75,29785.5,29801.5,-1
20260625  11:12:00,29801.5,29817.75,29791.25,29793.5,-1
20260625  11:13:00,29793.5,29794.5,29757.75,29763.75,-1
20260625  11:14:00,29763.75,29781.25,29751.0,29773.0,-1
20260625  11:15:00,29773.0,29775.25,29747.25,29759.5,-1
20260625  11:16:00,29759.5,29795.25,29758.5,29791.25,-1
20260625  11:17:00,29791.25,29802.0,29784.75,29789.75,-1
20260625  11:18:00,29789.75,29830.75,29782.5,29828.5,-1
20260625  11:19:00,29828.5,29869.5,29824.5,29837.0,-1
20260625  11:20:00,29837.0,29859.0,29823.75,29826.25,-1
20260625  11:21:00,29826.25,29827.5,29790.5,29805.0,-1
20260625  11:22:00,29805.0,29831.75,29802.0,29811.25,-1
20260625  11:23:00,29811.25,29824.5,29806.0,29823.75,-1
20260625  11:24:00,29823.75,29842.25,29818.0,29824.75,-1
20260625  11:25:00,29824.75,29862.5,29823.75,29858.5,-1
20260625  11:26:00,29858.5,29872.75,29852.25,29869.0,-1
20260625  11:27:00,29869.0,29872.0,29848.5,29869.75,-1
20260625  11:28:00,29869.75,29891.5,29866.75,29871.25,-1
20260625  11:29:00,29871.25,29885.5,29865.75,29877.5,-1
20260625  11:30:00,29877.5,29878.0,29826.5,29827.25,-1
20260625  11:31:00,29827.25,29834.75,29807.5,29822.5,-1
20260625  11:32:00,29822.5,29828.25,29796.5,29799.25,-1
20260625  11:33:00,29799.25,29799.75,29769.0,29774.75,-1
20260625  11:34:00,29774.75,29786.25,29765.25,29769.5,-1
20260625  11:35:00,29769.5,29776.5,29741.0,29768.25,-1
20260625  11:36:00,29768.25,29790.75,29764.5,29777.5,-1
20260625  11:37:00,29777.5,29793.5,29762.0,29791.25,-1
20260625  11:38:00,29791.25,29806.75,29781.5,29792.75,-1
20260625  11:39:00,29792.75,29801.75,29765.0,29789.0,-1
20260625  11:40:00,29789.0,29794.5,29771.5,29783.75,-1
20260625  11:41:00,29783.75,29786.25,29756.0,29760.5,-1
20260625  11:42:00,29760.5,29779.75,29756.25,29778.5,-1
20260625  11:43:00,29778.5,29795.75,29776.0,29794.25,-1
20260625  11:44:00,29794.25,29801.25,29785.5,29789.25,-1
20260625  11:45:00,29789.25,29790.25,29747.75,29757.75,-1
20260625  11:46:00,29757.75,29766.25,29722.0,29722.5,-1
20260625  11:47:00,29722.5,29731.75,29703.25,29728.5,-1
20260625  11:48:00,29728.5,29742.75,29724.0,29740.75,-1
20260625  11:49:00,29740.75,29766.75,29740.0,29765.0,-1
20260625  11:50:00,29765.0,29781.5,29761.0,29775.25,-1
20260625  11:51:00,29775.25,29784.5,29752.0,29755.75,-1
20260625  11:52:00,29755.75,29811.5,29750.75,29811.25,-1
20260625  11:53:00,29811.25,29811.75,29783.75,29785.25,-1
20260625  11:54:00,29785.25,29792.5,29761.5,29770.5,-1
20260625  11:55:00,29770.5,29794.75,29769.25,29782.25,-1
20260625  11:56:00,29782.25,29786.5,29762.0,29777.25,-1
20260625  11:57:00,29777.25,29781.0,29752.25,29765.0,-1
20260625  11:58:00,29765.0,29775.75,29754.0,29755.25,-1
20260625  11:59:00,29755.25,29774.25,29750.5,29773.25,-1
20260625  12:00:00,29773.25,29777.0,29754.5,29760.75,-1
20260625  12:01:00,29760.75,29767.75,29740.5,29742.75,-1
20260625  12:02:00,29742.75,29744.0,29718.25,29718.75,-1
20260625  12:03:00,29718.75,29723.0,29691.0,29712.0,-1
20260625  12:04:00,29712.0,29719.25,29690.5,29694.0,-1
20260625  12:05:00,29694.0,29712.0,29679.75,29680.5,-1
20260625  12:06:00,29680.5,29703.75,29676.25,29695.0,-1
20260625  12:07:00,29695.0,29713.75,29691.0,29709.5,-1
20260625  12:08:00,29709.5,29720.25,29698.25,29703.75,-1
20260625  12:09:00,29703.75,29712.5,29690.75,29705.75,-1
20260625  12:10:00,29705.75,29714.75,29688.0,29704.75,-1
20260625  12:11:00,29704.75,29714.5,29695.0,29696.0,-1
20260625  12:12:00,29696.0,29703.75,29687.0,29697.75,-1
20260625  12:13:00,29697.75,29711.75,29671.5,29679.25,-1
20260625  12:14:00,29679.25,29686.5,29660.5,29670.5,-1
20260625  12:15:00,29670.5,29671.0,29639.5,29655.25,-1
20260625  12:16:00,29655.25,29680.75,29653.0,29670.25,-1
20260625  12:17:00,29670.25,29673.0,29630.75,29632.0,-1
20260625  12:18:00,29632.0,29655.25,29626.75,29631.75,-1
20260625  12:19:00,29631.75,29654.5,29625.75,29652.5,-1
20260625  12:20:00,29652.5,29665.75,29638.25,29642.75,-1
20260625  12:21:00,29642.75,29664.5,29635.25,29646.75,-1
20260625  12:22:00,29646.75,29669.25,29640.25,29663.25,-1
20260625  12:23:00,29663.25,29677.0,29651.5,29658.75,-1
20260625  12:24:00,29658.75,29673.5,29651.5,29672.75,-1
20260625  12:25:00,29672.75,29693.5,29668.75,29678.25,-1
20260625  12:26:00,29678.25,29692.75,29666.0,29688.25,-1
20260625  12:27:00,29688.25,29693.75,29670.25,29670.5,-1
20260625  12:28:00,29670.5,29672.75,29652.75,29659.25,-1
20260625  12:29:00,29659.25,29699.25,29656.25,29682.25,-1
20260625  12:30:00,29682.25,29689.0,29658.25,29660.5,-1
20260625  12:31:00,29660.5,29663.0,29629.0,29640.75,-1
20260625  12:32:00,29640.75,29657.25,29630.5,29632.25,-1
20260625  12:33:00,29632.25,29651.25,29630.5,29646.5,-1
20260625  12:34:00,29646.5,29674.0,29643.25,29667.0,-1
20260625  12:35:00,29667.0,29667.75,29644.75,29650.25,-1
20260625  12:36:00,29650.25,29664.75,29635.5,29638.5,-1
20260625  12:37:00,29638.5,29648.25,29623.25,29643.25,-1
20260625  12:38:00,29643.25,29645.25,29624.5,29628.5,-1
20260625  12:39:00,29628.5,29647.5,29620.75,29647.0,-1
20260625  12:40:00,29647.0,29674.0,29642.5,29647.25,-1
20260625  12:41:00,29647.25,29678.0,29628.0,29671.0,-1
20260625  12:42:00,29671.0,29684.75,29665.0,29673.0,-1
20260625  12:43:00,29673.0,29683.25,29664.5,29681.0,-1
20260625  12:44:00,29681.0,29687.75,29668.0,29673.25,-1
20260625  12:45:00,29673.25,29678.5,29653.75,29661.25,-1
20260625  12:46:00,29661.25,29665.0,29635.5,29648.75,-1
20260625  12:47:00,29648.75,29681.25,29647.25,29659.0,-1
20260625  12:48:00,29659.0,29659.5,29641.25,29643.5,-1
20260625  12:49:00,29643.5,29654.75,29634.25,29653.5,-1
20260625  12:50:00,29653.5,29663.0,29615.75,29640.25,-1
20260625  12:51:00,29640.25,29671.5,29630.0,29665.5,-1
20260625  12:52:00,29665.5,29689.5,29660.75,29689.5,-1
20260625  12:53:00,29689.5,29707.25,29680.5,29685.25,-1
20260625  12:54:00,29685.25,29694.75,29669.5,29693.0,-1
20260625  12:55:00,29693.0,29716.75,29684.5,29704.25,-1
20260625  12:56:00,29704.25,29710.5,29687.75,29689.25,-1
20260625  12:57:00,29689.25,29711.75,29689.25,29692.5,-1
20260625  12:58:00,29692.5,29696.75,29681.5,29686.75,-1
20260625  12:59:00,29686.75,29751.5,29683.0,29749.75,-1
20260625  13:00:00,29749.75,29836.0,29748.0,29834.0,-1
20260625  13:01:00,29834.0,29922.5,29832.5,29897.0,-1
20260625  13:02:00,29897.0,29900.25,29852.5,29852.75,-1
20260625  13:03:00,29852.75,29854.0,29825.5,29827.0,-1
20260625  13:04:00,29827.0,29842.25,29826.5,29837.75,-1
20260625  13:05:00,29837.75,29850.25,29821.75,29827.25,-1
20260625  13:06:00,29827.25,29836.5,29820.75,29824.5,-1
20260625  13:07:00,29824.5,29831.75,29813.25,29819.25,-1
20260625  13:08:00,29819.25,29826.25,29814.5,29825.75,-1
20260625  13:09:00,29825.75,29831.25,29805.75,29808.25,-1
20260625  13:10:00,29808.25,29809.0,29798.0,29798.5,-1
20260625  13:11:00,29798.5,29809.25,29796.0,29807.25,-1
20260625  13:12:00,29807.25,29813.75,29804.25,29806.0,-1
20260625  13:13:00,29806.0,29807.0,29794.75,29803.25,-1
20260625  13:14:00,29803.25,29807.75,29801.5,29806.0,-1
20260625  13:15:00,29806.0,29822.0,29803.75,29816.75,-1
20260625  13:16:00,29816.75,29822.75,29812.5,29822.0,-1
20260625  13:17:00,29822.0,29831.0,29815.75,29823.25,-1
20260625  13:18:00,29823.25,29838.0,29822.75,29829.25,-1
20260625  13:19:00,29829.25,29838.75,29824.25,29834.5,-1
20260625  13:20:00,29834.5,29837.25,29829.5,29836.25,-1
20260625  13:21:00,29836.25,29857.0,29832.75,29856.25,-1
20260625  13:22:00,29856.25,29856.75,29841.0,29849.0,-1
20260625  13:23:00,29849.0,29868.5,29847.0,29855.75,-1
20260625  13:24:00,29855.75,29856.5,29842.0,29842.5,-1
20260625  13:25:00,29842.5,29846.25,29825.5,29826.75,-1
20260625  13:26:00,29826.75,29833.5,29823.75,29830.25,-1
20260625  13:27:00,29830.25,29834.5,29827.0,29828.75,-1
20260625  13:28:00,29828.75,29828.75,29816.0,29821.0,-1
20260625  13:29:00,29821.0,29824.0,29816.25,29819.75,-1
20260625  13:30:00,29819.75,29823.75,29805.0,29808.25,-1
20260625  13:31:00,29808.25,29816.0,29785.5,29790.5,-1
20260625  13:32:00,29790.5,29792.5,29779.75,29786.75,-1
20260625  13:33:00,29786.75,29798.25,29785.0,29797.5,-1
20260625  13:34:00,29797.5,29806.5,29794.25,29802.0,-1
20260625  13:35:00,29802.0,29805.5,29798.0,29800.0,-1
20260625  13:36:00,29800.0,29804.25,29791.5,29799.75,-1
20260625  13:37:00,29799.75,29802.75,29790.25,29790.75,-1
20260625  13:38:00,29790.75,29792.0,29781.5,29783.0,-1
20260625  13:39:00,29783.0,29787.0,29773.75,29775.75,-1
20260625  13:40:00,29775.75,29781.75,29771.5,29778.25,-1
20260625  13:41:00,29778.25,29783.0,29775.5,29781.5,-1
20260625  13:42:00,29781.5,29788.25,29781.0,29781.25,-1
20260625  13:43:00,29781.25,29783.0,29775.25,29777.25,-1
20260625  13:44:00,29777.25,29780.5,29774.75,29778.25,-1
20260625  13:45:00,29778.25,29780.5,29774.25,29775.25,-1
20260625  13:46:00,29775.25,29779.75,29769.5,29771.75,-1
20260625  13:47:00,29771.75,29775.5,29766.75,29770.5,-1
20260625  13:48:00,29770.5,29773.0,29761.75,29763.75,-1
20260625  13:49:00,29763.75,29771.0,29762.25,29767.75,-1
20260625  13:50:00,29767.75,29770.0,29765.25,29766.0,-1
20260625  13:51:00,29766.0,29767.25,29761.75,29767.25,-1
20260625  13:52:00,29767.25,29769.75,29761.75,29761.75,-1
20260625  13:53:00,29761.75,29763.5,29753.25,29760.75,-1
20260625  13:54:00,29760.75,29763.5,29757.75,29759.0,-1
20260625  13:55:00,29759.0,29763.25,29756.75,29762.25,-1
20260625  13:56:00,29762.25,29763.5,29756.75,29761.0,-1
20260625  13:57:00,29761.0,29766.75,29759.0,29762.25,-1
20260625  13:58:00,29762.25,29763.25,29753.0,29762.0,-1
20260625  13:59:00,29762.0,29763.0,29750.25,29760.0,-1
20260625  15:00:00,29742.0,29761.5,29716.0,29721.5,-1
20260625  15:01:00,29721.5,29730.25,29704.0,29706.75,-1
20260625  15:02:00,29706.75,29722.25,29701.5,29719.5,-1
20260625  15:03:00,29719.5,29733.5,29704.75,29707.75,-1
20260625  15:04:00,29707.75,29709.5,29696.75,29699.25,-1
20260625  15:05:00,29699.25,29700.0,29681.5,29692.25,-1
20260625  15:06:00,29692.25,29692.5,29679.5,29683.25,-1
20260625  15:07:00,29683.25,29690.5,29679.75,29690.25,-1
20260625  15:08:00,29690.25,29690.25,29671.75,29675.5,-1
20260625  15:09:00,29675.5,29678.25,29665.5,29666.5,-1
20260625  15:10:00,29666.5,29667.0,29634.75,29648.0,-1
20260625  15:11:00,29648.0,29649.5,29629.75,29638.5,-1
20260625  15:12:00,29638.5,29647.25,29637.75,29641.75,-1
20260625  15:13:00,29641.75,29642.25,29624.25,29637.5,-1
20260625  15:14:00,29637.5,29663.5,29635.0,29646.75,-1
20260625  15:15:00,29646.75,29662.0,29644.0,29658.25,-1
20260625  15:16:00,29658.25,29672.0,29656.75,29668.0,-1
20260625  15:17:00,29668.0,29680.5,29667.25,29674.5,-1
20260625  15:18:00,29674.5,29684.75,29669.5,29670.5,-1
20260625  15:19:00,29670.5,29670.5,29636.75,29643.75,-1
20260625  15:20:00,29643.75,29645.75,29627.75,29634.0,-1
20260625  15:21:00,29634.0,29636.75,29626.5,29635.5,-1
20260625  15:22:00,29635.5,29661.25,29634.75,29650.75,-1
20260625  15:23:00,29650.75,29664.5,29649.5,29659.5,-1
20260625  15:24:00,29659.5,29660.5,29647.25,29658.0,-1
20260625  15:25:00,29658.0,29658.5,29640.75,29641.0,-1
20260625  15:26:00,29641.0,29654.5,29631.75,29633.0,-1
20260625  15:27:00,29633.0,29635.75,29619.25,29628.0,-1
20260625  15:28:00,29628.0,29638.5,29623.75,29623.75,-1
20260625  15:29:00,29623.75,29629.25,29613.75,29616.75,-1
20260625  15:30:00,29616.75,29636.0,29605.75,29628.75,-1
20260625  15:31:00,29628.75,29638.25,29628.75,29635.0,-1
20260625  15:32:00,29635.0,29638.25,29621.75,29629.0,-1
20260625  15:33:00,29629.0,29633.75,29619.5,29629.0,-1
20260625  15:34:00,29629.0,29645.5,29627.75,29643.25,-1
20260625  15:35:00,29643.25,29651.75,29639.75,29649.25,-1
20260625  15:36:00,29649.25,29657.75,29647.75,29656.75,-1
20260625  15:37:00,29656.75,29666.5,29651.5,29656.25,-1
20260625  15:38:00,29656.25,29661.0,29650.75,29660.5,-1
20260625  15:39:00,29660.5,29660.75,29649.0,29649.25,-1
20260625  15:40:00,29649.25,29657.5,29647.5,29653.5,-1
20260625  15:41:00,29653.5,29659.25,29650.75,29651.0,-1
20260625  15:42:00,29651.0,29654.75,29644.75,29652.0,-1
20260625  15:43:00,29652.0,29659.0,29651.75,29658.0,-1
20260625  15:44:00,29658.0,29667.5,29657.0,29661.0,-1
20260625  15:45:00,29661.0,29664.5,29655.5,29663.75,-1
20260625  15:46:00,29663.75,29667.5,29656.0,29657.25,-1
20260625  15:47:00,29657.25,29657.75,29645.5,29650.5,-1
20260625  15:48:00,29650.5,29655.75,29643.75,29647.0,-1
20260625  15:49:00,29647.0,29651.75,29640.75,29651.75,-1
20260625  15:50:00,29651.75,29660.75,29649.0,29655.0,-1
20260625  15:51:00,29655.0,29655.25,29645.5,29651.75,-1
20260625  15:52:00,29651.75,29672.25,29651.25,29668.75,-1
20260625  15:53:00,29668.75,29671.25,29666.5,29670.75,-1
20260625  15:54:00,29670.75,29683.5,29666.5,29683.5,-1
20260625  15:55:00,29683.5,29685.0,29676.5,29678.75,-1
20260625  15:56:00,29678.75,29687.0,29668.25,29685.5,-1
20260625  15:57:00,29685.5,29685.75,29677.75,29679.0,-1
20260625  15:58:00,29679.0,29687.5,29678.25,29686.0,-1
20260625  15:59:00,29686.0,29687.25,29677.75,29678.5,-1
20260625  16:00:00,29678.5,29686.25,29676.0,29685.5,-1
20260625  16:01:00,29685.5,29688.0,29677.75,29683.5,-1
20260625  16:02:00,29683.5,29685.75,29679.0,29684.5,-1
20260625  16:03:00,29684.5,29685.5,29680.0,29680.0,-1
20260625  16:04:00,29680.0,29686.75,29676.75,29684.25,-1
20260625  16:05:00,29684.25,29687.5,29681.25,29686.25,-1
20260625  16:06:00,29686.25,29686.75,29680.0,29682.25,-1
20260625  16:07:00,29682.25,29685.25,29678.25,29684.25,-1
20260625  16:08:00,29684.25,29685.25,29672.5,29678.75,-1
20260625  16:09:00,29678.75,29678.75,29668.75,29675.25,-1
20260625  16:10:00,29675.25,29689.25,29674.25,29685.75,-1
20260625  16:11:00,29685.75,29693.0,29684.75,29692.0,-1
20260625  16:12:00,29692.0,29706.75,29687.25,29705.25,-1
20260625  16:13:00,29705.25,29722.0,29702.0,29719.5,-1
20260625  16:14:00,29719.5,29744.75,29716.75,29742.25,-1
20260625  16:15:00,29742.25,29744.0,29733.25,29738.5,-1
20260625  16:16:00,29738.5,29768.75,29734.75,29766.75,-1
20260625  16:17:00,29766.75,29802.25,29763.75,29800.5,-1
20260625  16:18:00,29800.5,29835.5,29800.25,29823.0,-1
20260625  16:19:00,29823.0,29846.5,29820.75,29835.25,-1
20260625  16:20:00,29835.25,29870.25,29830.0,29858.5,-1
20260625  16:21:00,29858.5,29878.25,29847.5,29869.0,-1
20260625  16:22:00,29869.0,29874.25,29849.25,29855.75,-1
20260625  16:23:00,29855.75,29877.25,29848.75,29871.5,-1
20260625  16:24:00,29871.5,29879.0,29859.0,29860.0,-1
20260625  16:25:00,29860.0,29893.0,29859.5,29886.75,-1
20260625  16:26:00,29886.75,29886.75,29873.75,29877.0,-1
20260625  16:27:00,29877.0,29880.75,29864.0,29872.0,-1
20260625  16:28:00,29872.0,29881.0,29869.0,29876.75,-1
20260625  16:29:00,29876.75,29891.75,29866.5,29867.25,-1
20260625  16:30:00,29867.25,29878.5,29850.75,29853.0,-1
20260625  16:31:00,29853.0,29878.5,29851.0,29873.0,-1
20260625  16:32:00,29873.0,29878.75,29864.0,29872.75,-1
20260625  16:33:00,29872.75,29875.25,29854.75,29858.5,-1
20260625  16:34:00,29858.5,29860.25,29843.75,29846.0,-1
20260625  16:35:00,29846.0,29849.5,29837.5,29842.75,-1
20260625  16:36:00,29842.75,29843.25,29827.5,29834.25,-1
20260625  16:37:00,29834.25,29849.25,29831.0,29841.0,-1
20260625  16:38:00,29841.0,29846.75,29822.75,29829.75,-1
20260625  16:39:00,29829.75,29831.25,29810.5,29814.5,-1
20260625  16:40:00,29814.5,29814.5,29801.75,29802.75,-1
20260625  16:41:00,29802.75,29811.5,29790.5,29792.75,-1
20260625  16:42:00,29792.75,29793.25,29777.75,29778.25,-1
20260625  16:43:00,29778.25,29787.75,29771.5,29783.0,-1
20260625  16:44:00,29783.0,29783.0,29762.5,29764.25,-1
20260625  16:45:00,29764.25,29764.25,29731.25,29737.0,-1
20260625  16:46:00,29737.0,29745.5,29731.75,29734.5,-1
20260625  16:47:00,29734.5,29734.5,29715.0,29723.75,-1
20260625  16:48:00,29723.75,29730.75,29717.25,29724.25,-1
20260625  16:49:00,29724.25,29725.75,29710.0,29712.25,-1
20260625  16:50:00,29712.25,29712.25,29682.25,29687.0,-1
20260625  16:51:00,29687.0,29700.75,29679.0,29688.75,-1
20260625  16:52:00,29688.75,29700.75,29687.25,29693.0,-1
20260625  16:53:00,29693.0,29693.5,29682.5,29689.5,-1
20260625  16:54:00,29689.5,29697.25,29678.75,29696.75,-1
20260625  16:55:00,29696.75,29699.5,29687.0,29688.75,-1
20260625  16:56:00,29688.75,29693.5,29666.5,29685.25,-1
20260625  16:57:00,29685.25,29701.25,29684.5,29696.75,-1
20260625  16:58:00,29696.75,29704.75,29687.25,29693.25,-1
20260625  16:59:00,29693.25,29707.25,29689.5,29706.0,-1
