datetime,open,high,low,close,volume
20260618  15:00:00,30740.0,30770.75,30738.0,30757.25,478
20260618  15:01:00,30757.75,30766.25,30744.75,30749.75,237
20260618  15:02:00,30748.25,30760.0,30735.0,30739.0,171
20260618  15:03:00,30742.5,30747.0,30731.0,30739.5,129
20260618  15:04:00,30739.5,30739.5,30725.75,30737.5,157
20260618  15:05:00,30735.0,30737.25,30718.0,30731.5,139
20260618  15:06:00,30731.75,30737.0,30724.75,30724.75,70
20260618  15:07:00,30723.75,30733.25,30713.5,30721.25,146
20260618  15:08:00,30723.25,30726.0,30712.0,30720.75,110
20260618  15:09:00,30720.25,30724.0,30716.75,30716.75,41
20260618  15:10:00,30719.75,30730.25,30716.0,30727.0,88
20260618  15:11:00,30728.5,30728.5,30719.5,30720.75,68
20260618  15:12:00,30722.25,30722.75,30716.5,30716.5,57
20260618  15:13:00,30718.5,30725.0,30715.0,30724.5,87
20260618  15:14:00,30725.75,30727.25,30723.5,30727.25,58
20260618  15:15:00,30725.0,30725.75,30720.5,30722.5,34
20260618  15:16:00,30723.0,30724.5,30718.0,30721.5,46
20260618  15:17:00,30720.0,30722.0,30719.25,30721.0,13
20260618  15:18:00,30720.0,30720.0,30708.0,30708.0,108
20260618  15:19:00,30708.0,30710.75,30691.5,30695.0,221
20260618  15:20:00,30694.5,30695.25,30686.75,30695.0,109
20260618  15:21:00,30695.5,30697.75,30688.25,30688.25,54
20260618  15:22:00,30689.75,30693.0,30683.25,30689.5,82
20260618  15:23:00,30690.0,30693.25,30681.25,30687.0,78
20260618  15:24:00,30686.25,30686.25,30676.0,30684.0,187
20260618  15:25:00,30683.75,30692.0,30680.25,30690.0,112
20260618  15:26:00,30690.25,30692.75,30687.25,30689.75,70
20260618  15:27:00,30688.0,30688.5,30674.75,30676.75,121
20260618  15:28:00,30676.5,30691.0,30676.5,30687.5,165
20260618  15:29:00,30688.5,30690.5,30683.0,30687.0,69
20260618  15:30:00,30687.75,30687.75,30676.75,30678.5,75
20260618  15:31:00,30677.75,30681.5,30675.0,30678.0,81
20260618  15:32:00,30676.5,30679.75,30673.25,30677.5,64
20260618  15:33:00,30677.75,30678.5,30673.5,30676.25,51
20260618  15:34:00,30676.75,30679.75,30675.75,30676.75,44
20260618  15:35:00,30676.5,30677.25,30663.75,30666.5,159
20260618  15:36:00,30665.5,30668.5,30663.5,30668.0,101
20260618  15:37:00,30669.75,30670.0,30664.0,30667.25,36
20260618  15:38:00,30666.5,30670.0,30661.25,30663.75,62
20260618  15:39:00,30662.25,30662.75,30654.25,30656.25,88
20260618  15:40:00,30657.0,30659.75,30653.75,30656.5,66
20260618  15:41:00,30655.25,30660.0,30653.75,30656.25,44
20260618  15:42:00,30660.5,30664.25,30657.0,30657.25,69
20260618  15:43:00,30656.0,30658.5,30651.75,30653.75,74
20260618  15:44:00,30654.5,30664.5,30651.5,30661.75,153
20260618  15:45:00,30661.75,30666.0,30658.5,30665.0,85
20260618  15:46:00,30665.0,30665.25,30659.0,30659.0,33
20260618  15:47:00,30657.75,30657.75,30650.0,30656.5,108
20260618  15:48:00,30660.0,30668.25,30660.0,30666.5,82
20260618  15:49:00,30665.5,30677.5,30665.0,30677.5,152
20260618  15:50:00,30676.5,30679.25,30670.5,30672.0,78
20260618  15:51:00,30673.0,30675.5,30668.0,30672.5,77
20260618  15:52:00,30670.75,30672.0,30667.25,30667.25,19
20260618  15:53:00,30669.0,30676.25,30669.0,30676.25,42
20260618  15:54:00,30676.5,30679.5,30674.0,30675.0,40
20260618  15:55:00,30673.25,30673.25,30666.0,30667.0,53
20260618  15:56:00,30666.75,30670.75,30665.75,30669.5,25
20260618  15:57:00,30669.5,30670.25,30667.0,30667.25,18
20260618  15:58:00,30668.0,30668.0,30663.75,30664.5,26
20260618  15:59:00,30665.0,30666.0,30660.25,30662.75,92
20260618  16:00:00,30661.25,30668.25,30656.75,30665.25,97
20260618  16:01:00,30666.0,30672.25,30657.0,30668.25,75
20260618  16:02:00,30670.0,30683.75,30669.5,30680.75,156
20260618  16:03:00,30679.5,30679.75,30669.25,30671.25,75
20260618  16:04:00,30673.75,30681.0,30672.25,30677.0,59
20260618  16:05:00,30674.5,30674.5,30670.25,30671.75,34
20260618  16:06:00,30669.75,30671.25,30668.75,30669.75,34
20260618  16:07:00,30669.25,30669.25,30660.75,30669.25,55
20260618  16:08:00,30669.0,30670.25,30666.0,30667.0,44
20260618  16:09:00,30668.25,30677.25,30668.0,30675.0,84
20260618  16:10:00,30674.5,30689.75,30674.25,30683.5,149
20260618  16:11:00,30681.25,30688.25,30681.25,30684.0,91
20260618  16:12:00,30683.25,30684.75,30672.5,30674.25,84
20260618  16:13:00,30675.25,30677.75,30667.25,30668.0,57
20260618  16:14:00,30667.75,30672.75,30667.5,30668.75,31
20260618  16:15:00,30667.75,30671.25,30667.25,30670.75,37
20260618  16:16:00,30671.25,30679.75,30668.25,30674.25,46
20260618  16:17:00,30673.0,30676.5,30667.25,30676.0,70
20260618  16:18:00,30673.0,30677.5,30671.75,30673.75,35
20260618  16:19:00,30671.75,30673.5,30671.25,30673.0,26
20260618  16:20:00,30674.0,30680.25,30674.0,30680.25,16
20260618  16:21:00,30681.0,30691.25,30681.0,30687.25,185
20260618  16:22:00,30686.25,30692.0,30685.75,30690.5,65
20260618  16:23:00,30690.25,30700.0,30688.75,30690.25,126
20260618  16:24:00,30689.25,30689.25,30681.5,30684.75,71
20260618  16:25:00,30682.75,30685.5,30677.5,30678.5,20
20260618  16:26:00,30678.0,30680.25,30674.0,30676.25,56
20260618  16:27:00,30677.5,30688.75,30677.5,30685.5,39
20260618  16:28:00,30684.25,30686.75,30682.75,30685.25,54
20260618  16:29:00,30686.5,30686.5,30681.75,30683.5,19
20260618  16:30:00,30682.75,30691.0,30681.5,30690.0,101
20260618  16:31:00,30689.0,30690.25,30670.25,30672.25,124
20260618  16:32:00,30671.75,30683.75,30671.75,30681.75,54
20260618  16:33:00,30681.5,30681.5,30677.0,30678.75,21
20260618  16:34:00,30679.25,30683.25,30673.75,30682.0,23
20260618  16:35:00,30681.75,30688.5,30681.25,30685.0,49
20260618  16:36:00,30685.5,30685.5,30679.0,30680.25,28
20260618  16:37:00,30680.0,30685.0,30678.75,30685.0,16
20260618  16:38:00,30683.5,30698.25,30682.75,30693.75,92
20260618  16:39:00,30694.5,30694.5,30689.0,30690.0,45
20260618  16:40:00,30690.5,30692.5,30686.5,30689.5,75
20260618  16:41:00,30688.0,30688.5,30686.25,30687.75,20
20260618  16:42:00,30689.25,30692.0,30682.5,30682.5,44
20260618  16:43:00,30682.25,30683.75,30677.5,30681.0,65
20260618  16:44:00,30683.25,30688.5,30682.75,30686.25,34
20260618  16:45:00,30685.75,30689.25,30679.25,30685.5,55
20260618  16:46:00,30686.5,30694.75,30685.75,30693.75,69
20260618  16:47:00,30693.75,30696.0,30687.0,30693.0,79
20260618  16:48:00,30694.5,30703.25,30687.5,30687.5,154
20260618  16:49:00,30687.5,30690.0,30686.0,30688.5,44
20260618  16:50:00,30689.0,30698.0,30686.5,30696.0,48
20260618  16:51:00,30692.75,30696.75,30688.75,30689.75,66
20260618  16:52:00,30691.0,30695.75,30687.75,30692.0,26
20260618  16:53:00,30694.0,30696.0,30691.75,30696.0,24
20260618  16:54:00,30696.0,30697.25,30694.25,30697.0,15
20260618  16:55:00,30697.0,30701.75,30696.25,30701.5,56
20260618  16:56:00,30701.5,30703.25,30692.25,30696.0,73
20260618  16:57:00,30695.0,30697.75,30694.75,30697.75,17
20260618  16:58:00,30695.0,30698.5,30693.75,30697.0,24
20260618  16:59:00,30697.25,30698.5,30691.0,30692.5,44
20260618  17:00:00,30690.0,30694.25,30666.75,30671.25,275
20260618  17:01:00,30672.0,30676.0,30663.25,30674.75,182
20260618  17:02:00,30670.25,30684.5,30668.0,30677.25,122
20260618  17:03:00,30678.25,30683.75,30673.75,30674.25,52
20260618  17:04:00,30673.0,30675.0,30661.5,30674.5,148
20260618  17:05:00,30675.75,30685.0,30674.75,30685.0,104
20260618  17:06:00,30681.25,30682.0,30666.5,30667.75,133
20260618  17:07:00,30668.25,30671.25,30656.25,30657.75,232
20260618  17:08:00,30657.5,30663.0,30654.0,30655.75,133
20260618  17:09:00,30656.25,30669.25,30655.75,30664.75,108
20260618  17:10:00,30665.25,30672.75,30661.0,30667.0,103
20260618  17:11:00,30663.25,30664.25,30649.0,30652.25,184
20260618  17:12:00,30650.0,30650.0,30635.0,30637.5,324
20260618  17:13:00,30639.0,30646.25,30635.0,30644.75,138
20260618  17:14:00,30643.25,30650.0,30642.0,30644.75,89
20260618  17:15:00,30645.5,30654.0,30637.25,30653.25,245
20260618  17:16:00,30654.5,30655.0,30642.25,30644.75,174
20260618  17:17:00,30643.5,30648.0,30638.5,30645.0,76
20260618  17:18:00,30646.0,30648.5,30636.0,30641.5,75
20260618  17:19:00,30641.5,30653.5,30638.75,30648.75,99
20260618  17:20:00,30648.5,30652.5,30643.0,30646.5,99
20260618  17:21:00,30644.25,30644.25,30628.0,30637.0,294
20260618  17:22:00,30638.25,30642.5,30635.0,30637.5,141
20260618  17:23:00,30637.25,30648.5,30633.0,30646.0,105
20260618  17:24:00,30643.75,30651.25,30643.0,30650.25,68
20260618  17:25:00,30650.0,30657.0,30642.5,30655.25,127
20260618  17:26:00,30654.5,30662.75,30653.25,30654.25,110
20260618  17:27:00,30652.25,30653.5,30646.5,30652.0,62
20260618  17:28:00,30652.5,30659.25,30652.5,30656.5,86
20260618  17:29:00,30654.25,30654.25,30645.75,30645.75,50
20260618  17:30:00,30646.75,30662.25,30644.25,30659.25,113
20260618  17:31:00,30659.75,30660.0,30650.25,30655.5,63
20260618  17:32:00,30656.0,30662.0,30655.5,30656.25,70
20260618  17:33:00,30655.5,30655.75,30650.25,30654.0,38
20260618  17:34:00,30655.75,30661.75,30654.25,30660.0,32
20260618  17:35:00,30658.0,30658.5,30651.5,30653.25,52
20260618  17:36:00,30657.5,30657.75,30648.5,30651.25,55
20260618  17:37:00,30651.75,30652.0,30637.0,30641.0,122
20260618  17:38:00,30643.25,30644.75,30637.5,30644.5,119
20260618  17:39:00,30643.0,30650.75,30638.0,30648.0,105
20260618  17:40:00,30647.5,30649.0,30642.0,30644.5,70
20260618  17:41:00,30648.25,30655.0,30648.0,30654.5,84
20260618  17:42:00,30655.25,30655.5,30649.0,30652.5,147
20260618  17:43:00,30652.5,30653.5,30649.0,30649.25,22
20260618  17:44:00,30648.5,30650.0,30643.0,30647.25,48
20260618  17:45:00,30645.5,30653.0,30645.25,30652.25,44
20260618  17:46:00,30651.0,30652.5,30646.75,30651.75,169
20260618  17:47:00,30651.5,30655.5,30650.25,30653.0,38
20260618  17:48:00,30654.5,30656.5,30651.75,30654.75,31
20260618  17:49:00,30654.0,30659.5,30649.75,30652.5,62
20260618  17:50:00,30652.0,30654.5,30650.75,30652.0,18
20260618  17:51:00,30650.75,30652.25,30647.25,30647.75,18
20260618  17:52:00,30647.25,30653.5,30646.25,30652.25,19
20260618  17:53:00,30652.0,30653.0,30650.5,30652.0,9
20260618  17:54:00,30652.75,30655.75,30652.5,30653.0,28
20260618  17:55:00,30651.75,30651.75,30645.25,30649.0,35
20260618  17:56:00,30648.0,30648.75,30638.5,30640.25,154
20260618  17:57:00,30641.25,30645.0,30640.75,30642.5,53
20260618  17:58:00,30641.25,30643.5,30640.5,30642.0,34
20260618  17:59:00,30641.75,30645.75,30641.75,30642.75,37
20260618  18:00:00,30644.0,30650.0,30643.5,30647.5,59
20260618  18:01:00,30644.25,30646.0,30635.75,30637.25,64
20260618  18:02:00,30635.0,30641.25,30631.0,30640.5,134
20260618  18:03:00,30640.5,30658.75,30640.5,30658.5,247
20260618  18:04:00,30659.0,30664.75,30653.75,30656.75,272
20260618  18:05:00,30656.75,30657.0,30646.5,30647.5,139
20260618  18:06:00,30646.5,30647.0,30632.5,30634.75,194
20260618  18:07:00,30634.5,30636.0,30626.0,30628.25,145
20260618  18:08:00,30627.75,30629.25,30623.0,30627.75,223
20260618  18:09:00,30628.5,30631.75,30623.0,30623.25,70
20260618  18:10:00,30624.0,30629.5,30621.25,30629.5,75
20260618  18:11:00,30628.5,30629.25,30611.75,30620.0,283
20260618  18:12:00,30621.75,30625.25,30617.0,30620.5,176
20260618  18:13:00,30619.75,30622.75,30617.25,30621.5,67
20260618  18:14:00,30621.25,30622.5,30615.25,30621.5,51
20260618  18:15:00,30621.75,30628.75,30621.75,30627.0,182
20260618  18:16:00,30627.5,30632.0,30627.5,30627.5,52
20260618  18:17:00,30627.5,30631.25,30627.25,30627.25,45
20260618  18:18:00,30627.25,30631.5,30626.0,30630.75,51
20260618  18:19:00,30630.0,30631.5,30625.25,30631.5,101
20260618  18:20:00,30629.0,30631.5,30622.5,30624.0,39
20260618  18:21:00,30625.25,30633.75,30625.0,30630.75,75
20260618  18:22:00,30629.75,30636.25,30629.25,30636.25,33
20260618  18:23:00,30636.0,30636.75,30627.75,30630.25,62
20260618  18:24:00,30628.75,30629.0,30624.0,30629.0,40
20260618  18:25:00,30627.0,30632.75,30624.25,30631.5,60
20260618  18:26:00,30631.25,30632.25,30628.75,30630.5,10
20260618  18:27:00,30632.5,30632.5,30630.5,30631.75,8
20260618  18:28:00,30632.5,30637.25,30632.0,30633.0,51
20260618  18:29:00,30630.25,30632.75,30629.75,30630.75,11
20260618  18:30:00,30629.0,30629.0,30617.0,30617.75,58
20260618  18:31:00,30618.75,30619.75,30613.0,30613.75,121
20260618  18:32:00,30613.0,30617.5,30610.0,30614.5,89
20260618  18:33:00,30616.0,30622.5,30616.0,30620.5,78
20260618  18:34:00,30618.5,30624.5,30618.5,30620.25,43
20260618  18:35:00,30621.75,30624.25,30620.5,30623.5,23
20260618  18:36:00,30622.0,30623.5,30617.75,30621.25,57
20260618  18:37:00,30622.0,30622.0,30617.0,30619.0,47
20260618  18:38:00,30619.0,30620.0,30614.0,30615.5,35
20260618  18:39:00,30615.0,30616.25,30611.5,30613.5,76
20260618  18:40:00,30613.5,30613.75,30601.25,30603.5,161
20260618  18:41:00,30603.5,30609.25,30601.5,30609.25,67
20260618  18:42:00,30609.25,30613.75,30608.25,30610.0,45
20260618  18:43:00,30612.25,30614.0,30609.25,30613.0,39
20260618  18:44:00,30611.0,30611.0,30606.0,30610.0,36
20260618  18:45:00,30610.25,30613.0,30610.25,30612.0,21
20260618  18:46:00,30610.75,30617.0,30610.75,30614.25,40
20260618  18:47:00,30614.0,30614.25,30608.5,30609.75,26
20260618  18:48:00,30611.5,30611.5,30600.0,30603.5,62
20260618  18:49:00,30603.5,30608.75,30603.5,30607.0,30
20260618  18:50:00,30608.0,30612.75,30607.5,30607.75,32
20260618  18:51:00,30605.0,30605.0,30600.0,30601.0,62
20260618  18:52:00,30600.75,30602.0,30596.25,30600.25,86
20260618  18:53:00,30599.25,30602.75,30598.0,30601.0,50
20260618  18:54:00,30599.75,30603.25,30596.75,30598.0,71
20260618  18:55:00,30597.75,30599.75,30593.25,30595.5,83
20260618  18:56:00,30595.0,30598.0,30595.0,30598.0,30
20260618  18:57:00,30597.75,30601.75,30597.0,30597.0,28
20260618  18:58:00,30596.75,30599.0,30592.0,30595.25,52
20260618  18:59:00,30594.25,30597.25,30593.5,30594.5,51
20260618  19:00:00,30594.25,30598.5,30591.75,30591.75,74
20260618  19:01:00,30591.75,30593.75,30588.0,30589.75,100
20260618  19:02:00,30592.25,30593.0,30586.0,30587.0,43
20260618  19:03:00,30588.0,30596.25,30588.0,30593.5,60
20260618  19:04:00,30593.0,30594.0,30591.0,30593.25,30
20260618  19:05:00,30595.0,30596.0,30590.75,30593.0,35
20260618  19:06:00,30590.0,30591.5,30587.75,30590.0,33
20260618  19:07:00,30589.5,30589.5,30581.75,30583.25,78
20260618  19:08:00,30583.0,30583.75,30578.0,30581.5,95
20260618  19:09:00,30581.75,30590.0,30581.5,30590.0,50
20260618  19:10:00,30591.0,30591.5,30582.0,30585.5,45
20260618  19:11:00,30582.0,30589.5,30579.25,30587.0,67
20260618  19:12:00,30586.5,30592.75,30586.0,30591.5,54
20260618  19:13:00,30590.75,30596.0,30590.75,30595.0,111
20260618  19:14:00,30594.25,30594.25,30587.25,30588.25,44
20260618  19:15:00,30587.0,30591.75,30583.5,30583.5,48
20260618  19:16:00,30584.5,30585.25,30581.25,30584.25,63
20260618  19:17:00,30583.5,30584.0,30575.0,30577.5,146
20260618  19:18:00,30578.5,30586.25,30577.0,30582.5,81
20260618  19:19:00,30584.0,30587.75,30581.0,30581.0,101
20260618  19:20:00,30582.25,30587.5,30582.25,30584.0,48
20260618  19:21:00,30583.0,30593.25,30583.0,30593.25,69
20260618  19:22:00,30592.25,30600.5,30590.5,30600.0,108
20260618  19:23:00,30600.25,30606.0,30600.25,30606.0,204
20260618  19:24:00,30605.5,30605.5,30599.5,30601.5,64
20260618  19:25:00,30600.75,30604.75,30599.75,30604.75,74
20260618  19:26:00,30604.25,30605.0,30600.0,30601.75,34
20260618  19:27:00,30603.5,30604.5,30601.75,30602.25,17
20260618  19:28:00,30603.0,30607.0,30603.0,30606.5,51
20260618  19:29:00,30607.25,30609.5,30601.5,30605.5,86
20260618  19:30:00,30605.5,30613.0,30603.5,30613.0,60
20260618  19:31:00,30611.5,30612.5,30606.75,30611.0,36
20260618  19:32:00,30611.75,30611.75,30605.0,30606.0,41
20260618  19:33:00,30606.5,30607.0,30603.5,30607.0,24
20260618  19:34:00,30606.75,30607.5,30603.25,30603.5,20
20260618  19:35:00,30604.0,30606.75,30600.25,30606.25,39
20260618  19:36:00,30605.25,30610.25,30602.75,30610.25,25
20260618  19:37:00,30609.75,30609.75,30603.75,30606.0,30
20260618  19:38:00,30605.5,30605.5,30602.25,30605.5,29
20260618  19:39:00,30606.0,30607.25,30605.5,30607.25,6
20260618  19:40:00,30607.5,30610.0,30605.0,30606.0,14
20260618  19:41:00,30607.75,30611.75,30606.5,30610.0,19
20260618  19:42:00,30611.25,30619.0,30611.25,30618.75,69
20260618  19:43:00,30618.0,30619.5,30615.75,30619.25,47
20260618  19:44:00,30618.75,30619.0,30615.5,30617.5,33
20260618  19:45:00,30618.5,30618.5,30610.75,30611.25,34
20260618  19:46:00,30610.25,30612.0,30606.25,30608.0,49
20260618  19:47:00,30609.75,30612.75,30607.0,30607.0,29
20260618  19:48:00,30608.0,30608.25,30607.25,30608.25,8
20260618  19:49:00,30607.0,30608.0,30603.0,30604.25,51
20260618  19:50:00,30603.0,30606.75,30593.0,30594.5,118
20260618  19:51:00,30594.75,30594.75,30585.5,30590.0,111
20260618  19:52:00,30591.25,30594.75,30589.0,30594.5,45
20260618  19:53:00,30595.0,30597.0,30593.0,30595.5,23
20260618  19:54:00,30595.75,30599.5,30595.75,30597.75,31
20260618  19:55:00,30598.25,30601.0,30594.5,30601.0,25
20260618  19:56:00,30598.0,30598.5,30594.25,30595.0,23
20260618  19:57:00,30594.0,30595.5,30593.0,30593.0,11
20260618  19:58:00,30592.0,30596.0,30592.0,30593.75,23
20260618  19:59:00,30594.75,30595.0,30592.5,30593.75,19
20260618  20:00:00,30593.0,30604.0,30593.0,30602.0,54
20260618  20:01:00,30601.0,30602.25,30599.0,30600.5,32
20260618  20:02:00,30599.0,30606.5,30596.25,30597.0,45
20260618  20:03:00,30595.75,30599.75,30594.75,30598.0,28
20260618  20:04:00,30591.5,30591.5,30586.0,30588.75,56
20260618  20:05:00,30586.25,30589.75,30584.25,30584.25,26
20260618  20:06:00,30587.0,30591.75,30586.5,30591.5,25
20260618  20:07:00,30592.0,30594.0,30588.75,30588.75,36
20260618  20:08:00,30588.0,30589.75,30585.25,30587.75,21
20260618  20:09:00,30587.0,30588.0,30584.25,30586.0,16
20260618  20:10:00,30587.5,30590.5,30583.0,30583.25,46
20260618  20:11:00,30582.5,30587.0,30582.0,30587.0,25
20260618  20:12:00,30587.75,30588.75,30582.25,30584.75,26
20260618  20:13:00,30582.0,30584.75,30579.5,30579.75,25
20260618  20:14:00,30579.5,30581.25,30577.0,30577.0,36
20260618  20:15:00,30577.75,30580.25,30560.0,30562.75,308
20260618  20:16:00,30562.25,30564.25,30550.5,30560.25,193
20260618  20:17:00,30560.25,30560.25,30551.75,30553.25,96
20260618  20:18:00,30556.0,30561.5,30535.5,30556.25,289
20260618  20:19:00,30556.0,30557.0,30553.75,30555.75,32
20260618  20:20:00,30554.0,30560.0,30552.5,30558.0,52
20260618  20:21:00,30558.75,30565.0,30556.75,30557.5,70
20260618  20:22:00,30559.25,30562.75,30548.0,30549.0,58
20260618  20:23:00,30548.25,30550.75,30543.0,30548.5,81
20260618  20:24:00,30552.25,30552.75,30546.75,30549.25,17
20260618  20:25:00,30546.25,30546.25,30540.25,30541.0,64
20260618  20:26:00,30541.0,30546.0,30538.25,30544.5,64
20260618  20:27:00,30543.0,30548.5,30541.0,30546.5,32
20260618  20:28:00,30545.25,30550.0,30536.0,30539.0,76
20260618  20:29:00,30538.5,30544.75,30535.75,30539.0,82
20260618  20:30:00,30540.5,30546.75,30531.75,30542.5,76
20260618  20:31:00,30545.5,30545.75,30530.0,30534.25,89
20260618  20:32:00,30535.0,30542.0,30532.25,30533.5,57
20260618  20:33:00,30533.5,30538.0,30529.0,30532.5,70
20260618  20:34:00,30531.5,30534.0,30521.75,30523.0,114
20260618  20:35:00,30523.0,30530.5,30520.5,30521.25,116
20260618  20:36:00,30522.5,30528.0,30510.25,30526.75,276
20260618  20:37:00,30526.25,30535.0,30525.5,30532.75,202
20260618  20:38:00,30528.25,30540.0,30528.0,30536.5,111
20260618  20:39:00,30537.0,30544.5,30536.5,30540.25,96
20260618  20:40:00,30540.25,30545.5,30538.0,30545.0,97
20260618  20:41:00,30542.0,30542.0,30535.0,30541.25,51
20260618  20:42:00,30538.25,30538.25,30526.0,30529.0,94
20260618  20:43:00,30528.0,30529.75,30520.0,30528.0,115
20260618  20:44:00,30529.0,30534.75,30524.25,30528.25,41
20260618  20:45:00,30527.5,30529.75,30522.0,30528.25,47
20260618  20:46:00,30528.0,30530.5,30523.0,30530.5,35
20260618  20:47:00,30526.0,30527.5,30520.75,30523.0,21
20260618  20:48:00,30525.25,30533.75,30523.25,30530.0,35
20260618  20:49:00,30525.25,30528.25,30522.5,30524.5,18
20260618  20:50:00,30526.0,30536.25,30524.25,30533.0,70
20260618  20:51:00,30532.25,30535.75,30518.5,30528.0,178
20260618  20:52:00,30528.5,30535.75,30528.25,30531.25,85
20260618  20:53:00,30529.5,30532.0,30526.5,30528.75,19
20260618  20:54:00,30532.75,30532.75,30525.0,30525.5,47
20260618  20:55:00,30525.5,30528.25,30517.75,30522.0,58
20260618  20:56:00,30522.75,30528.0,30520.5,30526.0,41
20260618  20:57:00,30526.0,30526.0,30512.25,30514.5,85
20260618  20:58:00,30513.0,30513.25,30505.5,30506.5,131
20260618  20:59:00,30508.75,30520.0,30506.5,30518.5,114
20260618  21:00:00,30520.25,30526.25,30515.0,30515.0,124
20260618  21:01:00,30514.25,30515.75,30498.25,30502.0,253
20260618  21:02:00,30501.25,30504.75,30480.25,30502.5,307
20260618  21:03:00,30501.5,30505.0,30459.0,30474.0,553
20260618  21:04:00,30476.25,30477.25,30468.25,30475.75,145
20260618  21:05:00,30475.25,30485.75,30475.25,30485.75,82
20260618  21:06:00,30485.75,30501.25,30482.25,30499.5,106
20260618  21:07:00,30499.0,30502.0,30492.0,30494.75,102
20260618  21:08:00,30497.25,30499.25,30489.5,30495.75,52
20260618  21:09:00,30495.25,30495.25,30485.0,30492.5,96
20260618  21:10:00,30495.0,30502.25,30495.0,30498.75,76
20260618  21:11:00,30499.75,30507.75,30499.75,30501.0,105
20260618  21:12:00,30502.25,30505.0,30500.75,30502.5,55
20260618  21:13:00,30502.75,30514.0,30502.75,30512.75,96
20260618  21:14:00,30509.75,30514.0,30507.5,30511.75,89
20260618  21:15:00,30512.5,30512.75,30485.25,30494.75,226
20260618  21:16:00,30494.5,30510.25,30493.0,30507.5,161
20260618  21:17:00,30507.5,30517.0,30501.25,30515.25,248
20260618  21:18:00,30515.0,30519.25,30510.75,30512.5,115
20260618  21:19:00,30513.75,30513.75,30500.75,30502.25,116
20260618  21:20:00,30503.0,30504.75,30496.25,30500.75,71
20260618  21:21:00,30501.25,30514.0,30500.25,30504.25,48
20260618  21:22:00,30504.75,30504.75,30490.0,30491.25,89
20260618  21:23:00,30491.5,30492.5,30485.75,30490.75,116
20260618  21:24:00,30494.0,30502.25,30489.75,30502.0,65
20260618  21:25:00,30500.5,30506.75,30497.5,30505.0,77
20260618  21:26:00,30504.75,30505.5,30487.5,30489.5,68
20260618  21:27:00,30489.5,30498.0,30488.75,30498.0,31
20260618  21:28:00,30497.0,30502.5,30493.0,30502.5,28
20260618  21:29:00,30501.25,30503.5,30499.75,30502.5,24
20260618  21:30:00,30503.75,30504.5,30486.75,30486.75,62
20260618  21:31:00,30486.0,30490.0,30480.0,30485.25,117
20260618  21:32:00,30483.75,30484.5,30475.0,30476.5,98
20260618  21:33:00,30477.75,30480.25,30470.25,30480.0,132
20260618  21:34:00,30477.0,30481.5,30472.75,30476.5,50
20260618  21:35:00,30476.75,30478.25,30460.0,30465.0,242
20260618  21:36:00,30466.25,30477.5,30464.75,30476.5,88
20260618  21:37:00,30478.0,30485.25,30477.0,30478.0,114
20260618  21:38:00,30480.0,30484.0,30478.0,30483.25,46
20260618  21:39:00,30483.5,30484.0,30476.5,30480.0,46
20260618  21:40:00,30480.75,30486.0,30476.75,30480.25,87
20260618  21:41:00,30481.0,30481.5,30472.25,30473.0,51
20260618  21:42:00,30472.25,30481.25,30470.0,30475.0,58
20260618  21:43:00,30477.0,30477.0,30469.0,30471.5,29
20260618  21:44:00,30472.0,30478.5,30471.5,30478.25,25
20260618  21:45:00,30478.0,30478.0,30472.75,30476.0,23
20260618  21:46:00,30475.5,30476.0,30450.0,30456.75,168
20260618  21:47:00,30455.75,30457.75,30446.75,30456.5,139
20260618  21:48:00,30455.75,30464.25,30452.5,30463.0,83
20260618  21:49:00,30464.0,30468.0,30457.25,30465.75,95
20260618  21:50:00,30465.0,30472.5,30458.5,30461.75,87
20260618  21:51:00,30462.25,30465.75,30451.0,30453.25,76
20260618  21:52:00,30452.75,30455.25,30440.5,30444.5,155
20260618  21:53:00,30446.75,30460.75,30440.75,30441.5,129
20260618  21:54:00,30441.75,30442.75,30424.75,30439.25,190
20260618  21:55:00,30440.0,30447.5,30421.75,30422.25,146
20260618  21:56:00,30424.25,30430.25,30417.25,30421.0,270
20260618  21:57:00,30422.25,30430.75,30419.25,30422.5,80
20260618  21:58:00,30422.5,30424.75,30405.0,30417.75,317
20260618  21:59:00,30418.25,30434.75,30417.75,30433.75,156
20260618  22:00:00,30435.0,30444.0,30429.75,30441.25,229
20260618  22:01:00,30440.0,30449.0,30438.75,30449.0,90
20260618  22:02:00,30448.0,30452.25,30435.0,30443.75,193
20260618  22:03:00,30446.5,30449.5,30435.5,30436.0,140
20260618  22:04:00,30435.5,30448.0,30435.5,30445.25,28
20260618  22:05:00,30445.0,30445.0,30431.5,30444.25,90
20260618  22:06:00,30446.75,30448.75,30433.25,30435.0,121
20260618  22:07:00,30436.75,30439.75,30430.0,30431.5,60
20260618  22:08:00,30431.0,30435.25,30429.75,30433.5,51
20260618  22:09:00,30431.75,30435.0,30428.0,30433.5,76
20260618  22:10:00,30432.0,30440.0,30424.25,30431.0,97
20260618  22:11:00,30430.0,30436.5,30422.75,30432.75,70
20260618  22:12:00,30431.75,30431.75,30412.25,30418.0,151
20260618  22:13:00,30417.0,30430.0,30415.5,30429.0,78
20260618  22:14:00,30430.0,30441.5,30429.5,30437.75,101
20260618  22:15:00,30438.25,30438.25,30427.75,30432.0,94
20260618  22:16:00,30430.75,30441.5,30430.75,30438.25,88
20260618  22:17:00,30437.25,30445.25,30436.5,30444.0,163
20260618  22:18:00,30445.5,30449.75,30443.0,30443.0,89
20260618  22:19:00,30443.75,30444.0,30418.75,30424.5,308
20260618  22:20:00,30424.5,30427.0,30405.25,30408.5,190
20260618  22:21:00,30412.0,30424.5,30405.5,30422.5,131
20260618  22:22:00,30422.25,30429.0,30415.5,30417.75,62
20260618  22:23:00,30418.5,30426.0,30416.0,30424.75,35
20260618  22:24:00,30425.75,30425.75,30418.5,30420.25,35
20260618  22:25:00,30420.0,30432.25,30413.25,30430.75,72
20260618  22:26:00,30429.25,30431.75,30425.0,30431.75,36
20260618  22:27:00,30431.25,30434.0,30428.5,30428.5,25
20260618  22:28:00,30425.75,30435.75,30424.25,30435.25,47
20260618  22:29:00,30433.75,30436.0,30430.25,30432.5,27
20260618  22:30:00,30433.75,30439.25,30427.5,30433.5,111
20260618  22:31:00,30433.75,30442.0,30430.0,30442.0,58
20260618  22:32:00,30441.25,30442.5,30431.25,30431.25,40
20260618  22:33:00,30432.5,30434.25,30426.25,30428.75,32
20260618  22:34:00,30430.0,30433.25,30418.5,30418.5,62
20260618  22:35:00,30421.5,30430.5,30419.75,30422.25,52
20260618  22:36:00,30423.75,30426.5,30414.5,30414.5,69
20260618  22:37:00,30416.25,30419.0,30411.75,30416.5,59
20260618  22:38:00,30415.5,30416.5,30401.0,30407.25,151
20260618  22:39:00,30409.25,30412.25,30405.0,30406.75,82
20260618  22:40:00,30407.25,30424.75,30406.25,30424.75,98
20260618  22:41:00,30424.0,30424.75,30417.0,30420.75,67
20260618  22:42:00,30420.0,30420.0,30388.0,30399.5,322
20260618  22:43:00,30399.5,30410.0,30399.5,30407.75,93
20260618  22:44:00,30407.75,30411.0,30402.5,30408.25,86
20260618  22:45:00,30408.25,30417.5,30408.25,30417.5,76
20260618  22:46:00,30415.0,30429.75,30412.0,30429.0,132
20260618  22:47:00,30429.5,30435.75,30428.0,30431.75,108
20260618  22:48:00,30431.5,30440.75,30428.75,30440.75,69
20260618  22:49:00,30439.75,30441.0,30436.25,30436.25,65
20260618  22:50:00,30437.5,30451.25,30433.75,30448.75,176
20260618  22:51:00,30448.0,30452.0,30445.5,30450.75,78
20260618  22:52:00,30449.75,30460.5,30447.75,30451.75,135
20260618  22:53:00,30452.25,30455.0,30446.5,30454.25,85
20260618  22:54:00,30453.0,30472.25,30453.0,30470.0,178
20260618  22:55:00,30469.5,30480.0,30468.0,30471.0,138
20260618  22:56:00,30470.0,30470.0,30465.5,30469.25,77
20260618  22:57:00,30467.75,30482.5,30467.75,30478.0,102
20260618  22:58:00,30478.0,30482.0,30477.0,30480.0,79
20260618  22:59:00,30480.0,30483.5,30480.0,30481.0,51
20260618  23:00:00,30482.5,30500.0,30479.5,30500.0,255
20260618  23:01:00,30499.25,30501.0,30487.5,30492.75,137
20260618  23:02:00,30494.0,30502.75,30489.5,30494.5,124
20260618  23:03:00,30495.5,30507.0,30495.5,30505.75,103
20260618  23:04:00,30505.0,30509.75,30502.25,30503.0,79
20260618  23:05:00,30502.25,30511.0,30501.75,30508.75,78
20260618  23:06:00,30508.0,30513.75,30505.0,30508.75,131
20260618  23:07:00,30510.0,30510.5,30496.75,30508.0,142
20260618  23:08:00,30505.0,30508.25,30502.0,30505.0,66
20260618  23:09:00,30503.75,30511.5,30502.0,30510.25,100
20260618  23:10:00,30510.75,30511.0,30500.75,30500.75,62
20260618  23:11:00,30502.5,30508.75,30498.75,30504.5,62
20260618  23:12:00,30502.25,30510.25,30502.0,30508.0,59
20260618  23:13:00,30507.0,30519.5,30507.0,30519.5,106
20260618  23:14:00,30518.0,30519.75,30511.0,30511.25,55
20260618  23:15:00,30512.0,30515.75,30507.0,30510.25,61
20260618  23:16:00,30509.5,30518.5,30508.25,30510.5,101
20260618  23:17:00,30510.5,30512.0,30505.25,30512.0,43
20260618  23:18:00,30512.5,30512.5,30506.75,30508.5,51
20260618  23:19:00,30508.75,30509.75,30501.5,30506.5,151
20260618  23:20:00,30507.0,30511.0,30499.25,30499.25,140
20260618  23:21:00,30501.75,30511.25,30495.75,30509.75,136
20260618  23:22:00,30509.25,30517.0,30506.0,30516.5,55
20260618  23:23:00,30516.0,30518.75,30513.75,30515.0,69
20260618  23:24:00,30518.5,30520.0,30514.0,30516.5,46
20260618  23:25:00,30515.0,30529.75,30513.5,30527.25,150
20260618  23:26:00,30526.0,30532.0,30522.25,30529.75,95
20260618  23:27:00,30528.5,30533.5,30528.5,30529.75,55
20260618  23:28:00,30530.5,30534.0,30527.5,30529.75,73
20260618  23:29:00,30530.5,30535.75,30522.25,30523.25,124
20260618  23:30:00,30523.25,30531.0,30522.75,30522.75,85
20260618  23:31:00,30522.0,30532.75,30520.5,30524.5,120
20260618  23:32:00,30526.5,30526.5,30519.25,30520.75,75
20260618  23:33:00,30521.75,30525.75,30517.75,30520.75,55
20260618  23:34:00,30520.0,30524.5,30519.25,30524.5,42
20260618  23:35:00,30525.0,30528.75,30522.5,30525.5,50
20260618  23:36:00,30521.0,30521.75,30507.75,30510.0,166
20260618  23:37:00,30510.0,30510.0,30502.75,30508.0,129
20260618  23:38:00,30507.75,30514.75,30507.0,30508.75,77
20260618  23:39:00,30508.25,30509.75,30503.25,30506.25,33
20260618  23:40:00,30507.5,30515.0,30504.25,30510.5,34
20260618  23:41:00,30511.5,30511.5,30503.0,30505.75,75
20260618  23:42:00,30505.5,30508.75,30501.75,30507.75,44
20260618  23:43:00,30509.75,30519.5,30507.25,30516.75,82
20260618  23:44:00,30516.25,30522.75,30513.0,30514.25,85
20260618  23:45:00,30514.25,30514.5,30505.25,30514.5,57
20260618  23:46:00,30514.75,30520.75,30513.5,30520.75,23
20260618  23:47:00,30520.5,30528.75,30518.0,30526.5,51
20260618  23:48:00,30525.5,30531.5,30524.25,30524.5,67
20260618  23:49:00,30526.0,30526.0,30520.0,30524.0,50
20260618  23:50:00,30524.25,30532.0,30524.25,30528.0,47
20260618  23:51:00,30528.75,30530.0,30525.75,30530.0,26
20260618  23:52:00,30530.25,30538.0,30528.25,30537.25,75
20260618  23:53:00,30537.0,30544.0,30535.25,30542.75,125
20260618  23:54:00,30542.75,30548.0,30539.75,30545.0,131
20260618  23:55:00,30546.75,30565.0,30545.0,30558.25,219
20260618  23:56:00,30558.0,30558.75,30548.5,30548.5,62
20260618  23:57:00,30548.5,30556.75,30548.5,30555.0,58
20260618  23:58:00,30554.5,30557.5,30553.5,30556.0,20
20260618  23:59:00,30555.75,30562.0,30555.0,30555.0,73
20260619  00:00:00,30553.75,30566.5,30552.25,30562.5,81
20260619  00:01:00,30561.5,30571.75,30560.0,30565.0,197
20260619  00:02:00,30566.0,30566.0,30556.5,30564.5,97
20260619  00:03:00,30564.5,30566.0,30559.25,30563.5,21
20260619  00:04:00,30562.5,30567.75,30562.25,30567.75,63
20260619  00:05:00,30567.0,30569.75,30564.5,30566.25,28
20260619  00:06:00,30565.5,30572.0,30563.25,30566.0,46
20260619  00:07:00,30566.5,30570.75,30566.0,30569.0,26
20260619  00:08:00,30569.75,30575.75,30569.0,30573.5,85
20260619  00:09:00,30573.5,30576.75,30572.0,30572.75,92
20260619  00:10:00,30572.0,30573.0,30567.75,30569.0,92
20260619  00:11:00,30567.75,30581.25,30565.0,30574.0,173
20260619  00:12:00,30575.0,30577.75,30570.5,30573.0,70
20260619  00:13:00,30574.25,30576.0,30572.0,30572.5,14
20260619  00:14:00,30574.25,30586.5,30573.5,30585.25,99
20260619  00:15:00,30587.0,30602.0,30586.25,30598.5,287
20260619  00:16:00,30598.25,30601.0,30582.25,30584.5,109
20260619  00:17:00,30584.25,30591.5,30584.0,30584.0,67
20260619  00:18:00,30582.75,30587.0,30582.5,30586.0,50
20260619  00:19:00,30586.0,30587.0,30583.75,30586.75,36
20260619  00:20:00,30584.75,30590.75,30582.75,30588.75,64
20260619  00:21:00,30589.25,30599.0,30588.75,30593.75,106
20260619  00:22:00,30592.5,30594.75,30588.75,30591.75,58
20260619  00:23:00,30593.0,30598.0,30587.75,30590.0,73
20260619  00:24:00,30590.0,30591.25,30586.0,30587.75,66
20260619  00:25:00,30588.0,30590.75,30586.0,30589.25,39
20260619  00:26:00,30589.25,30593.0,30586.0,30590.5,35
20260619  00:27:00,30591.5,30599.0,30591.0,30597.25,46
20260619  00:28:00,30597.75,30598.25,30591.5,30594.5,65
20260619  00:29:00,30593.0,30606.25,30587.75,30604.75,85
20260619  00:30:00,30603.75,30628.25,30603.5,30621.5,455
20260619  00:31:00,30622.25,30622.25,30606.0,30609.5,182
20260619  00:32:00,30610.75,30611.0,30596.0,30597.75,105
20260619  00:33:00,30599.5,30609.25,30593.0,30605.0,112
20260619  00:34:00,30604.0,30613.5,30604.0,30612.25,74
20260619  00:35:00,30609.5,30610.25,30606.0,30606.75,45
20260619  00:36:00,30605.5,30606.0,30598.0,30602.0,50
20260619  00:37:00,30602.75,30613.0,30602.75,30613.0,49
20260619  00:38:00,30609.75,30613.25,30609.5,30613.25,18
20260619  00:39:00,30612.5,30612.5,30608.0,30612.5,24
20260619  00:40:00,30612.5,30616.0,30605.75,30606.25,45
20260619  00:41:00,30608.75,30611.25,30607.0,30607.75,30
20260619  00:42:00,30608.25,30608.25,30600.5,30602.0,51
20260619  00:43:00,30600.5,30603.0,30599.0,30601.0,35
20260619  00:44:00,30602.25,30605.5,30601.5,30605.5,13
20260619  00:45:00,30606.5,30612.75,30600.75,30604.5,98
20260619  00:46:00,30604.75,30604.75,30599.0,30602.75,22
20260619  00:47:00,30604.75,30611.25,30604.75,30611.25,19
20260619  00:48:00,30612.0,30612.0,30602.5,30602.5,69
20260619  00:49:00,30601.5,30604.75,30600.0,30600.75,34
20260619  00:50:00,30601.25,30601.5,30594.0,30599.25,50
20260619  00:51:00,30602.25,30624.0,30600.25,30616.5,334
20260619  00:52:00,30617.0,30624.0,30613.25,30621.25,62
20260619  00:53:00,30623.0,30631.5,30623.0,30624.0,118
20260619  00:54:00,30623.0,30623.0,30617.5,30617.5,50
20260619  00:55:00,30616.75,30624.75,30615.0,30616.5,80
20260619  00:56:00,30618.75,30625.0,30618.0,30618.0,47
20260619  00:57:00,30620.0,30633.0,30620.0,30630.5,58
20260619  00:58:00,30628.75,30631.25,30626.75,30628.25,34
20260619  00:59:00,30627.75,30630.0,30625.75,30630.0,36
20260619  01:00:00,30630.0,30631.75,30622.0,30624.25,53
20260619  01:01:00,30622.75,30622.75,30616.0,30618.5,41
20260619  01:02:00,30618.0,30618.0,30608.0,30608.75,54
20260619  01:03:00,30608.5,30617.5,30608.0,30617.5,52
20260619  01:04:00,30617.75,30630.0,30615.25,30626.0,99
20260619  01:05:00,30623.25,30623.5,30617.25,30618.0,36
20260619  01:06:00,30619.25,30629.25,30619.25,30622.25,50
20260619  01:07:00,30622.0,30622.75,30617.75,30621.5,21
20260619  01:08:00,30621.25,30624.75,30620.0,30622.75,28
20260619  01:09:00,30618.75,30621.75,30618.5,30619.25,20
20260619  01:10:00,30619.25,30632.0,30619.25,30628.75,45
20260619  01:11:00,30628.0,30636.5,30628.0,30635.25,86
20260619  01:12:00,30634.25,30644.75,30631.0,30640.5,123
20260619  01:13:00,30639.25,30639.25,30633.75,30633.75,135
20260619  01:14:00,30633.75,30634.25,30631.0,30631.0,36
20260619  01:15:00,30631.0,30639.75,30625.0,30635.5,90
20260619  01:16:00,30636.0,30643.75,30632.0,30641.75,64
20260619  01:17:00,30642.25,30644.5,30634.5,30635.5,71
20260619  01:18:00,30635.75,30635.75,30633.0,30635.25,31
20260619  01:19:00,30634.5,30642.25,30633.0,30640.0,34
20260619  01:20:00,30641.0,30641.0,30636.5,30639.5,17
20260619  01:21:00,30638.75,30641.75,30638.5,30640.0,21
20260619  01:22:00,30639.0,30643.5,30638.75,30642.25,23
20260619  01:23:00,30640.75,30650.0,30640.5,30643.25,73
20260619  01:24:00,30643.0,30646.0,30640.0,30641.25,28
20260619  01:25:00,30640.75,30642.0,30637.0,30638.5,36
20260619  01:26:00,30640.25,30644.5,30632.0,30640.75,96
20260619  01:27:00,30640.0,30640.0,30632.0,30632.0,23
20260619  01:28:00,30632.5,30635.0,30630.25,30635.0,31
20260619  01:29:00,30635.25,30644.25,30634.75,30644.25,39
20260619  01:30:00,30640.5,30646.5,30637.25,30637.25,45
20260619  01:31:00,30635.75,30640.5,30627.5,30637.75,88
20260619  01:32:00,30637.25,30640.0,30627.75,30627.75,48
20260619  01:33:00,30627.5,30628.25,30624.0,30626.5,58
20260619  01:34:00,30625.0,30632.5,30625.0,30628.5,38
20260619  01:35:00,30629.25,30633.75,30628.0,30633.0,24
20260619  01:36:00,30630.0,30633.0,30628.0,30633.0,29
20260619  01:37:00,30633.0,30640.5,30633.0,30634.25,43
20260619  01:38:00,30633.25,30634.5,30629.0,30634.5,27
20260619  01:39:00,30634.75,30646.5,30634.75,30644.75,60
20260619  01:40:00,30643.25,30644.5,30640.0,30641.25,22
20260619  01:41:00,30639.75,30652.0,30639.0,30649.75,76
20260619  01:42:00,30650.25,30655.5,30649.75,30653.0,72
20260619  01:43:00,30653.25,30658.5,30647.75,30651.0,92
20260619  01:44:00,30649.75,30651.0,30647.75,30649.0,19
20260619  01:45:00,30650.5,30653.5,30646.0,30651.5,90
20260619  01:46:00,30652.75,30652.75,30637.0,30637.0,87
20260619  01:47:00,30636.25,30641.25,30629.25,30640.75,112
20260619  01:48:00,30640.0,30648.25,30640.0,30644.5,66
20260619  01:49:00,30645.25,30658.25,30644.25,30658.0,53
20260619  01:50:00,30657.5,30660.0,30653.75,30653.75,34
20260619  01:51:00,30652.5,30654.0,30651.0,30653.75,15
20260619  01:52:00,30651.25,30653.25,30649.5,30652.25,41
20260619  01:53:00,30653.0,30653.75,30647.0,30649.25,28
20260619  01:54:00,30648.75,30653.75,30645.5,30647.25,26
20260619  01:55:00,30650.0,30651.25,30645.0,30650.25,62
20260619  01:56:00,30649.0,30654.5,30649.0,30652.0,16
20260619  01:57:00,30651.5,30652.5,30649.5,30652.0,14
20260619  01:58:00,30648.0,30652.25,30646.5,30652.25,14
20260619  01:59:00,30651.25,30651.25,30649.25,30649.25,10
20260619  02:00:00,30651.25,30666.0,30651.25,30665.5,299
20260619  02:01:00,30664.0,30665.0,30653.75,30655.0,56
20260619  02:02:00,30653.75,30654.5,30650.0,30652.5,24
20260619  02:03:00,30653.0,30657.25,30651.5,30651.5,39
20260619  02:04:00,30653.25,30653.25,30637.75,30637.75,95
20260619  02:05:00,30638.5,30638.5,30631.25,30635.5,79
20260619  02:06:00,30635.5,30643.75,30634.75,30638.25,55
20260619  02:07:00,30638.75,30641.25,30633.25,30635.25,42
20260619  02:08:00,30632.75,30632.75,30626.5,30628.0,51
20260619  02:09:00,30629.5,30631.75,30627.25,30628.75,46
20260619  02:10:00,30630.75,30633.75,30623.25,30626.75,44
20260619  02:11:00,30627.5,30627.5,30622.0,30627.25,63
20260619  02:12:00,30627.75,30638.5,30627.25,30636.25,54
20260619  02:13:00,30636.25,30639.5,30630.25,30633.75,78
20260619  02:14:00,30631.0,30632.0,30622.25,30624.25,92
20260619  02:15:00,30625.0,30633.5,30624.0,30629.25,46
20260619  02:16:00,30627.0,30635.0,30627.0,30632.75,55
20260619  02:17:00,30634.0,30636.5,30632.75,30634.75,17
20260619  02:18:00,30634.0,30636.25,30633.0,30636.25,7
20260619  02:19:00,30636.75,30640.0,30634.75,30634.75,23
20260619  02:20:00,30635.5,30637.75,30631.5,30637.75,19
20260619  02:21:00,30635.0,30635.25,30625.0,30625.0,24
20260619  02:22:00,30625.25,30625.25,30617.25,30618.25,62
20260619  02:23:00,30620.0,30620.5,30610.25,30616.5,119
20260619  02:24:00,30617.25,30627.5,30617.25,30619.75,74
20260619  02:25:00,30621.0,30624.25,30618.5,30620.5,14
20260619  02:26:00,30618.0,30618.0,30613.5,30616.5,61
20260619  02:27:00,30617.25,30621.25,30613.75,30620.25,61
20260619  02:28:00,30621.0,30623.75,30618.0,30619.75,36
20260619  02:29:00,30619.0,30619.5,30614.0,30615.5,36
20260619  02:30:00,30615.5,30625.5,30613.75,30622.25,82
20260619  02:31:00,30622.5,30622.5,30620.5,30620.5,8
20260619  02:32:00,30621.0,30629.75,30619.5,30628.75,57
20260619  02:33:00,30629.5,30631.75,30626.75,30626.75,35
20260619  02:34:00,30627.0,30635.0,30625.75,30635.0,24
20260619  02:35:00,30632.75,30637.75,30631.25,30637.0,50
20260619  02:36:00,30637.5,30642.75,30636.0,30636.0,73
20260619  02:37:00,30637.75,30640.0,30635.0,30638.75,49
20260619  02:38:00,30639.25,30640.0,30634.5,30637.5,24
20260619  02:39:00,30636.75,30640.0,30636.75,30638.0,45
20260619  02:40:00,30639.25,30645.25,30639.25,30642.75,49
20260619  02:41:00,30642.25,30643.75,30634.5,30634.5,57
20260619  02:42:00,30634.25,30635.75,30630.5,30630.5,45
20260619  02:43:00,30630.5,30635.75,30626.75,30633.75,89
20260619  02:44:00,30634.25,30636.0,30626.75,30626.75,29
20260619  02:45:00,30627.0,30630.75,30625.0,30625.0,64
20260619  02:46:00,30624.0,30633.25,30619.75,30633.25,77
20260619  02:47:00,30633.75,30641.5,30632.25,30634.25,91
20260619  02:48:00,30633.5,30633.5,30628.0,30630.0,41
20260619  02:49:00,30627.25,30627.25,30620.25,30622.25,35
20260619  02:50:00,30622.75,30647.0,30622.75,30641.5,115
20260619  02:51:00,30640.5,30640.5,30633.25,30634.5,44
20260619  02:52:00,30633.25,30640.75,30631.75,30640.75,29
20260619  02:53:00,30639.25,30645.25,30639.25,30643.25,37
20260619  02:54:00,30639.0,30639.75,30634.5,30635.5,27
20260619  02:55:00,30638.25,30639.5,30637.25,30639.5,28
20260619  02:56:00,30640.75,30643.0,30637.5,30640.0,14
20260619  02:57:00,30635.75,30635.75,30627.5,30627.5,46
20260619  02:58:00,30629.25,30630.75,30625.0,30626.25,60
20260619  02:59:00,30627.5,30630.5,30626.0,30626.0,16
20260619  03:00:00,30628.75,30628.75,30620.5,30623.5,52
20260619  03:01:00,30625.75,30631.0,30625.75,30629.0,14
20260619  03:02:00,30628.0,30633.5,30626.25,30633.5,22
20260619  03:03:00,30632.0,30632.0,30615.25,30616.5,52
20260619  03:04:00,30617.75,30620.25,30611.5,30614.5,87
20260619  03:05:00,30616.5,30618.5,30597.75,30605.25,265
20260619  03:06:00,30606.0,30606.75,30601.5,30603.75,78
20260619  03:07:00,30605.0,30609.5,30604.5,30609.0,30
20260619  03:08:00,30606.75,30607.75,30603.75,30604.75,28
20260619  03:09:00,30606.25,30623.75,30606.25,30619.5,116
20260619  03:10:00,30620.75,30620.75,30614.5,30617.5,22
20260619  03:11:00,30619.0,30619.25,30613.75,30615.75,17
20260619  03:12:00,30616.75,30619.75,30613.75,30617.75,15
20260619  03:13:00,30617.25,30627.0,30617.25,30627.0,32
20260619  03:14:00,30625.5,30626.25,30613.75,30613.75,18
20260619  03:15:00,30613.5,30614.0,30602.25,30607.75,96
20260619  03:16:00,30610.0,30616.0,30605.0,30605.5,48
20260619  03:17:00,30609.0,30615.5,30606.5,30612.25,44
20260619  03:18:00,30613.75,30617.0,30612.0,30612.0,21
20260619  03:19:00,30609.25,30609.75,30605.75,30608.25,35
20260619  03:20:00,30608.0,30608.0,30602.25,30604.75,27
20260619  03:21:00,30606.25,30608.0,30598.25,30608.0,36
20260619  03:22:00,30608.25,30610.5,30593.5,30593.5,118
20260619  03:23:00,30595.0,30595.0,30584.75,30585.0,82
20260619  03:24:00,30585.25,30588.0,30580.25,30582.5,77
20260619  03:25:00,30582.0,30586.75,30582.0,30583.5,62
20260619  03:26:00,30582.0,30583.0,30574.5,30576.5,110
20260619  03:27:00,30576.75,30578.5,30568.25,30577.0,99
20260619  03:28:00,30579.0,30579.0,30572.0,30577.25,75
20260619  03:29:00,30580.0,30583.75,30575.0,30578.0,42
20260619  03:30:00,30578.0,30578.0,30554.0,30559.75,206
20260619  03:31:00,30560.0,30572.75,30554.25,30557.75,161
20260619  03:32:00,30557.25,30568.75,30555.0,30567.5,89
20260619  03:33:00,30566.5,30566.5,30560.0,30563.25,28
20260619  03:34:00,30565.75,30568.5,30559.0,30566.0,29
20260619  03:35:00,30565.25,30573.0,30561.0,30561.0,38
20260619  03:36:00,30561.0,30561.75,30539.0,30555.5,245
20260619  03:37:00,30555.25,30565.5,30552.0,30556.25,99
20260619  03:38:00,30555.0,30560.75,30553.75,30559.75,40
20260619  03:39:00,30560.5,30562.75,30545.25,30546.75,66
20260619  03:40:00,30548.75,30559.5,30546.0,30553.25,48
20260619  03:41:00,30551.5,30562.75,30548.75,30556.75,63
20260619  03:42:00,30560.0,30562.0,30555.75,30558.0,43
20260619  03:43:00,30561.75,30570.0,30561.75,30568.0,38
20260619  03:44:00,30569.75,30570.75,30564.5,30564.5,41
20260619  03:45:00,30564.5,30569.5,30562.75,30566.25,20
20260619  03:46:00,30568.5,30570.75,30551.0,30570.0,184
20260619  03:47:00,30568.75,30591.75,30568.75,30574.25,233
20260619  03:48:00,30578.0,30580.0,30576.25,30578.0,47
20260619  03:49:00,30577.0,30578.25,30570.0,30570.0,62
20260619  03:50:00,30570.75,30581.75,30567.0,30579.25,30
20260619  03:51:00,30578.5,30584.25,30573.5,30582.5,31
20260619  03:52:00,30582.75,30591.5,30582.75,30585.0,65
20260619  03:53:00,30584.5,30584.5,30578.75,30581.0,16
20260619  03:54:00,30582.0,30582.0,30573.75,30573.75,22
20260619  03:55:00,30573.5,30575.0,30570.0,30572.75,45
20260619  03:56:00,30572.75,30577.0,30570.5,30574.75,45
20260619  03:57:00,30573.5,30579.75,30571.75,30576.75,14
20260619  03:58:00,30574.0,30577.5,30571.5,30577.5,36
20260619  03:59:00,30577.25,30579.75,30574.0,30574.0,26
20260619  04:00:00,30571.25,30571.25,30556.0,30561.25,164
20260619  04:01:00,30559.0,30566.5,30554.0,30554.0,66
20260619  04:02:00,30555.75,30569.25,30554.5,30567.75,84
20260619  04:03:00,30568.5,30568.5,30559.25,30564.0,39
20260619  04:04:00,30564.75,30574.75,30564.75,30571.5,78
20260619  04:05:00,30572.0,30578.5,30565.0,30565.0,75
20260619  04:06:00,30564.0,30564.0,30559.5,30561.0,31
20260619  04:07:00,30560.25,30565.75,30550.0,30553.25,139
20260619  04:08:00,30551.75,30552.0,30535.75,30549.5,127
20260619  04:09:00,30548.5,30564.5,30545.0,30557.0,117
20260619  04:10:00,30556.75,30560.5,30554.0,30556.75,23
20260619  04:11:00,30557.75,30565.5,30556.75,30562.75,61
20260619  04:12:00,30560.75,30561.25,30553.75,30554.25,106
20260619  04:13:00,30554.5,30563.75,30550.75,30560.0,50
20260619  04:14:00,30559.75,30563.0,30556.0,30560.25,31
20260619  04:15:00,30560.25,30576.0,30560.25,30570.75,88
20260619  04:16:00,30570.0,30571.75,30564.5,30568.25,45
20260619  04:17:00,30567.5,30569.75,30567.0,30569.0,11
20260619  04:18:00,30568.5,30581.5,30568.5,30576.75,105
20260619  04:19:00,30578.0,30578.75,30570.25,30574.0,68
20260619  04:20:00,30576.75,30579.5,30572.0,30572.75,67
20260619  04:21:00,30572.5,30575.25,30570.0,30572.75,14
20260619  04:22:00,30576.25,30578.0,30574.0,30574.0,33
20260619  04:23:00,30571.25,30574.25,30565.75,30566.0,88
20260619  04:24:00,30568.25,30568.25,30559.25,30564.0,116
20260619  04:25:00,30561.5,30564.0,30553.5,30558.5,49
20260619  04:26:00,30558.25,30565.0,30556.75,30565.0,69
20260619  04:27:00,30561.25,30564.0,30554.5,30554.5,93
20260619  04:28:00,30554.75,30556.75,30551.25,30554.5,55
20260619  04:29:00,30555.0,30560.0,30555.0,30560.0,46
20260619  04:30:00,30559.75,30565.0,30557.25,30563.5,42
20260619  04:31:00,30563.0,30572.0,30561.75,30569.75,41
20260619  04:32:00,30570.5,30577.75,30570.5,30575.25,47
20260619  04:33:00,30576.75,30587.25,30576.75,30583.0,79
20260619  04:34:00,30581.25,30582.75,30577.25,30580.25,60
20260619  04:35:00,30577.25,30587.25,30577.25,30585.5,41
20260619  04:36:00,30583.75,30585.5,30580.75,30582.5,76
20260619  04:37:00,30583.25,30583.25,30580.0,30581.25,58
20260619  04:38:00,30580.75,30587.25,30580.75,30585.5,45
20260619  04:39:00,30584.75,30588.0,30582.5,30585.75,111
20260619  04:40:00,30588.5,30601.75,30588.25,30591.75,210
20260619  04:41:00,30590.5,30600.0,30587.75,30600.0,115
20260619  04:42:00,30599.25,30600.75,30593.0,30595.75,52
20260619  04:43:00,30595.0,30599.25,30590.0,30592.0,61
20260619  04:44:00,30593.0,30598.0,30591.75,30593.5,123
20260619  04:45:00,30595.0,30595.0,30590.5,30594.0,21
20260619  04:46:00,30593.5,30593.5,30590.0,30593.5,14
20260619  04:47:00,30593.5,30595.5,30591.25,30592.5,39
20260619  04:48:00,30593.0,30594.0,30586.5,30586.5,49
20260619  04:49:00,30588.75,30590.25,30582.5,30587.75,99
20260619  04:50:00,30585.5,30593.75,30584.0,30592.25,92
20260619  04:51:00,30589.5,30595.75,30589.5,30589.5,42
20260619  04:52:00,30589.0,30589.0,30586.25,30587.0,23
20260619  04:53:00,30585.0,30585.0,30577.0,30577.75,71
20260619  04:54:00,30577.25,30578.75,30573.75,30576.75,31
20260619  04:55:00,30575.75,30577.0,30566.5,30572.75,102
20260619  04:56:00,30574.0,30576.75,30566.75,30576.5,97
20260619  04:57:00,30577.75,30583.5,30577.75,30582.0,20
20260619  04:58:00,30582.0,30586.25,30582.0,30584.25,38
20260619  04:59:00,30587.0,30591.75,30585.75,30591.75,60
20260619  05:00:00,30592.5,30594.5,30586.5,30590.25,38
20260619  05:01:00,30593.75,30593.75,30590.5,30593.5,15
20260619  05:02:00,30591.0,30591.0,30581.75,30582.5,49
20260619  05:03:00,30583.25,30587.75,30582.5,30584.5,25
20260619  05:04:00,30586.75,30592.75,30582.5,30590.0,31
20260619  05:05:00,30593.0,30593.0,30580.0,30581.25,76
20260619  05:06:00,30581.75,30583.0,30576.25,30577.5,65
20260619  05:07:00,30578.0,30579.0,30569.75,30571.75,69
20260619  05:08:00,30570.5,30579.0,30570.5,30576.0,46
20260619  05:09:00,30578.5,30585.5,30576.5,30583.5,39
20260619  05:10:00,30585.5,30587.0,30578.0,30581.25,41
20260619  05:11:00,30581.0,30582.5,30579.25,30581.5,15
20260619  05:12:00,30581.0,30585.25,30575.5,30582.75,58
20260619  05:13:00,30584.0,30584.5,30581.25,30584.5,16
20260619  05:14:00,30581.25,30581.25,30572.0,30572.25,29
20260619  05:15:00,30572.75,30573.5,30567.75,30567.75,53
20260619  05:16:00,30569.75,30576.25,30569.75,30575.0,41
20260619  05:17:00,30572.75,30573.5,30564.75,30566.0,62
20260619  05:18:00,30565.5,30566.5,30561.75,30565.25,50
20260619  05:19:00,30566.5,30575.75,30566.5,30575.75,49
20260619  05:20:00,30574.5,30575.25,30567.0,30570.0,43
20260619  05:21:00,30570.5,30576.25,30568.75,30572.75,25
20260619  05:22:00,30574.0,30576.25,30569.5,30576.25,19
20260619  05:23:00,30576.5,30576.5,30568.0,30571.75,38
20260619  05:24:00,30571.25,30575.25,30571.25,30572.0,51
20260619  05:25:00,30572.5,30579.25,30572.25,30576.5,28
20260619  05:26:00,30574.75,30576.75,30570.75,30572.0,24
20260619  05:27:00,30573.25,30579.25,30571.0,30571.75,23
20260619  05:28:00,30573.5,30575.75,30565.25,30567.5,56
20260619  05:29:00,30568.0,30568.5,30562.0,30562.5,42
20260619  05:30:00,30562.5,30564.0,30553.0,30555.75,124
20260619  05:31:00,30556.5,30560.5,30555.0,30558.75,17
20260619  05:32:00,30560.0,30560.0,30554.25,30557.5,20
20260619  05:33:00,30559.0,30559.25,30550.0,30551.25,57
20260619  05:34:00,30551.75,30558.25,30551.5,30555.75,39
20260619  05:35:00,30558.0,30558.0,30546.25,30554.5,72
20260619  05:36:00,30555.0,30558.0,30550.75,30556.25,41
20260619  05:37:00,30554.0,30559.5,30525.25,30546.0,609
20260619  05:38:00,30545.25,30560.0,30542.25,30556.5,196
20260619  05:39:00,30556.25,30556.25,30546.0,30550.0,73
20260619  05:40:00,30549.25,30549.25,30540.25,30543.0,68
20260619  05:41:00,30543.25,30556.75,30543.25,30551.75,78
20260619  05:42:00,30551.75,30559.25,30547.0,30558.0,65
20260619  05:43:00,30557.0,30560.5,30556.0,30559.25,53
20260619  05:44:00,30559.75,30561.25,30557.0,30558.5,56
20260619  05:45:00,30557.75,30561.0,30554.25,30557.0,41
20260619  05:46:00,30557.5,30567.0,30557.5,30564.5,82
20260619  05:47:00,30564.5,30564.5,30556.75,30558.75,34
20260619  05:48:00,30560.25,30560.25,30556.5,30558.25,16
20260619  05:49:00,30556.5,30557.5,30543.75,30546.0,107
20260619  05:50:00,30547.25,30596.0,30546.75,30595.25,374
20260619  05:51:00,30592.75,30642.5,30591.5,30625.0,677
20260619  05:52:00,30624.5,30654.75,30616.5,30651.5,398
20260619  05:53:00,30650.5,30661.0,30639.25,30650.25,370
20260619  05:54:00,30647.75,30659.0,30633.0,30636.5,332
20260619  05:55:00,30636.5,30643.5,30627.5,30637.25,233
20260619  05:56:00,30637.25,30670.0,30636.5,30664.25,366
20260619  05:57:00,30662.25,30662.75,30644.5,30649.5,262
20260619  05:58:00,30649.0,30653.5,30642.5,30647.0,126
20260619  05:59:00,30646.25,30658.0,30644.5,30653.0,136
20260619  06:00:00,30653.5,30660.75,30645.0,30650.75,121
20260619  06:01:00,30650.0,30660.5,30648.5,30648.5,149
20260619  06:02:00,30650.0,30655.75,30633.0,30641.0,251
20260619  06:03:00,30641.25,30642.25,30632.75,30636.5,117
20260619  06:04:00,30636.0,30637.25,30627.75,30635.75,105
20260619  06:05:00,30634.75,30647.25,30634.75,30643.0,112
20260619  06:06:00,30642.5,30645.75,30639.5,30640.0,77
20260619  06:07:00,30640.0,30640.75,30635.25,30640.0,56
20260619  06:08:00,30640.75,30651.5,30638.75,30648.75,147
20260619  06:09:00,30648.75,30660.0,30648.5,30658.5,128
20260619  06:10:00,30656.75,30656.75,30650.75,30654.75,112
20260619  06:11:00,30655.0,30664.0,30644.0,30648.5,164
20260619  06:12:00,30647.0,30656.0,30645.0,30650.0,102
20260619  06:13:00,30649.0,30649.0,30641.25,30647.5,99
20260619  06:14:00,30646.5,30649.75,30641.0,30642.75,71
20260619  06:15:00,30643.5,30654.5,30636.0,30641.75,214
20260619  06:16:00,30640.0,30644.25,30633.25,30636.0,53
20260619  06:17:00,30635.75,30639.0,30631.75,30632.75,104
20260619  06:18:00,30632.0,30634.25,30626.0,30629.75,92
20260619  06:19:00,30629.25,30638.25,30627.5,30634.25,93
20260619  06:20:00,30635.0,30639.0,30629.25,30635.25,72
20260619  06:21:00,30634.5,30640.0,30634.5,30638.5,72
20260619  06:22:00,30638.25,30641.0,30632.25,30640.25,63
20260619  06:23:00,30640.0,30643.0,30638.0,30638.0,119
20260619  06:24:00,30638.25,30644.5,30637.0,30643.75,61
20260619  06:25:00,30643.75,30646.75,30640.5,30640.75,96
20260619  06:26:00,30640.0,30643.0,30637.75,30642.25,51
20260619  06:27:00,30641.5,30643.5,30638.75,30642.0,39
20260619  06:28:00,30642.0,30643.0,30639.5,30640.0,39
20260619  06:29:00,30640.25,30648.5,30636.75,30646.25,158
20260619  06:30:00,30646.25,30678.25,30640.75,30665.0,910
20260619  06:31:00,30665.25,30665.25,30646.5,30660.25,442
20260619  06:32:00,30660.0,30661.0,30648.0,30653.5,251
20260619  06:33:00,30653.75,30653.75,30637.75,30642.75,317
20260619  06:34:00,30642.25,30646.75,30631.75,30645.75,239
20260619  06:35:00,30647.0,30663.5,30645.75,30662.5,283
20260619  06:36:00,30662.0,30670.5,30657.25,30668.0,256
20260619  06:37:00,30667.75,30675.75,30664.5,30664.5,301
20260619  06:38:00,30663.75,30675.0,30657.25,30668.75,267
20260619  06:39:00,30667.75,30667.75,30659.0,30664.0,120
20260619  06:40:00,30663.0,30673.0,30663.0,30668.25,153
20260619  06:41:00,30667.0,30668.0,30655.75,30656.75,178
20260619  06:42:00,30658.75,30660.75,30651.25,30659.75,167
20260619  06:43:00,30661.0,30662.75,30653.75,30659.75,152
20260619  06:44:00,30662.75,30668.75,30645.5,30650.25,268
20260619  06:45:00,30649.5,30662.0,30642.25,30661.25,216
20260619  06:46:00,30660.5,30672.25,30660.5,30671.75,287
20260619  06:47:00,30672.25,30680.0,30668.0,30673.5,319
20260619  06:48:00,30672.5,30672.5,30659.0,30667.75,229
20260619  06:49:00,30667.25,30671.5,30660.0,30670.5,252
20260619  06:50:00,30671.0,30674.75,30664.0,30671.5,332
20260619  06:51:00,30671.5,30679.5,30667.75,30674.0,215
20260619  06:52:00,30673.5,30676.5,30664.5,30668.5,117
20260619  06:53:00,30668.0,30673.75,30666.0,30670.75,122
20260619  06:54:00,30671.5,30679.0,30670.75,30673.5,83
20260619  06:55:00,30669.75,30676.25,30669.0,30675.25,74
20260619  06:56:00,30675.25,30695.75,30675.25,30686.75,690
20260619  06:57:00,30686.25,30693.5,30683.0,30688.0,181
20260619  06:58:00,30686.75,30687.75,30680.75,30684.25,188
20260619  06:59:00,30683.75,30686.75,30680.25,30682.25,157
20260619  07:00:00,30680.25,30684.75,30664.25,30668.25,442
20260619  07:01:00,30666.5,30668.5,30657.75,30665.0,273
20260619  07:02:00,30665.0,30669.75,30653.25,30655.75,247
20260619  07:03:00,30655.25,30675.5,30653.5,30672.75,262
20260619  07:04:00,30672.5,30680.5,30671.25,30678.0,186
20260619  07:05:00,30677.75,30682.0,30670.5,30670.5,207
20260619  07:06:00,30670.25,30672.25,30664.0,30671.0,253
20260619  07:07:00,30672.5,30674.25,30665.5,30666.75,118
20260619  07:08:00,30666.0,30677.0,30661.5,30673.5,176
20260619  07:09:00,30674.5,30675.5,30666.25,30671.5,159
20260619  07:10:00,30671.5,30672.5,30665.75,30670.25,125
20260619  07:11:00,30669.0,30669.25,30656.0,30658.25,199
20260619  07:12:00,30658.25,30663.0,30656.5,30661.25,196
20260619  07:13:00,30661.5,30670.75,30661.25,30667.0,134
20260619  07:14:00,30667.0,30667.25,30660.0,30664.5,102
20260619  07:15:00,30663.5,30666.0,30658.5,30658.5,111
20260619  07:16:00,30659.25,30660.25,30648.0,30653.5,233
20260619  07:17:00,30654.75,30668.5,30654.75,30667.5,211
20260619  07:18:00,30667.75,30670.0,30661.0,30668.0,189
20260619  07:19:00,30666.5,30677.75,30665.75,30673.25,187
20260619  07:20:00,30673.75,30677.75,30669.25,30671.5,135
20260619  07:21:00,30671.75,30671.75,30664.5,30666.5,136
20260619  07:22:00,30665.75,30672.0,30663.75,30666.5,117
20260619  07:23:00,30665.75,30666.0,30661.25,30664.0,106
20260619  07:24:00,30663.0,30664.5,30660.5,30662.0,72
20260619  07:25:00,30661.25,30668.0,30660.0,30663.0,96
20260619  07:26:00,30662.25,30671.25,30662.0,30670.25,129
20260619  07:27:00,30671.25,30672.75,30667.25,30668.75,90
20260619  07:28:00,30668.5,30670.75,30665.75,30667.5,56
20260619  07:29:00,30668.25,30670.75,30666.75,30668.75,80
20260619  07:30:00,30668.25,30669.25,30663.0,30664.75,89
20260619  07:31:00,30666.5,30666.5,30659.25,30659.75,87
20260619  07:32:00,30660.25,30664.75,30658.0,30662.25,125
20260619  07:33:00,30662.25,30667.5,30660.25,30661.75,137
20260619  07:34:00,30662.0,30663.75,30661.0,30663.75,43
20260619  07:35:00,30663.5,30668.5,30659.0,30667.75,118
20260619  07:36:00,30667.25,30674.75,30666.75,30668.25,160
20260619  07:37:00,30667.5,30671.0,30666.0,30668.25,70
20260619  07:38:00,30669.25,30673.75,30661.5,30672.5,138
20260619  07:39:00,30672.25,30674.75,30666.75,30669.25,178
20260619  07:40:00,30668.75,30668.75,30661.75,30664.75,155
20260619  07:41:00,30665.25,30676.0,30664.75,30675.75,166
20260619  07:42:00,30675.0,30675.75,30670.0,30671.5,70
20260619  07:43:00,30671.0,30676.25,30671.0,30676.25,54
20260619  07:44:00,30674.75,30679.5,30672.25,30676.5,153
20260619  07:45:00,30677.25,30679.0,30674.75,30677.25,111
20260619  07:46:00,30677.75,30684.75,30677.5,30683.75,202
20260619  07:47:00,30683.75,30684.0,30680.25,30681.75,69
20260619  07:48:00,30681.75,30683.0,30678.0,30678.0,95
20260619  07:49:00,30677.75,30680.0,30675.0,30677.75,92
20260619  07:50:00,30679.0,30680.5,30676.25,30678.0,54
20260619  07:51:00,30679.75,30680.5,30675.5,30676.0,53
20260619  07:52:00,30676.5,30687.0,30676.5,30685.5,187
20260619  07:53:00,30686.25,30687.0,30678.25,30680.25,139
20260619  07:54:00,30681.0,30689.25,30680.25,30687.5,175
20260619  07:55:00,30687.25,30694.5,30685.0,30691.25,153
20260619  07:56:00,30691.75,30695.25,30690.0,30692.0,143
20260619  07:57:00,30692.5,30697.25,30692.0,30695.75,124
20260619  07:58:00,30696.25,30697.0,30692.0,30692.0,79
20260619  07:59:00,30691.5,30691.5,30687.75,30691.5,110
20260619  08:00:00,30690.0,30696.0,30689.75,30693.25,198
20260619  08:01:00,30692.75,30692.75,30684.0,30687.0,161
20260619  08:02:00,30687.0,30696.5,30684.75,30693.75,185
20260619  08:03:00,30693.5,30696.75,30691.25,30694.5,62
20260619  08:04:00,30695.25,30696.25,30692.0,30692.0,49
20260619  08:05:00,30693.0,30695.25,30692.5,30694.75,40
20260619  08:06:00,30694.25,30694.25,30686.0,30688.5,105
20260619  08:07:00,30689.5,30696.0,30687.5,30694.75,163
20260619  08:08:00,30695.0,30697.5,30693.5,30695.5,84
20260619  08:09:00,30695.25,30705.0,30695.25,30700.75,246
20260619  08:10:00,30701.0,30704.0,30698.75,30702.25,158
20260619  08:11:00,30702.5,30704.0,30701.0,30702.0,66
20260619  08:12:00,30702.5,30702.5,30697.75,30698.5,71
20260619  08:13:00,30698.5,30700.25,30696.25,30697.25,76
20260619  08:14:00,30698.0,30701.5,30692.5,30694.25,132
20260619  08:15:00,30693.5,30697.0,30689.5,30690.75,103
20260619  08:16:00,30691.5,30693.5,30684.5,30686.75,113
20260619  08:17:00,30687.5,30688.75,30684.25,30685.5,77
20260619  08:18:00,30685.25,30687.25,30683.0,30684.75,72
20260619  08:19:00,30682.75,30687.25,30680.0,30684.75,158
20260619  08:20:00,30685.0,30693.5,30684.25,30690.5,115
20260619  08:21:00,30689.75,30693.75,30689.75,30690.5,58
20260619  08:22:00,30690.75,30690.75,30687.25,30688.5,65
20260619  08:23:00,30688.75,30688.75,30684.25,30687.0,72
20260619  08:24:00,30687.25,30692.75,30687.25,30689.25,43
20260619  08:25:00,30689.0,30691.75,30687.75,30691.75,39
20260619  08:26:00,30691.0,30694.0,30687.75,30691.75,70
20260619  08:27:00,30690.75,30690.75,30688.0,30690.25,26
20260619  08:28:00,30689.5,30691.75,30688.75,30691.75,34
20260619  08:29:00,30693.5,30698.0,30689.75,30697.5,122
20260619  08:30:00,30696.5,30700.75,30692.5,30694.5,191
20260619  08:31:00,30694.0,30694.25,30682.5,30688.25,309
20260619  08:32:00,30688.5,30692.75,30680.75,30681.75,289
20260619  08:33:00,30682.5,30686.0,30675.0,30678.5,407
20260619  08:34:00,30677.75,30680.0,30668.75,30671.5,502
20260619  08:35:00,30671.25,30675.5,30668.0,30673.25,208
20260619  08:36:00,30672.0,30672.5,30663.0,30663.25,212
20260619  08:37:00,30664.0,30664.25,30655.75,30656.0,299
20260619  08:38:00,30656.25,30665.75,30653.0,30665.0,310
20260619  08:39:00,30665.25,30667.25,30659.25,30663.5,202
20260619  08:40:00,30663.0,30667.5,30657.25,30667.5,153
20260619  08:41:00,30667.5,30670.5,30665.0,30665.0,124
20260619  08:42:00,30665.25,30665.25,30658.75,30663.25,64
20260619  08:43:00,30662.0,30663.0,30658.25,30661.75,75
20260619  08:44:00,30662.0,30667.75,30658.5,30659.0,118
20260619  08:45:00,30658.75,30669.75,30658.5,30667.5,85
20260619  08:46:00,30667.0,30670.0,30663.5,30668.0,94
20260619  08:47:00,30668.5,30674.25,30668.25,30674.25,92
20260619  08:48:00,30674.5,30677.75,30672.25,30675.25,103
20260619  08:49:00,30674.75,30683.25,30674.25,30681.5,145
20260619  08:50:00,30682.25,30682.75,30677.25,30680.25,114
20260619  08:51:00,30680.5,30682.0,30678.0,30680.5,59
20260619  08:52:00,30681.0,30691.75,30681.0,30690.5,152
20260619  08:53:00,30689.75,30691.25,30687.75,30688.25,64
20260619  08:54:00,30686.5,30687.5,30683.5,30683.75,54
20260619  08:55:00,30683.5,30689.0,30683.5,30686.0,45
20260619  08:56:00,30685.0,30689.25,30683.25,30689.25,49
20260619  08:57:00,30689.0,30691.0,30685.75,30686.5,66
20260619  08:58:00,30687.0,30689.0,30681.75,30688.0,126
20260619  08:59:00,30687.5,30688.75,30682.25,30684.0,111
20260619  09:00:00,30684.5,30685.5,30681.25,30681.75,83
20260619  09:01:00,30682.0,30683.75,30678.0,30681.75,111
20260619  09:02:00,30681.0,30683.75,30680.75,30680.75,41
20260619  09:03:00,30681.75,30681.75,30676.0,30679.75,117
20260619  09:04:00,30680.0,30681.0,30674.5,30677.5,107
20260619  09:05:00,30677.25,30678.0,30670.5,30673.25,136
20260619  09:06:00,30671.75,30674.5,30670.5,30672.5,48
20260619  09:07:00,30671.75,30673.75,30670.0,30670.25,85
20260619  09:08:00,30670.0,30671.5,30665.5,30668.5,183
20260619  09:09:00,30668.25,30669.5,30665.5,30665.5,31
20260619  09:10:00,30665.0,30665.0,30658.5,30660.75,154
20260619  09:11:00,30660.5,30664.75,30659.25,30662.0,102
20260619  09:12:00,30663.0,30668.0,30662.75,30668.0,65
20260619  09:13:00,30668.0,30673.75,30667.75,30671.0,102
20260619  09:14:00,30671.5,30671.5,30664.0,30669.0,103
20260619  09:15:00,30669.25,30675.0,30669.0,30672.75,104
20260619  09:16:00,30672.75,30673.75,30669.25,30673.75,30
20260619  09:17:00,30673.5,30673.5,30666.5,30668.75,75
20260619  09:18:00,30669.25,30670.0,30666.0,30668.0,61
20260619  09:19:00,30668.25,30675.0,30667.75,30672.75,121
20260619  09:20:00,30674.25,30679.25,30672.25,30675.0,60
20260619  09:21:00,30675.5,30677.0,30667.0,30673.0,96
20260619  09:22:00,30673.25,30674.25,30670.5,30671.75,52
20260619  09:23:00,30673.5,30682.75,30673.5,30680.75,90
20260619  09:24:00,30680.5,30682.25,30678.5,30680.75,78
20260619  09:25:00,30681.25,30684.0,30677.75,30681.5,80
20260619  09:26:00,30682.75,30685.0,30680.25,30685.0,47
20260619  09:27:00,30684.25,30685.5,30682.0,30682.5,29
20260619  09:28:00,30682.75,30684.25,30679.5,30683.25,60
20260619  09:29:00,30682.5,30683.75,30679.75,30683.25,86
20260619  09:30:00,30682.5,30685.25,30677.75,30678.25,48
20260619  09:31:00,30678.0,30680.25,30676.25,30680.25,48
20260619  09:32:00,30680.0,30683.0,30679.25,30682.75,78
20260619  09:33:00,30682.5,30686.5,30680.0,30686.0,81
20260619  09:34:00,30685.0,30702.0,30684.75,30697.5,259
20260619  09:35:00,30698.5,30698.5,30689.5,30697.25,105
20260619  09:36:00,30696.5,30697.5,30690.5,30691.5,35
20260619  09:37:00,30692.25,30694.25,30690.5,30693.0,46
20260619  09:38:00,30693.25,30696.75,30692.75,30696.0,20
20260619  09:39:00,30695.0,30699.0,30691.25,30695.5,98
20260619  09:40:00,30695.5,30700.0,30694.0,30697.5,44
20260619  09:41:00,30698.0,30699.5,30687.5,30693.0,100
20260619  09:42:00,30692.25,30692.25,30687.75,30689.0,57
20260619  09:43:00,30689.75,30690.0,30686.0,30689.0,49
20260619  09:44:00,30687.75,30692.0,30686.0,30689.25,41
20260619  09:45:00,30689.25,30701.25,30683.75,30692.5,236
20260619  09:46:00,30690.5,30691.5,30687.0,30690.75,72
20260619  09:47:00,30691.25,30693.0,30689.5,30691.0,24
20260619  09:48:00,30689.25,30689.5,30683.5,30686.75,63
20260619  09:49:00,30687.5,30687.5,30680.0,30685.5,65
20260619  09:50:00,30684.25,30685.5,30680.0,30681.75,66
20260619  09:51:00,30682.0,30685.0,30680.0,30680.0,27
20260619  09:52:00,30680.0,30680.25,30663.75,30668.0,130
20260619  09:53:00,30667.75,30668.75,30660.25,30664.0,107
20260619  09:54:00,30665.0,30665.0,30654.0,30656.25,160
20260619  09:55:00,30659.25,30663.75,30651.5,30655.0,96
20260619  09:56:00,30657.5,30670.25,30655.75,30667.75,80
20260619  09:57:00,30668.5,30668.5,30660.75,30665.0,30
20260619  09:58:00,30663.0,30664.75,30653.75,30656.25,71
20260619  09:59:00,30655.75,30658.0,30640.0,30647.0,220
20260621  15:00:00,30577.0,30613.0,30531.75,30568.25,1087
20260621  15:01:00,30578.25,30587.25,30569.0,30582.75,245
20260621  15:02:00,30583.25,30602.75,30582.5,30595.25,308
20260621  15:03:00,30595.5,30599.25,30586.5,30590.0,175
20260621  15:04:00,30590.5,30608.0,30585.0,30600.0,177
20260621  15:05:00,30600.0,30609.0,30594.0,30601.0,209
20260621  15:06:00,30599.25,30616.75,30586.75,30615.25,313
20260621  15:07:00,30611.75,30611.75,30600.0,30601.5,95
20260621  15:08:00,30600.25,30600.25,30560.25,30563.25,338
20260621  15:09:00,30562.5,30562.5,30514.5,30536.75,705
20260621  15:10:00,30538.25,30553.75,30521.25,30549.25,329
20260621  15:11:00,30548.75,30550.0,30526.25,30526.25,295
20260621  15:12:00,30528.0,30529.5,30470.0,30485.5,707
20260621  15:13:00,30483.25,30508.25,30483.25,30501.75,268
20260621  15:14:00,30502.5,30506.75,30495.75,30503.0,138
20260621  15:15:00,30504.25,30515.25,30472.25,30477.25,416
20260621  15:16:00,30477.25,30505.25,30463.0,30500.75,335
20260621  15:17:00,30496.75,30509.75,30495.5,30501.75,235
20260621  15:18:00,30503.25,30514.0,30503.25,30512.25,112
20260621  15:19:00,30513.5,30517.0,30507.75,30516.5,143
20260621  15:20:00,30514.25,30533.25,30509.75,30525.0,304
20260621  15:21:00,30524.5,30535.0,30523.75,30526.5,162
20260621  15:22:00,30526.5,30538.5,30526.5,30535.0,86
20260621  15:23:00,30535.5,30553.75,30535.5,30552.25,255
20260621  15:24:00,30552.25,30555.75,30547.25,30548.75,101
20260621  15:25:00,30547.25,30561.5,30545.25,30558.0,168
20260621  15:26:00,30556.5,30560.0,30553.5,30553.5,90
20260621  15:27:00,30554.75,30558.0,30551.75,30555.5,51
20260621  15:28:00,30554.25,30555.5,30545.0,30555.5,179
20260621  15:29:00,30556.25,30561.0,30550.0,30553.0,93
20260621  15:30:00,30551.5,30553.25,30512.25,30535.75,339
20260621  15:31:00,30535.0,30538.5,30524.5,30534.75,117
20260621  15:32:00,30535.25,30542.0,30528.0,30534.75,98
20260621  15:33:00,30534.5,30540.75,30528.5,30531.75,70
20260621  15:34:00,30532.25,30534.75,30521.0,30525.5,82
20260621  15:35:00,30524.5,30531.0,30520.25,30522.75,52
20260621  15:36:00,30522.5,30527.5,30518.0,30527.5,56
20260621  15:37:00,30526.25,30529.75,30518.5,30518.75,92
20260621  15:38:00,30518.25,30521.5,30511.5,30520.25,93
20260621  15:39:00,30521.5,30531.0,30516.0,30522.25,157
20260621  15:40:00,30520.5,30530.25,30519.75,30528.5,81
20260621  15:41:00,30530.25,30543.0,30528.75,30539.5,201
20260621  15:42:00,30539.5,30548.0,30536.75,30548.0,73
20260621  15:43:00,30548.25,30556.5,30547.5,30550.75,124
20260621  15:44:00,30550.25,30557.75,30548.5,30551.75,47
20260621  15:45:00,30552.75,30557.0,30549.0,30551.75,62
20260621  15:46:00,30550.25,30558.0,30546.25,30555.5,70
20260621  15:47:00,30555.5,30565.5,30554.0,30564.5,126
20260621  15:48:00,30564.5,30569.5,30563.25,30567.0,101
20260621  15:49:00,30567.75,30570.0,30565.25,30569.5,62
20260621  15:50:00,30570.0,30570.0,30560.5,30565.5,77
20260621  15:51:00,30563.5,30570.75,30561.25,30569.75,39
20260621  15:52:00,30569.25,30570.5,30566.75,30567.25,30
20260621  15:53:00,30568.5,30570.5,30566.0,30568.5,27
20260621  15:54:00,30567.5,30569.0,30564.0,30569.0,20
20260621  15:55:00,30568.75,30572.0,30563.25,30567.25,68
20260621  15:56:00,30566.75,30569.0,30562.5,30562.5,73
20260621  15:57:00,30562.25,30564.25,30550.0,30550.5,188
20260621  15:58:00,30551.75,30552.0,30498.75,30499.75,528
20260621  15:59:00,30500.0,30523.0,30500.0,30522.25,216
20260621  16:00:00,30520.75,30523.25,30497.25,30497.25,306
20260621  16:01:00,30496.25,30497.25,30458.0,30466.25,746
20260621  16:02:00,30467.5,30478.25,30455.25,30467.75,494
20260621  16:03:00,30470.5,30481.0,30467.75,30479.25,187
20260621  16:04:00,30480.5,30487.25,30472.75,30477.5,163
20260621  16:05:00,30477.75,30501.5,30469.5,30498.25,265
20260621  16:06:00,30498.75,30499.0,30460.0,30466.25,321
20260621  16:07:00,30464.5,30487.75,30463.5,30481.5,122
20260621  16:08:00,30484.0,30493.5,30484.0,30493.5,110
20260621  16:09:00,30490.25,30494.25,30470.75,30486.5,180
20260621  16:10:00,30488.0,30488.25,30454.25,30471.5,313
20260621  16:11:00,30469.0,30471.25,30434.75,30450.5,339
20260621  16:12:00,30448.75,30475.75,30444.75,30472.75,270
20260621  16:13:00,30475.0,30480.0,30459.5,30461.5,193
20260621  16:14:00,30460.25,30460.25,30445.25,30454.75,188
20260621  16:15:00,30457.75,30466.0,30425.75,30434.25,481
20260621  16:16:00,30437.25,30445.25,30429.5,30431.75,200
20260621  16:17:00,30434.25,30441.0,30425.5,30431.25,172
20260621  16:18:00,30432.25,30438.0,30427.0,30430.0,122
20260621  16:19:00,30431.5,30442.0,30429.0,30429.0,155
20260621  16:20:00,30428.5,30447.75,30421.25,30443.0,273
20260621  16:21:00,30445.5,30448.25,30439.0,30443.5,105
20260621  16:22:00,30443.5,30445.5,30438.0,30445.5,71
20260621  16:23:00,30445.0,30451.75,30440.0,30448.75,143
20260621  16:24:00,30448.5,30457.75,30447.25,30454.0,258
20260621  16:25:00,30453.25,30459.25,30435.5,30439.0,199
20260621  16:26:00,30440.0,30440.0,30427.5,30427.75,206
20260621  16:27:00,30430.0,30439.0,30428.5,30434.75,110
20260621  16:28:00,30434.5,30443.5,30427.75,30443.5,131
20260621  16:29:00,30441.25,30447.0,30432.25,30439.5,103
20260621  16:30:00,30441.5,30448.5,30424.25,30427.5,175
20260621  16:31:00,30425.75,30426.0,30410.25,30415.25,411
20260621  16:32:00,30415.75,30420.0,30407.25,30415.5,174
20260621  16:33:00,30413.25,30419.5,30408.5,30417.5,73
20260621  16:34:00,30414.75,30414.75,30405.0,30409.0,107
20260621  16:35:00,30410.5,30412.5,30393.0,30397.5,340
20260621  16:36:00,30399.5,30402.75,30352.0,30378.25,825
20260621  16:37:00,30379.25,30385.5,30365.25,30379.25,232
20260621  16:38:00,30380.75,30389.75,30376.0,30389.25,204
20260621  16:39:00,30383.5,30384.75,30378.0,30380.0,118
20260621  16:40:00,30378.75,30384.5,30370.0,30375.75,139
20260621  16:41:00,30376.0,30378.25,30363.5,30369.25,245
20260621  16:42:00,30371.5,30387.0,30366.25,30387.0,200
20260621  16:43:00,30387.5,30388.5,30379.75,30385.0,52
20260621  16:44:00,30386.0,30386.25,30374.75,30381.75,80
20260621  16:45:00,30380.75,30397.75,30375.0,30391.5,214
20260621  16:46:00,30393.25,30395.25,30378.0,30380.5,175
20260621  16:47:00,30377.25,30377.25,30368.25,30368.5,161
20260621  16:48:00,30371.25,30371.25,30352.5,30355.5,239
20260621  16:49:00,30357.0,30367.0,30355.0,30360.5,159
20260621  16:50:00,30360.25,30370.0,30353.5,30355.25,156
20260621  16:51:00,30355.0,30364.25,30350.0,30362.0,219
20260621  16:52:00,30360.0,30365.0,30350.0,30356.25,180
20260621  16:53:00,30355.5,30361.5,30350.0,30360.25,114
20260621  16:54:00,30360.75,30368.25,30352.25,30356.75,151
20260621  16:55:00,30356.25,30359.5,30350.0,30353.25,113
20260621  16:56:00,30352.75,30356.75,30352.0,30353.75,44
20260621  16:57:00,30352.75,30356.0,30343.5,30344.0,166
20260621  16:58:00,30344.0,30355.0,30342.0,30342.75,311
20260621  16:59:00,30343.75,30356.75,30337.5,30355.75,205
20260621  17:00:00,30353.25,30406.5,30347.75,30402.75,808
20260621  17:01:00,30402.25,30437.0,30402.25,30433.0,648
20260621  17:02:00,30432.25,30457.5,30426.75,30456.75,543
20260621  17:03:00,30455.25,30472.75,30448.5,30471.75,574
20260621  17:04:00,30472.0,30493.5,30464.5,30488.25,411
20260621  17:05:00,30489.5,30520.5,30487.75,30511.0,586
20260621  17:06:00,30513.25,30529.25,30510.25,30525.0,544
20260621  17:07:00,30524.25,30533.5,30503.25,30508.75,374
20260621  17:08:00,30508.75,30517.75,30492.0,30492.75,289
20260621  17:09:00,30494.0,30508.75,30491.25,30504.75,207
20260621  17:10:00,30505.25,30517.75,30486.0,30493.0,204
20260621  17:11:00,30491.0,30500.0,30481.25,30481.25,220
20260621  17:12:00,30482.5,30484.0,30472.0,30483.0,211
20260621  17:13:00,30482.25,30494.75,30475.25,30480.0,229
20260621  17:14:00,30482.25,30501.75,30482.25,30498.25,195
20260621  17:15:00,30496.0,30505.5,30480.0,30480.0,437
20260621  17:16:00,30482.0,30509.0,30475.0,30502.5,276
20260621  17:17:00,30502.75,30511.0,30490.5,30494.5,168
20260621  17:18:00,30494.5,30542.5,30492.0,30538.0,358
20260621  17:19:00,30536.75,30536.75,30511.0,30524.0,217
20260621  17:20:00,30526.5,30531.25,30515.0,30528.0,112
20260621  17:21:00,30528.75,30530.0,30516.75,30524.0,125
20260621  17:22:00,30523.5,30523.5,30506.5,30509.5,182
20260621  17:23:00,30510.0,30518.5,30507.0,30516.75,115
20260621  17:24:00,30517.5,30531.0,30517.0,30526.25,152
20260621  17:25:00,30524.25,30529.75,30517.75,30529.75,121
20260621  17:26:00,30530.0,30547.25,30528.5,30547.0,202
20260621  17:27:00,30546.25,30560.0,30544.5,30553.75,517
20260621  17:28:00,30553.75,30556.0,30539.75,30542.75,225
20260621  17:29:00,30543.25,30566.25,30543.25,30565.0,266
20260621  17:30:00,30565.0,30573.75,30562.0,30564.75,213
20260621  17:31:00,30563.25,30564.25,30551.75,30553.5,166
20260621  17:32:00,30554.25,30562.5,30549.75,30558.25,124
20260621  17:33:00,30558.25,30560.5,30555.0,30560.5,89
20260621  17:34:00,30560.0,30565.0,30557.75,30560.0,83
20260621  17:35:00,30560.25,30568.75,30556.75,30566.25,92
20260621  17:36:00,30565.25,30566.25,30558.5,30563.75,74
20260621  17:37:00,30563.5,30564.0,30554.75,30562.75,108
20260621  17:38:00,30564.0,30571.0,30551.75,30557.25,132
20260621  17:39:00,30557.75,30560.5,30551.5,30557.75,115
20260621  17:40:00,30557.25,30563.5,30554.0,30563.5,84
20260621  17:41:00,30564.25,30571.0,30563.0,30565.0,117
20260621  17:42:00,30564.75,30568.25,30555.0,30568.25,79
20260621  17:43:00,30568.25,30572.0,30562.75,30569.5,129
20260621  17:44:00,30571.5,30580.5,30570.75,30578.25,254
20260621  17:45:00,30577.25,30599.0,30577.25,30593.5,730
20260621  17:46:00,30594.25,30597.5,30587.5,30594.75,206
20260621  17:47:00,30594.0,30604.0,30594.0,30600.0,261
20260621  17:48:00,30601.25,30602.25,30592.0,30595.75,143
20260621  17:49:00,30597.5,30605.0,30596.75,30602.25,100
20260621  17:50:00,30602.5,30604.0,30590.5,30599.25,180
20260621  17:51:00,30602.0,30604.75,30591.0,30596.25,100
20260621  17:52:00,30594.5,30601.25,30591.5,30598.5,65
20260621  17:53:00,30599.5,30606.25,30598.0,30605.0,90
20260621  17:54:00,30605.5,30607.25,30601.25,30607.25,85
20260621  17:55:00,30607.25,30624.5,30604.0,30611.75,878
20260621  17:56:00,30610.5,30617.75,30610.0,30615.75,131
20260621  17:57:00,30615.75,30621.0,30611.5,30618.0,158
20260621  17:58:00,30618.5,30623.5,30614.5,30620.75,180
20260621  17:59:00,30620.5,30622.5,30615.5,30616.75,74
20260621  18:00:00,30620.0,30624.75,30613.5,30619.0,313
20260621  18:01:00,30619.5,30622.5,30615.0,30616.25,150
20260621  18:02:00,30616.25,30622.25,30613.0,30621.0,111
20260621  18:03:00,30620.5,30625.0,30618.0,30622.25,188
20260621  18:04:00,30624.25,30636.75,30624.0,30635.5,713
20260621  18:05:00,30636.25,30646.0,30634.75,30644.0,460
20260621  18:06:00,30643.75,30647.75,30640.25,30642.75,207
20260621  18:07:00,30643.75,30648.75,30641.25,30644.5,325
20260621  18:08:00,30644.75,30644.75,30634.5,30639.5,193
20260621  18:09:00,30639.25,30640.25,30632.0,30632.0,74
20260621  18:10:00,30633.5,30637.0,30632.5,30634.5,66
20260621  18:11:00,30634.5,30636.0,30624.75,30628.5,139
20260621  18:12:00,30628.5,30628.5,30620.5,30623.25,102
20260621  18:13:00,30623.25,30625.25,30621.25,30625.0,100
20260621  18:14:00,30624.0,30632.75,30624.0,30629.75,130
20260621  18:15:00,30630.5,30631.25,30621.25,30626.25,104
20260621  18:16:00,30626.25,30631.25,30624.75,30630.25,50
20260621  18:17:00,30630.0,30646.75,30630.0,30646.0,189
20260621  18:18:00,30646.0,30646.0,30639.25,30642.5,93
20260621  18:19:00,30642.0,30643.75,30631.75,30631.75,109
20260621  18:20:00,30630.75,30637.0,30624.25,30634.5,208
20260621  18:21:00,30635.25,30641.0,30633.5,30639.75,250
20260621  18:22:00,30640.0,30645.0,30637.5,30642.0,124
20260621  18:23:00,30642.0,30654.0,30640.0,30652.0,188
20260621  18:24:00,30651.75,30655.0,30646.75,30653.25,126
20260621  18:25:00,30651.75,30657.5,30650.25,30656.25,120
20260621  18:26:00,30656.5,30658.75,30653.0,30657.5,115
20260621  18:27:00,30657.25,30658.25,30650.75,30654.5,121
20260621  18:28:00,30654.0,30658.75,30652.75,30655.75,217
20260621  18:29:00,30654.25,30657.25,30649.75,30651.5,91
20260621  18:30:00,30650.0,30651.25,30638.75,30645.75,179
20260621  18:31:00,30645.0,30646.25,30639.25,30639.5,128
20260621  18:32:00,30640.25,30642.5,30633.75,30638.75,129
20260621  18:33:00,30639.0,30647.0,30636.75,30645.25,122
20260621  18:34:00,30646.25,30654.25,30646.0,30652.0,124
20260621  18:35:00,30651.5,30651.5,30646.5,30647.25,102
20260621  18:36:00,30648.25,30656.0,30643.0,30655.5,90
20260621  18:37:00,30655.5,30659.0,30651.0,30654.25,266
20260621  18:38:00,30654.75,30657.0,30649.25,30652.5,143
20260621  18:39:00,30653.5,30657.25,30652.0,30655.5,68
20260621  18:40:00,30656.5,30657.0,30650.0,30651.0,61
20260621  18:41:00,30648.5,30653.75,30647.5,30652.5,99
20260621  18:42:00,30651.75,30654.75,30646.75,30648.25,55
20260621  18:43:00,30647.5,30649.0,30640.5,30644.25,118
20260621  18:44:00,30644.5,30650.75,30644.5,30649.5,50
20260621  18:45:00,30649.75,30653.75,30639.5,30639.75,111
20260621  18:46:00,30639.0,30639.0,30618.5,30619.75,388
20260621  18:47:00,30621.5,30625.5,30615.75,30617.5,183
20260621  18:48:00,30617.25,30633.25,30611.5,30628.0,239
20260621  18:49:00,30627.25,30632.25,30620.0,30629.75,114
20260621  18:50:00,30630.0,30637.25,30628.0,30635.75,82
20260621  18:51:00,30634.75,30642.75,30633.0,30641.5,108
20260621  18:52:00,30641.5,30642.25,30621.0,30622.75,169
20260621  18:53:00,30623.0,30624.5,30607.0,30611.5,167
20260621  18:54:00,30612.5,30617.5,30608.5,30612.25,142
20260621  18:55:00,30613.25,30619.75,30610.75,30618.5,101
20260621  18:56:00,30617.5,30623.25,30614.75,30618.75,76
20260621  18:57:00,30618.5,30622.75,30618.5,30621.75,55
20260621  18:58:00,30623.25,30623.25,30607.0,30610.25,177
20260621  18:59:00,30610.75,30613.25,30603.5,30606.75,115
20260621  19:00:00,30608.5,30614.75,30604.75,30610.75,205
20260621  19:01:00,30611.0,30614.5,30604.0,30604.25,70
20260621  19:02:00,30606.0,30606.0,30595.5,30603.0,151
20260621  19:03:00,30604.5,30607.5,30601.0,30604.0,60
20260621  19:04:00,30605.0,30610.0,30602.0,30605.0,114
20260621  19:05:00,30603.0,30612.75,30602.75,30611.0,54
20260621  19:06:00,30609.5,30620.5,30608.25,30619.0,218
20260621  19:07:00,30617.75,30623.5,30615.25,30620.0,231
20260621  19:08:00,30621.0,30626.0,30619.5,30621.0,162
20260621  19:09:00,30620.25,30625.0,30620.0,30621.0,73
20260621  19:10:00,30620.5,30621.75,30609.0,30611.75,200
20260621  19:11:00,30612.5,30616.0,30606.75,30606.75,105
20260621  19:12:00,30608.5,30611.75,30600.0,30602.5,136
20260621  19:13:00,30601.25,30607.75,30598.75,30604.0,71
20260621  19:14:00,30603.75,30604.75,30592.5,30594.5,93
20260621  19:15:00,30594.5,30598.25,30592.0,30597.75,96
20260621  19:16:00,30599.0,30605.25,30597.25,30603.75,104
20260621  19:17:00,30603.75,30608.25,30602.0,30603.75,87
20260621  19:18:00,30606.75,30610.5,30604.25,30608.75,112
20260621  19:19:00,30608.25,30610.75,30606.25,30607.0,54
20260621  19:20:00,30606.0,30609.5,30602.25,30605.5,70
20260621  19:21:00,30603.25,30606.25,30597.0,30603.0,86
20260621  19:22:00,30601.25,30622.0,30601.25,30616.75,222
20260621  19:23:00,30617.5,30619.25,30615.0,30617.25,60
20260621  19:24:00,30616.75,30621.75,30616.0,30619.0,90
20260621  19:25:00,30620.0,30621.0,30612.0,30615.5,97
20260621  19:26:00,30613.5,30614.5,30602.5,30603.75,117
20260621  19:27:00,30602.75,30602.75,30590.25,30596.0,219
20260621  19:28:00,30597.75,30599.5,30593.0,30597.25,61
20260621  19:29:00,30597.0,30597.0,30588.75,30588.75,126
20260621  19:30:00,30589.0,30591.25,30582.75,30589.0,186
20260621  19:31:00,30592.0,30598.0,30590.0,30595.25,105
20260621  19:32:00,30595.25,30596.5,30583.0,30591.0,112
20260621  19:33:00,30589.75,30592.25,30588.0,30590.25,51
20260621  19:34:00,30590.0,30591.0,30585.25,30589.0,49
20260621  19:35:00,30589.25,30592.0,30588.25,30589.75,43
20260621  19:36:00,30589.5,30595.0,30585.25,30595.0,59
20260621  19:37:00,30593.0,30594.25,30586.0,30591.0,54
20260621  19:38:00,30589.0,30592.0,30588.25,30589.75,29
20260621  19:39:00,30589.5,30594.0,30587.25,30592.75,39
20260621  19:40:00,30591.75,30595.5,30588.0,30592.75,56
20260621  19:41:00,30592.0,30597.75,30591.75,30597.25,77
20260621  19:42:00,30598.0,30601.0,30594.5,30596.0,67
20260621  19:43:00,30593.0,30595.5,30585.0,30592.75,94
20260621  19:44:00,30592.25,30597.25,30592.25,30597.0,52
20260621  19:45:00,30595.75,30596.5,30589.75,30591.0,45
20260621  19:46:00,30592.25,30593.25,30590.5,30590.5,26
20260621  19:47:00,30589.5,30590.25,30585.0,30589.0,48
20260621  19:48:00,30589.5,30592.5,30587.25,30589.75,47
20260621  19:49:00,30589.5,30591.0,30579.0,30581.5,113
20260621  19:50:00,30582.25,30584.25,30577.25,30580.5,117
20260621  19:51:00,30581.25,30589.0,30581.0,30588.5,89
20260621  19:52:00,30589.25,30597.75,30589.25,30596.0,97
20260621  19:53:00,30595.5,30597.5,30592.0,30592.0,46
20260621  19:54:00,30590.5,30593.75,30590.0,30590.75,20
20260621  19:55:00,30591.0,30594.25,30583.75,30585.5,77
20260621  19:56:00,30586.5,30590.5,30585.75,30587.75,38
20260621  19:57:00,30588.0,30588.5,30582.25,30584.0,41
20260621  19:58:00,30583.5,30592.0,30583.5,30590.75,56
20260621  19:59:00,30591.0,30593.5,30583.25,30583.5,39
20260621  20:00:00,30585.25,30587.5,30572.75,30574.75,255
20260621  20:01:00,30574.5,30574.5,30551.5,30555.0,496
20260621  20:02:00,30554.5,30567.25,30554.0,30566.25,280
20260621  20:03:00,30565.0,30568.5,30562.5,30562.75,56
20260621  20:04:00,30563.0,30571.75,30563.0,30571.75,62
20260621  20:05:00,30572.25,30577.0,30569.25,30569.25,71
20260621  20:06:00,30569.25,30574.25,30565.25,30565.75,109
20260621  20:07:00,30566.75,30569.5,30561.75,30563.5,69
20260621  20:08:00,30564.25,30564.75,30555.0,30556.75,124
20260621  20:09:00,30558.0,30562.5,30557.0,30561.0,35
20260621  20:10:00,30561.0,30563.25,30554.25,30559.75,97
20260621  20:11:00,30560.0,30563.25,30555.25,30560.75,105
20260621  20:12:00,30561.75,30565.5,30561.0,30564.25,81
20260621  20:13:00,30565.5,30567.0,30555.5,30557.0,116
20260621  20:14:00,30557.0,30559.0,30547.75,30555.75,184
20260621  20:15:00,30557.25,30580.5,30556.25,30580.0,223
20260621  20:16:00,30580.25,30581.0,30578.25,30580.25,90
20260621  20:17:00,30580.25,30584.0,30576.5,30581.25,88
20260621  20:18:00,30579.75,30599.25,30577.25,30588.25,182
20260621  20:19:00,30588.25,30593.5,30587.25,30589.75,297
20260621  20:20:00,30590.75,30595.0,30588.0,30590.75,72
20260621  20:21:00,30590.75,30592.0,30586.0,30586.0,56
20260621  20:22:00,30585.5,30594.25,30583.75,30594.25,46
20260621  20:23:00,30594.5,30606.5,30593.75,30605.25,177
20260621  20:24:00,30604.0,30609.25,30599.5,30605.75,225
20260621  20:25:00,30607.0,30608.75,30600.75,30602.25,168
20260621  20:26:00,30603.0,30604.75,30600.25,30602.25,64
20260621  20:27:00,30601.25,30605.75,30598.5,30605.25,72
20260621  20:28:00,30605.25,30605.75,30601.0,30603.75,80
20260621  20:29:00,30602.75,30604.0,30598.5,30602.5,79
20260621  20:30:00,30604.0,30614.5,30604.0,30611.75,324
20260621  20:31:00,30613.0,30616.0,30611.75,30613.0,75
20260621  20:32:00,30614.0,30614.75,30608.75,30611.75,73
20260621  20:33:00,30611.5,30614.25,30609.75,30612.0,46
20260621  20:34:00,30611.0,30616.0,30608.25,30613.25,41
20260621  20:35:00,30613.5,30614.75,30609.0,30610.75,64
20260621  20:36:00,30610.5,30610.5,30604.5,30608.25,54
20260621  20:37:00,30608.75,30611.5,30605.5,30611.5,29
20260621  20:38:00,30609.25,30615.0,30607.75,30611.5,57
20260621  20:39:00,30613.0,30615.0,30610.0,30610.0,36
20260621  20:40:00,30609.25,30611.0,30607.25,30610.0,39
20260621  20:41:00,30610.0,30611.5,30607.0,30608.0,41
20260621  20:42:00,30607.5,30607.5,30599.0,30601.0,79
20260621  20:43:00,30602.0,30602.0,30594.5,30595.75,62
20260621  20:44:00,30595.75,30600.75,30592.75,30600.75,77
20260621  20:45:00,30601.75,30606.5,30599.25,30600.0,92
20260621  20:46:00,30600.0,30602.5,30598.75,30601.75,57
20260621  20:47:00,30601.5,30609.5,30599.25,30607.25,85
20260621  20:48:00,30607.25,30609.75,30605.5,30609.0,66
20260621  20:49:00,30609.0,30610.75,30607.0,30609.5,64
20260621  20:50:00,30609.0,30610.0,30602.75,30604.0,30
20260621  20:51:00,30604.0,30604.0,30600.75,30600.75,37
20260621  20:52:00,30602.0,30602.0,30596.75,30597.5,23
20260621  20:53:00,30598.0,30598.0,30587.0,30588.5,253
20260621  20:54:00,30588.75,30588.75,30563.25,30566.0,383
20260621  20:55:00,30565.75,30570.0,30560.0,30567.75,216
20260621  20:56:00,30567.25,30568.0,30550.25,30552.0,250
20260621  20:57:00,30553.75,30555.0,30545.0,30552.25,131
20260621  20:58:00,30550.75,30557.5,30550.75,30554.5,85
20260621  20:59:00,30554.5,30560.0,30552.75,30555.25,115
20260621  21:00:00,30556.5,30560.25,30549.5,30549.75,191
20260621  21:01:00,30551.5,30555.5,30549.0,30554.5,69
20260621  21:02:00,30553.25,30558.0,30552.5,30555.5,47
20260621  21:03:00,30555.25,30561.75,30554.75,30556.5,84
20260621  21:04:00,30556.5,30558.0,30555.25,30557.5,15
20260621  21:05:00,30558.75,30566.0,30558.0,30565.75,109
20260621  21:06:00,30565.25,30568.0,30561.25,30565.25,120
20260621  21:07:00,30566.75,30576.0,30566.5,30574.25,130
20260621  21:08:00,30573.75,30574.75,30571.0,30572.5,74
20260621  21:09:00,30574.75,30580.75,30573.5,30579.0,62
20260621  21:10:00,30578.0,30583.25,30577.5,30579.0,88
20260621  21:11:00,30579.25,30579.25,30565.0,30571.75,129
20260621  21:12:00,30569.75,30572.25,30566.75,30572.25,47
20260621  21:13:00,30572.0,30572.75,30569.25,30570.75,35
20260621  21:14:00,30570.0,30571.25,30559.75,30560.5,98
20260621  21:15:00,30560.25,30564.0,30553.75,30556.0,140
20260621  21:16:00,30556.25,30565.75,30555.25,30564.0,51
20260621  21:17:00,30564.75,30567.5,30558.5,30559.75,102
20260621  21:18:00,30560.75,30567.0,30560.25,30566.75,51
20260621  21:19:00,30565.0,30567.75,30560.5,30561.5,43
20260621  21:20:00,30561.25,30576.5,30561.25,30570.0,174
20260621  21:21:00,30570.0,30571.0,30563.75,30567.0,87
20260621  21:22:00,30566.5,30571.0,30566.5,30569.25,44
20260621  21:23:00,30568.25,30568.25,30559.5,30559.5,46
20260621  21:24:00,30560.25,30563.75,30557.75,30562.75,39
20260621  21:25:00,30563.25,30563.25,30547.25,30550.75,172
20260621  21:26:00,30551.75,30558.25,30551.75,30554.5,34
20260621  21:27:00,30552.0,30553.0,30543.75,30547.0,156
20260621  21:28:00,30546.25,30553.5,30543.0,30550.5,74
20260621  21:29:00,30550.75,30550.75,30544.75,30547.0,72
20260621  21:30:00,30546.5,30552.25,30543.0,30552.0,62
20260621  21:31:00,30550.25,30557.25,30545.0,30547.75,50
20260621  21:32:00,30550.25,30554.0,30549.0,30550.75,61
20260621  21:33:00,30550.5,30561.5,30549.0,30557.75,86
20260621  21:34:00,30558.25,30564.75,30558.25,30561.5,79
20260621  21:35:00,30561.0,30561.0,30552.75,30554.25,61
20260621  21:36:00,30553.75,30557.0,30545.75,30545.75,86
20260621  21:37:00,30546.0,30549.5,30528.25,30537.5,332
20260621  21:38:00,30538.0,30544.25,30536.75,30541.25,75
20260621  21:39:00,30542.5,30549.0,30541.5,30547.5,53
20260621  21:40:00,30547.0,30550.75,30540.25,30543.25,200
20260621  21:41:00,30542.5,30543.75,30537.5,30540.0,101
20260621  21:42:00,30539.75,30542.5,30530.75,30536.0,148
20260621  21:43:00,30535.25,30539.0,30525.5,30528.75,152
20260621  21:44:00,30527.75,30532.25,30524.0,30532.25,134
20260621  21:45:00,30533.0,30542.5,30529.5,30541.0,135
20260621  21:46:00,30540.0,30574.25,30539.75,30564.25,434
20260621  21:47:00,30562.75,30571.5,30561.5,30565.0,161
20260621  21:48:00,30566.0,30568.25,30560.75,30562.25,59
20260621  21:49:00,30561.75,30574.25,30560.5,30572.75,76
20260621  21:50:00,30572.75,30582.25,30569.0,30581.75,139
20260621  21:51:00,30580.75,30586.5,30580.25,30583.0,123
20260621  21:52:00,30582.25,30586.0,30574.0,30575.25,191
20260621  21:53:00,30574.75,30576.5,30568.75,30575.0,53
20260621  21:54:00,30576.0,30577.75,30568.5,30571.0,34
20260621  21:55:00,30570.0,30573.75,30564.25,30573.25,92
20260621  21:56:00,30572.0,30578.5,30570.75,30571.25,84
20260621  21:57:00,30571.25,30575.25,30568.75,30573.75,28
20260621  21:58:00,30577.0,30583.75,30576.0,30578.75,77
20260621  21:59:00,30579.75,30592.25,30579.0,30582.75,276
20260621  22:00:00,30582.75,30588.75,30579.25,30586.25,142
20260621  22:01:00,30584.5,30588.25,30575.25,30577.5,86
20260621  22:02:00,30578.5,30581.0,30576.0,30580.0,60
20260621  22:03:00,30579.75,30581.5,30575.0,30575.25,94
20260621  22:04:00,30575.0,30585.0,30571.25,30583.75,87
20260621  22:05:00,30584.5,30596.0,30582.75,30594.75,145
20260621  22:06:00,30594.0,30611.25,30592.5,30610.75,250
20260621  22:07:00,30611.25,30628.25,30611.25,30625.0,258
20260621  22:08:00,30624.25,30638.25,30622.5,30633.5,240
20260621  22:09:00,30633.0,30640.0,30629.25,30637.0,190
20260621  22:10:00,30638.0,30645.0,30633.5,30643.5,167
20260621  22:11:00,30644.5,30651.0,30641.5,30649.5,143
20260621  22:12:00,30649.0,30650.75,30645.25,30646.75,82
20260621  22:13:00,30647.0,30663.75,30646.0,30657.25,225
20260621  22:14:00,30657.0,30657.75,30652.5,30654.25,86
20260621  22:15:00,30654.75,30665.0,30653.0,30662.5,100
20260621  22:16:00,30660.5,30660.5,30651.5,30654.0,114
20260621  22:17:00,30653.75,30656.0,30650.75,30653.0,55
20260621  22:18:00,30652.25,30652.25,30647.5,30649.25,71
20260621  22:19:00,30648.5,30651.5,30642.5,30646.5,90
20260621  22:20:00,30646.75,30652.75,30643.75,30652.75,92
20260621  22:21:00,30652.75,30658.75,30645.0,30656.25,187
20260621  22:22:00,30657.25,30660.0,30650.25,30650.25,90
20260621  22:23:00,30650.0,30651.5,30647.0,30649.5,81
20260621  22:24:00,30648.75,30658.5,30648.75,30658.5,79
20260621  22:25:00,30658.25,30661.5,30654.25,30658.5,153
20260621  22:26:00,30657.25,30660.25,30652.0,30655.0,55
20260621  22:27:00,30654.25,30656.75,30653.5,30654.75,45
20260621  22:28:00,30654.5,30657.0,30651.0,30653.75,25
20260621  22:29:00,30654.25,30661.0,30654.25,30659.25,62
20260621  22:30:00,30659.0,30661.0,30641.25,30641.25,131
20260621  22:31:00,30642.0,30642.0,30634.25,30634.75,128
20260621  22:32:00,30635.75,30636.5,30630.0,30634.25,72
20260621  22:33:00,30634.0,30640.5,30630.0,30634.25,73
20260621  22:34:00,30635.5,30643.75,30635.0,30639.0,96
20260621  22:35:00,30638.0,30652.75,30638.0,30647.0,83
20260621  22:36:00,30646.5,30656.5,30646.5,30654.0,71
20260621  22:37:00,30654.25,30655.25,30647.5,30648.5,41
20260621  22:38:00,30648.75,30651.25,30643.25,30643.5,41
20260621  22:39:00,30644.75,30647.0,30639.0,30639.5,70
20260621  22:40:00,30640.0,30648.0,30640.0,30643.0,32
20260621  22:41:00,30641.25,30642.5,30638.0,30641.25,67
20260621  22:42:00,30641.0,30647.0,30640.25,30641.0,41
20260621  22:43:00,30640.25,30640.5,30634.5,30637.5,33
20260621  22:44:00,30637.5,30638.5,30634.0,30638.25,43
20260621  22:45:00,30638.75,30643.5,30636.25,30643.5,53
20260621  22:46:00,30644.0,30645.0,30629.0,30631.0,94
20260621  22:47:00,30630.0,30634.75,30629.75,30631.5,45
20260621  22:48:00,30631.25,30635.75,30630.25,30635.25,26
20260621  22:49:00,30636.5,30642.25,30634.25,30640.75,56
20260621  22:50:00,30641.0,30641.0,30634.25,30639.25,49
20260621  22:51:00,30637.75,30645.5,30636.0,30636.0,44
20260621  22:52:00,30636.0,30640.0,30636.0,30639.25,26
20260621  22:53:00,30639.75,30644.75,30639.75,30644.5,28
20260621  22:54:00,30643.75,30651.0,30639.75,30639.75,78
20260621  22:55:00,30641.0,30650.5,30639.25,30648.5,51
20260621  22:56:00,30648.25,30652.75,30646.0,30651.25,49
20260621  22:57:00,30650.25,30650.5,30636.0,30642.0,153
20260621  22:58:00,30640.75,30643.0,30640.25,30642.5,41
20260621  22:59:00,30639.25,30645.25,30639.25,30640.25,29
20260621  23:00:00,30641.5,30650.0,30638.0,30648.75,105
20260621  23:01:00,30647.25,30651.0,30645.25,30647.5,86
20260621  23:02:00,30647.0,30658.5,30645.75,30657.75,103
20260621  23:03:00,30656.75,30663.5,30650.0,30650.0,155
20260621  23:04:00,30652.25,30666.0,30651.75,30663.25,106
20260621  23:05:00,30663.25,30669.5,30663.25,30669.5,115
20260621  23:06:00,30668.75,30669.75,30662.0,30663.0,124
20260621  23:07:00,30662.25,30678.75,30661.25,30678.0,382
20260621  23:08:00,30677.5,30682.75,30668.25,30676.25,204
20260621  23:09:00,30677.0,30684.0,30674.0,30682.75,80
20260621  23:10:00,30682.5,30683.5,30675.0,30675.0,143
20260621  23:11:00,30674.5,30675.75,30667.5,30670.5,190
20260621  23:12:00,30670.0,30673.0,30669.25,30672.5,89
20260621  23:13:00,30672.75,30681.5,30672.75,30679.75,60
20260621  23:14:00,30679.5,30684.0,30679.0,30681.0,78
20260621  23:15:00,30682.25,30682.25,30677.75,30679.75,75
20260621  23:16:00,30680.25,30680.75,30675.75,30679.0,57
20260621  23:17:00,30680.75,30693.75,30678.25,30686.75,866
20260621  23:18:00,30686.25,30694.5,30683.25,30692.25,172
20260621  23:19:00,30691.75,30694.5,30688.0,30688.0,109
20260621  23:20:00,30686.5,30691.75,30682.5,30691.75,90
20260621  23:21:00,30691.5,30691.5,30683.75,30683.75,23
20260621  23:22:00,30684.5,30689.5,30684.5,30688.5,29
20260621  23:23:00,30688.5,30690.5,30686.0,30687.5,58
20260621  23:24:00,30689.0,30714.5,30689.0,30710.5,497
20260621  23:25:00,30709.0,30727.75,30707.5,30718.5,275
20260621  23:26:00,30719.75,30726.0,30718.0,30723.5,106
20260621  23:27:00,30723.0,30727.25,30718.75,30724.75,104
20260621  23:28:00,30724.75,30731.75,30722.5,30731.5,93
20260621  23:29:00,30730.75,30738.5,30729.0,30729.25,245
20260621  23:30:00,30729.0,30729.5,30712.25,30714.0,246
20260621  23:31:00,30715.0,30730.0,30704.75,30719.0,529
20260621  23:32:00,30719.0,30721.5,30715.0,30715.0,86
20260621  23:33:00,30716.5,30716.75,30712.0,30716.25,92
20260621  23:34:00,30715.5,30715.75,30710.25,30713.0,55
20260621  23:35:00,30712.5,30712.5,30709.5,30709.75,44
20260621  23:36:00,30710.75,30719.0,30710.75,30716.75,61
20260621  23:37:00,30718.25,30725.0,30715.75,30725.0,69
20260621  23:38:00,30725.0,30726.0,30717.5,30718.5,95
20260621  23:39:00,30719.75,30721.0,30717.25,30721.0,41
20260621  23:40:00,30720.25,30727.25,30718.0,30726.5,96
20260621  23:41:00,30724.25,30727.5,30722.25,30727.5,39
20260621  23:42:00,30728.25,30728.25,30723.75,30727.25,54
20260621  23:43:00,30726.75,30735.0,30725.75,30729.0,89
20260621  23:44:00,30728.5,30729.25,30723.75,30724.0,98
20260621  23:45:00,30724.75,30728.25,30720.5,30725.75,123
20260621  23:46:00,30726.0,30732.75,30724.25,30731.5,116
20260621  23:47:00,30730.75,30740.0,30730.5,30732.5,143
20260621  23:48:00,30731.5,30731.5,30722.75,30722.75,112
20260621  23:49:00,30722.25,30727.0,30722.25,30722.75,42
20260621  23:50:00,30724.25,30727.0,30720.75,30721.75,101
20260621  23:51:00,30722.75,30729.25,30722.25,30727.0,59
20260621  23:52:00,30727.25,30730.75,30722.0,30722.0,54
20260621  23:53:00,30723.0,30727.25,30722.5,30727.25,10
20260621  23:54:00,30729.0,30736.75,30729.0,30735.25,52
20260621  23:55:00,30734.25,30742.25,30732.5,30738.25,118
20260621  23:56:00,30738.75,30742.25,30737.75,30740.0,62
20260621  23:57:00,30739.5,30741.5,30734.25,30735.0,42
20260621  23:58:00,30733.75,30738.25,30731.75,30737.5,52
20260621  23:59:00,30738.25,30738.5,30732.75,30736.75,63
20260622  00:00:00,30737.25,30744.25,30733.5,30736.25,260
20260622  00:01:00,30738.5,30748.0,30737.75,30747.0,164
20260622  00:02:00,30747.25,30755.5,30743.25,30755.5,249
20260622  00:03:00,30755.25,30767.0,30754.25,30762.75,312
20260622  00:04:00,30762.25,30771.5,30759.0,30771.25,150
20260622  00:05:00,30770.5,30774.25,30765.5,30773.0,271
20260622  00:06:00,30772.25,30775.75,30766.25,30769.5,199
20260622  00:07:00,30767.75,30768.75,30760.5,30760.5,99
20260622  00:08:00,30760.0,30771.0,30757.25,30769.0,168
20260622  00:09:00,30767.25,30767.25,30755.5,30757.0,107
20260622  00:10:00,30757.5,30763.5,30755.25,30762.75,94
20260622  00:11:00,30762.5,30762.75,30754.5,30756.0,70
20260622  00:12:00,30756.5,30765.5,30756.5,30763.0,73
20260622  00:13:00,30762.0,30762.75,30755.0,30756.0,78
20260622  00:14:00,30757.5,30764.5,30756.25,30763.25,38
20260622  00:15:00,30764.5,30774.5,30763.5,30770.25,112
20260622  00:16:00,30767.75,30770.25,30764.75,30770.25,65
20260622  00:17:00,30770.5,30779.75,30769.0,30778.5,88
20260622  00:18:00,30777.0,30780.75,30775.25,30776.5,104
20260622  00:19:00,30777.0,30780.75,30776.5,30778.25,50
20260622  00:20:00,30779.0,30781.75,30772.0,30774.25,112
20260622  00:21:00,30774.25,30779.0,30771.5,30778.25,77
20260622  00:22:00,30777.25,30778.25,30772.25,30776.0,57
20260622  00:23:00,30776.0,30777.0,30768.25,30769.5,71
20260622  00:24:00,30768.75,30769.75,30759.25,30762.25,134
20260622  00:25:00,30762.25,30764.75,30759.0,30763.75,59
20260622  00:26:00,30764.0,30770.25,30764.0,30766.75,86
20260622  00:27:00,30769.5,30772.0,30765.5,30768.25,42
20260622  00:28:00,30769.25,30772.25,30766.0,30766.0,63
20260622  00:29:00,30766.0,30774.75,30765.25,30774.25,104
20260622  00:30:00,30773.75,30776.75,30766.0,30767.75,96
20260622  00:31:00,30769.0,30775.5,30768.75,30771.0,40
20260622  00:32:00,30770.5,30770.75,30766.0,30767.75,33
20260622  00:33:00,30769.75,30771.75,30764.0,30765.0,44
20260622  00:34:00,30765.0,30772.75,30763.5,30771.0,66
20260622  00:35:00,30770.75,30778.0,30769.25,30776.75,111
20260622  00:36:00,30776.25,30779.0,30774.25,30775.25,78
20260622  00:37:00,30776.5,30779.5,30776.0,30779.5,52
20260622  00:38:00,30779.0,30779.0,30770.75,30772.25,52
20260622  00:39:00,30772.0,30772.0,30766.0,30769.25,89
20260622  00:40:00,30768.75,30769.5,30763.25,30765.25,56
20260622  00:41:00,30766.75,30767.75,30752.5,30752.5,146
20260622  00:42:00,30754.0,30754.0,30749.0,30750.75,144
20260622  00:43:00,30750.75,30756.75,30745.0,30748.75,179
20260622  00:44:00,30749.5,30752.0,30744.5,30749.5,79
20260622  00:45:00,30749.25,30753.5,30745.25,30753.25,92
20260622  00:46:00,30752.75,30765.0,30752.0,30760.0,176
20260622  00:47:00,30760.25,30766.25,30760.25,30764.75,54
20260622  00:48:00,30765.0,30767.0,30760.5,30762.75,68
20260622  00:49:00,30762.5,30763.25,30755.5,30761.5,125
20260622  00:50:00,30759.5,30764.5,30759.0,30762.25,42
20260622  00:51:00,30761.75,30766.0,30760.0,30765.0,38
20260622  00:52:00,30765.5,30766.25,30760.0,30761.0,40
20260622  00:53:00,30761.25,30761.5,30753.75,30754.75,79
20260622  00:54:00,30754.75,30758.5,30749.5,30750.5,65
20260622  00:55:00,30751.0,30756.5,30750.0,30756.5,43
20260622  00:56:00,30756.25,30758.0,30751.75,30752.5,49
20260622  00:57:00,30754.75,30756.25,30746.25,30746.75,82
20260622  00:58:00,30748.25,30754.25,30748.0,30753.5,67
20260622  00:59:00,30753.25,30760.0,30753.25,30759.0,88
20260622  01:00:00,30758.0,30765.5,30756.5,30762.0,135
20260622  01:01:00,30762.25,30762.25,30753.5,30755.5,76
20260622  01:02:00,30756.0,30761.75,30736.25,30736.75,174
20260622  01:03:00,30737.75,30745.25,30737.5,30742.25,146
20260622  01:04:00,30743.0,30745.0,30725.0,30730.25,236
20260622  01:05:00,30731.0,30732.75,30725.25,30730.75,95
20260622  01:06:00,30731.0,30732.75,30719.75,30721.0,253
20260622  01:07:00,30723.25,30725.25,30716.75,30722.75,115
20260622  01:08:00,30723.25,30727.75,30718.0,30725.75,69
20260622  01:09:00,30725.75,30728.0,30716.25,30719.25,105
20260622  01:10:00,30719.0,30720.0,30709.5,30709.5,115
20260622  01:11:00,30710.0,30710.5,30698.0,30699.25,232
20260622  01:12:00,30699.75,30719.5,30699.5,30717.25,220
20260622  01:13:00,30717.25,30735.0,30715.75,30727.5,436
20260622  01:14:00,30727.0,30730.25,30722.25,30724.75,112
20260622  01:15:00,30725.25,30730.0,30716.0,30729.0,147
20260622  01:16:00,30729.5,30729.75,30710.5,30711.25,147
20260622  01:17:00,30712.5,30714.25,30708.25,30710.0,93
20260622  01:18:00,30710.25,30713.0,30701.5,30712.5,189
20260622  01:19:00,30713.25,30713.5,30705.0,30706.0,73
20260622  01:20:00,30705.0,30712.75,30704.0,30709.0,60
20260622  01:21:00,30709.25,30715.0,30702.5,30713.25,150
20260622  01:22:00,30713.75,30715.0,30703.5,30703.5,100
20260622  01:23:00,30703.5,30704.5,30687.25,30695.75,229
20260622  01:24:00,30696.25,30713.0,30695.75,30711.75,117
20260622  01:25:00,30710.75,30713.75,30706.0,30710.25,113
20260622  01:26:00,30708.75,30712.25,30706.5,30711.75,47
20260622  01:27:00,30713.0,30715.0,30712.25,30714.25,58
20260622  01:28:00,30712.0,30713.5,30705.0,30705.75,90
20260622  01:29:00,30709.5,30709.5,30697.0,30702.25,103
20260622  01:30:00,30698.75,30700.25,30692.75,30696.0,67
20260622  01:31:00,30697.0,30707.75,30697.0,30705.0,71
20260622  01:32:00,30706.0,30716.5,30706.0,30709.75,156
20260622  01:33:00,30708.0,30711.0,30700.0,30705.25,89
20260622  01:34:00,30703.0,30714.5,30698.0,30714.5,120
20260622  01:35:00,30714.75,30721.5,30713.5,30719.25,269
20260622  01:36:00,30719.75,30730.0,30717.5,30727.5,156
20260622  01:37:00,30727.75,30728.75,30723.25,30727.75,106
20260622  01:38:00,30725.75,30728.5,30719.75,30721.0,130
20260622  01:39:00,30721.5,30729.25,30719.25,30726.0,60
20260622  01:40:00,30727.0,30730.5,30724.75,30730.0,74
20260622  01:41:00,30729.25,30730.0,30723.0,30724.25,82
20260622  01:42:00,30723.25,30724.75,30718.25,30723.0,89
20260622  01:43:00,30723.25,30730.0,30718.5,30729.5,100
20260622  01:44:00,30728.5,30739.75,30726.5,30739.75,173
20260622  01:45:00,30738.75,30741.75,30731.0,30731.0,93
20260622  01:46:00,30730.0,30731.25,30722.0,30725.0,70
20260622  01:47:00,30724.75,30725.0,30714.75,30721.75,131
20260622  01:48:00,30720.25,30720.5,30712.5,30713.75,91
20260622  01:49:00,30712.75,30723.0,30712.5,30721.75,63
20260622  01:50:00,30720.75,30723.0,30719.25,30721.5,57
20260622  01:51:00,30720.75,30720.75,30714.0,30716.0,62
20260622  01:52:00,30716.5,30724.75,30716.5,30721.5,99
20260622  01:53:00,30721.0,30727.25,30719.75,30724.5,144
20260622  01:54:00,30723.0,30728.25,30722.5,30728.25,61
20260622  01:55:00,30728.5,30729.25,30721.0,30724.25,85
20260622  01:56:00,30725.0,30730.5,30723.0,30729.25,70
20260622  01:57:00,30729.0,30735.5,30726.0,30727.25,141
20260622  01:58:00,30728.5,30732.25,30726.5,30730.5,74
20260622  01:59:00,30730.0,30733.25,30729.0,30731.25,45
20260622  02:00:00,30730.75,30733.0,30710.0,30712.75,149
20260622  02:01:00,30712.5,30722.5,30711.0,30721.25,85
20260622  02:02:00,30721.75,30722.5,30715.25,30722.5,41
20260622  02:03:00,30722.5,30738.5,30722.5,30736.5,179
20260622  02:04:00,30735.25,30747.75,30733.0,30747.0,152
20260622  02:05:00,30747.75,30751.5,30742.75,30745.25,217
20260622  02:06:00,30744.25,30758.0,30741.25,30754.75,210
20260622  02:07:00,30753.75,30754.5,30739.75,30740.75,137
20260622  02:08:00,30742.0,30752.0,30742.0,30748.75,159
20260622  02:09:00,30748.0,30755.5,30745.5,30753.25,161
20260622  02:10:00,30753.75,30754.5,30747.0,30747.0,76
20260622  02:11:00,30745.0,30747.5,30741.75,30746.75,89
20260622  02:12:00,30745.75,30753.0,30744.25,30747.0,102
20260622  02:13:00,30745.5,30747.0,30735.25,30736.5,78
20260622  02:14:00,30735.75,30743.75,30730.5,30743.75,111
20260622  02:15:00,30743.25,30746.0,30736.0,30737.25,106
20260622  02:16:00,30735.0,30738.0,30728.0,30733.75,88
20260622  02:17:00,30735.5,30741.75,30734.0,30734.0,105
20260622  02:18:00,30735.0,30740.25,30734.75,30734.75,84
20260622  02:19:00,30734.0,30734.0,30728.5,30733.0,57
20260622  02:20:00,30732.25,30740.0,30732.0,30736.0,66
20260622  02:21:00,30734.25,30734.5,30727.25,30728.5,52
20260622  02:22:00,30728.5,30738.75,30726.25,30730.75,100
20260622  02:23:00,30731.25,30732.5,30728.0,30732.5,40
20260622  02:24:00,30730.25,30735.5,30729.0,30733.5,55
20260622  02:25:00,30733.25,30743.5,30732.75,30738.5,85
20260622  02:26:00,30739.5,30742.5,30736.25,30742.5,58
20260622  02:27:00,30742.0,30742.0,30724.25,30731.0,124
20260622  02:28:00,30728.0,30734.0,30726.75,30731.0,47
20260622  02:29:00,30730.0,30734.0,30729.5,30731.75,63
20260622  02:30:00,30732.25,30732.25,30723.0,30724.25,44
20260622  02:31:00,30723.0,30725.75,30716.75,30724.0,184
20260622  02:32:00,30725.25,30725.75,30717.0,30719.25,170
20260622  02:33:00,30718.25,30734.0,30713.0,30733.0,214
20260622  02:34:00,30734.0,30734.5,30725.25,30728.25,77
20260622  02:35:00,30726.25,30728.75,30720.75,30723.25,80
20260622  02:36:00,30722.5,30723.5,30716.25,30716.75,57
20260622  02:37:00,30720.25,30722.0,30716.0,30720.75,29
20260622  02:38:00,30720.5,30720.5,30718.25,30718.25,21
20260622  02:39:00,30718.75,30719.25,30713.75,30713.75,53
20260622  02:40:00,30712.5,30717.0,30712.25,30716.25,37
20260622  02:41:00,30715.25,30720.0,30709.75,30711.25,68
20260622  02:42:00,30711.25,30715.0,30710.25,30714.25,39
20260622  02:43:00,30715.0,30715.75,30706.75,30708.25,86
20260622  02:44:00,30709.25,30711.25,30704.0,30708.25,61
20260622  02:45:00,30710.0,30711.0,30704.5,30711.0,65
20260622  02:46:00,30711.75,30715.25,30708.25,30708.75,40
20260622  02:47:00,30712.25,30714.25,30710.0,30710.0,23
20260622  02:48:00,30710.25,30714.0,30707.0,30708.0,41
20260622  02:49:00,30710.0,30712.5,30707.25,30708.75,50
20260622  02:50:00,30707.0,30712.0,30700.0,30711.5,103
20260622  02:51:00,30710.75,30716.5,30707.5,30714.25,93
20260622  02:52:00,30713.0,30713.75,30706.0,30713.75,93
20260622  02:53:00,30712.5,30713.0,30706.25,30711.5,50
20260622  02:54:00,30709.75,30711.0,30708.0,30710.0,42
20260622  02:55:00,30710.5,30711.5,30699.0,30707.0,154
20260622  02:56:00,30708.5,30714.5,30707.0,30709.5,75
20260622  02:57:00,30707.75,30710.5,30707.0,30709.75,24
20260622  02:58:00,30707.75,30709.0,30705.0,30708.5,37
20260622  02:59:00,30706.25,30707.0,30699.0,30699.0,54
20260622  03:00:00,30700.5,30710.0,30700.5,30706.5,70
20260622  03:01:00,30708.0,30714.0,30706.25,30708.75,87
20260622  03:02:00,30709.75,30728.25,30709.0,30725.75,230
20260622  03:03:00,30727.0,30731.0,30726.25,30730.5,81
20260622  03:04:00,30731.0,30738.5,30730.5,30737.75,130
20260622  03:05:00,30737.75,30741.75,30735.0,30740.25,106
20260622  03:06:00,30739.75,30745.0,30736.75,30744.75,99
20260622  03:07:00,30745.0,30756.25,30741.75,30755.25,152
20260622  03:08:00,30754.0,30760.0,30752.5,30758.0,129
20260622  03:09:00,30757.0,30758.0,30753.0,30754.25,139
20260622  03:10:00,30753.25,30766.75,30751.75,30764.0,163
20260622  03:11:00,30764.5,30764.75,30756.25,30756.25,90
20260622  03:12:00,30756.5,30757.75,30753.25,30754.25,60
20260622  03:13:00,30754.75,30759.0,30751.25,30753.25,162
20260622  03:14:00,30753.5,30755.5,30750.0,30750.5,84
20260622  03:15:00,30750.0,30755.0,30747.75,30755.0,137
20260622  03:16:00,30755.5,30760.25,30754.75,30759.5,90
20260622  03:17:00,30760.5,30760.5,30756.75,30758.0,40
20260622  03:18:00,30757.75,30758.75,30749.25,30749.25,128
20260622  03:19:00,30749.25,30753.5,30745.0,30748.5,98
20260622  03:20:00,30748.75,30752.5,30743.25,30752.5,99
20260622  03:21:00,30753.0,30753.0,30740.0,30742.75,105
20260622  03:22:00,30744.25,30746.25,30742.75,30746.25,34
20260622  03:23:00,30746.75,30746.75,30744.0,30746.0,20
20260622  03:24:00,30746.75,30750.0,30745.5,30750.0,92
20260622  03:25:00,30750.0,30751.75,30745.0,30745.0,143
20260622  03:26:00,30744.75,30745.75,30738.0,30738.0,178
20260622  03:27:00,30737.75,30738.25,30735.0,30738.0,86
20260622  03:28:00,30740.0,30740.0,30737.25,30738.0,23
20260622  03:29:00,30738.25,30741.5,30737.0,30741.0,37
20260622  03:30:00,30740.25,30741.0,30716.5,30717.25,200
20260622  03:31:00,30717.0,30722.0,30713.0,30716.75,126
20260622  03:32:00,30718.75,30724.0,30714.0,30721.0,110
20260622  03:33:00,30720.0,30723.25,30716.25,30723.0,44
20260622  03:34:00,30723.0,30725.75,30720.25,30722.0,41
20260622  03:35:00,30722.75,30725.25,30719.75,30723.25,47
20260622  03:36:00,30723.5,30726.5,30715.25,30716.5,124
20260622  03:37:00,30717.25,30717.25,30710.0,30714.5,139
20260622  03:38:00,30715.5,30715.5,30710.0,30712.75,67
20260622  03:39:00,30712.5,30713.5,30707.25,30709.75,68
20260622  03:40:00,30708.75,30715.0,30702.75,30708.5,254
20260622  03:41:00,30708.0,30711.25,30707.75,30710.0,41
20260622  03:42:00,30709.5,30715.25,30708.25,30712.0,137
20260622  03:43:00,30712.0,30715.5,30708.75,30714.5,184
20260622  03:44:00,30715.25,30723.25,30714.5,30717.25,213
20260622  03:45:00,30718.0,30730.0,30717.75,30730.0,158
20260622  03:46:00,30729.5,30733.75,30727.75,30730.75,184
20260622  03:47:00,30730.25,30731.5,30725.5,30729.75,92
20260622  03:48:00,30729.75,30733.75,30727.5,30733.75,139
20260622  03:49:00,30734.25,30736.25,30729.75,30732.0,112
20260622  03:50:00,30733.5,30734.25,30728.75,30730.5,126
20260622  03:51:00,30730.75,30734.5,30727.0,30730.5,94
20260622  03:52:00,30732.75,30732.75,30716.25,30721.75,192
20260622  03:53:00,30720.5,30724.75,30719.5,30722.25,92
20260622  03:54:00,30722.5,30725.75,30718.25,30724.0,70
20260622  03:55:00,30724.5,30727.0,30720.75,30722.5,49
20260622  03:56:00,30723.5,30726.0,30720.5,30724.75,72
20260622  03:57:00,30726.5,30726.5,30717.75,30719.75,69
20260622  03:58:00,30719.75,30722.25,30715.0,30717.5,89
20260622  03:59:00,30718.5,30723.25,30718.25,30720.0,49
20260622  04:00:00,30720.25,30740.0,30720.25,30726.5,294
20260622  04:01:00,30725.5,30736.25,30719.5,30736.25,176
20260622  04:02:00,30734.25,30745.5,30734.0,30743.25,189
20260622  04:03:00,30744.0,30745.0,30739.0,30741.75,167
20260622  04:04:00,30741.0,30773.25,30740.25,30767.75,527
20260622  04:05:00,30768.0,30824.75,30767.25,30818.75,1425
20260622  04:06:00,30816.75,30828.0,30785.25,30813.0,871
20260622  04:07:00,30812.75,30824.0,30788.25,30788.5,378
20260622  04:08:00,30790.25,30797.0,30784.0,30789.75,193
20260622  04:09:00,30791.0,30791.0,30780.0,30781.5,179
20260622  04:10:00,30782.5,30782.5,30751.25,30752.0,447
20260622  04:11:00,30751.25,30753.0,30726.0,30729.75,357
20260622  04:12:00,30728.25,30735.5,30725.5,30726.25,224
20260622  04:13:00,30726.5,30731.5,30715.5,30718.0,205
20260622  04:14:00,30718.0,30736.5,30710.75,30730.5,292
20260622  04:15:00,30730.5,30732.0,30722.0,30724.5,174
20260622  04:16:00,30725.5,30731.5,30723.5,30729.5,74
20260622  04:17:00,30731.0,30735.5,30727.25,30735.25,106
20260622  04:18:00,30736.0,30740.0,30733.25,30736.0,73
20260622  04:19:00,30737.25,30741.75,30733.0,30741.25,94
20260622  04:20:00,30739.0,30743.0,30732.0,30735.75,125
20260622  04:21:00,30738.25,30744.0,30736.25,30739.0,101
20260622  04:22:00,30739.25,30739.75,30729.0,30738.25,93
20260622  04:23:00,30737.5,30738.25,30731.0,30736.75,73
20260622  04:24:00,30739.0,30743.0,30736.0,30743.0,75
20260622  04:25:00,30741.25,30744.25,30736.5,30737.0,78
20260622  04:26:00,30737.25,30750.25,30734.5,30748.25,105
20260622  04:27:00,30749.75,30750.75,30747.0,30747.75,65
20260622  04:28:00,30748.5,30749.25,30739.75,30745.0,83
20260622  04:29:00,30744.0,30746.0,30736.75,30738.75,108
20260622  04:30:00,30738.0,30745.0,30736.75,30745.0,114
20260622  04:31:00,30746.0,30749.0,30737.5,30745.75,153
20260622  04:32:00,30745.25,30749.5,30739.0,30748.75,101
20260622  04:33:00,30749.25,30762.25,30748.75,30753.0,251
20260622  04:34:00,30753.0,30755.75,30747.0,30750.25,129
20260622  04:35:00,30752.25,30763.0,30752.25,30758.25,114
20260622  04:36:00,30759.5,30761.25,30752.5,30756.75,58
20260622  04:37:00,30755.5,30767.0,30755.0,30763.75,222
20260622  04:38:00,30763.0,30769.25,30759.25,30768.75,79
20260622  04:39:00,30769.25,30770.0,30765.75,30769.25,150
20260622  04:40:00,30770.0,30771.0,30750.0,30756.25,215
20260622  04:41:00,30756.5,30757.75,30752.25,30757.25,71
20260622  04:42:00,30757.0,30757.0,30748.0,30754.0,89
20260622  04:43:00,30751.75,30758.0,30751.0,30753.0,67
20260622  04:44:00,30754.5,30755.75,30748.0,30749.75,51
20260622  04:45:00,30749.0,30749.75,30736.5,30741.75,111
20260622  04:46:00,30740.75,30746.0,30738.0,30744.75,76
20260622  04:47:00,30744.0,30750.5,30739.75,30745.75,79
20260622  04:48:00,30746.5,30757.25,30727.0,30753.25,606
20260622  04:49:00,30753.25,30757.75,30752.25,30757.5,104
20260622  04:50:00,30757.25,30758.0,30750.5,30754.75,60
20260622  04:51:00,30755.0,30761.25,30745.0,30747.75,160
20260622  04:52:00,30748.0,30751.0,30738.25,30739.75,143
20260622  04:53:00,30740.5,30745.5,30735.0,30743.5,167
20260622  04:54:00,30744.75,30746.75,30741.75,30743.0,47
20260622  04:55:00,30743.0,30762.0,30741.0,30756.75,197
20260622  04:56:00,30757.75,30757.75,30742.0,30744.25,138
20260622  04:57:00,30747.25,30753.5,30746.5,30753.5,89
20260622  04:58:00,30754.0,30756.25,30752.75,30754.0,48
20260622  04:59:00,30753.75,30757.75,30752.75,30757.75,54
20260622  05:00:00,30755.75,30769.0,30755.75,30766.5,213
20260622  05:01:00,30766.5,30768.5,30758.25,30760.0,121
20260622  05:02:00,30759.5,30761.5,30752.5,30753.25,105
20260622  05:03:00,30756.25,30761.5,30756.25,30760.5,76
20260622  05:04:00,30762.75,30769.75,30759.75,30768.5,98
20260622  05:05:00,30768.5,30772.0,30764.0,30767.0,83
20260622  05:06:00,30766.25,30770.25,30763.25,30767.75,55
20260622  05:07:00,30768.75,30772.25,30766.0,30766.0,59
20260622  05:08:00,30767.5,30772.25,30763.0,30771.25,93
20260622  05:09:00,30770.25,30774.75,30768.5,30773.25,124
20260622  05:10:00,30773.0,30776.0,30767.5,30770.0,131
20260622  05:11:00,30771.0,30777.25,30768.25,30775.5,73
20260622  05:12:00,30775.0,30779.5,30774.0,30777.75,62
20260622  05:13:00,30778.0,30782.25,30776.75,30780.75,183
20260622  05:14:00,30781.25,30787.25,30778.75,30780.5,194
20260622  05:15:00,30781.0,30785.0,30773.5,30780.0,110
20260622  05:16:00,30779.25,30779.5,30772.0,30778.75,74
20260622  05:17:00,30779.25,30779.25,30771.75,30773.0,76
20260622  05:18:00,30771.25,30776.75,30771.0,30776.75,42
20260622  05:19:00,30774.5,30778.75,30772.25,30778.5,52
20260622  05:20:00,30778.25,30793.0,30778.25,30793.0,155
20260622  05:21:00,30792.0,30803.0,30791.0,30800.0,282
20260622  05:22:00,30799.75,30813.0,30799.25,30809.25,267
20260622  05:23:00,30810.75,30811.25,30802.0,30809.0,175
20260622  05:24:00,30809.0,30811.75,30804.5,30809.25,88
20260622  05:25:00,30809.25,30812.0,30801.75,30805.25,125
20260622  05:26:00,30806.25,30811.0,30805.75,30810.5,84
20260622  05:27:00,30810.75,30819.0,30806.75,30819.0,216
20260622  05:28:00,30818.0,30821.0,30813.0,30815.25,210
20260622  05:29:00,30815.75,30827.75,30815.5,30823.25,331
20260622  05:30:00,30825.0,30830.25,30817.5,30822.25,352
20260622  05:31:00,30821.25,30823.5,30814.0,30821.5,200
20260622  05:32:00,30820.5,30834.25,30819.75,30833.0,259
20260622  05:33:00,30833.75,30837.0,30830.25,30833.5,156
20260622  05:34:00,30834.25,30844.5,30828.0,30843.5,309
20260622  05:35:00,30843.25,30844.75,30837.5,30840.75,213
20260622  05:36:00,30840.0,30841.0,30832.5,30838.0,158
20260622  05:37:00,30838.25,30838.25,30827.0,30828.5,216
20260622  05:38:00,30828.5,30831.75,30824.25,30830.0,168
20260622  05:39:00,30832.25,30832.25,30822.5,30824.25,169
20260622  05:40:00,30823.75,30832.25,30819.25,30825.75,245
20260622  05:41:00,30826.25,30834.25,30824.75,30824.75,147
20260622  05:42:00,30826.25,30826.25,30806.25,30808.25,522
20260622  05:43:00,30808.0,30814.25,30806.25,30811.75,399
20260622  05:44:00,30812.0,30814.0,30805.0,30806.25,157
20260622  05:45:00,30808.0,30813.0,30798.0,30798.5,252
20260622  05:46:00,30799.0,30802.25,30796.25,30802.25,176
20260622  05:47:00,30802.25,30808.75,30801.0,30807.75,127
20260622  05:48:00,30807.25,30813.25,30805.75,30813.0,129
20260622  05:49:00,30812.0,30817.0,30810.0,30813.25,137
20260622  05:50:00,30813.25,30816.75,30810.5,30812.5,148
20260622  05:51:00,30812.0,30817.0,30807.5,30808.25,138
20260622  05:52:00,30808.75,30815.75,30808.0,30814.75,104
20260622  05:53:00,30813.5,30819.5,30813.25,30817.75,88
20260622  05:54:00,30817.75,30817.75,30804.75,30806.25,184
20260622  05:55:00,30806.0,30812.75,30805.0,30809.0,130
20260622  05:56:00,30809.75,30815.75,30805.0,30813.5,104
20260622  05:57:00,30813.75,30816.0,30809.5,30809.5,201
20260622  05:58:00,30811.75,30815.5,30811.5,30813.25,53
20260622  05:59:00,30814.0,30814.0,30800.0,30800.5,117
20260622  06:00:00,30801.0,30869.75,30801.0,30861.75,1077
20260622  06:01:00,30861.25,30866.75,30849.25,30856.75,485
20260622  06:02:00,30854.75,30861.75,30849.25,30851.5,177
20260622  06:03:00,30852.0,30868.5,30849.25,30861.25,362
20260622  06:04:00,30860.25,30865.25,30850.25,30852.25,232
20260622  06:05:00,30852.0,30855.0,30840.0,30841.5,275
20260622  06:06:00,30841.0,30844.25,30826.75,30827.5,310
20260622  06:07:00,30827.5,30835.0,30821.0,30830.5,270
20260622  06:08:00,30830.25,30833.0,30826.0,30830.25,147
20260622  06:09:00,30829.25,30835.75,30823.75,30834.5,147
20260622  06:10:00,30832.75,30838.5,30828.0,30835.5,265
20260622  06:11:00,30835.5,30858.75,30833.0,30846.5,607
20260622  06:12:00,30846.25,30854.25,30841.0,30846.25,325
20260622  06:13:00,30847.75,30852.0,30845.75,30848.5,122
20260622  06:14:00,30848.25,30861.0,30848.25,30858.25,167
20260622  06:15:00,30858.5,30863.75,30853.0,30855.5,288
20260622  06:16:00,30855.0,30861.5,30849.0,30850.0,161
20260622  06:17:00,30847.75,30862.0,30847.0,30861.0,185
20260622  06:18:00,30860.5,30866.25,30859.25,30860.5,190
20260622  06:19:00,30860.5,30862.75,30855.25,30858.25,110
20260622  06:20:00,30858.25,30864.25,30853.25,30854.75,209
20260622  06:21:00,30854.0,30863.0,30854.0,30860.0,120
20260622  06:22:00,30860.25,30871.25,30858.0,30870.25,256
20260622  06:23:00,30869.75,30871.0,30862.5,30866.75,259
20260622  06:24:00,30867.0,30870.75,30859.0,30869.25,193
20260622  06:25:00,30870.5,30873.5,30852.75,30854.0,698
20260622  06:26:00,30853.75,30860.5,30849.0,30850.5,444
20260622  06:27:00,30849.5,30850.25,30829.0,30829.0,410
20260622  06:28:00,30830.0,30837.5,30818.25,30821.25,685
20260622  06:29:00,30821.25,30826.0,30815.5,30822.0,893
20260622  06:30:00,30822.75,30904.0,30803.0,30892.0,5228
20260622  06:31:00,30893.25,30896.0,30824.75,30826.75,3259
20260622  06:32:00,30828.0,30852.75,30808.25,30812.5,2220
20260622  06:33:00,30811.75,30820.0,30756.75,30773.75,3397
20260622  06:34:00,30774.5,30798.5,30758.25,30783.75,2590
20260622  06:35:00,30786.25,30850.0,30780.25,30846.75,2806
20260622  06:36:00,30845.5,30870.0,30839.25,30859.25,2387
20260622  06:37:00,30859.0,30894.75,30857.0,30890.5,2069
20260622  06:38:00,30889.75,30921.5,30886.25,30916.25,2604
20260622  06:39:00,30916.5,30924.5,30903.0,30920.75,1799
20260622  06:40:00,30920.0,30926.75,30886.0,30898.0,2177
20260622  06:41:00,30899.25,30908.5,30837.0,30842.5,2576
20260622  06:42:00,30842.75,30847.75,30802.0,30805.0,2790
20260622  06:43:00,30806.25,30810.0,30763.0,30798.25,2809
20260622  06:44:00,30798.75,30815.5,30783.0,30790.0,2182
20260622  06:45:00,30789.25,30836.0,30787.75,30822.5,2709
20260622  06:46:00,30822.5,30842.5,30808.75,30818.0,2077
20260622  06:47:00,30817.0,30873.75,30815.75,30873.75,2152
20260622  06:48:00,30873.25,30887.0,30852.5,30884.75,1455
20260622  06:49:00,30884.25,30903.0,30868.25,30879.75,1664
20260622  06:50:00,30880.25,30890.5,30859.25,30885.25,1533
20260622  06:51:00,30886.0,30888.5,30857.75,30884.25,1092
20260622  06:52:00,30884.75,30908.25,30874.75,30894.0,1330
20260622  06:53:00,30895.0,30909.25,30877.5,30878.25,1417
20260622  06:54:00,30877.25,30890.0,30843.75,30852.5,1790
20260622  06:55:00,30852.5,30866.75,30842.5,30853.25,1269
20260622  06:56:00,30852.25,30900.25,30848.75,30895.5,1504
20260622  06:57:00,30896.0,30919.5,30891.25,30914.25,1466
20260622  06:58:00,30913.25,30932.0,30905.0,30929.5,1606
20260622  06:59:00,30929.25,30937.25,30918.5,30937.0,1466
20260622  07:00:00,30936.25,30954.5,30909.5,30912.25,3490
20260622  07:01:00,30912.0,30939.5,30907.5,30938.5,1427
20260622  07:02:00,30937.25,30945.25,30925.0,30927.5,1213
20260622  07:03:00,30927.25,30934.5,30917.5,30931.25,895
20260622  07:04:00,30931.75,30936.25,30915.75,30923.0,810
20260622  07:05:00,30922.5,30939.5,30906.25,30937.75,1097
20260622  07:06:00,30938.0,30949.75,30927.5,30940.25,1198
20260622  07:07:00,30943.0,30948.75,30933.5,30947.75,616
20260622  07:08:00,30947.25,30960.5,30941.25,30956.5,1550
20260622  07:09:00,30957.0,30966.5,30946.0,30949.75,1258
20260622  07:10:00,30950.25,30968.0,30948.25,30954.25,1224
20260622  07:11:00,30954.25,30957.0,30914.75,30920.75,1673
20260622  07:12:00,30921.25,30931.25,30915.0,30927.5,906
20260622  07:13:00,30928.0,30933.25,30908.5,30912.25,800
20260622  07:14:00,30912.0,30918.5,30897.25,30909.75,1268
20260622  07:15:00,30909.75,30911.75,30888.25,30898.5,1186
20260622  07:16:00,30897.75,30897.75,30873.5,30880.5,1586
20260622  07:17:00,30881.0,30897.5,30848.0,30855.25,1624
20260622  07:18:00,30854.75,30888.0,30853.75,30878.75,1375
20260622  07:19:00,30878.75,30893.25,30872.75,30875.75,929
20260622  07:20:00,30876.0,30877.5,30818.5,30841.25,2471
20260622  07:21:00,30842.0,30866.25,30842.0,30856.5,1082
20260622  07:22:00,30856.75,30868.0,30842.75,30845.0,920
20260622  07:23:00,30845.5,30848.0,30821.75,30823.75,1287
20260622  07:24:00,30824.25,30826.5,30786.75,30804.25,2035
20260622  07:25:00,30804.0,30821.25,30789.75,30808.0,1619
20260622  07:26:00,30808.25,30821.0,30795.75,30805.0,1616
20260622  07:27:00,30804.75,30805.75,30744.0,30746.0,2811
20260622  07:28:00,30745.5,30788.0,30745.5,30772.0,2085
20260622  07:29:00,30770.0,30772.5,30748.5,30756.5,1624
20260622  07:30:00,30756.75,30762.25,30696.5,30701.25,4286
20260622  07:31:00,30702.5,30737.5,30682.0,30689.0,2615
20260622  07:32:00,30689.5,30696.25,30659.75,30663.25,2371
20260622  07:33:00,30663.5,30684.0,30649.5,30668.5,2881
20260622  07:34:00,30669.75,30712.5,30667.25,30692.0,2373
20260622  07:35:00,30692.0,30731.75,30669.25,30726.0,2225
20260622  07:36:00,30725.5,30732.0,30708.0,30716.75,1583
20260622  07:37:00,30719.75,30722.25,30691.75,30720.0,1606
20260622  07:38:00,30719.25,30727.75,30678.75,30686.5,1377
20260622  07:39:00,30685.5,30703.5,30661.5,30695.25,1796
20260622  07:40:00,30696.0,30714.75,30688.0,30700.0,1501
20260622  07:41:00,30698.0,30698.0,30657.75,30669.5,1794
20260622  07:42:00,30668.75,30676.75,30653.75,30662.0,1279
20260622  07:43:00,30663.5,30668.0,30627.25,30640.0,1933
20260622  07:44:00,30640.0,30642.0,30612.5,30626.0,1635
20260622  07:45:00,30626.25,30665.0,30621.75,30642.25,2029
20260622  07:46:00,30643.75,30678.25,30633.75,30672.5,1608
20260622  07:47:00,30672.5,30682.0,30625.75,30637.75,1651
20260622  07:48:00,30636.5,30658.0,30627.0,30645.5,1275
20260622  07:49:00,30645.5,30646.5,30614.25,30630.25,1377
20260622  07:50:00,30631.0,30656.0,30621.5,30623.0,1590
20260622  07:51:00,30622.5,30644.25,30603.5,30623.75,2072
20260622  07:52:00,30624.25,30647.75,30615.0,30635.0,1255
20260622  07:53:00,30634.25,30637.0,30614.75,30626.75,1168
20260622  07:54:00,30627.0,30628.5,30558.0,30580.5,3916
20260622  07:55:00,30579.0,30589.5,30545.0,30569.0,2656
20260622  07:56:00,30568.5,30598.5,30567.25,30594.75,1701
20260622  07:57:00,30596.0,30623.0,30594.25,30620.75,1446
20260622  07:58:00,30621.25,30650.25,30618.0,30639.5,1299
20260622  07:59:00,30638.5,30653.75,30635.5,30639.0,876
20260622  08:00:00,30639.75,30674.75,30627.75,30663.25,1654
20260622  08:01:00,30662.5,30678.25,30662.0,30669.25,1192
20260622  08:02:00,30670.75,30680.0,30657.5,30672.5,1239
20260622  08:03:00,30674.25,30679.25,30662.0,30666.75,704
20260622  08:04:00,30667.25,30675.25,30656.5,30666.0,838
20260622  08:05:00,30666.25,30668.5,30631.75,30637.75,1996
20260622  08:06:00,30638.75,30640.75,30609.75,30614.0,1786
20260622  08:07:00,30615.0,30633.5,30603.0,30625.75,1280
20260622  08:08:00,30625.5,30654.0,30625.25,30651.5,1183
20260622  08:09:00,30652.75,30659.75,30630.25,30639.5,1147
20260622  08:10:00,30642.25,30647.5,30621.5,30622.75,838
20260622  08:11:00,30622.75,30657.75,30622.25,30651.75,770
20260622  08:12:00,30651.5,30659.75,30638.0,30659.25,733
20260622  08:13:00,30657.75,30662.0,30637.75,30647.0,685
20260622  08:14:00,30646.0,30651.25,30616.25,30628.5,1408
20260622  08:15:00,30629.75,30648.0,30620.5,30622.5,1033
20260622  08:16:00,30621.5,30639.25,30616.0,30637.5,732
20260622  08:17:00,30636.75,30640.5,30611.5,30635.75,1011
20260622  08:18:00,30636.75,30656.0,30624.5,30626.0,1310
20260622  08:19:00,30627.0,30633.25,30591.0,30606.0,1754
20260622  08:20:00,30607.5,30613.5,30586.75,30601.75,1038
20260622  08:21:00,30601.0,30628.75,30600.25,30620.25,1187
20260622  08:22:00,30619.75,30637.25,30603.75,30604.5,1005
20260622  08:23:00,30606.0,30635.75,30600.25,30634.5,889
20260622  08:24:00,30633.0,30644.0,30622.0,30632.0,936
20260622  08:25:00,30631.75,30648.75,30608.5,30630.25,1700
20260622  08:26:00,30629.25,30637.0,30603.75,30620.75,960
20260622  08:27:00,30619.5,30635.75,30612.0,30624.5,722
20260622  08:28:00,30625.5,30625.5,30595.0,30598.75,1020
20260622  08:29:00,30600.0,30611.25,30583.25,30597.75,1059
20260622  08:30:00,30597.5,30612.75,30587.75,30603.0,1053
20260622  08:31:00,30603.75,30614.25,30592.0,30608.0,1272
20260622  08:32:00,30607.25,30618.0,30585.5,30596.5,817
20260622  08:33:00,30597.75,30633.0,30587.75,30619.0,2101
20260622  08:34:00,30620.0,30630.0,30595.25,30595.75,1023
20260622  08:35:00,30596.5,30602.25,30575.75,30599.25,1308
20260622  08:36:00,30598.75,30618.0,30597.0,30607.5,1040
20260622  08:37:00,30608.25,30614.75,30586.5,30599.5,895
20260622  08:38:00,30600.25,30610.0,30593.5,30597.0,617
20260622  08:39:00,30597.0,30612.25,30590.75,30607.0,663
20260622  08:40:00,30609.5,30639.0,30609.5,30638.25,1283
20260622  08:41:00,30638.25,30651.75,30635.25,30647.75,1012
20260622  08:42:00,30648.0,30673.0,30647.25,30660.0,1021
20260622  08:43:00,30660.25,30661.25,30648.25,30658.0,862
20260622  08:44:00,30658.0,30663.25,30645.0,30648.5,665
20260622  08:45:00,30649.0,30673.75,30646.0,30671.5,948
20260622  08:46:00,30671.75,30672.75,30650.75,30651.0,742
20260622  08:47:00,30650.25,30650.75,30633.75,30636.0,912
20260622  08:48:00,30636.5,30639.0,30617.0,30621.25,899
20260622  08:49:00,30620.5,30620.75,30541.25,30553.0,2933
20260622  08:50:00,30555.0,30591.0,30554.5,30590.25,1612
20260622  08:51:00,30589.25,30601.5,30575.0,30585.0,954
20260622  08:52:00,30584.75,30595.0,30571.75,30578.5,856
20260622  08:53:00,30578.0,30582.25,30561.25,30567.0,1148
20260622  08:54:00,30567.5,30580.25,30550.75,30552.25,1105
20260622  08:55:00,30553.25,30585.5,30543.5,30574.5,1290
20260622  08:56:00,30574.0,30591.25,30560.25,30562.75,813
20260622  08:57:00,30563.5,30577.25,30559.0,30569.0,587
20260622  08:58:00,30569.5,30576.25,30547.0,30562.75,872
20260622  08:59:00,30562.25,30574.25,30548.25,30557.25,851
20260622  09:00:00,30556.75,30570.75,30540.0,30560.5,1516
20260622  09:01:00,30562.25,30563.0,30521.25,30537.5,2010
20260622  09:02:00,30537.5,30548.75,30522.0,30528.75,961
20260622  09:03:00,30528.75,30529.5,30506.25,30509.75,1387
20260622  09:04:00,30509.75,30524.0,30503.0,30518.25,933
20260622  09:05:00,30518.25,30533.75,30509.5,30519.5,960
20260622  09:06:00,30519.5,30528.75,30506.25,30521.75,768
20260622  09:07:00,30521.75,30537.25,30521.75,30533.0,723
20260622  09:08:00,30533.0,30545.75,30527.75,30537.75,784
20260622  09:09:00,30538.5,30555.0,30536.25,30550.25,774
20260622  09:10:00,30548.25,30571.5,30547.75,30561.75,920
20260622  09:11:00,30562.75,30571.75,30549.25,30561.25,648
20260622  09:12:00,30561.0,30569.5,30548.0,30563.5,650
20260622  09:13:00,30565.25,30579.25,30560.25,30573.0,574
20260622  09:14:00,30573.25,30586.5,30567.0,30580.5,766
20260622  09:15:00,30579.75,30586.0,30561.5,30565.25,634
20260622  09:16:00,30567.25,30576.75,30563.25,30563.75,508
20260622  09:17:00,30562.5,30578.5,30557.5,30569.0,506
20260622  09:18:00,30569.0,30572.5,30552.25,30570.5,464
20260622  09:19:00,30570.5,30584.5,30561.75,30583.5,509
20260622  09:20:00,30583.0,30609.5,30581.25,30609.5,972
20260622  09:21:00,30608.5,30615.25,30601.5,30604.0,679
20260622  09:22:00,30604.0,30604.0,30560.0,30570.5,1166
20260622  09:23:00,30570.5,30590.5,30570.5,30577.0,850
20260622  09:24:00,30576.0,30579.0,30563.25,30572.5,554
20260622  09:25:00,30571.5,30581.0,30562.25,30574.25,489
20260622  09:26:00,30573.0,30577.5,30558.5,30562.75,532
20260622  09:27:00,30561.25,30567.25,30553.5,30559.5,605
20260622  09:28:00,30561.5,30587.0,30555.75,30587.0,570
20260622  09:29:00,30587.25,30592.0,30581.75,30590.0,474
20260622  09:30:00,30589.5,30590.25,30574.75,30582.25,485
20260622  09:31:00,30580.75,30588.0,30577.0,30584.25,400
20260622  09:32:00,30581.75,30582.25,30553.5,30559.0,643
20260622  09:33:00,30558.25,30565.25,30556.5,30561.5,480
20260622  09:34:00,30562.0,30565.25,30547.25,30551.0,458
20260622  09:35:00,30550.0,30560.25,30533.25,30538.75,820
20260622  09:36:00,30538.5,30550.75,30531.0,30547.75,704
20260622  09:37:00,30547.5,30547.75,30532.75,30541.5,382
20260622  09:38:00,30541.5,30543.5,30532.75,30535.25,326
20260622  09:39:00,30535.75,30554.0,30533.75,30548.25,472
20260622  09:40:00,30547.75,30557.0,30526.0,30529.0,833
20260622  09:41:00,30528.5,30557.75,30528.5,30546.0,595
20260622  09:42:00,30546.75,30556.25,30540.0,30552.75,289
20260622  09:43:00,30552.5,30553.25,30529.25,30539.5,516
20260622  09:44:00,30537.75,30549.5,30536.5,30544.0,396
20260622  09:45:00,30544.25,30548.75,30526.75,30527.5,490
20260622  09:46:00,30526.5,30545.5,30522.0,30544.25,721
20260622  09:47:00,30543.5,30558.5,30541.75,30557.25,729
20260622  09:48:00,30555.75,30566.5,30553.25,30560.0,551
20260622  09:49:00,30561.0,30578.0,30552.25,30577.5,475
20260622  09:50:00,30576.5,30591.0,30570.0,30587.25,978
20260622  09:51:00,30587.0,30590.25,30576.5,30586.75,406
20260622  09:52:00,30585.25,30596.0,30581.0,30590.25,692
20260622  09:53:00,30589.75,30589.75,30578.0,30580.5,690
20260622  09:54:00,30580.0,30596.0,30579.5,30592.0,539
20260622  09:55:00,30592.75,30601.5,30580.75,30583.0,664
20260622  09:56:00,30584.25,30585.75,30572.0,30581.5,488
20260622  09:57:00,30580.5,30583.5,30566.5,30574.75,464
20260622  09:58:00,30575.0,30604.25,30571.0,30586.5,1469
20260622  09:59:00,30588.0,30594.5,30583.75,30589.5,424
20260622  10:00:00,30589.25,30592.25,30578.75,30589.0,705
20260622  10:01:00,30589.0,30594.75,30582.25,30588.25,387
20260622  10:02:00,30588.0,30588.75,30573.25,30581.5,340
20260622  10:03:00,30581.25,30601.25,30578.0,30598.5,619
20260622  10:04:00,30599.0,30602.75,30590.5,30590.75,513
20260622  10:05:00,30591.25,30591.25,30562.75,30564.25,602
20260622  10:06:00,30563.75,30564.25,30535.5,30546.75,1019
20260622  10:07:00,30546.25,30547.75,30532.0,30542.75,750
20260622  10:08:00,30542.75,30551.5,30540.75,30543.0,361
20260622  10:09:00,30542.75,30555.0,30540.0,30540.0,428
20260622  10:10:00,30539.5,30554.5,30536.0,30551.0,387
20260622  10:11:00,30550.0,30556.0,30542.0,30545.5,327
20260622  10:12:00,30546.25,30557.75,30545.5,30556.75,274
20260622  10:13:00,30556.75,30561.75,30548.5,30560.5,284
20260622  10:14:00,30561.0,30568.0,30548.0,30568.0,384
20260622  10:15:00,30567.75,30592.25,30567.25,30588.75,739
20260622  10:16:00,30589.0,30593.0,30579.5,30586.25,478
20260622  10:17:00,30585.75,30586.0,30573.75,30580.5,324
20260622  10:18:00,30580.0,30595.75,30580.0,30592.25,343
20260622  10:19:00,30592.5,30600.75,30586.75,30600.75,631
20260622  10:20:00,30600.0,30613.75,30598.5,30601.0,537
20260622  10:21:00,30600.75,30604.5,30588.25,30593.5,453
20260622  10:22:00,30593.75,30600.0,30584.75,30587.75,328
20260622  10:23:00,30588.0,30603.75,30585.75,30597.0,290
20260622  10:24:00,30597.0,30606.75,30593.5,30600.75,291
20260622  10:25:00,30601.5,30602.0,30593.0,30595.5,266
20260622  10:26:00,30595.5,30605.25,30589.0,30604.75,443
20260622  10:27:00,30604.5,30610.75,30598.75,30600.5,332
20260622  10:28:00,30600.75,30610.0,30595.5,30602.5,242
20260622  10:29:00,30602.5,30605.5,30594.0,30597.75,238
20260622  10:30:00,30597.25,30605.5,30589.5,30601.5,385
20260622  10:31:00,30601.25,30603.0,30593.0,30594.25,196
20260622  10:32:00,30594.25,30595.5,30577.0,30583.25,617
20260622  10:33:00,30583.0,30586.75,30573.5,30577.25,503
20260622  10:34:00,30577.25,30590.75,30577.25,30585.75,340
20260622  10:35:00,30585.75,30587.5,30573.75,30580.0,431
20260622  10:36:00,30580.0,30581.75,30559.0,30563.25,610
20260622  10:37:00,30564.0,30580.75,30563.75,30579.25,466
20260622  10:38:00,30579.5,30590.25,30578.0,30583.0,366
20260622  10:39:00,30582.25,30592.25,30576.25,30589.0,291
20260622  10:40:00,30589.0,30598.25,30577.75,30585.25,323
20260622  10:41:00,30584.5,30588.75,30579.5,30582.5,212
20260622  10:42:00,30583.75,30589.5,30577.75,30583.0,222
20260622  10:43:00,30582.75,30585.75,30575.5,30580.0,242
20260622  10:44:00,30580.0,30585.75,30574.75,30580.5,181
20260622  10:45:00,30580.75,30590.5,30573.75,30590.5,310
20260622  10:46:00,30591.0,30598.0,30581.5,30597.0,231
20260622  10:47:00,30596.75,30606.5,30594.5,30601.5,524
20260622  10:48:00,30600.5,30610.75,30597.0,30601.0,420
20260622  10:49:00,30602.0,30616.25,30598.5,30613.25,357
20260622  10:50:00,30613.0,30627.5,30612.25,30623.0,704
20260622  10:51:00,30622.75,30626.25,30608.5,30614.0,448
20260622  10:52:00,30614.25,30632.0,30610.5,30630.75,542
20260622  10:53:00,30630.5,30640.5,30628.0,30639.25,587
20260622  10:54:00,30639.0,30650.0,30638.75,30642.25,752
20260622  10:55:00,30641.75,30642.75,30634.75,30639.75,466
20260622  10:56:00,30639.5,30648.5,30638.5,30646.75,494
20260622  10:57:00,30647.0,30648.0,30632.75,30636.75,814
20260622  10:58:00,30637.0,30637.75,30620.75,30628.5,729
20260622  10:59:00,30628.25,30629.25,30613.75,30615.0,477
20260622  11:00:00,30614.5,30624.5,30612.25,30621.5,708
20260622  11:01:00,30622.0,30628.75,30614.5,30618.75,393
20260622  11:02:00,30618.25,30627.5,30614.25,30621.0,420
20260622  11:03:00,30621.75,30625.5,30601.25,30602.5,550
20260622  11:04:00,30603.25,30617.5,30601.0,30614.75,420
20260622  11:05:00,30614.0,30623.25,30614.0,30620.75,375
20260622  11:06:00,30621.25,30632.75,30615.75,30628.0,534
20260622  11:07:00,30628.0,30631.5,30624.0,30627.75,231
20260622  11:08:00,30628.5,30634.75,30625.25,30628.0,264
20260622  11:09:00,30628.5,30631.25,30625.5,30630.5,259
20260622  11:10:00,30630.75,30637.5,30630.0,30636.25,329
20260622  11:11:00,30635.75,30638.25,30618.75,30619.5,374
20260622  11:12:00,30619.25,30627.25,30614.75,30624.5,285
20260622  11:13:00,30623.75,30631.75,30623.5,30629.75,201
20260622  11:14:00,30630.5,30633.25,30624.5,30625.75,178
20260622  11:15:00,30625.5,30639.75,30625.25,30635.0,467
20260622  11:16:00,30634.75,30649.75,30634.75,30644.5,508
20260622  11:17:00,30645.0,30649.5,30637.75,30641.25,296
20260622  11:18:00,30640.75,30650.75,30639.25,30645.5,268
20260622  11:19:00,30645.5,30648.25,30635.5,30640.5,336
20260622  11:20:00,30640.25,30665.0,30639.0,30658.5,911
20260622  11:21:00,30657.75,30662.25,30653.5,30654.5,346
20260622  11:22:00,30655.0,30657.75,30638.5,30647.75,799
20260622  11:23:00,30648.25,30649.25,30640.25,30642.25,506
20260622  11:24:00,30642.5,30647.5,30641.5,30644.0,281
20260622  11:25:00,30644.0,30646.5,30638.5,30641.5,278
20260622  11:26:00,30641.0,30642.5,30615.75,30622.25,790
20260622  11:27:00,30622.0,30631.0,30617.0,30627.0,577
20260622  11:28:00,30627.0,30628.75,30620.0,30623.5,264
20260622  11:29:00,30623.5,30630.25,30619.25,30627.75,214
20260622  11:30:00,30627.75,30642.5,30627.75,30640.75,573
20260622  11:31:00,30641.25,30647.0,30636.5,30643.25,320
20260622  11:32:00,30641.75,30645.5,30626.75,30634.75,628
20260622  11:33:00,30635.25,30643.25,30625.5,30627.0,399
20260622  11:34:00,30627.0,30629.75,30617.75,30625.75,348
20260622  11:35:00,30625.75,30626.25,30619.0,30622.25,272
20260622  11:36:00,30622.75,30629.5,30616.25,30627.5,454
20260622  11:37:00,30626.5,30633.25,30623.25,30625.0,279
20260622  11:38:00,30625.25,30634.25,30623.5,30624.5,255
20260622  11:39:00,30624.25,30627.5,30611.0,30613.5,393
20260622  11:40:00,30614.0,30617.0,30606.5,30609.25,321
20260622  11:41:00,30608.75,30611.5,30601.5,30606.0,398
20260622  11:42:00,30607.5,30611.0,30598.25,30604.25,335
20260622  11:43:00,30603.75,30604.75,30591.75,30597.25,415
20260622  11:44:00,30597.25,30598.0,30580.75,30582.75,627
20260622  11:45:00,30582.75,30591.5,30574.5,30587.75,678
20260622  11:46:00,30587.75,30594.0,30582.75,30590.25,462
20260622  11:47:00,30591.0,30604.25,30585.25,30601.75,602
20260622  11:48:00,30602.0,30602.0,30593.25,30598.25,226
20260622  11:49:00,30598.5,30604.5,30597.25,30601.25,354
20260622  11:50:00,30601.25,30605.25,30591.5,30595.25,314
20260622  11:51:00,30594.25,30598.0,30586.0,30591.25,427
20260622  11:52:00,30590.5,30591.5,30563.0,30565.0,983
20260622  11:53:00,30564.25,30575.5,30556.0,30570.75,772
20260622  11:54:00,30570.5,30578.5,30555.25,30574.75,686
20260622  11:55:00,30574.5,30575.75,30561.75,30562.75,570
20260622  11:56:00,30563.25,30570.75,30555.75,30567.25,552
20260622  11:57:00,30566.5,30573.5,30559.0,30560.25,435
20260622  11:58:00,30560.0,30566.0,30554.0,30554.75,373
20260622  11:59:00,30554.25,30562.75,30550.5,30558.5,352
20260622  12:00:00,30560.5,30567.5,30553.75,30556.25,627
20260622  12:01:00,30556.5,30568.0,30553.5,30567.5,546
20260622  12:02:00,30567.5,30588.5,30567.25,30588.5,687
20260622  12:03:00,30588.25,30596.75,30585.75,30590.75,675
20260622  12:04:00,30591.25,30593.25,30584.0,30585.5,410
20260622  12:05:00,30584.25,30589.25,30569.0,30578.5,485
20260622  12:06:00,30578.25,30579.5,30568.25,30572.25,385
20260622  12:07:00,30572.25,30572.5,30546.75,30548.25,679
20260622  12:08:00,30548.25,30553.25,30534.5,30550.25,731
20260622  12:09:00,30549.75,30569.0,30549.75,30559.5,520
20260622  12:10:00,30559.5,30567.25,30549.0,30551.0,480
20260622  12:11:00,30551.25,30580.75,30549.0,30573.5,653
20260622  12:12:00,30573.25,30586.75,30569.5,30575.75,454
20260622  12:13:00,30575.75,30582.25,30569.5,30571.75,346
20260622  12:14:00,30571.5,30581.5,30568.0,30574.25,265
20260622  12:15:00,30573.5,30579.5,30562.25,30568.5,486
20260622  12:16:00,30569.25,30575.25,30562.75,30566.75,272
20260622  12:17:00,30568.25,30577.0,30561.0,30573.5,414
20260622  12:18:00,30574.25,30581.5,30571.0,30579.0,443
20260622  12:19:00,30579.5,30587.75,30577.25,30582.0,544
20260622  12:20:00,30581.25,30587.0,30572.5,30573.75,398
20260622  12:21:00,30573.0,30576.75,30556.5,30559.75,517
20260622  12:22:00,30559.75,30562.75,30550.25,30551.25,395
20260622  12:23:00,30550.75,30559.5,30550.75,30557.25,357
20260622  12:24:00,30558.0,30566.0,30553.5,30562.25,395
20260622  12:25:00,30562.25,30568.75,30554.0,30557.25,545
20260622  12:26:00,30557.5,30562.75,30549.75,30554.75,350
20260622  12:27:00,30557.0,30562.5,30551.25,30556.25,363
20260622  12:28:00,30556.5,30565.75,30555.25,30560.25,382
20260622  12:29:00,30560.5,30563.5,30551.75,30552.75,420
20260622  12:30:00,30552.5,30570.5,30552.25,30569.75,777
20260622  12:31:00,30570.25,30578.5,30567.25,30574.0,442
20260622  12:32:00,30573.75,30594.75,30569.0,30590.5,762
20260622  12:33:00,30589.5,30597.75,30585.5,30591.25,547
20260622  12:34:00,30591.25,30592.25,30583.0,30585.25,409
20260622  12:35:00,30584.75,30587.25,30575.25,30575.5,481
20260622  12:36:00,30575.75,30583.0,30570.5,30577.0,564
20260622  12:37:00,30576.25,30586.0,30575.0,30578.75,352
20260622  12:38:00,30579.25,30588.0,30576.75,30585.5,393
20260622  12:39:00,30586.25,30590.5,30579.25,30580.75,390
20260622  12:40:00,30580.0,30585.0,30571.5,30582.0,503
20260622  12:41:00,30582.25,30589.0,30574.5,30579.25,431
20260622  12:42:00,30578.75,30586.0,30566.25,30568.25,455
20260622  12:43:00,30568.0,30574.75,30564.0,30568.0,414
20260622  12:44:00,30569.0,30569.5,30560.0,30564.5,391
20260622  12:45:00,30564.75,30578.0,30563.25,30570.0,597
20260622  12:46:00,30570.25,30581.5,30561.75,30580.75,459
20260622  12:47:00,30580.25,30599.5,30577.75,30593.5,620
20260622  12:48:00,30592.0,30592.75,30576.25,30582.0,563
20260622  12:49:00,30582.0,30590.25,30578.5,30588.25,478
20260622  12:50:00,30590.0,30640.5,30579.0,30636.25,2184
20260622  12:51:00,30635.5,30648.75,30624.75,30641.25,1375
20260622  12:52:00,30641.25,30645.25,30627.75,30637.75,892
20260622  12:53:00,30638.0,30641.75,30627.0,30640.5,820
20260622  12:54:00,30640.0,30644.25,30618.0,30626.0,1369
20260622  12:55:00,30626.75,30649.0,30625.75,30632.5,1650
20260622  12:56:00,30632.5,30633.0,30611.75,30617.0,1121
20260622  12:57:00,30617.5,30637.25,30616.75,30636.5,1207
20260622  12:58:00,30635.75,30646.0,30632.25,30641.75,1491
20260622  12:59:00,30641.75,30673.5,30638.0,30654.25,8028
20260622  13:00:00,30653.25,30660.75,30642.75,30656.75,3010
20260622  13:01:00,30657.25,30672.75,30655.5,30667.0,1210
20260622  13:02:00,30667.25,30677.75,30666.0,30670.5,1725
20260622  13:03:00,30670.25,30670.25,30659.75,30667.25,522
20260622  13:04:00,30667.75,30667.75,30661.25,30661.5,291
20260622  13:05:00,30662.0,30664.5,30653.5,30656.0,385
20260622  13:06:00,30656.25,30656.5,30643.5,30645.5,404
20260622  13:07:00,30645.75,30651.0,30640.25,30645.25,323
20260622  13:08:00,30644.75,30648.5,30642.5,30646.25,221
20260622  13:09:00,30645.5,30646.25,30642.0,30645.0,202
20260622  13:10:00,30644.25,30649.5,30642.25,30647.5,275
20260622  13:11:00,30647.5,30649.75,30642.5,30642.75,244
20260622  13:12:00,30643.0,30651.5,30639.0,30647.75,397
20260622  13:13:00,30648.0,30652.0,30645.75,30650.75,226
20260622  13:14:00,30650.25,30656.0,30649.75,30652.25,326
20260622  13:15:00,30653.0,30655.0,30648.5,30652.5,311
20260622  13:16:00,30652.0,30657.75,30652.0,30657.75,179
20260622  13:17:00,30658.0,30663.0,30658.0,30661.75,399
20260622  13:18:00,30662.0,30665.5,30661.25,30664.5,294
20260622  13:19:00,30664.5,30673.75,30664.5,30670.5,265
20260622  13:20:00,30671.5,30671.75,30668.0,30668.5,239
20260622  13:21:00,30668.5,30669.0,30661.75,30662.25,195
20260622  13:22:00,30662.25,30663.25,30658.75,30659.75,187
20260622  13:23:00,30660.0,30662.25,30658.5,30660.5,137
20260622  13:24:00,30661.0,30661.25,30657.25,30658.25,150
20260622  13:25:00,30658.5,30658.5,30651.25,30655.5,240
20260622  13:26:00,30656.5,30656.75,30652.5,30655.75,109
20260622  13:27:00,30655.0,30655.0,30649.25,30650.0,111
20260622  13:28:00,30650.75,30650.75,30645.75,30647.0,124
20260622  13:29:00,30646.75,30648.75,30644.25,30648.75,97
20260622  13:30:00,30649.25,30652.5,30647.5,30651.25,192
20260622  13:31:00,30650.25,30652.5,30648.0,30652.25,126
20260622  13:32:00,30652.5,30655.5,30650.75,30655.0,72
20260622  13:33:00,30653.75,30656.5,30653.5,30654.75,126
20260622  13:34:00,30655.5,30656.5,30650.75,30652.0,113
20260622  13:35:00,30651.0,30653.75,30650.0,30650.25,83
20260622  13:36:00,30650.75,30656.0,30649.5,30654.25,114
20260622  13:37:00,30654.25,30656.5,30652.5,30652.5,86
20260622  13:38:00,30652.0,30655.75,30651.25,30655.0,66
20260622  13:39:00,30654.25,30655.0,30651.5,30652.5,55
20260622  13:40:00,30653.0,30655.75,30653.0,30655.75,55
20260622  13:41:00,30656.0,30656.75,30654.0,30654.5,62
20260622  13:42:00,30655.25,30657.25,30653.75,30656.0,169
20260622  13:43:00,30656.0,30658.0,30655.25,30656.0,116
20260622  13:44:00,30656.0,30657.75,30655.25,30657.0,88
20260622  13:45:00,30657.25,30657.25,30652.25,30655.25,98
20260622  13:46:00,30655.25,30656.75,30654.0,30656.5,57
20260622  13:47:00,30657.25,30659.0,30654.0,30654.0,92
20260622  13:48:00,30654.5,30657.0,30652.75,30654.75,147
20260622  13:49:00,30654.25,30657.75,30654.25,30657.75,110
20260622  13:50:00,30657.5,30658.0,30653.75,30655.25,93
20260622  13:51:00,30655.5,30656.0,30651.0,30651.0,72
20260622  13:52:00,30652.0,30653.75,30651.25,30651.75,81
20260622  13:53:00,30652.0,30652.75,30648.75,30649.5,78
20260622  13:54:00,30649.25,30653.0,30649.25,30652.0,75
20260622  13:55:00,30652.0,30656.0,30651.25,30654.25,49
20260622  13:56:00,30654.25,30656.5,30653.75,30655.5,40
20260622  13:57:00,30656.0,30656.5,30652.75,30654.25,68
20260622  13:58:00,30654.0,30672.75,30653.0,30669.25,378
20260622  13:59:00,30669.5,30672.0,30661.0,30662.5,347
20260622  15:00:00,30662.75,30673.75,30645.5,30665.0,471
20260622  15:01:00,30664.25,30695.75,30662.75,30693.75,464
20260622  15:02:00,30693.5,30701.25,30688.5,30692.75,240
20260622  15:03:00,30694.0,30698.0,30676.5,30680.75,238
20260622  15:04:00,30682.5,30686.25,30671.75,30676.75,132
20260622  15:05:00,30674.5,30686.0,30663.5,30670.75,242
20260622  15:06:00,30668.0,30675.75,30660.75,30661.75,139
20260622  15:07:00,30665.5,30665.5,30655.5,30660.5,235
20260622  15:08:00,30659.75,30659.75,30648.25,30655.75,209
20260622  15:09:00,30655.75,30670.0,30654.25,30668.5,121
20260622  15:10:00,30670.25,30670.5,30662.5,30663.0,83
20260622  15:11:00,30660.0,30669.5,30655.75,30669.25,79
20260622  15:12:00,30667.75,30670.0,30665.0,30667.5,46
20260622  15:13:00,30666.5,30667.75,30662.75,30664.25,34
20260622  15:14:00,30664.25,30664.5,30659.75,30664.5,40
20260622  15:15:00,30664.25,30665.5,30660.75,30661.75,18
20260622  15:16:00,30661.75,30666.5,30660.0,30665.75,33
20260622  15:17:00,30667.0,30670.0,30661.75,30662.5,51
20260622  15:18:00,30663.0,30668.0,30659.75,30665.25,28
20260622  15:19:00,30665.25,30666.75,30663.75,30666.25,17
20260622  15:20:00,30664.25,30665.0,30656.5,30657.5,26
20260622  15:21:00,30656.5,30669.25,30656.5,30667.5,76
20260622  15:22:00,30666.75,30668.75,30662.5,30664.5,36
20260622  15:23:00,30665.75,30674.25,30665.5,30669.5,60
20260622  15:24:00,30670.5,30673.75,30668.0,30669.0,57
20260622  15:25:00,30669.5,30670.0,30665.0,30668.0,19
20260622  15:26:00,30668.75,30668.75,30662.25,30664.5,33
20260622  15:27:00,30665.5,30665.5,30660.75,30660.75,17
20260622  15:28:00,30660.0,30660.0,30649.75,30649.75,198
20260622  15:29:00,30649.0,30652.0,30634.0,30641.0,434
20260622  15:30:00,30640.0,30644.25,30631.25,30633.5,234
20260622  15:31:00,30632.25,30634.75,30618.75,30621.0,203
20260622  15:32:00,30622.25,30623.25,30615.5,30619.25,137
20260622  15:33:00,30618.5,30620.0,30610.25,30615.75,109
20260622  15:34:00,30614.25,30615.25,30601.25,30604.5,233
20260622  15:35:00,30604.25,30607.25,30596.0,30597.25,156
20260622  15:36:00,30596.75,30596.75,30583.5,30588.75,256
20260622  15:37:00,30588.75,30596.0,30572.0,30578.75,408
20260622  15:38:00,30579.5,30584.0,30576.0,30582.0,176
20260622  15:39:00,30583.25,30598.75,30583.25,30595.5,190
20260622  15:40:00,30595.75,30598.75,30580.25,30586.5,195
20260622  15:41:00,30585.0,30590.75,30584.5,30590.0,53
20260622  15:42:00,30591.25,30592.0,30580.75,30589.0,88
20260622  15:43:00,30588.5,30588.5,30583.75,30587.0,18
20260622  15:44:00,30584.5,30585.25,30568.5,30574.75,196
20260622  15:45:00,30573.0,30585.5,30572.25,30575.25,100
20260622  15:46:00,30576.25,30578.25,30566.5,30571.75,127
20260622  15:47:00,30573.0,30575.0,30569.25,30575.0,44
20260622  15:48:00,30574.25,30583.5,30574.25,30583.5,99
20260622  15:49:00,30584.25,30588.5,30580.75,30586.75,161
20260622  15:50:00,30588.0,30589.5,30583.75,30588.0,108
20260622  15:51:00,30588.0,30590.5,30580.75,30589.25,62
20260622  15:52:00,30587.0,30588.5,30581.0,30583.5,47
20260622  15:53:00,30585.25,30585.25,30579.5,30582.0,49
20260622  15:54:00,30583.25,30593.0,30582.0,30591.5,90
20260622  15:55:00,30590.0,30593.75,30586.0,30588.0,136
20260622  15:56:00,30589.75,30591.75,30585.75,30587.5,89
20260622  15:57:00,30586.75,30589.0,30580.75,30587.75,105
20260622  15:58:00,30588.25,30589.75,30586.0,30587.75,40
20260622  15:59:00,30586.0,30586.5,30582.0,30582.25,45
20260622  16:00:00,30581.5,30582.25,30575.25,30579.5,166
20260622  16:01:00,30579.75,30588.5,30579.75,30586.25,101
20260622  16:02:00,30586.0,30586.0,30579.0,30579.25,53
20260622  16:03:00,30579.5,30579.5,30560.5,30572.0,260
20260622  16:04:00,30572.75,30579.25,30570.75,30574.75,116
20260622  16:05:00,30574.5,30575.25,30569.5,30571.5,60
20260622  16:06:00,30572.75,30579.75,30572.25,30579.75,46
20260622  16:07:00,30578.0,30578.0,30570.0,30575.75,57
20260622  16:08:00,30577.25,30577.25,30572.0,30573.5,31
20260622  16:09:00,30571.75,30579.5,30569.25,30578.5,41
20260622  16:10:00,30579.25,30579.5,30568.0,30572.75,39
20260622  16:11:00,30571.75,30572.75,30562.0,30565.75,109
20260622  16:12:00,30566.5,30568.5,30563.75,30567.25,68
20260622  16:13:00,30567.0,30567.0,30557.75,30559.75,137
20260622  16:14:00,30559.25,30563.0,30556.25,30558.75,131
20260622  16:15:00,30559.75,30559.75,30546.0,30551.25,310
20260622  16:16:00,30552.0,30556.5,30547.5,30553.75,59
20260622  16:17:00,30554.5,30558.5,30549.25,30556.75,77
20260622  16:18:00,30557.0,30557.0,30547.5,30547.75,57
20260622  16:19:00,30547.75,30551.0,30547.25,30548.75,32
20260622  16:20:00,30548.25,30558.0,30545.0,30556.25,103
20260622  16:21:00,30555.25,30559.5,30553.75,30559.25,74
20260622  16:22:00,30559.5,30559.5,30551.75,30556.25,47
20260622  16:23:00,30554.75,30565.0,30553.0,30555.75,161
20260622  16:24:00,30556.75,30560.0,30555.0,30558.25,66
20260622  16:25:00,30559.75,30561.25,30554.75,30555.75,51
20260622  16:26:00,30555.5,30566.75,30552.25,30564.0,147
20260622  16:27:00,30565.0,30570.75,30564.5,30568.25,114
20260622  16:28:00,30568.0,30572.5,30566.25,30570.0,89
20260622  16:29:00,30569.25,30573.5,30568.5,30572.0,41
20260622  16:30:00,30572.0,30575.0,30566.0,30574.5,71
20260622  16:31:00,30574.5,30574.5,30569.25,30573.0,54
20260622  16:32:00,30573.5,30574.75,30570.0,30572.0,39
20260622  16:33:00,30571.25,30571.25,30566.5,30569.0,50
20260622  16:34:00,30568.0,30568.0,30565.0,30567.0,22
20260622  16:35:00,30567.0,30576.75,30567.0,30575.0,64
20260622  16:36:00,30575.0,30575.25,30567.75,30570.0,69
20260622  16:37:00,30570.0,30573.0,30567.0,30571.5,40
20260622  16:38:00,30571.0,30572.25,30562.25,30565.25,73
20260622  16:39:00,30564.25,30566.0,30559.0,30560.25,73
20260622  16:40:00,30563.75,30565.0,30560.5,30563.5,32
20260622  16:41:00,30564.75,30571.75,30564.75,30571.5,54
20260622  16:42:00,30571.0,30571.75,30567.25,30569.0,28
20260622  16:43:00,30569.0,30572.5,30569.0,30570.25,20
20260622  16:44:00,30570.25,30573.75,30570.0,30573.5,27
20260622  16:45:00,30573.5,30579.0,30564.0,30568.0,204
20260622  16:46:00,30567.75,30567.75,30556.5,30561.75,153
20260622  16:47:00,30560.5,30560.5,30549.75,30556.75,159
20260622  16:48:00,30556.25,30564.25,30556.25,30563.5,67
20260622  16:49:00,30561.75,30561.75,30546.5,30554.75,123
20260622  16:50:00,30554.75,30555.25,30547.75,30548.5,63
20260622  16:51:00,30548.5,30551.0,30545.5,30545.75,60
20260622  16:52:00,30546.75,30553.25,30540.0,30551.5,222
20260622  16:53:00,30551.25,30559.75,30547.75,30558.5,102
20260622  16:54:00,30556.25,30563.5,30556.25,30559.5,102
20260622  16:55:00,30556.75,30570.0,30555.0,30569.25,116
20260622  16:56:00,30568.0,30569.5,30564.25,30566.0,64
20260622  16:57:00,30566.0,30568.5,30563.0,30565.75,47
20260622  16:58:00,30566.5,30566.5,30560.75,30564.25,46
20260622  16:59:00,30563.0,30578.25,30562.5,30575.0,159
20260622  17:00:00,30574.25,30598.5,30571.75,30588.0,449
20260622  17:01:00,30589.5,30602.25,30579.5,30581.25,249
20260622  17:02:00,30581.0,30587.0,30577.25,30580.5,133
20260622  17:03:00,30581.25,30598.0,30581.25,30586.0,249
20260622  17:04:00,30585.5,30592.0,30582.0,30591.25,114
20260622  17:05:00,30589.0,30594.0,30578.0,30591.5,124
20260622  17:06:00,30588.75,30597.0,30571.25,30575.5,248
20260622  17:07:00,30578.25,30583.0,30571.75,30581.25,113
20260622  17:08:00,30576.25,30576.75,30558.5,30562.75,234
20260622  17:09:00,30562.0,30571.25,30561.25,30561.25,92
20260622  17:10:00,30559.25,30562.75,30551.75,30559.25,190
20260622  17:11:00,30560.25,30561.25,30544.0,30544.0,141
20260622  17:12:00,30545.0,30545.75,30519.75,30532.0,529
20260622  17:13:00,30531.0,30539.0,30523.5,30530.25,154
20260622  17:14:00,30527.5,30527.5,30518.0,30520.0,179
20260622  17:15:00,30521.75,30545.0,30521.25,30543.5,330
20260622  17:16:00,30543.75,30545.0,30515.75,30516.75,283
20260622  17:17:00,30516.25,30520.25,30509.75,30514.75,278
20260622  17:18:00,30514.0,30523.75,30507.75,30520.5,176
20260622  17:19:00,30519.0,30519.0,30505.0,30508.25,172
20260622  17:20:00,30508.25,30509.25,30504.75,30505.25,123
20260622  17:21:00,30506.0,30508.0,30491.0,30494.25,421
20260622  17:22:00,30496.5,30500.25,30481.0,30487.25,295
20260622  17:23:00,30487.5,30497.5,30470.5,30473.5,455
20260622  17:24:00,30473.5,30481.25,30461.25,30467.25,357
20260622  17:25:00,30468.0,30484.0,30464.75,30483.0,572
20260622  17:26:00,30481.75,30506.75,30481.75,30502.5,429
20260622  17:27:00,30502.0,30512.5,30493.25,30495.0,246
20260622  17:28:00,30494.25,30498.5,30480.5,30483.25,242
20260622  17:29:00,30482.75,30495.75,30481.25,30495.5,125
20260622  17:30:00,30496.25,30502.0,30481.75,30502.0,208
20260622  17:31:00,30502.5,30522.25,30501.25,30517.5,316
20260622  17:32:00,30519.0,30526.75,30518.25,30522.0,169
20260622  17:33:00,30524.0,30530.0,30513.0,30526.5,204
20260622  17:34:00,30528.25,30534.25,30521.0,30526.25,175
20260622  17:35:00,30526.0,30527.75,30514.5,30516.75,151
20260622  17:36:00,30517.25,30519.25,30510.0,30512.75,123
20260622  17:37:00,30512.25,30519.75,30510.5,30516.5,77
20260622  17:38:00,30516.75,30539.0,30515.0,30539.0,185
20260622  17:39:00,30538.25,30557.75,30537.25,30552.5,405
20260622  17:40:00,30552.25,30558.25,30547.75,30551.5,222
20260622  17:41:00,30550.25,30565.25,30548.75,30565.25,196
20260622  17:42:00,30564.0,30567.25,30550.5,30555.5,147
20260622  17:43:00,30556.0,30577.25,30556.0,30574.25,200
20260622  17:44:00,30574.25,30607.25,30574.0,30604.5,489
20260622  17:45:00,30606.5,30636.0,30599.5,30626.25,631
20260622  17:46:00,30625.75,30632.0,30602.5,30604.75,391
20260622  17:47:00,30603.0,30614.0,30594.25,30610.5,292
20260622  17:48:00,30611.25,30625.5,30609.25,30618.5,189
20260622  17:49:00,30618.0,30621.0,30606.75,30613.25,176
20260622  17:50:00,30614.0,30616.75,30609.25,30610.25,114
20260622  17:51:00,30609.25,30615.25,30599.25,30602.75,182
20260622  17:52:00,30604.5,30614.0,30601.5,30602.75,267
20260622  17:53:00,30604.0,30604.25,30594.0,30600.5,229
20260622  17:54:00,30599.75,30609.0,30597.5,30599.0,99
20260622  17:55:00,30599.0,30599.5,30588.75,30593.5,170
20260622  17:56:00,30590.25,30594.5,30586.25,30590.75,115
20260622  17:57:00,30590.5,30602.25,30586.75,30597.25,178
20260622  17:58:00,30598.75,30608.25,30596.0,30598.75,129
20260622  17:59:00,30597.75,30602.5,30591.5,30602.0,63
20260622  18:00:00,30602.75,30615.5,30599.0,30600.25,274
20260622  18:01:00,30606.0,30608.0,30594.75,30596.25,139
20260622  18:02:00,30594.75,30595.75,30586.0,30594.75,256
20260622  18:03:00,30593.75,30613.0,30592.25,30609.0,208
20260622  18:04:00,30608.25,30616.0,30603.0,30610.75,273
20260622  18:05:00,30610.0,30616.25,30598.75,30608.5,280
20260622  18:06:00,30608.25,30608.25,30581.25,30586.25,246
20260622  18:07:00,30586.5,30593.75,30581.0,30592.25,168
20260622  18:08:00,30594.0,30614.5,30593.75,30604.0,317
20260622  18:09:00,30604.0,30612.75,30600.75,30603.0,165
20260622  18:10:00,30602.25,30606.5,30596.0,30605.0,137
20260622  18:11:00,30604.5,30615.5,30602.0,30613.75,146
20260622  18:12:00,30610.5,30615.75,30608.75,30609.5,67
20260622  18:13:00,30608.25,30609.0,30593.75,30595.25,151
20260622  18:14:00,30593.75,30594.5,30584.0,30584.5,108
20260622  18:15:00,30584.25,30594.0,30578.5,30582.25,236
20260622  18:16:00,30586.0,30586.0,30569.75,30576.0,298
20260622  18:17:00,30576.0,30577.5,30564.5,30572.0,190
20260622  18:18:00,30571.0,30577.25,30562.0,30569.0,259
20260622  18:19:00,30565.25,30574.0,30557.75,30567.5,173
20260622  18:20:00,30565.5,30574.75,30559.5,30560.25,107
20260622  18:21:00,30560.75,30566.0,30555.5,30562.5,143
20260622  18:22:00,30562.0,30576.25,30562.0,30568.25,170
20260622  18:23:00,30568.0,30569.25,30554.0,30559.0,134
20260622  18:24:00,30558.0,30559.75,30550.25,30554.0,177
20260622  18:25:00,30552.75,30567.0,30552.75,30565.25,162
20260622  18:26:00,30567.5,30573.75,30563.5,30573.75,152
20260622  18:27:00,30575.25,30581.0,30564.5,30568.75,207
20260622  18:28:00,30567.0,30567.0,30558.0,30567.0,96
20260622  18:29:00,30565.0,30569.0,30562.0,30566.25,74
20260622  18:30:00,30565.25,30573.0,30554.5,30554.5,169
20260622  18:31:00,30556.5,30562.75,30554.75,30556.5,152
20260622  18:32:00,30556.25,30556.25,30543.5,30547.5,235
20260622  18:33:00,30547.5,30549.25,30534.0,30543.25,291
20260622  18:34:00,30542.25,30542.5,30516.5,30519.25,317
20260622  18:35:00,30519.75,30523.5,30500.0,30501.0,376
20260622  18:36:00,30501.0,30503.75,30486.75,30487.75,437
20260622  18:37:00,30486.5,30505.5,30486.5,30487.25,536
20260622  18:38:00,30486.5,30492.5,30476.75,30489.0,287
20260622  18:39:00,30489.0,30503.25,30486.0,30500.0,248
20260622  18:40:00,30498.0,30514.5,30497.75,30507.0,193
20260622  18:41:00,30505.75,30517.25,30504.25,30514.75,170
20260622  18:42:00,30514.5,30517.75,30485.0,30485.0,230
20260622  18:43:00,30486.25,30487.25,30473.25,30480.75,319
20260622  18:44:00,30481.25,30490.0,30465.5,30472.0,328
20260622  18:45:00,30471.25,30472.5,30451.5,30462.0,405
20260622  18:46:00,30460.5,30463.75,30445.75,30452.75,515
20260622  18:47:00,30451.75,30461.75,30447.25,30457.0,213
20260622  18:48:00,30454.75,30454.75,30440.0,30446.75,356
20260622  18:49:00,30448.25,30456.75,30433.25,30442.0,377
20260622  18:50:00,30443.0,30443.25,30406.0,30419.0,784
20260622  18:51:00,30420.25,30455.0,30420.25,30451.0,485
20260622  18:52:00,30449.0,30457.5,30440.0,30452.0,209
20260622  18:53:00,30452.5,30461.25,30445.75,30457.5,196
20260622  18:54:00,30457.5,30463.25,30453.0,30456.0,114
20260622  18:55:00,30455.5,30456.25,30447.25,30455.25,172
20260622  18:56:00,30453.75,30462.5,30450.25,30453.75,178
20260622  18:57:00,30455.5,30478.25,30450.0,30473.75,297
20260622  18:58:00,30472.75,30480.75,30463.0,30463.75,317
20260622  18:59:00,30465.0,30467.0,30456.75,30459.75,123
20260622  19:00:00,30462.25,30472.75,30449.25,30450.25,204
20260622  19:01:00,30454.25,30456.25,30445.75,30450.0,171
20260622  19:02:00,30450.5,30455.25,30441.25,30448.75,158
20260622  19:03:00,30446.75,30452.75,30436.0,30451.0,179
20260622  19:04:00,30453.25,30468.75,30448.75,30462.0,183
20260622  19:05:00,30462.75,30462.75,30445.0,30446.0,116
20260622  19:06:00,30447.5,30450.5,30434.0,30434.5,198
20260622  19:07:00,30433.25,30436.25,30417.0,30417.5,368
20260622  19:08:00,30419.5,30424.25,30405.25,30411.5,378
20260622  19:09:00,30409.25,30417.5,30401.0,30417.5,368
20260622  19:10:00,30418.0,30428.25,30411.0,30412.25,259
20260622  19:11:00,30413.0,30417.75,30402.75,30416.25,204
20260622  19:12:00,30416.5,30434.0,30414.5,30431.5,152
20260622  19:13:00,30430.25,30439.5,30425.75,30425.75,124
20260622  19:14:00,30430.0,30439.0,30426.75,30434.75,96
20260622  19:15:00,30434.25,30453.0,30434.25,30451.25,260
20260622  19:16:00,30452.0,30453.0,30438.75,30439.25,293
20260622  19:17:00,30438.0,30441.25,30430.0,30436.25,118
20260622  19:18:00,30440.0,30450.5,30437.75,30444.5,110
20260622  19:19:00,30445.25,30459.0,30440.5,30451.75,215
20260622  19:20:00,30450.25,30457.75,30445.25,30452.0,100
20260622  19:21:00,30452.0,30462.0,30445.75,30462.0,136
20260622  19:22:00,30460.25,30461.25,30450.25,30452.25,73
20260622  19:23:00,30452.0,30452.0,30445.0,30449.5,107
20260622  19:24:00,30449.75,30452.75,30445.0,30449.5,128
20260622  19:25:00,30450.5,30457.0,30448.25,30448.25,92
20260622  19:26:00,30449.75,30449.75,30442.0,30449.5,92
20260622  19:27:00,30449.0,30462.5,30449.0,30460.5,113
20260622  19:28:00,30460.25,30464.0,30457.0,30463.25,113
20260622  19:29:00,30463.0,30465.0,30450.5,30456.25,118
20260622  19:30:00,30455.25,30457.25,30445.5,30446.0,115
20260622  19:31:00,30445.0,30453.0,30443.75,30444.25,56
20260622  19:32:00,30443.75,30448.5,30440.5,30444.5,119
20260622  19:33:00,30447.25,30448.25,30438.0,30440.25,76
20260622  19:34:00,30442.25,30447.0,30432.5,30432.75,109
20260622  19:35:00,30434.0,30445.25,30426.5,30426.5,131
20260622  19:36:00,30427.75,30432.25,30424.75,30430.5,91
20260622  19:37:00,30429.0,30436.25,30427.5,30433.25,80
20260622  19:38:00,30433.75,30440.0,30431.75,30434.5,101
20260622  19:39:00,30434.0,30435.75,30428.5,30431.75,89
20260622  19:40:00,30432.75,30438.25,30425.0,30438.25,71
20260622  19:41:00,30437.0,30439.25,30433.75,30437.25,53
20260622  19:42:00,30439.75,30443.0,30432.75,30432.75,65
20260622  19:43:00,30432.25,30432.25,30421.75,30426.5,79
20260622  19:44:00,30425.5,30437.5,30425.5,30434.25,95
20260622  19:45:00,30432.5,30438.5,30431.75,30434.5,73
20260622  19:46:00,30432.0,30432.0,30410.0,30410.5,282
20260622  19:47:00,30411.75,30412.5,30401.0,30404.75,244
20260622  19:48:00,30404.25,30413.0,30404.25,30410.25,136
20260622  19:49:00,30411.75,30418.0,30410.25,30412.25,125
20260622  19:50:00,30415.25,30425.0,30411.25,30420.5,108
20260622  19:51:00,30421.75,30429.0,30420.75,30421.75,75
20260622  19:52:00,30421.75,30431.0,30419.75,30431.0,64
20260622  19:53:00,30431.25,30432.25,30420.25,30425.75,51
20260622  19:54:00,30426.75,30426.75,30412.5,30415.25,81
20260622  19:55:00,30414.5,30424.25,30414.5,30419.75,71
20260622  19:56:00,30420.25,30433.5,30420.25,30427.5,124
20260622  19:57:00,30425.0,30427.5,30409.0,30410.0,91
20260622  19:58:00,30411.0,30411.0,30400.0,30403.0,329
20260622  19:59:00,30401.0,30408.0,30389.0,30405.25,337
20260622  20:00:00,30406.0,30412.5,30392.0,30392.0,208
20260622  20:01:00,30392.0,30398.5,30390.5,30391.25,139
20260622  20:02:00,30390.75,30398.5,30388.0,30395.75,124
20260622  20:03:00,30397.25,30405.5,30395.25,30398.25,126
20260622  20:04:00,30399.0,30401.75,30393.5,30397.25,57
20260622  20:05:00,30395.75,30395.75,30385.0,30390.75,144
20260622  20:06:00,30389.25,30389.25,30374.75,30378.0,259
20260622  20:07:00,30378.0,30386.25,30378.0,30383.0,116
20260622  20:08:00,30381.5,30384.0,30376.25,30379.25,93
20260622  20:09:00,30379.75,30379.75,30367.5,30367.75,200
20260622  20:10:00,30368.5,30372.5,30363.25,30366.75,279
20260622  20:11:00,30365.5,30369.0,30361.0,30363.25,167
20260622  20:12:00,30363.25,30364.0,30356.75,30362.5,198
20260622  20:13:00,30363.5,30376.5,30363.5,30371.0,228
20260622  20:14:00,30370.75,30375.25,30363.75,30367.25,116
20260622  20:15:00,30366.0,30369.0,30362.5,30362.5,87
20260622  20:16:00,30364.25,30368.25,30356.5,30362.5,149
20260622  20:17:00,30363.75,30379.25,30357.25,30378.25,157
20260622  20:18:00,30379.25,30379.25,30371.0,30371.25,134
20260622  20:19:00,30371.0,30372.5,30359.0,30361.0,188
20260622  20:20:00,30361.5,30367.25,30358.75,30360.5,173
20260622  20:21:00,30359.75,30363.75,30352.0,30359.5,201
20260622  20:22:00,30360.5,30368.5,30359.0,30366.5,138
20260622  20:23:00,30367.5,30370.0,30353.25,30354.5,149
20260622  20:24:00,30355.0,30359.25,30353.25,30358.25,61
20260622  20:25:00,30357.0,30365.0,30350.25,30363.25,225
20260622  20:26:00,30362.25,30374.0,30362.25,30372.0,215
20260622  20:27:00,30373.5,30374.5,30362.75,30362.75,140
20260622  20:28:00,30362.5,30374.75,30359.5,30367.5,94
20260622  20:29:00,30368.5,30368.5,30363.75,30366.5,77
20260622  20:30:00,30364.75,30365.25,30351.75,30356.25,256
20260622  20:31:00,30353.5,30354.25,30344.0,30345.5,236
20260622  20:32:00,30345.5,30352.25,30335.0,30348.25,403
20260622  20:33:00,30347.75,30363.75,30347.75,30352.5,231
20260622  20:34:00,30351.25,30352.75,30336.0,30340.25,214
20260622  20:35:00,30340.25,30345.0,30337.25,30340.25,152
20260622  20:36:00,30340.0,30340.5,30326.0,30333.0,277
20260622  20:37:00,30332.5,30334.75,30318.0,30321.5,260
20260622  20:38:00,30323.0,30323.0,30312.5,30317.5,236
20260622  20:39:00,30316.5,30327.0,30316.5,30321.0,199
20260622  20:40:00,30319.5,30319.5,30301.25,30309.0,300
20260622  20:41:00,30309.0,30313.25,30301.0,30309.5,154
20260622  20:42:00,30311.25,30323.5,30307.0,30318.0,194
20260622  20:43:00,30318.5,30323.75,30308.25,30323.25,246
20260622  20:44:00,30323.5,30333.0,30321.0,30331.0,271
20260622  20:45:00,30329.75,30339.5,30327.75,30330.0,188
20260622  20:46:00,30328.25,30330.0,30313.0,30314.25,171
20260622  20:47:00,30314.5,30326.0,30313.5,30325.75,131
20260622  20:48:00,30326.0,30338.0,30321.25,30337.5,174
20260622  20:49:00,30337.0,30341.75,30333.75,30337.75,120
20260622  20:50:00,30336.75,30354.0,30336.75,30350.25,389
20260622  20:51:00,30352.0,30353.75,30342.25,30351.75,162
20260622  20:52:00,30351.5,30370.0,30351.25,30365.0,245
20260622  20:53:00,30363.75,30374.75,30361.5,30374.0,114
20260622  20:54:00,30374.0,30378.75,30374.0,30375.5,185
20260622  20:55:00,30375.0,30382.75,30368.25,30378.25,225
20260622  20:56:00,30378.75,30382.25,30373.25,30375.0,134
20260622  20:57:00,30374.25,30384.0,30373.5,30381.25,139
20260622  20:58:00,30379.5,30385.75,30376.0,30383.0,66
20260622  20:59:00,30383.0,30402.0,30381.75,30400.0,331
20260622  21:00:00,30400.75,30417.25,30399.25,30411.5,505
20260622  21:01:00,30411.0,30411.75,30398.25,30405.25,189
20260622  21:02:00,30404.75,30406.25,30397.0,30397.0,168
20260622  21:03:00,30398.75,30400.25,30390.75,30391.25,140
20260622  21:04:00,30394.75,30402.0,30394.75,30398.25,73
20260622  21:05:00,30399.0,30400.0,30385.25,30387.25,116
20260622  21:06:00,30387.0,30390.0,30377.25,30384.0,165
20260622  21:07:00,30384.5,30387.25,30374.0,30377.25,146
20260622  21:08:00,30378.0,30380.25,30368.75,30368.75,178
20260622  21:09:00,30370.75,30371.25,30360.5,30362.75,187
20260622  21:10:00,30363.0,30365.75,30350.25,30355.0,205
20260622  21:11:00,30354.25,30361.75,30340.25,30342.0,224
20260622  21:12:00,30342.0,30355.0,30335.5,30350.0,296
20260622  21:13:00,30350.25,30360.0,30344.0,30356.75,141
20260622  21:14:00,30357.0,30357.75,30350.75,30354.75,55
20260622  21:15:00,30353.75,30354.75,30336.25,30338.0,129
20260622  21:16:00,30335.25,30340.75,30326.25,30332.0,201
20260622  21:17:00,30330.75,30333.25,30326.0,30329.5,125
20260622  21:18:00,30329.25,30331.75,30318.5,30324.75,137
20260622  21:19:00,30324.75,30328.5,30317.0,30321.5,70
20260622  21:20:00,30321.5,30323.75,30316.5,30323.75,101
20260622  21:21:00,30322.5,30323.75,30313.0,30313.5,113
20260622  21:22:00,30315.0,30318.5,30305.25,30308.0,200
20260622  21:23:00,30307.75,30316.75,30306.5,30312.0,124
20260622  21:24:00,30313.75,30326.75,30312.25,30322.75,199
20260622  21:25:00,30322.5,30327.5,30319.25,30325.0,112
20260622  21:26:00,30328.0,30332.75,30322.75,30323.25,146
20260622  21:27:00,30324.25,30329.75,30318.0,30318.75,112
20260622  21:28:00,30318.5,30325.0,30317.25,30325.0,85
20260622  21:29:00,30325.5,30338.0,30323.0,30330.0,136
20260622  21:30:00,30329.5,30330.5,30314.25,30317.75,136
20260622  21:31:00,30318.0,30319.5,30312.5,30315.25,78
20260622  21:32:00,30317.0,30328.75,30313.25,30326.5,130
20260622  21:33:00,30327.0,30327.75,30316.25,30318.75,53
20260622  21:34:00,30318.0,30321.5,30312.75,30314.5,48
20260622  21:35:00,30316.5,30316.5,30306.5,30309.0,143
20260622  21:36:00,30310.0,30316.0,30304.75,30316.0,125
20260622  21:37:00,30312.5,30322.25,30308.25,30318.5,81
20260622  21:38:00,30319.0,30319.0,30305.5,30309.5,87
20260622  21:39:00,30307.25,30313.25,30302.5,30311.0,117
20260622  21:40:00,30309.75,30311.0,30301.0,30304.75,96
20260622  21:41:00,30304.25,30304.25,30294.25,30298.0,430
20260622  21:42:00,30299.25,30303.75,30295.0,30296.0,150
20260622  21:43:00,30294.75,30296.25,30280.0,30292.5,330
20260622  21:44:00,30291.5,30299.0,30287.0,30295.5,111
20260622  21:45:00,30297.75,30304.25,30291.0,30291.0,99
20260622  21:46:00,30291.5,30302.5,30287.5,30298.5,102
20260622  21:47:00,30298.25,30298.75,30290.5,30291.75,68
20260622  21:48:00,30292.0,30298.0,30288.25,30289.5,61
20260622  21:49:00,30291.0,30292.0,30284.25,30286.0,125
20260622  21:50:00,30287.5,30290.0,30276.25,30284.25,333
20260622  21:51:00,30284.0,30284.75,30276.0,30282.5,237
20260622  21:52:00,30282.25,30284.25,30264.75,30268.75,324
20260622  21:53:00,30268.75,30272.25,30257.0,30266.25,280
20260622  21:54:00,30268.75,30270.5,30243.25,30255.25,421
20260622  21:55:00,30255.25,30255.25,30234.0,30241.25,286
20260622  21:56:00,30242.5,30246.25,30235.25,30237.0,143
20260622  21:57:00,30235.75,30246.25,30231.0,30237.75,236
20260622  21:58:00,30236.75,30252.25,30231.5,30250.25,224
20260622  21:59:00,30249.25,30250.5,30237.75,30242.5,143
20260622  22:00:00,30243.0,30253.5,30236.25,30252.0,288
20260622  22:01:00,30254.75,30259.75,30241.25,30250.0,340
20260622  22:02:00,30250.5,30263.0,30249.75,30257.0,197
20260622  22:03:00,30257.5,30264.0,30252.0,30258.0,111
20260622  22:04:00,30258.75,30264.75,30257.25,30262.0,103
20260622  22:05:00,30262.75,30267.75,30255.0,30262.5,149
20260622  22:06:00,30268.0,30268.75,30255.5,30258.25,100
20260622  22:07:00,30263.0,30265.0,30244.5,30245.5,131
20260622  22:08:00,30245.75,30246.75,30228.75,30234.25,145
20260622  22:09:00,30234.25,30241.25,30234.0,30237.75,133
20260622  22:10:00,30236.25,30254.75,30236.25,30252.75,201
20260622  22:11:00,30251.0,30257.75,30236.75,30257.5,185
20260622  22:12:00,30256.75,30261.75,30246.5,30247.0,119
20260622  22:13:00,30244.25,30244.25,30231.0,30234.75,138
20260622  22:14:00,30233.75,30237.5,30227.25,30230.5,159
20260622  22:15:00,30230.75,30237.25,30221.25,30236.75,298
20260622  22:16:00,30235.75,30242.5,30229.5,30231.0,144
20260622  22:17:00,30228.25,30233.5,30225.75,30226.25,134
20260622  22:18:00,30227.25,30227.25,30219.5,30225.0,253
20260622  22:19:00,30227.75,30231.0,30219.5,30221.25,134
20260622  22:20:00,30222.0,30240.75,30219.5,30229.75,292
20260622  22:21:00,30228.75,30230.75,30219.5,30220.5,136
20260622  22:22:00,30221.25,30222.5,30210.25,30217.25,249
20260622  22:23:00,30215.75,30221.0,30212.0,30221.0,102
20260622  22:24:00,30221.75,30221.75,30212.0,30214.0,89
20260622  22:25:00,30213.25,30217.0,30195.75,30203.75,362
20260622  22:26:00,30202.0,30205.0,30185.0,30187.25,309
20260622  22:27:00,30187.0,30195.0,30182.25,30194.5,238
20260622  22:28:00,30194.25,30198.0,30183.25,30183.5,122
20260622  22:29:00,30184.75,30189.0,30180.75,30186.25,161
20260622  22:30:00,30186.0,30189.25,30173.75,30184.25,368
20260622  22:31:00,30185.75,30189.5,30162.5,30166.75,496
20260622  22:32:00,30168.0,30170.0,30148.25,30149.75,628
20260622  22:33:00,30148.75,30160.5,30146.25,30158.0,354
20260622  22:34:00,30158.75,30163.0,30151.5,30155.0,211
20260622  22:35:00,30154.5,30160.75,30135.5,30140.5,376
20260622  22:36:00,30141.25,30155.75,30140.75,30145.5,229
20260622  22:37:00,30143.75,30145.5,30129.75,30141.0,430
20260622  22:38:00,30140.0,30146.25,30132.5,30132.5,148
20260622  22:39:00,30131.75,30142.0,30127.5,30137.75,289
20260622  22:40:00,30138.75,30147.75,30132.0,30135.75,317
20260622  22:41:00,30135.25,30139.0,30121.75,30127.25,271
20260622  22:42:00,30128.0,30131.0,30120.5,30130.25,197
20260622  22:43:00,30131.75,30150.25,30131.25,30149.0,333
20260622  22:44:00,30149.75,30166.0,30146.25,30162.5,441
20260622  22:45:00,30162.25,30167.75,30146.25,30149.0,232
20260622  22:46:00,30148.25,30156.5,30145.0,30152.5,185
20260622  22:47:00,30153.25,30155.75,30144.5,30151.75,123
20260622  22:48:00,30152.25,30169.5,30150.75,30162.0,393
20260622  22:49:00,30162.75,30162.75,30156.5,30156.5,77
20260622  22:50:00,30156.25,30165.25,30150.75,30160.75,196
20260622  22:51:00,30160.5,30160.75,30139.75,30140.5,249
20260622  22:52:00,30138.75,30146.5,30133.25,30139.75,189
20260622  22:53:00,30137.0,30143.5,30135.5,30137.25,98
20260622  22:54:00,30137.75,30137.75,30132.0,30135.25,166
20260622  22:55:00,30135.25,30135.25,30119.5,30128.75,247
20260622  22:56:00,30127.5,30132.75,30116.75,30117.75,206
20260622  22:57:00,30119.0,30119.0,30103.25,30106.0,464
20260622  22:58:00,30106.25,30109.25,30093.0,30107.5,517
20260622  22:59:00,30106.75,30119.0,30104.75,30108.5,332
20260622  23:00:00,30107.25,30114.75,30091.0,30098.5,379
20260622  23:01:00,30096.75,30104.75,30091.25,30098.25,271
20260622  23:02:00,30099.5,30118.0,30098.0,30116.5,284
20260622  23:03:00,30116.75,30123.0,30108.25,30118.25,377
20260622  23:04:00,30118.25,30132.25,30114.0,30123.0,435
20260622  23:05:00,30121.0,30133.25,30119.0,30123.0,365
20260622  23:06:00,30122.0,30123.25,30091.0,30094.5,425
20260622  23:07:00,30094.0,30095.0,30079.0,30087.0,451
20260622  23:08:00,30086.75,30090.75,30073.25,30083.0,378
20260622  23:09:00,30086.25,30092.25,30082.5,30086.25,288
20260622  23:10:00,30087.5,30088.0,30071.0,30077.5,252
20260622  23:11:00,30077.75,30084.5,30069.5,30070.75,250
20260622  23:12:00,30072.25,30093.75,30067.75,30092.5,329
20260622  23:13:00,30092.25,30092.25,30074.0,30079.25,239
20260622  23:14:00,30077.5,30095.0,30071.25,30086.5,301
20260622  23:15:00,30087.0,30108.75,30085.0,30095.25,416
20260622  23:16:00,30095.25,30105.25,30083.0,30095.25,322
20260622  23:17:00,30095.25,30099.5,30069.5,30072.0,292
20260622  23:18:00,30071.5,30071.5,30053.0,30054.75,484
20260622  23:19:00,30055.75,30066.5,30054.75,30061.75,333
20260622  23:20:00,30062.25,30064.25,30046.5,30046.75,363
20260622  23:21:00,30046.0,30049.5,30041.5,30048.5,340
20260622  23:22:00,30047.25,30051.0,30032.5,30036.0,457
20260622  23:23:00,30036.0,30040.0,30029.0,30033.25,293
20260622  23:24:00,30033.25,30046.0,30031.0,30041.5,258
20260622  23:25:00,30043.0,30047.5,30010.75,30016.5,918
20260622  23:26:00,30015.0,30028.25,30003.75,30023.0,588
20260622  23:27:00,30024.75,30037.0,30020.75,30032.5,528
20260622  23:28:00,30030.25,30037.0,30027.75,30035.0,207
20260622  23:29:00,30034.25,30038.75,30015.75,30020.5,358
20260622  23:30:00,30020.75,30032.5,30012.5,30016.0,484
20260622  23:31:00,30017.5,30054.25,30016.0,30046.75,595
20260622  23:32:00,30046.0,30047.0,30033.25,30036.0,292
20260622  23:33:00,30035.75,30043.5,30026.5,30031.0,243
20260622  23:34:00,30029.5,30033.25,30023.5,30032.5,245
20260622  23:35:00,30032.25,30040.0,30022.25,30028.25,244
20260622  23:36:00,30028.75,30034.75,30018.25,30021.0,389
20260622  23:37:00,30021.5,30027.25,30006.0,30013.75,372
20260622  23:38:00,30013.0,30036.25,30009.5,30029.25,256
20260622  23:39:00,30030.0,30035.0,30021.25,30023.25,299
20260622  23:40:00,30025.25,30045.0,30024.75,30028.0,488
20260622  23:41:00,30027.75,30028.5,30005.0,30009.5,314
20260622  23:42:00,30008.5,30008.5,29979.25,29989.5,719
20260622  23:43:00,29992.75,29997.5,29979.25,29997.5,307
20260622  23:44:00,29997.0,30004.25,29991.75,30003.5,193
20260622  23:45:00,30004.0,30012.25,29993.5,30011.5,236
20260622  23:46:00,30011.25,30025.5,30011.25,30021.5,325
20260622  23:47:00,30022.5,30038.25,30017.5,30017.75,395
20260622  23:48:00,30017.75,30020.0,30003.0,30005.0,253
20260622  23:49:00,30005.75,30014.5,29996.25,30006.75,387
20260622  23:50:00,30010.5,30023.0,30003.0,30014.0,230
20260622  23:51:00,30014.25,30015.25,29992.25,30000.75,245
20260622  23:52:00,30001.25,30006.25,29989.0,29992.75,196
20260622  23:53:00,29993.0,29997.75,29988.25,29993.5,116
20260622  23:54:00,29993.75,30002.0,29991.0,29997.0,133
20260622  23:55:00,29993.5,30003.5,29991.5,30002.0,160
20260622  23:56:00,30003.5,30004.75,29995.25,30001.75,84
20260622  23:57:00,30001.0,30005.0,29995.0,30003.25,118
20260622  23:58:00,30003.25,30003.5,29981.75,29985.25,293
20260622  23:59:00,29983.5,29983.5,29950.0,29969.75,920
20260623  00:00:00,29969.5,29981.25,29956.5,29967.0,449
20260623  00:01:00,29966.5,29973.0,29959.75,29960.75,225
20260623  00:02:00,29961.5,29969.0,29943.5,29947.25,369
20260623  00:03:00,29945.75,29968.25,29944.5,29967.25,365
20260623  00:04:00,29967.75,29981.5,29960.25,29975.5,350
20260623  00:05:00,29978.0,29981.0,29966.75,29976.5,158
20260623  00:06:00,29976.0,29999.75,29974.75,29997.25,403
20260623  00:07:00,29997.25,30013.75,29990.75,30011.25,478
20260623  00:08:00,30011.0,30029.75,30008.0,30022.5,531
20260623  00:09:00,30021.5,30046.25,30020.25,30043.75,385
20260623  00:10:00,30042.75,30044.5,30031.25,30040.5,415
20260623  00:11:00,30040.0,30052.0,30040.0,30045.5,265
20260623  00:12:00,30045.75,30053.5,30032.25,30051.75,313
20260623  00:13:00,30052.0,30054.25,30043.75,30049.75,236
20260623  00:14:00,30051.5,30054.0,30043.75,30046.0,181
20260623  00:15:00,30047.25,30051.5,30032.0,30047.75,228
20260623  00:16:00,30048.0,30048.0,30028.0,30037.0,440
20260623  00:17:00,30040.0,30048.0,30024.5,30024.5,269
20260623  00:18:00,30023.5,30026.25,30011.75,30017.0,334
20260623  00:19:00,30017.0,30018.0,30005.75,30010.5,179
20260623  00:20:00,30008.5,30026.75,30007.75,30021.25,236
20260623  00:21:00,30020.75,30034.75,30017.5,30033.0,221
20260623  00:22:00,30033.5,30033.5,30017.25,30030.25,257
20260623  00:23:00,30029.75,30029.75,29995.0,29995.75,293
20260623  00:24:00,29996.0,30000.0,29991.75,29999.0,279
20260623  00:25:00,29997.5,30007.25,29981.5,29981.5,375
20260623  00:26:00,29982.0,30006.5,29980.0,29995.0,297
20260623  00:27:00,29994.25,30004.0,29983.25,30004.0,284
20260623  00:28:00,30003.75,30008.0,29997.25,30005.5,137
20260623  00:29:00,30004.25,30011.5,30003.0,30010.75,166
20260623  00:30:00,30008.75,30009.25,29982.5,29993.0,360
20260623  00:31:00,29992.25,29994.5,29968.0,29969.0,264
20260623  00:32:00,29968.75,29971.25,29957.25,29962.0,270
20260623  00:33:00,29959.25,29972.25,29955.25,29966.5,251
20260623  00:34:00,29967.25,29993.0,29964.0,29993.0,300
20260623  00:35:00,29991.75,29997.5,29963.5,29964.0,338
20260623  00:36:00,29962.25,29981.25,29953.75,29977.25,317
20260623  00:37:00,29978.5,29981.25,29967.75,29968.5,141
20260623  00:38:00,29969.0,29975.0,29965.5,29973.75,168
20260623  00:39:00,29976.0,29991.5,29975.0,29989.25,201
20260623  00:40:00,29990.5,30003.75,29989.5,29992.5,358
20260623  00:41:00,29993.75,29995.25,29968.0,29970.5,279
20260623  00:42:00,29968.0,29974.25,29952.0,29959.75,311
20260623  00:43:00,29958.5,29970.25,29951.0,29957.0,289
20260623  00:44:00,29956.25,29958.5,29938.5,29949.75,399
20260623  00:45:00,29951.75,29966.0,29949.25,29951.0,270
20260623  00:46:00,29954.75,29966.5,29948.0,29960.0,334
20260623  00:47:00,29960.75,29970.25,29937.0,29942.5,360
20260623  00:48:00,29943.0,29948.25,29938.5,29946.25,184
20260623  00:49:00,29946.0,29963.25,29943.0,29954.5,297
20260623  00:50:00,29952.75,29952.75,29942.0,29946.25,250
20260623  00:51:00,29945.5,29950.25,29931.5,29943.25,370
20260623  00:52:00,29942.5,29943.75,29926.0,29934.75,375
20260623  00:53:00,29936.75,29938.5,29925.0,29928.25,248
20260623  00:54:00,29927.5,29935.25,29917.0,29935.25,496
20260623  00:55:00,29936.0,29936.25,29913.75,29915.5,240
20260623  00:56:00,29914.0,29914.5,29905.5,29909.0,303
20260623  00:57:00,29906.75,29911.75,29889.0,29911.75,608
20260623  00:58:00,29910.25,29923.0,29901.5,29911.5,494
20260623  00:59:00,29913.25,29918.5,29901.0,29909.0,230
20260623  01:00:00,29909.5,29919.25,29812.25,29846.25,1761
20260623  01:01:00,29847.0,29902.75,29843.75,29895.0,984
20260623  01:02:00,29894.75,29898.25,29871.0,29872.0,463
20260623  01:03:00,29872.25,29892.75,29863.25,29869.5,381
20260623  01:04:00,29869.75,29880.5,29844.75,29848.25,590
20260623  01:05:00,29849.25,29874.5,29848.75,29873.25,375
20260623  01:06:00,29873.75,29904.5,29873.75,29898.25,366
20260623  01:07:00,29896.5,29900.0,29884.75,29897.75,333
20260623  01:08:00,29898.0,29902.25,29880.75,29896.25,229
20260623  01:09:00,29896.5,29896.5,29867.5,29891.5,305
20260623  01:10:00,29890.25,29894.25,29864.0,29885.75,465
20260623  01:11:00,29885.5,29902.0,29874.25,29878.0,399
20260623  01:12:00,29877.25,29887.75,29865.0,29877.75,270
20260623  01:13:00,29876.75,29887.75,29859.75,29860.0,348
20260623  01:14:00,29861.25,29868.75,29850.0,29852.25,313
20260623  01:15:00,29851.75,29858.0,29838.0,29847.75,331
20260623  01:16:00,29847.75,29852.5,29828.5,29839.75,508
20260623  01:17:00,29841.25,29850.5,29818.5,29822.75,643
20260623  01:18:00,29823.75,29834.75,29810.0,29817.75,661
20260623  01:19:00,29817.75,29842.5,29807.0,29808.25,744
20260623  01:20:00,29809.75,29827.25,29803.5,29817.0,393
20260623  01:21:00,29818.25,29834.5,29810.75,29813.5,312
20260623  01:22:00,29814.5,29821.25,29809.0,29812.0,122
20260623  01:23:00,29813.0,29820.25,29785.0,29785.0,566
20260623  01:24:00,29785.5,29797.75,29780.0,29797.0,336
20260623  01:25:00,29796.25,29814.75,29776.0,29805.75,584
20260623  01:26:00,29806.25,29809.75,29790.5,29801.25,264
20260623  01:27:00,29800.25,29801.75,29777.75,29791.25,408
20260623  01:28:00,29792.75,29805.5,29783.5,29795.75,297
20260623  01:29:00,29796.25,29804.25,29786.25,29799.25,201
20260623  01:30:00,29798.25,29833.0,29798.25,29833.0,682
20260623  01:31:00,29831.5,29840.75,29821.5,29828.0,519
20260623  01:32:00,29826.5,29845.0,29826.0,29841.75,293
20260623  01:33:00,29840.75,29854.0,29827.0,29850.25,446
20260623  01:34:00,29849.0,29851.75,29825.25,29836.75,327
20260623  01:35:00,29838.0,29850.75,29833.75,29850.75,296
20260623  01:36:00,29850.0,29855.75,29832.25,29833.75,425
20260623  01:37:00,29835.75,29844.5,29816.0,29822.5,380
20260623  01:38:00,29822.0,29838.5,29821.75,29828.25,285
20260623  01:39:00,29829.25,29837.0,29821.25,29824.0,198
20260623  01:40:00,29824.25,29861.5,29824.0,29855.0,377
20260623  01:41:00,29854.25,29876.25,29852.75,29872.5,385
20260623  01:42:00,29872.75,29878.0,29866.25,29869.5,336
20260623  01:43:00,29868.5,29868.5,29837.25,29844.25,367
20260623  01:44:00,29841.75,29860.75,29841.0,29853.5,164
20260623  01:45:00,29854.5,29855.0,29803.5,29806.25,435
20260623  01:46:00,29806.0,29808.25,29797.5,29802.75,317
20260623  01:47:00,29803.75,29810.25,29796.75,29796.75,176
20260623  01:48:00,29796.75,29797.0,29780.0,29796.25,477
20260623  01:49:00,29794.75,29807.5,29794.75,29806.25,207
20260623  01:50:00,29805.5,29812.25,29801.0,29803.25,194
20260623  01:51:00,29803.25,29841.0,29801.0,29838.75,546
20260623  01:52:00,29839.75,29844.75,29823.5,29828.0,350
20260623  01:53:00,29826.75,29836.0,29820.5,29835.25,261
20260623  01:54:00,29833.0,29838.0,29824.0,29831.75,160
20260623  01:55:00,29833.25,29840.75,29826.75,29826.75,270
20260623  01:56:00,29828.25,29841.0,29815.75,29839.0,458
20260623  01:57:00,29838.0,29838.0,29812.0,29813.25,239
20260623  01:58:00,29814.75,29821.25,29812.5,29813.75,102
20260623  01:59:00,29812.5,29828.75,29811.25,29827.25,233
20260623  02:00:00,29830.0,29852.75,29824.0,29852.25,427
20260623  02:01:00,29852.0,29869.0,29843.25,29861.25,376
20260623  02:02:00,29860.0,29871.5,29854.75,29867.0,366
20260623  02:03:00,29866.5,29866.5,29852.25,29854.0,256
20260623  02:04:00,29855.0,29861.25,29848.0,29859.5,161
20260623  02:05:00,29860.25,29869.75,29853.5,29868.0,162
20260623  02:06:00,29867.0,29887.25,29865.75,29878.5,297
20260623  02:07:00,29877.75,29882.25,29860.25,29863.75,321
20260623  02:08:00,29862.75,29866.75,29846.75,29851.25,203
20260623  02:09:00,29850.25,29862.0,29847.25,29851.5,139
20260623  02:10:00,29850.0,29873.75,29843.25,29873.5,295
20260623  02:11:00,29872.75,29882.5,29862.0,29879.5,276
20260623  02:12:00,29880.0,29897.0,29876.0,29885.0,433
20260623  02:13:00,29885.0,29908.0,29885.0,29899.75,328
20260623  02:14:00,29898.75,29908.5,29895.25,29900.75,577
20260623  02:15:00,29900.75,29905.75,29895.5,29901.5,143
20260623  02:16:00,29902.75,29910.0,29894.5,29903.75,210
20260623  02:17:00,29905.0,29907.25,29891.25,29893.25,172
20260623  02:18:00,29894.25,29899.25,29882.5,29892.75,256
20260623  02:19:00,29890.75,29911.0,29890.75,29910.5,204
20260623  02:20:00,29909.75,29915.25,29903.75,29910.5,191
20260623  02:21:00,29907.75,29913.5,29901.0,29903.0,394
20260623  02:22:00,29903.75,29914.75,29903.75,29911.0,402
20260623  02:23:00,29910.0,29921.0,29906.75,29917.25,319
20260623  02:24:00,29917.0,29931.75,29915.25,29922.75,424
20260623  02:25:00,29922.25,29928.75,29919.75,29923.0,275
20260623  02:26:00,29923.0,29924.25,29901.0,29909.75,368
20260623  02:27:00,29909.75,29933.75,29909.75,29924.5,392
20260623  02:28:00,29926.0,29926.5,29912.5,29922.5,537
20260623  02:29:00,29922.5,29924.5,29912.0,29917.25,211
20260623  02:30:00,29917.75,29917.75,29901.75,29904.25,211
20260623  02:31:00,29903.0,29908.5,29896.0,29908.25,249
20260623  02:32:00,29909.0,29917.0,29902.5,29904.5,189
20260623  02:33:00,29904.0,29907.0,29892.75,29899.0,157
20260623  02:34:00,29897.5,29900.5,29890.5,29895.75,132
20260623  02:35:00,29899.0,29904.0,29892.75,29898.5,123
20260623  02:36:00,29898.0,29898.25,29886.0,29890.0,185
20260623  02:37:00,29892.25,29901.5,29889.0,29899.0,172
20260623  02:38:00,29898.25,29907.0,29896.0,29900.0,151
20260623  02:39:00,29900.25,29901.75,29885.75,29885.75,163
20260623  02:40:00,29885.25,29890.5,29881.25,29886.0,170
20260623  02:41:00,29886.75,29889.5,29876.0,29884.0,231
20260623  02:42:00,29882.75,29886.0,29875.25,29880.75,192
20260623  02:43:00,29879.5,29891.0,29871.5,29872.0,390
20260623  02:44:00,29873.0,29875.5,29862.5,29863.25,241
20260623  02:45:00,29863.75,29867.75,29857.5,29862.75,305
20260623  02:46:00,29863.75,29874.5,29859.25,29872.0,181
20260623  02:47:00,29871.25,29875.5,29862.75,29864.25,144
20260623  02:48:00,29865.5,29877.5,29865.5,29870.25,148
20260623  02:49:00,29870.5,29881.25,29868.25,29879.0,200
20260623  02:50:00,29879.0,29881.0,29870.75,29872.25,131
20260623  02:51:00,29873.0,29883.25,29866.25,29883.0,155
20260623  02:52:00,29883.75,29887.0,29879.0,29882.5,199
20260623  02:53:00,29881.0,29887.5,29875.75,29879.5,165
20260623  02:54:00,29879.5,29891.0,29879.5,29884.0,269
20260623  02:55:00,29883.0,29890.5,29874.0,29890.25,218
20260623  02:56:00,29888.0,29894.25,29886.75,29890.25,188
20260623  02:57:00,29891.0,29893.5,29886.75,29888.75,125
20260623  02:58:00,29891.0,29891.75,29877.5,29879.0,204
20260623  02:59:00,29879.75,29887.25,29877.0,29886.25,92
20260623  03:00:00,29887.25,29896.0,29875.0,29893.75,420
20260623  03:01:00,29892.25,29901.75,29892.25,29898.75,268
20260623  03:02:00,29899.25,29916.25,29896.0,29907.25,438
20260623  03:03:00,29905.0,29916.0,29899.0,29912.5,287
20260623  03:04:00,29911.75,29914.25,29902.75,29903.25,182
20260623  03:05:00,29903.0,29906.75,29890.25,29895.75,186
20260623  03:06:00,29896.0,29899.25,29890.0,29898.0,116
20260623  03:07:00,29898.75,29900.0,29882.25,29882.5,90
20260623  03:08:00,29882.5,29882.75,29866.0,29877.75,248
20260623  03:09:00,29876.25,29883.5,29872.75,29881.0,118
20260623  03:10:00,29878.0,29884.5,29866.75,29871.75,131
20260623  03:11:00,29870.75,29878.25,29869.0,29873.5,114
20260623  03:12:00,29874.25,29877.5,29869.0,29873.0,86
20260623  03:13:00,29875.5,29876.5,29855.75,29855.75,190
20260623  03:14:00,29856.5,29865.0,29853.5,29863.5,141
20260623  03:15:00,29863.5,29869.25,29855.5,29868.25,215
20260623  03:16:00,29870.0,29872.75,29861.25,29871.25,158
20260623  03:17:00,29871.75,29875.5,29866.5,29866.5,156
20260623  03:18:00,29866.5,29870.75,29861.75,29870.75,142
20260623  03:19:00,29869.5,29873.25,29866.25,29870.75,169
20260623  03:20:00,29872.25,29873.5,29863.25,29870.5,210
20260623  03:21:00,29869.75,29881.0,29867.25,29874.5,164
20260623  03:22:00,29875.0,29875.75,29866.0,29867.75,210
20260623  03:23:00,29868.0,29872.25,29863.25,29868.0,258
20260623  03:24:00,29867.0,29867.75,29841.0,29848.75,606
20260623  03:25:00,29848.0,29849.75,29832.25,29836.5,306
20260623  03:26:00,29838.25,29841.5,29826.0,29833.0,255
20260623  03:27:00,29833.0,29834.25,29815.5,29820.25,424
20260623  03:28:00,29820.5,29831.25,29817.5,29829.25,213
20260623  03:29:00,29830.0,29830.5,29823.25,29825.0,163
20260623  03:30:00,29824.0,29826.0,29806.75,29816.5,318
20260623  03:31:00,29815.75,29817.5,29802.5,29803.5,184
20260623  03:32:00,29803.25,29806.25,29799.5,29800.75,331
20260623  03:33:00,29801.75,29814.5,29800.0,29800.25,334
20260623  03:34:00,29802.75,29805.5,29788.5,29791.75,555
20260623  03:35:00,29791.75,29807.0,29791.75,29794.5,405
20260623  03:36:00,29793.25,29803.0,29785.25,29785.25,341
20260623  03:37:00,29785.0,29798.75,29782.25,29796.75,270
20260623  03:38:00,29796.0,29802.0,29787.5,29801.0,175
20260623  03:39:00,29803.25,29805.0,29792.5,29799.75,183
20260623  03:40:00,29799.0,29800.5,29790.0,29790.5,215
20260623  03:41:00,29789.75,29790.75,29770.5,29771.5,460
20260623  03:42:00,29772.75,29772.75,29752.0,29754.5,733
20260623  03:43:00,29754.75,29787.75,29753.75,29780.5,415
20260623  03:44:00,29780.5,29791.5,29774.75,29781.25,231
20260623  03:45:00,29781.0,29796.0,29779.0,29792.75,211
20260623  03:46:00,29791.75,29800.25,29788.25,29797.0,155
20260623  03:47:00,29798.25,29804.5,29789.5,29793.5,203
20260623  03:48:00,29791.25,29812.5,29789.25,29811.25,332
20260623  03:49:00,29810.0,29813.0,29793.25,29794.5,173
20260623  03:50:00,29797.5,29801.75,29787.0,29797.5,287
20260623  03:51:00,29797.25,29799.75,29788.75,29797.0,83
20260623  03:52:00,29796.25,29805.5,29780.75,29797.0,253
20260623  03:53:00,29795.5,29806.0,29794.25,29800.5,157
20260623  03:54:00,29802.25,29810.5,29802.0,29803.75,136
20260623  03:55:00,29804.75,29810.5,29792.25,29809.25,159
20260623  03:56:00,29807.5,29816.5,29806.0,29814.0,218
20260623  03:57:00,29815.75,29825.0,29809.5,29813.5,415
20260623  03:58:00,29813.5,29822.75,29801.75,29818.5,341
20260623  03:59:00,29819.25,29823.5,29815.25,29818.0,158
20260623  04:00:00,29818.5,29837.0,29816.25,29836.75,879
20260623  04:01:00,29836.75,29842.25,29823.0,29826.75,484
20260623  04:02:00,29826.0,29839.5,29821.0,29831.75,439
20260623  04:03:00,29832.5,29832.5,29822.0,29828.25,167
20260623  04:04:00,29828.25,29828.5,29801.5,29801.5,301
20260623  04:05:00,29801.25,29801.5,29787.5,29793.0,411
20260623  04:06:00,29793.25,29811.25,29793.25,29808.0,303
20260623  04:07:00,29808.5,29831.25,29808.5,29827.25,352
20260623  04:08:00,29826.5,29833.0,29812.5,29818.0,307
20260623  04:09:00,29819.75,29819.75,29808.5,29814.5,140
20260623  04:10:00,29816.5,29833.5,29816.5,29832.5,215
20260623  04:11:00,29832.25,29839.75,29817.75,29823.75,216
20260623  04:12:00,29823.0,29829.0,29820.0,29828.0,146
20260623  04:13:00,29827.75,29833.0,29820.75,29830.5,187
20260623  04:14:00,29831.5,29851.75,29827.0,29848.0,409
20260623  04:15:00,29848.0,29848.0,29830.25,29833.25,305
20260623  04:16:00,29832.25,29835.25,29825.5,29829.75,215
20260623  04:17:00,29830.0,29835.0,29828.0,29833.5,130
20260623  04:18:00,29835.0,29842.5,29833.5,29834.25,159
20260623  04:19:00,29832.5,29839.0,29830.0,29836.5,195
20260623  04:20:00,29838.0,29869.0,29810.25,29853.0,1035
20260623  04:21:00,29853.0,29867.75,29826.25,29832.5,705
20260623  04:22:00,29833.0,29852.0,29832.25,29845.75,280
20260623  04:23:00,29845.75,29851.0,29834.5,29838.25,454
20260623  04:24:00,29838.0,29844.25,29832.25,29842.0,177
20260623  04:25:00,29841.75,29845.5,29831.75,29839.5,350
20260623  04:26:00,29840.25,29844.25,29826.5,29832.25,335
20260623  04:27:00,29832.75,29833.75,29818.75,29818.75,248
20260623  04:28:00,29820.25,29822.25,29808.0,29821.0,258
20260623  04:29:00,29821.25,29821.5,29806.0,29814.0,234
20260623  04:30:00,29812.5,29814.0,29801.5,29810.25,241
20260623  04:31:00,29810.0,29833.0,29808.5,29822.75,310
20260623  04:32:00,29825.5,29839.5,29823.75,29833.75,140
20260623  04:33:00,29832.75,29847.0,29827.25,29828.0,248
20260623  04:34:00,29829.0,29833.0,29822.25,29827.75,173
20260623  04:35:00,29828.75,29838.75,29822.0,29823.25,142
20260623  04:36:00,29821.75,29829.0,29818.0,29828.75,146
20260623  04:37:00,29828.0,29828.75,29813.0,29826.0,162
20260623  04:38:00,29826.25,29843.0,29826.25,29841.0,157
20260623  04:39:00,29842.25,29858.75,29840.5,29852.25,608
20260623  04:40:00,29852.75,29863.25,29849.25,29857.0,306
20260623  04:41:00,29856.75,29863.25,29852.75,29860.75,342
20260623  04:42:00,29861.5,29868.25,29858.0,29865.5,449
20260623  04:43:00,29865.75,29866.25,29857.5,29859.75,268
20260623  04:44:00,29859.25,29872.75,29858.75,29867.75,300
20260623  04:45:00,29867.75,29877.25,29866.75,29872.0,399
20260623  04:46:00,29871.25,29882.0,29865.75,29867.5,405
20260623  04:47:00,29867.5,29873.75,29851.0,29853.5,353
20260623  04:48:00,29854.75,29863.5,29848.25,29862.0,227
20260623  04:49:00,29860.75,29868.75,29856.5,29866.0,195
20260623  04:50:00,29865.25,29867.75,29857.5,29864.0,132
20260623  04:51:00,29863.5,29869.5,29853.25,29857.5,202
20260623  04:52:00,29857.5,29874.75,29855.25,29874.0,210
20260623  04:53:00,29873.5,29878.75,29869.25,29875.75,267
20260623  04:54:00,29875.75,29884.0,29875.75,29882.0,349
20260623  04:55:00,29882.75,29883.0,29873.5,29881.75,223
20260623  04:56:00,29879.0,29884.0,29876.0,29883.0,201
20260623  04:57:00,29881.0,29883.5,29874.0,29874.0,240
20260623  04:58:00,29874.75,29882.75,29869.5,29878.75,259
20260623  04:59:00,29879.25,29883.0,29872.25,29873.25,133
20260623  05:00:00,29872.0,29886.25,29864.75,29882.75,419
20260623  05:01:00,29883.25,29897.0,29882.25,29895.5,404
20260623  05:02:00,29894.0,29900.75,29889.0,29890.5,434
20260623  05:03:00,29891.75,29898.5,29888.5,29890.25,135
20260623  05:04:00,29890.25,29893.25,29878.5,29878.5,272
20260623  05:05:00,29879.5,29880.75,29865.0,29865.0,307
20260623  05:06:00,29866.0,29866.0,29856.0,29861.75,258
20260623  05:07:00,29861.75,29866.5,29857.25,29860.0,230
20260623  05:08:00,29861.5,29866.75,29857.25,29859.25,174
20260623  05:09:00,29860.0,29861.25,29850.0,29858.25,248
20260623  05:10:00,29858.0,29868.5,29842.0,29844.0,367
20260623  05:11:00,29845.0,29845.25,29827.0,29827.5,553
20260623  05:12:00,29827.75,29832.75,29818.0,29826.5,332
20260623  05:13:00,29825.75,29825.75,29813.5,29814.75,447
20260623  05:14:00,29815.25,29829.25,29815.25,29821.0,178
20260623  05:15:00,29822.5,29826.5,29811.25,29814.5,227
20260623  05:16:00,29815.0,29816.5,29804.25,29806.75,548
20260623  05:17:00,29807.25,29807.25,29794.5,29799.75,478
20260623  05:18:00,29798.75,29801.25,29788.5,29798.5,444
20260623  05:19:00,29797.5,29810.25,29797.25,29804.0,311
20260623  05:20:00,29805.25,29805.75,29781.75,29784.0,430
20260623  05:21:00,29781.75,29788.75,29772.0,29782.5,400
20260623  05:22:00,29782.75,29789.0,29767.75,29773.75,302
20260623  05:23:00,29773.5,29780.5,29769.0,29771.75,199
20260623  05:24:00,29771.0,29784.0,29767.0,29783.0,365
20260623  05:25:00,29782.25,29782.25,29758.5,29762.75,417
20260623  05:26:00,29764.75,29767.75,29744.0,29748.0,731
20260623  05:27:00,29748.0,29769.0,29744.5,29769.0,383
20260623  05:28:00,29768.75,29780.0,29764.25,29778.5,270
20260623  05:29:00,29777.5,29779.75,29768.0,29775.5,215
20260623  05:30:00,29776.25,29791.75,29772.5,29778.25,358
20260623  05:31:00,29776.75,29784.0,29768.5,29770.75,313
20260623  05:32:00,29769.75,29771.75,29747.75,29750.5,396
20260623  05:33:00,29752.0,29755.0,29735.0,29745.25,619
20260623  05:34:00,29746.75,29754.25,29710.25,29711.5,883
20260623  05:35:00,29711.0,29738.5,29706.5,29738.5,948
20260623  05:36:00,29738.0,29742.25,29727.25,29741.25,362
20260623  05:37:00,29741.75,29743.75,29720.75,29728.5,394
20260623  05:38:00,29729.5,29737.25,29716.25,29722.5,393
20260623  05:39:00,29722.25,29742.25,29716.25,29739.0,325
20260623  05:40:00,29737.5,29746.25,29733.0,29740.75,302
20260623  05:41:00,29743.25,29775.0,29739.75,29759.0,799
20260623  05:42:00,29758.5,29761.25,29747.0,29749.0,298
20260623  05:43:00,29748.25,29757.75,29738.25,29751.5,458
20260623  05:44:00,29750.75,29756.0,29740.0,29740.0,173
20260623  05:45:00,29740.25,29754.5,29739.75,29745.25,282
20260623  05:46:00,29744.5,29753.5,29733.5,29734.25,244
20260623  05:47:00,29733.5,29734.5,29724.75,29729.5,305
20260623  05:48:00,29730.75,29747.5,29730.25,29745.75,423
20260623  05:49:00,29744.75,29750.0,29738.5,29740.0,236
20260623  05:50:00,29740.0,29752.0,29735.25,29735.25,251
20260623  05:51:00,29736.25,29750.25,29736.25,29747.5,138
20260623  05:52:00,29747.25,29762.5,29746.5,29752.75,258
20260623  05:53:00,29751.0,29752.5,29738.75,29740.25,226
20260623  05:54:00,29738.5,29748.25,29724.25,29724.25,354
20260623  05:55:00,29724.0,29744.0,29721.75,29743.0,374
20260623  05:56:00,29742.5,29751.5,29734.75,29740.0,235
20260623  05:57:00,29740.5,29752.5,29737.0,29737.25,315
20260623  05:58:00,29737.75,29738.75,29719.25,29719.25,295
20260623  05:59:00,29719.75,29738.25,29717.0,29735.0,341
20260623  06:00:00,29735.0,29745.5,29724.25,29726.25,520
20260623  06:01:00,29725.75,29730.0,29717.0,29720.25,275
20260623  06:02:00,29718.0,29730.0,29714.0,29728.75,466
20260623  06:03:00,29728.0,29729.5,29715.0,29715.75,247
20260623  06:04:00,29715.0,29725.25,29707.75,29718.5,462
20260623  06:05:00,29718.5,29729.0,29718.5,29725.75,206
20260623  06:06:00,29722.75,29724.0,29711.75,29717.0,344
20260623  06:07:00,29716.75,29718.75,29701.75,29706.5,489
20260623  06:08:00,29705.75,29718.25,29705.75,29707.5,356
20260623  06:09:00,29708.75,29720.5,29707.5,29712.0,345
20260623  06:10:00,29712.25,29715.5,29692.0,29706.5,698
20260623  06:11:00,29705.25,29710.75,29697.0,29702.0,318
20260623  06:12:00,29704.0,29725.5,29691.75,29721.25,622
20260623  06:13:00,29720.5,29744.75,29718.5,29741.25,653
20260623  06:14:00,29741.0,29745.25,29727.0,29735.5,470
20260623  06:15:00,29735.75,29736.0,29701.75,29702.5,537
20260623  06:16:00,29701.75,29713.5,29698.25,29712.25,567
20260623  06:17:00,29710.75,29719.75,29701.0,29705.75,207
20260623  06:18:00,29704.25,29719.0,29697.75,29713.0,424
20260623  06:19:00,29711.25,29731.25,29709.5,29730.5,345
20260623  06:20:00,29730.25,29744.0,29725.75,29743.75,489
20260623  06:21:00,29743.25,29749.0,29733.5,29740.5,501
20260623  06:22:00,29740.75,29743.0,29727.75,29733.25,327
20260623  06:23:00,29733.75,29755.25,29731.75,29749.5,443
20260623  06:24:00,29747.0,29755.25,29740.75,29744.75,495
20260623  06:25:00,29744.5,29744.5,29698.75,29705.75,1282
20260623  06:26:00,29705.5,29717.5,29704.5,29710.5,437
20260623  06:27:00,29709.75,29714.25,29682.0,29690.25,1315
20260623  06:28:00,29690.25,29698.5,29675.75,29698.5,1636
20260623  06:29:00,29699.5,29721.75,29693.0,29718.75,1455
20260623  06:30:00,29718.25,29720.5,29638.75,29658.5,8153
20260623  06:31:00,29658.75,29740.0,29616.5,29736.25,5440
20260623  06:32:00,29735.75,29773.0,29710.75,29750.25,4852
20260623  06:33:00,29749.25,29753.0,29704.0,29739.5,3288
20260623  06:34:00,29738.5,29769.5,29720.5,29768.25,2706
20260623  06:35:00,29767.25,29782.0,29715.5,29718.75,4184
20260623  06:36:00,29720.0,29742.5,29671.0,29676.75,3354
20260623  06:37:00,29676.75,29737.5,29675.25,29712.25,2561
20260623  06:38:00,29713.25,29768.75,29699.5,29747.25,2434
20260623  06:39:00,29747.5,29797.75,29745.0,29780.75,2990
20260623  06:40:00,29780.5,29806.0,29749.5,29801.75,2636
20260623  06:41:00,29801.25,29803.75,29754.0,29763.0,1700
20260623  06:42:00,29763.5,29781.25,29738.5,29778.75,1611
20260623  06:43:00,29779.25,29798.75,29747.0,29749.5,1786
20260623  06:44:00,29749.5,29781.25,29746.25,29749.25,1268
20260623  06:45:00,29758.75,29800.0,29730.0,29758.5,2310
20260623  06:46:00,29759.75,29767.75,29724.0,29741.75,1834
20260623  06:47:00,29743.25,29824.25,29735.5,29824.25,2921
20260623  06:48:00,29823.0,29854.5,29814.75,29841.25,3169
20260623  06:49:00,29841.25,29857.0,29807.75,29818.75,2619
20260623  06:50:00,29818.25,29855.5,29817.0,29840.25,2501
20260623  06:51:00,29841.0,29866.5,29830.25,29863.25,1771
20260623  06:52:00,29863.5,29896.0,29854.5,29895.5,2157
20260623  06:53:00,29894.75,29912.25,29880.25,29893.5,2112
20260623  06:54:00,29893.5,29915.0,29875.5,29876.75,1964
20260623  06:55:00,29875.75,29894.25,29860.25,29879.0,2144
20260623  06:56:00,29879.25,29886.25,29844.25,29873.75,2355
20260623  06:57:00,29872.75,29914.0,29867.5,29899.25,2399
20260623  06:58:00,29897.25,29916.75,29887.75,29911.75,1620
20260623  06:59:00,29911.0,29934.75,29898.25,29926.0,2085
20260623  07:00:00,29926.5,29963.0,29921.0,29961.5,2862
20260623  07:01:00,29961.25,29989.75,29955.75,29982.25,2761
20260623  07:02:00,29982.75,30004.25,29966.75,29980.5,2861
20260623  07:03:00,29979.75,29994.25,29953.0,29967.75,2226
20260623  07:04:00,29966.5,30002.0,29966.5,29986.5,1886
20260623  07:05:00,29986.5,29986.5,29960.5,29962.25,1958
20260623  07:06:00,29962.75,29975.25,29952.75,29969.25,1497
20260623  07:07:00,29969.5,29992.0,29949.25,29953.25,1971
20260623  07:08:00,29953.0,29957.25,29934.0,29943.25,1993
20260623  07:09:00,29942.5,29998.25,29935.0,29975.25,2243
20260623  07:10:00,29974.75,30015.5,29964.5,29966.5,2578
20260623  07:11:00,29965.75,29977.0,29948.75,29958.5,1902
20260623  07:12:00,29958.5,29999.5,29949.5,29989.25,2185
20260623  07:13:00,29989.25,30001.25,29975.5,29989.0,1753
20260623  07:14:00,29989.5,30007.75,29984.25,30001.5,1325
20260623  07:15:00,30001.5,30010.5,29978.0,29982.0,1554
20260623  07:16:00,29982.25,30018.0,29979.5,30011.5,1417
20260623  07:17:00,30010.5,30016.75,29987.75,29992.0,1303
20260623  07:18:00,29992.25,30014.75,29989.0,30005.0,1359
20260623  07:19:00,30005.0,30023.0,29983.25,30011.25,1621
20260623  07:20:00,30012.0,30047.0,30011.5,30036.5,2302
20260623  07:21:00,30037.75,30041.25,30008.25,30013.5,1818
20260623  07:22:00,30014.25,30019.25,29977.0,29980.0,1927
20260623  07:23:00,29981.25,30036.0,29979.5,30022.0,1656
20260623  07:24:00,30021.5,30022.5,29984.25,29991.5,1462
20260623  07:25:00,29990.75,30002.25,29977.25,29978.75,1491
20260623  07:26:00,29979.75,29981.0,29943.25,29967.0,2640
20260623  07:27:00,29966.75,29990.0,29952.0,29958.25,1802
20260623  07:28:00,29958.5,29979.75,29940.5,29972.0,1469
20260623  07:29:00,29970.5,29990.25,29963.0,29983.5,1769
20260623  07:30:00,29983.5,29998.0,29950.5,29952.0,1534
20260623  07:31:00,29953.5,29957.5,29922.0,29924.5,1868
20260623  07:32:00,29925.25,29927.25,29903.0,29908.25,1680
20260623  07:33:00,29908.5,29956.75,29908.5,29933.5,1851
20260623  07:34:00,29935.25,29950.75,29932.75,29939.5,946
20260623  07:35:00,29940.0,29942.5,29905.25,29930.75,1658
20260623  07:36:00,29930.75,29998.25,29924.5,29982.0,2245
20260623  07:37:00,29982.75,29996.0,29969.0,29986.75,1414
20260623  07:38:00,29986.5,29988.75,29920.75,29922.5,1544
20260623  07:39:00,29924.0,29942.25,29893.0,29901.5,1906
20260623  07:40:00,29900.5,29918.5,29877.0,29905.25,1940
20260623  07:41:00,29904.75,29917.5,29891.0,29903.0,1293
20260623  07:42:00,29905.0,29936.75,29882.25,29925.25,1801
20260623  07:43:00,29924.75,29944.75,29907.5,29919.75,1207
20260623  07:44:00,29920.0,29922.75,29872.5,29884.0,1638
20260623  07:45:00,29885.0,29900.5,29866.25,29868.0,1814
20260623  07:46:00,29868.0,29888.5,29847.75,29852.75,1808
20260623  07:47:00,29853.25,29859.25,29832.75,29837.0,1664
20260623  07:48:00,29837.25,29870.0,29833.75,29862.75,1457
20260623  07:49:00,29862.0,29873.5,29848.25,29868.5,1014
20260623  07:50:00,29869.75,29895.25,29843.25,29895.25,1736
20260623  07:51:00,29895.0,29929.0,29891.25,29917.0,2048
20260623  07:52:00,29915.25,29916.5,29874.25,29881.25,1351
20260623  07:53:00,29880.75,29882.5,29835.75,29843.25,1854
20260623  07:54:00,29843.25,29853.5,29828.5,29851.25,1533
20260623  07:55:00,29849.5,29865.75,29812.5,29830.0,1725
20260623  07:56:00,29830.0,29853.0,29828.0,29830.0,1296
20260623  07:57:00,29830.75,29864.5,29818.0,29850.5,1253
20260623  07:58:00,29851.25,29853.75,29817.75,29833.25,1356
20260623  07:59:00,29832.75,29855.0,29827.75,29854.5,1182
20260623  08:00:00,29854.25,29868.75,29835.0,29856.25,1993
20260623  08:01:00,29856.75,29886.25,29853.0,29865.25,1599
20260623  08:02:00,29866.0,29877.5,29827.0,29839.0,1232
20260623  08:03:00,29840.25,29850.5,29815.5,29827.25,1166
20260623  08:04:00,29827.5,29840.75,29818.75,29827.75,800
20260623  08:05:00,29828.25,29840.25,29787.75,29788.0,1879
20260623  08:06:00,29787.75,29796.0,29773.5,29778.0,1807
20260623  08:07:00,29779.5,29802.25,29765.0,29800.0,1523
20260623  08:08:00,29799.25,29804.5,29776.0,29790.5,984
20260623  08:09:00,29790.5,29799.25,29775.0,29796.5,1054
20260623  08:10:00,29796.75,29813.25,29775.75,29788.75,1083
20260623  08:11:00,29788.0,29802.25,29780.75,29792.0,840
20260623  08:12:00,29792.0,29807.75,29774.25,29805.0,969
20260623  08:13:00,29804.25,29808.0,29783.75,29783.75,798
20260623  08:14:00,29785.25,29796.75,29779.75,29792.0,697
20260623  08:15:00,29792.0,29803.75,29777.25,29786.25,839
20260623  08:16:00,29787.25,29788.25,29767.5,29775.5,1008
20260623  08:17:00,29775.5,29781.25,29755.25,29765.5,1292
20260623  08:18:00,29765.5,29768.0,29745.25,29746.75,1195
20260623  08:19:00,29746.75,29765.0,29745.25,29746.5,877
20260623  08:20:00,29746.5,29776.5,29740.0,29771.0,1284
20260623  08:21:00,29770.5,29774.75,29740.0,29741.25,887
20260623  08:22:00,29741.0,29751.75,29736.75,29741.25,871
20260623  08:23:00,29741.25,29749.5,29733.5,29735.25,872
20260623  08:24:00,29735.25,29737.25,29722.0,29729.25,1117
20260623  08:25:00,29730.0,29735.75,29710.5,29735.75,1457
20260623  08:26:00,29734.25,29751.25,29727.5,29745.75,1300
20260623  08:27:00,29746.0,29750.0,29722.0,29730.25,904
20260623  08:28:00,29730.0,29732.25,29715.5,29722.0,763
20260623  08:29:00,29721.75,29737.0,29721.5,29727.25,691
20260623  08:30:00,29727.25,29742.75,29714.0,29740.5,1377
20260623  08:31:00,29740.75,29764.0,29737.25,29763.25,1032
20260623  08:32:00,29761.75,29768.75,29743.0,29751.25,1016
20260623  08:33:00,29751.5,29778.75,29750.25,29763.75,1241
20260623  08:34:00,29764.5,29772.5,29751.5,29757.25,1145
20260623  08:35:00,29757.75,29788.0,29752.5,29776.5,1273
20260623  08:36:00,29775.5,29788.0,29771.25,29774.75,916
20260623  08:37:00,29775.0,29775.25,29746.25,29747.75,1118
20260623  08:38:00,29748.75,29754.0,29698.5,29715.25,2312
20260623  08:39:00,29716.25,29722.5,29701.0,29712.5,1230
20260623  08:40:00,29713.0,29725.25,29695.25,29712.5,1489
20260623  08:41:00,29713.0,29734.5,29706.5,29729.0,907
20260623  08:42:00,29729.75,29734.75,29716.5,29731.0,755
20260623  08:43:00,29729.75,29747.5,29720.25,29733.5,808
20260623  08:44:00,29733.0,29744.75,29724.75,29734.25,745
20260623  08:45:00,29733.5,29746.5,29723.25,29731.5,969
20260623  08:46:00,29729.75,29736.0,29721.5,29726.75,490
20260623  08:47:00,29727.75,29739.25,29724.25,29729.75,493
20260623  08:48:00,29729.0,29759.0,29727.5,29751.5,1138
20260623  08:49:00,29750.5,29751.5,29722.0,29724.75,794
20260623  08:50:00,29726.0,29746.75,29719.5,29740.75,875
20260623  08:51:00,29740.5,29778.25,29735.0,29776.0,1068
20260623  08:52:00,29775.5,29790.0,29770.5,29787.75,1059
20260623  08:53:00,29787.25,29811.25,29787.0,29799.75,1284
20260623  08:54:00,29799.25,29821.25,29796.5,29798.0,1106
20260623  08:55:00,29798.0,29798.5,29760.5,29776.0,1070
20260623  08:56:00,29775.75,29796.25,29764.5,29789.0,812
20260623  08:57:00,29789.5,29814.25,29784.0,29803.75,816
20260623  08:58:00,29804.25,29813.5,29793.0,29796.75,795
20260623  08:59:00,29795.75,29804.0,29787.0,29797.75,639
20260623  09:00:00,29798.0,29818.75,29790.25,29818.0,816
20260623  09:01:00,29819.25,29847.25,29816.75,29839.25,1190
20260623  09:02:00,29840.0,29847.5,29833.75,29836.0,825
20260623  09:03:00,29835.75,29852.25,29833.75,29850.75,686
20260623  09:04:00,29850.75,29860.5,29843.25,29857.75,874
20260623  09:05:00,29857.25,29890.0,29856.25,29876.75,1452
20260623  09:06:00,29876.75,29877.5,29847.5,29863.75,1207
20260623  09:07:00,29862.75,29865.5,29842.5,29842.5,639
20260623  09:08:00,29843.0,29860.25,29838.0,29859.75,639
20260623  09:09:00,29860.0,29878.0,29856.0,29872.5,988
20260623  09:10:00,29872.75,29894.25,29871.75,29885.0,701
20260623  09:11:00,29884.75,29909.5,29879.5,29902.25,1269
20260623  09:12:00,29902.0,29914.5,29896.75,29908.0,875
20260623  09:13:00,29907.5,29915.0,29896.25,29897.0,675
20260623  09:14:00,29896.5,29913.75,29890.5,29905.0,774
20260623  09:15:00,29905.25,29915.75,29899.0,29901.0,1124
20260623  09:16:00,29901.5,29905.75,29880.0,29884.0,1145
20260623  09:17:00,29884.5,29890.25,29870.25,29873.25,1043
20260623  09:18:00,29873.5,29895.5,29873.25,29880.5,847
20260623  09:19:00,29881.0,29894.5,29858.0,29864.25,1072
20260623  09:20:00,29865.25,29866.0,29833.25,29836.75,1311
20260623  09:21:00,29837.75,29860.25,29837.75,29855.75,817
20260623  09:22:00,29854.5,29871.25,29847.25,29870.75,710
20260623  09:23:00,29871.5,29893.75,29870.5,29890.5,881
20260623  09:24:00,29890.25,29904.0,29882.0,29892.75,726
20260623  09:25:00,29892.75,29897.5,29876.75,29877.0,633
20260623  09:26:00,29877.5,29878.5,29862.5,29868.5,917
20260623  09:27:00,29868.75,29880.75,29858.75,29880.75,547
20260623  09:28:00,29880.75,29890.75,29878.75,29882.5,419
20260623  09:29:00,29881.25,29893.0,29876.0,29876.0,380
20260623  09:30:00,29877.25,29889.25,29866.75,29868.5,665
20260623  09:31:00,29867.75,29870.25,29846.0,29868.75,852
20260623  09:32:00,29869.5,29874.5,29856.5,29869.5,488
20260623  09:33:00,29868.5,29878.5,29859.0,29860.75,455
20260623  09:34:00,29861.75,29868.25,29837.75,29848.5,822
20260623  09:35:00,29848.5,29862.0,29837.75,29845.5,629
20260623  09:36:00,29844.75,29869.25,29844.5,29861.0,704
20260623  09:37:00,29862.5,29869.5,29851.25,29859.75,387
20260623  09:38:00,29860.75,29865.25,29849.25,29850.75,387
20260623  09:39:00,29852.0,29872.0,29851.5,29869.0,456
20260623  09:40:00,29869.5,29886.0,29867.75,29883.75,684
20260623  09:41:00,29884.25,29903.25,29881.0,29897.0,605
20260623  09:42:00,29898.0,29898.5,29886.25,29890.5,432
20260623  09:43:00,29890.75,29898.25,29882.75,29884.75,449
20260623  09:44:00,29885.5,29903.75,29883.75,29900.5,611
20260623  09:45:00,29902.5,29907.25,29883.0,29887.25,662
20260623  09:46:00,29887.75,29892.5,29877.0,29881.0,480
20260623  09:47:00,29883.5,29883.5,29853.0,29860.25,1008
20260623  09:48:00,29861.0,29871.75,29844.75,29847.25,806
20260623  09:49:00,29847.0,29864.25,29845.25,29863.25,501
20260623  09:50:00,29862.75,29864.25,29838.25,29847.75,735
20260623  09:51:00,29846.0,29852.0,29831.0,29839.75,613
20260623  09:52:00,29840.25,29859.25,29837.0,29848.5,557
20260623  09:53:00,29849.0,29858.5,29837.25,29852.0,528
20260623  09:54:00,29852.25,29859.0,29845.0,29854.75,333
20260623  09:55:00,29854.75,29863.25,29836.75,29842.0,576
20260623  09:56:00,29842.0,29864.0,29837.5,29840.75,640
20260623  09:57:00,29840.5,29851.0,29837.25,29848.25,604
20260623  09:58:00,29849.0,29862.0,29841.25,29858.75,612
20260623  09:59:00,29858.25,29881.25,29857.25,29864.0,631
20260623  10:00:00,29864.0,29866.5,29836.0,29841.25,799
20260623  10:01:00,29841.5,29859.75,29832.0,29847.5,720
20260623  10:02:00,29845.25,29849.75,29813.25,29820.75,1077
20260623  10:03:00,29823.0,29825.25,29811.5,29812.0,628
20260623  10:04:00,29813.0,29818.5,29807.0,29815.0,545
20260623  10:05:00,29816.0,29825.0,29795.0,29803.75,817
20260623  10:06:00,29804.0,29808.75,29796.75,29802.0,547
20260623  10:07:00,29800.75,29811.5,29799.0,29802.0,430
20260623  10:08:00,29803.5,29816.25,29791.75,29808.25,552
20260623  10:09:00,29808.25,29822.25,29803.25,29819.0,501
20260623  10:10:00,29817.75,29846.75,29816.0,29840.5,827
20260623  10:11:00,29840.25,29880.0,29837.75,29873.75,1206
20260623  10:12:00,29874.5,29883.0,29863.75,29872.25,811
20260623  10:13:00,29872.0,29878.75,29862.25,29867.75,513
20260623  10:14:00,29867.5,29875.75,29849.5,29850.75,862
20260623  10:15:00,29851.0,29863.25,29850.5,29858.75,558
20260623  10:16:00,29858.5,29868.75,29845.0,29861.25,551
20260623  10:17:00,29861.0,29861.0,29821.0,29825.25,853
20260623  10:18:00,29826.0,29839.0,29821.75,29836.5,526
20260623  10:19:00,29836.25,29837.25,29822.0,29833.25,287
20260623  10:20:00,29832.5,29844.0,29825.25,29843.25,417
20260623  10:21:00,29843.5,29879.5,29841.75,29870.75,972
20260623  10:22:00,29872.0,29875.25,29863.0,29871.0,444
20260623  10:23:00,29870.25,29877.0,29865.75,29870.75,437
20260623  10:24:00,29870.5,29890.0,29870.5,29878.75,692
20260623  10:25:00,29878.0,29889.0,29858.0,29873.25,727
20260623  10:26:00,29872.75,29875.75,29859.0,29875.25,543
20260623  10:27:00,29873.75,29885.25,29872.75,29879.0,393
20260623  10:28:00,29877.75,29891.75,29875.5,29881.0,368
20260623  10:29:00,29879.75,29882.5,29861.0,29866.5,440
20260623  10:30:00,29866.5,29869.75,29837.25,29846.5,741
20260623  10:31:00,29846.75,29851.5,29830.5,29844.0,783
20260623  10:32:00,29844.75,29861.25,29838.75,29857.0,654
20260623  10:33:00,29856.25,29871.5,29856.0,29865.0,675
20260623  10:34:00,29864.75,29873.25,29846.75,29873.0,562
20260623  10:35:00,29873.0,29895.0,29871.75,29893.5,762
20260623  10:36:00,29892.75,29896.5,29879.75,29883.0,675
20260623  10:37:00,29882.25,29890.5,29863.75,29869.5,579
20260623  10:38:00,29869.75,29871.0,29856.25,29862.75,428
20260623  10:39:00,29860.75,29862.25,29847.25,29850.75,472
20260623  10:40:00,29850.0,29857.5,29844.25,29847.0,411
20260623  10:41:00,29845.75,29847.5,29831.75,29837.75,514
20260623  10:42:00,29837.25,29839.0,29826.25,29836.75,433
20260623  10:43:00,29836.75,29844.5,29829.0,29830.25,248
20260623  10:44:00,29830.5,29837.25,29824.25,29829.25,350
20260623  10:45:00,29829.25,29844.25,29823.0,29839.5,692
20260623  10:46:00,29839.5,29845.0,29822.0,29825.75,534
20260623  10:47:00,29823.5,29826.75,29815.0,29823.0,610
20260623  10:48:00,29824.0,29830.5,29818.0,29823.0,450
20260623  10:49:00,29825.0,29838.25,29824.5,29827.25,486
20260623  10:50:00,29828.75,29829.0,29807.0,29809.0,702
20260623  10:51:00,29808.5,29811.0,29797.25,29801.5,659
20260623  10:52:00,29801.5,29806.25,29792.25,29798.5,518
20260623  10:53:00,29797.5,29800.0,29781.5,29781.75,944
20260623  10:54:00,29783.0,29788.25,29751.0,29756.5,1379
20260623  10:55:00,29756.75,29766.0,29739.25,29750.5,1032
20260623  10:56:00,29750.75,29751.5,29736.75,29744.75,699
20260623  10:57:00,29744.5,29753.25,29740.0,29743.75,779
20260623  10:58:00,29743.25,29750.75,29735.25,29739.5,564
20260623  10:59:00,29738.75,29746.25,29732.0,29733.0,589
20260623  11:00:00,29732.75,29767.5,29726.25,29767.5,1453
20260623  11:01:00,29766.5,29778.5,29757.0,29775.5,1055
20260623  11:02:00,29775.5,29782.5,29761.0,29761.5,776
20260623  11:03:00,29761.75,29767.25,29752.5,29758.75,700
20260623  11:04:00,29759.0,29761.75,29749.25,29751.5,524
20260623  11:05:00,29751.75,29756.75,29745.25,29752.25,468
20260623  11:06:00,29751.25,29758.0,29741.25,29745.0,502
20260623  11:07:00,29745.0,29746.75,29713.0,29714.75,908
20260623  11:08:00,29714.5,29725.75,29709.5,29723.0,768
20260623  11:09:00,29722.5,29735.0,29722.0,29731.5,747
20260623  11:10:00,29733.25,29742.0,29728.25,29736.25,730
20260623  11:11:00,29737.0,29745.75,29733.75,29740.5,394
20260623  11:12:00,29740.25,29748.25,29733.75,29734.5,537
20260623  11:13:00,29734.5,29743.25,29730.5,29736.25,346
20260623  11:14:00,29733.75,29751.5,29733.5,29746.0,559
20260623  11:15:00,29744.75,29762.75,29742.25,29752.25,1147
20260623  11:16:00,29752.75,29760.5,29731.75,29734.0,628
20260623  11:17:00,29734.0,29737.25,29725.25,29729.75,506
20260623  11:18:00,29728.75,29734.0,29724.0,29724.0,418
20260623  11:19:00,29724.75,29736.0,29723.5,29735.0,328
20260623  11:20:00,29734.25,29736.75,29719.5,29722.0,495
20260623  11:21:00,29721.5,29731.0,29721.0,29727.75,319
20260623  11:22:00,29727.0,29751.0,29726.5,29749.25,796
20260623  11:23:00,29748.25,29757.25,29740.5,29751.0,716
20260623  11:24:00,29750.75,29752.5,29735.25,29744.25,559
20260623  11:25:00,29744.75,29745.0,29725.5,29733.25,557
20260623  11:26:00,29731.0,29735.5,29726.0,29730.5,414
20260623  11:27:00,29730.5,29739.25,29730.5,29733.75,290
20260623  11:28:00,29732.5,29739.0,29727.75,29735.5,545
20260623  11:29:00,29735.0,29746.0,29731.75,29734.5,398
20260623  11:30:00,29734.0,29734.0,29723.25,29726.5,614
20260623  11:31:00,29727.25,29742.0,29724.5,29732.75,441
20260623  11:32:00,29733.0,29737.0,29725.25,29728.0,255
20260623  11:33:00,29727.75,29733.25,29720.25,29721.75,385
20260623  11:34:00,29722.25,29725.25,29712.25,29714.5,528
20260623  11:35:00,29714.75,29723.5,29707.5,29708.75,449
20260623  11:36:00,29709.0,29719.75,29704.0,29710.75,645
20260623  11:37:00,29711.5,29713.5,29704.5,29706.75,403
20260623  11:38:00,29707.25,29709.25,29698.25,29699.75,496
20260623  11:39:00,29699.5,29703.25,29693.25,29698.75,551
20260623  11:40:00,29699.0,29699.0,29663.75,29664.5,1293
20260623  11:41:00,29665.25,29681.0,29664.5,29676.0,872
20260623  11:42:00,29676.0,29676.75,29638.75,29639.75,1153
20260623  11:43:00,29641.25,29653.5,29634.0,29634.5,1091
20260623  11:44:00,29635.25,29640.5,29626.25,29629.5,847
20260623  11:45:00,29629.5,29635.5,29605.5,29607.25,1521
20260623  11:46:00,29607.75,29616.25,29595.75,29597.25,1371
20260623  11:47:00,29597.5,29607.5,29587.5,29590.25,1077
20260623  11:48:00,29590.25,29625.25,29590.0,29617.0,1324
20260623  11:49:00,29618.0,29626.0,29613.0,29625.0,1058
20260623  11:50:00,29624.0,29657.5,29622.75,29649.0,1489
20260623  11:51:00,29650.25,29656.5,29636.0,29636.5,822
20260623  11:52:00,29637.5,29643.25,29614.25,29620.0,809
20260623  11:53:00,29619.5,29621.5,29587.5,29590.75,1200
20260623  11:54:00,29590.25,29606.75,29577.25,29605.75,1187
20260623  11:55:00,29605.0,29606.5,29584.0,29593.5,886
20260623  11:56:00,29591.75,29602.75,29586.75,29593.5,914
20260623  11:57:00,29593.25,29604.0,29584.25,29600.25,1033
20260623  11:58:00,29600.75,29625.5,29590.75,29625.0,804
20260623  11:59:00,29624.75,29642.0,29623.25,29630.0,1081
20260623  12:00:00,29628.75,29641.5,29612.5,29638.25,1025
20260623  12:01:00,29639.5,29686.0,29637.5,29681.5,1541
20260623  12:02:00,29680.5,29682.5,29664.25,29674.75,1092
20260623  12:03:00,29675.0,29699.25,29672.0,29697.5,935
20260623  12:04:00,29697.25,29716.0,29689.75,29710.75,1089
20260623  12:05:00,29710.25,29753.0,29708.5,29739.25,1946
20260623  12:06:00,29740.75,29741.5,29691.0,29695.25,1497
20260623  12:07:00,29693.75,29701.0,29671.5,29675.75,1152
20260623  12:08:00,29675.75,29681.25,29644.25,29650.25,1258
20260623  12:09:00,29650.0,29663.5,29649.0,29656.0,870
20260623  12:10:00,29657.0,29661.75,29636.0,29639.5,886
20260623  12:11:00,29639.75,29678.25,29637.5,29674.75,1016
20260623  12:12:00,29674.75,29688.5,29669.25,29684.25,823
20260623  12:13:00,29683.25,29684.25,29650.5,29664.25,1035
20260623  12:14:00,29665.0,29683.75,29664.5,29673.25,529
20260623  12:15:00,29673.25,29687.0,29664.0,29673.5,640
20260623  12:16:00,29673.75,29686.5,29662.75,29668.75,745
20260623  12:17:00,29669.75,29669.75,29642.5,29643.5,848
20260623  12:18:00,29643.75,29652.0,29631.75,29640.0,675
20260623  12:19:00,29638.0,29648.0,29628.5,29631.0,642
20260623  12:20:00,29629.75,29646.0,29623.25,29623.75,760
20260623  12:21:00,29623.5,29649.0,29616.0,29646.25,784
20260623  12:22:00,29645.75,29657.75,29640.75,29646.25,686
20260623  12:23:00,29644.5,29715.75,29644.5,29704.75,1490
20260623  12:24:00,29704.25,29706.5,29687.0,29688.75,850
20260623  12:25:00,29688.5,29703.0,29677.25,29698.5,908
20260623  12:26:00,29699.25,29733.5,29699.25,29706.0,1653
20260623  12:27:00,29706.5,29717.5,29698.5,29706.5,761
20260623  12:28:00,29706.5,29710.0,29687.5,29692.25,1228
20260623  12:29:00,29692.5,29720.25,29688.5,29710.75,952
20260623  12:30:00,29710.75,29734.0,29701.5,29714.25,1405
20260623  12:31:00,29714.75,29719.0,29693.5,29695.25,1015
20260623  12:32:00,29696.0,29719.5,29681.5,29716.25,893
20260623  12:33:00,29718.25,29732.0,29706.5,29725.25,807
20260623  12:34:00,29725.25,29744.75,29722.5,29738.25,975
20260623  12:35:00,29737.25,29744.25,29716.25,29735.5,1145
20260623  12:36:00,29733.75,29745.0,29724.0,29728.5,789
20260623  12:37:00,29727.5,29736.25,29718.0,29727.25,728
20260623  12:38:00,29726.5,29739.0,29717.75,29723.25,693
20260623  12:39:00,29723.25,29731.5,29714.25,29715.75,650
20260623  12:40:00,29715.75,29723.75,29706.0,29709.0,638
20260623  12:41:00,29709.75,29709.75,29692.75,29696.5,810
20260623  12:42:00,29696.25,29705.5,29678.25,29683.25,786
20260623  12:43:00,29684.0,29696.0,29675.5,29687.0,1004
20260623  12:44:00,29686.75,29709.0,29684.0,29696.5,707
20260623  12:45:00,29696.0,29710.75,29682.25,29687.75,886
20260623  12:46:00,29687.75,29694.75,29675.25,29679.75,853
20260623  12:47:00,29680.5,29687.25,29663.75,29665.5,1151
20260623  12:48:00,29664.75,29666.0,29643.0,29652.5,1046
20260623  12:49:00,29652.5,29684.5,29652.0,29682.75,1323
20260623  12:50:00,29684.0,29714.0,29672.0,29701.0,1856
20260623  12:51:00,29702.25,29703.25,29677.25,29689.0,1380
20260623  12:52:00,29688.25,29694.5,29677.5,29684.5,1079
20260623  12:53:00,29684.5,29688.75,29659.25,29683.5,1603
20260623  12:54:00,29682.75,29732.75,29679.0,29728.0,1813
20260623  12:55:00,29728.0,29728.5,29700.75,29712.25,1947
20260623  12:56:00,29712.25,29720.5,29699.5,29711.75,1411
20260623  12:57:00,29711.75,29712.75,29687.75,29690.0,2016
20260623  12:58:00,29690.5,29701.5,29685.0,29695.75,2617
20260623  12:59:00,29696.25,29713.75,29642.75,29650.25,13079
20260623  13:00:00,29650.5,29661.75,29633.25,29642.75,3712
20260623  13:01:00,29643.5,29652.25,29637.0,29645.5,1311
20260623  13:02:00,29646.25,29663.25,29644.5,29662.0,859
20260623  13:03:00,29661.75,29665.0,29654.0,29663.0,462
20260623  13:04:00,29664.0,29681.0,29663.25,29674.75,725
20260623  13:05:00,29673.75,29688.5,29673.0,29684.25,390
20260623  13:06:00,29685.5,29697.0,29685.5,29695.5,512
20260623  13:07:00,29694.75,29706.75,29694.0,29706.0,496
20260623  13:08:00,29706.75,29717.5,29701.25,29714.25,392
20260623  13:09:00,29713.5,29716.75,29700.25,29704.0,442
20260623  13:10:00,29703.25,29708.0,29697.0,29703.5,374
20260623  13:11:00,29702.75,29716.5,29699.5,29712.0,347
20260623  13:12:00,29711.75,29718.25,29700.75,29705.5,219
20260623  13:13:00,29704.0,29713.25,29703.25,29712.5,189
20260623  13:14:00,29712.0,29714.5,29706.75,29708.0,220
20260623  13:15:00,29707.75,29710.0,29701.25,29706.25,220
20260623  13:16:00,29706.0,29712.5,29705.0,29710.5,171
20260623  13:17:00,29710.0,29711.0,29698.25,29708.0,457
20260623  13:18:00,29709.0,29710.25,29705.0,29707.0,161
20260623  13:19:00,29707.0,29716.75,29707.0,29714.5,144
20260623  13:20:00,29715.0,29716.0,29710.75,29712.25,123
20260623  13:21:00,29712.25,29716.25,29710.0,29716.25,92
20260623  13:22:00,29715.75,29724.5,29713.5,29718.5,228
20260623  13:23:00,29719.5,29728.0,29719.25,29726.75,140
20260623  13:24:00,29727.0,29732.25,29726.75,29729.0,140
20260623  13:25:00,29729.75,29739.75,29727.0,29739.75,186
20260623  13:26:00,29739.0,29741.75,29735.0,29737.0,188
20260623  13:27:00,29736.75,29738.5,29732.0,29736.5,149
20260623  13:28:00,29736.5,29744.0,29736.5,29743.0,107
20260623  13:29:00,29743.25,29743.5,29732.5,29735.75,159
20260623  13:30:00,29734.75,29738.0,29727.75,29737.5,104
20260623  13:31:00,29737.25,29741.0,29736.0,29738.0,73
20260623  13:32:00,29737.25,29741.25,29733.5,29735.25,104
20260623  13:33:00,29735.5,29740.5,29735.0,29738.5,133
20260623  13:34:00,29738.5,29746.25,29738.25,29742.75,154
20260623  13:35:00,29743.0,29747.25,29742.5,29743.0,108
20260623  13:36:00,29744.5,29744.5,29739.0,29743.75,124
20260623  13:37:00,29743.5,29746.25,29742.0,29745.75,69
20260623  13:38:00,29745.75,29748.25,29738.75,29739.5,143
20260623  13:39:00,29739.0,29741.0,29727.75,29728.25,108
20260623  13:40:00,29728.5,29729.75,29717.0,29720.75,188
20260623  13:41:00,29720.25,29725.75,29718.25,29725.5,112
20260623  13:42:00,29725.25,29730.0,29725.0,29726.75,93
20260623  13:43:00,29728.0,29735.25,29728.0,29732.75,160
20260623  13:44:00,29732.25,29734.5,29729.0,29730.0,71
20260623  13:45:00,29729.5,29730.0,29725.0,29727.75,162
20260623  13:46:00,29727.5,29729.0,29722.0,29726.0,210
20260623  13:47:00,29725.75,29733.0,29725.0,29728.25,128
20260623  13:48:00,29728.0,29730.25,29718.0,29722.75,139
20260623  13:49:00,29722.5,29723.5,29716.0,29717.25,241
20260623  13:50:00,29717.25,29724.25,29717.25,29721.0,85
20260623  13:51:00,29721.75,29724.25,29720.0,29722.5,131
20260623  13:52:00,29723.25,29727.25,29723.0,29726.25,73
20260623  13:53:00,29726.25,29728.75,29723.0,29725.75,93
20260623  13:54:00,29726.25,29727.5,29723.0,29725.5,136
20260623  13:55:00,29724.5,29730.0,29721.0,29730.0,104
20260623  13:56:00,29730.75,29744.25,29730.0,29743.5,168
20260623  13:57:00,29742.75,29745.25,29740.25,29744.25,100
20260623  13:58:00,29746.0,29752.0,29744.75,29751.5,122
20260623  13:59:00,29751.5,29757.5,29739.75,29752.0,303
20260623  15:00:00,29770.0,29795.0,29760.25,29770.0,525
20260623  15:01:00,29767.5,29767.75,29745.0,29755.75,315
20260623  15:02:00,29756.25,29767.75,29746.5,29753.5,244
20260623  15:03:00,29753.25,29781.0,29753.25,29759.25,221
20260623  15:04:00,29753.75,29758.75,29746.25,29755.25,168
20260623  15:05:00,29754.75,29760.75,29749.0,29760.75,88
20260623  15:06:00,29761.0,29772.5,29756.5,29769.75,122
20260623  15:07:00,29769.5,29781.25,29764.75,29776.25,134
20260623  15:08:00,29777.0,29784.25,29777.0,29783.0,114
20260623  15:09:00,29783.5,29790.0,29780.0,29784.25,171
20260623  15:10:00,29784.0,29788.0,29776.5,29783.25,123
20260623  15:11:00,29782.75,29799.75,29782.25,29790.0,232
20260623  15:12:00,29789.0,29798.5,29788.75,29796.75,78
20260623  15:13:00,29796.0,29802.25,29792.0,29795.25,173
20260623  15:14:00,29793.25,29798.0,29781.0,29781.0,137
20260623  15:15:00,29782.25,29796.25,29781.5,29794.75,93
20260623  15:16:00,29796.0,29803.5,29793.5,29796.0,93
20260623  15:17:00,29794.25,29795.5,29787.0,29791.0,78
20260623  15:18:00,29790.5,29792.5,29775.5,29776.75,188
20260623  15:19:00,29778.0,29778.0,29761.0,29770.25,164
20260623  15:20:00,29769.75,29774.5,29764.5,29765.5,85
20260623  15:21:00,29765.25,29765.5,29741.75,29751.0,261
20260623  15:22:00,29751.5,29751.5,29732.0,29732.0,334
20260623  15:23:00,29733.25,29734.5,29720.0,29720.25,273
20260623  15:24:00,29720.5,29729.25,29710.0,29712.5,222
20260623  15:25:00,29711.0,29714.5,29701.75,29711.5,273
20260623  15:26:00,29713.0,29714.5,29701.25,29704.25,177
20260623  15:27:00,29705.0,29713.75,29702.5,29713.75,140
20260623  15:28:00,29714.5,29721.25,29705.5,29708.0,219
20260623  15:29:00,29707.75,29715.0,29704.0,29706.0,109
20260623  15:30:00,29706.5,29729.0,29706.5,29726.25,248
20260623  15:31:00,29726.0,29727.5,29716.0,29718.25,120
20260623  15:32:00,29718.5,29725.25,29717.0,29719.5,129
20260623  15:33:00,29717.0,29717.0,29690.75,29693.0,236
20260623  15:34:00,29691.75,29694.75,29667.5,29678.25,458
20260623  15:35:00,29677.0,29679.75,29662.0,29664.5,359
20260623  15:36:00,29666.0,29684.25,29664.0,29678.0,201
20260623  15:37:00,29676.25,29681.5,29653.0,29659.5,219
20260623  15:38:00,29663.25,29676.0,29663.25,29672.25,109
20260623  15:39:00,29674.75,29676.5,29661.75,29672.0,98
20260623  15:40:00,29673.0,29678.5,29658.0,29676.75,126
20260623  15:41:00,29678.5,29679.25,29669.25,29670.25,61
20260623  15:42:00,29670.25,29670.25,29647.0,29655.75,260
20260623  15:43:00,29655.25,29658.0,29642.5,29645.0,151
20260623  15:44:00,29643.75,29647.0,29632.5,29642.0,304
20260623  15:45:00,29640.0,29657.5,29638.0,29656.0,177
20260623  15:46:00,29656.25,29662.25,29655.75,29660.5,78
20260623  15:47:00,29659.25,29659.75,29653.25,29657.75,42
20260623  15:48:00,29659.25,29665.75,29651.5,29665.75,99
20260623  15:49:00,29664.25,29667.0,29661.0,29666.0,74
20260623  15:50:00,29666.25,29678.0,29661.75,29670.5,176
20260623  15:51:00,29670.5,29675.5,29666.25,29667.25,61
20260623  15:52:00,29666.0,29666.0,29651.75,29655.0,122
20260623  15:53:00,29653.75,29678.5,29653.75,29676.75,167
20260623  15:54:00,29677.5,29680.25,29669.0,29674.5,122
20260623  15:55:00,29673.5,29682.75,29671.5,29678.75,124
20260623  15:56:00,29679.75,29683.25,29678.0,29681.0,95
20260623  15:57:00,29681.5,29688.75,29678.0,29685.5,121
20260623  15:58:00,29685.0,29686.25,29676.75,29679.75,107
20260623  15:59:00,29679.0,29682.0,29677.75,29680.0,40
20260623  16:00:00,29680.0,29682.25,29656.25,29658.25,233
20260623  16:01:00,29658.5,29667.0,29656.5,29663.0,103
20260623  16:02:00,29663.25,29663.5,29651.5,29661.0,81
20260623  16:03:00,29660.75,29660.75,29642.0,29642.5,168
20260623  16:04:00,29643.5,29645.25,29630.5,29635.0,147
20260623  16:05:00,29635.0,29637.75,29590.0,29595.0,540
20260623  16:06:00,29596.0,29603.0,29587.5,29598.75,214
20260623  16:07:00,29597.5,29601.75,29592.0,29595.25,182
20260623  16:08:00,29596.0,29607.5,29585.5,29606.0,219
20260623  16:09:00,29606.25,29620.75,29604.25,29617.0,187
20260623  16:10:00,29619.0,29622.25,29613.5,29614.0,115
20260623  16:11:00,29615.25,29640.0,29615.25,29638.75,225
20260623  16:12:00,29639.25,29648.75,29639.25,29645.5,188
20260623  16:13:00,29643.0,29658.0,29641.5,29657.75,140
20260623  16:14:00,29656.25,29666.0,29649.75,29651.25,226
20260623  16:15:00,29653.25,29675.0,29650.5,29670.75,281
20260623  16:16:00,29669.75,29673.0,29661.75,29662.5,109
20260623  16:17:00,29661.0,29666.25,29660.0,29661.25,63
20260623  16:18:00,29663.25,29666.75,29659.75,29664.75,26
20260623  16:19:00,29664.0,29672.0,29664.0,29667.25,51
20260623  16:20:00,29669.5,29669.5,29662.0,29664.75,31
20260623  16:21:00,29664.25,29679.75,29661.75,29677.5,91
20260623  16:22:00,29676.5,29685.75,29675.75,29679.75,212
20260623  16:23:00,29683.25,29686.0,29679.5,29686.0,97
20260623  16:24:00,29685.0,29689.75,29681.25,29689.25,111
20260623  16:25:00,29689.25,29691.75,29683.5,29687.5,131
20260623  16:26:00,29687.0,29694.25,29681.25,29684.5,167
20260623  16:27:00,29685.5,29685.5,29670.5,29680.0,139
20260623  16:28:00,29680.0,29690.25,29679.75,29687.5,128
20260623  16:29:00,29686.5,29688.75,29679.5,29681.75,72
20260623  16:30:00,29683.0,29687.0,29677.0,29680.5,46
20260623  16:31:00,29679.0,29680.75,29674.0,29677.5,132
20260623  16:32:00,29677.25,29678.25,29656.0,29663.25,203
20260623  16:33:00,29660.25,29663.5,29648.25,29649.5,129
20260623  16:34:00,29653.25,29656.5,29641.25,29643.5,156
20260623  16:35:00,29646.0,29650.0,29640.0,29646.25,109
20260623  16:36:00,29648.5,29653.0,29643.25,29643.25,141
20260623  16:37:00,29644.5,29652.0,29631.25,29632.75,156
20260623  16:38:00,29634.0,29642.0,29631.0,29639.0,91
20260623  16:39:00,29638.75,29642.0,29624.25,29628.5,168
20260623  16:40:00,29629.0,29643.5,29621.25,29643.5,263
20260623  16:41:00,29640.25,29646.25,29636.25,29640.25,150
20260623  16:42:00,29638.5,29657.25,29638.5,29654.0,151
20260623  16:43:00,29655.75,29657.5,29649.5,29650.25,67
20260623  16:44:00,29651.5,29657.0,29650.5,29657.0,29
20260623  16:45:00,29656.0,29719.0,29653.75,29717.75,857
20260623  16:46:00,29719.0,29763.5,29712.0,29763.5,928
20260623  16:47:00,29761.0,29762.75,29738.0,29746.75,295
20260623  16:48:00,29745.0,29754.75,29733.5,29744.5,245
20260623  16:49:00,29741.25,29745.5,29731.75,29733.75,143
20260623  16:50:00,29736.75,29746.75,29722.0,29727.25,190
20260623  16:51:00,29728.25,29737.5,29722.5,29734.25,98
20260623  16:52:00,29735.0,29745.75,29727.0,29745.75,157
20260623  16:53:00,29744.5,29751.0,29736.5,29748.25,153
20260623  16:54:00,29748.5,29753.0,29732.0,29732.0,170
20260623  16:55:00,29732.75,29748.5,29730.75,29743.5,113
20260623  16:56:00,29742.0,29751.5,29738.25,29747.25,147
20260623  16:57:00,29748.25,29748.75,29736.0,29736.25,63
20260623  16:58:00,29735.5,29745.0,29731.25,29736.25,106
20260623  16:59:00,29736.75,29748.5,29736.0,29748.25,83
20260623  17:00:00,29745.0,29785.75,29738.75,29781.5,714
20260623  17:01:00,29782.0,29797.0,29774.0,29797.0,326
20260623  17:02:00,29796.0,29808.0,29763.0,29763.0,625
20260623  17:03:00,29763.0,29777.25,29757.0,29761.25,295
20260623  17:04:00,29760.5,29765.0,29744.75,29746.5,280
20260623  17:05:00,29749.5,29751.5,29736.75,29747.5,333
20260623  17:06:00,29748.75,29794.75,29746.5,29793.25,405
20260623  17:07:00,29793.0,29820.0,29793.0,29817.75,468
20260623  17:08:00,29816.5,29822.75,29800.25,29812.75,440
20260623  17:09:00,29814.0,29831.0,29814.0,29821.25,383
20260623  17:10:00,29820.75,29840.0,29820.75,29838.0,351
20260623  17:11:00,29837.75,29850.0,29820.75,29849.0,490
20260623  17:12:00,29847.75,29850.5,29832.25,29837.0,309
20260623  17:13:00,29835.25,29837.0,29807.5,29813.5,361
20260623  17:14:00,29814.25,29829.0,29806.5,29823.75,203
20260623  17:15:00,29822.0,29842.5,29818.75,29834.5,345
20260623  17:16:00,29834.5,29846.25,29819.25,29845.0,226
20260623  17:17:00,29846.0,29857.5,29841.25,29847.75,391
20260623  17:18:00,29846.5,29856.75,29844.25,29855.0,190
20260623  17:19:00,29854.25,29858.5,29849.0,29850.75,175
20260623  17:20:00,29850.25,29854.25,29836.25,29842.25,222
20260623  17:21:00,29842.0,29849.0,29829.5,29835.5,295
20260623  17:22:00,29836.0,29839.5,29827.5,29838.5,124
20260623  17:23:00,29837.5,29845.75,29819.5,29819.75,289
20260623  17:24:00,29819.5,29824.75,29810.75,29815.25,360
20260623  17:25:00,29814.5,29828.0,29810.75,29822.25,249
20260623  17:26:00,29821.0,29841.5,29807.5,29839.75,289
20260623  17:27:00,29840.25,29845.0,29830.25,29834.0,175
20260623  17:28:00,29833.0,29838.75,29823.25,29832.25,112
20260623  17:29:00,29832.75,29852.0,29829.75,29847.75,169
20260623  17:30:00,29849.5,29855.5,29843.75,29848.75,170
20260623  17:31:00,29847.75,29855.5,29838.25,29852.5,176
20260623  17:32:00,29850.5,29872.0,29850.0,29868.5,347
20260623  17:33:00,29868.5,29874.25,29859.25,29860.75,388
20260623  17:34:00,29858.75,29874.0,29857.0,29872.5,245
20260623  17:35:00,29873.75,29883.5,29863.0,29865.5,344
20260623  17:36:00,29865.5,29883.0,29863.75,29880.25,155
20260623  17:37:00,29878.75,29879.75,29854.5,29860.0,181
20260623  17:38:00,29861.5,29871.25,29854.25,29866.5,104
20260623  17:39:00,29869.75,29877.0,29862.0,29875.0,104
20260623  17:40:00,29875.0,29875.25,29862.25,29872.0,116
20260623  17:41:00,29869.0,29878.5,29859.0,29866.5,184
20260623  17:42:00,29865.0,29891.75,29865.0,29876.0,366
20260623  17:43:00,29876.0,29889.0,29876.0,29887.25,137
20260623  17:44:00,29886.0,29890.0,29877.5,29879.25,156
20260623  17:45:00,29877.0,29884.25,29865.0,29874.25,152
20260623  17:46:00,29875.0,29888.25,29874.75,29877.0,99
20260623  17:47:00,29876.25,29878.0,29865.75,29865.75,138
20260623  17:48:00,29867.0,29874.5,29857.75,29869.0,175
20260623  17:49:00,29867.0,29870.25,29860.0,29866.5,118
20260623  17:50:00,29864.0,29876.75,29857.75,29871.25,141
20260623  17:51:00,29868.75,29868.75,29847.75,29850.0,239
20260623  17:52:00,29850.0,29857.25,29843.5,29853.5,154
20260623  17:53:00,29853.25,29859.0,29850.75,29857.5,105
20260623  17:54:00,29857.75,29860.0,29833.5,29838.0,209
20260623  17:55:00,29839.25,29840.5,29826.5,29835.0,205
20260623  17:56:00,29836.0,29837.25,29817.5,29819.0,179
20260623  17:57:00,29818.0,29838.5,29815.25,29830.25,198
20260623  17:58:00,29829.0,29837.75,29828.0,29830.5,106
20260623  17:59:00,29829.5,29847.5,29829.5,29846.5,143
20260623  18:00:00,29848.25,29852.25,29814.0,29816.25,323
20260623  18:01:00,29818.25,29822.25,29811.25,29820.0,153
20260623  18:02:00,29821.0,29830.75,29810.75,29827.0,133
20260623  18:03:00,29826.25,29826.25,29798.25,29798.75,230
20260623  18:04:00,29800.5,29802.75,29785.0,29790.0,438
20260623  18:05:00,29790.5,29793.75,29780.75,29789.5,255
20260623  18:06:00,29789.25,29805.5,29788.0,29805.5,224
20260623  18:07:00,29806.5,29823.0,29806.5,29821.0,226
20260623  18:08:00,29824.25,29827.5,29801.75,29803.25,192
20260623  18:09:00,29800.5,29800.5,29781.25,29787.5,353
20260623  18:10:00,29788.75,29803.25,29782.75,29795.5,189
20260623  18:11:00,29794.0,29813.25,29787.0,29797.0,163
20260623  18:12:00,29795.75,29820.0,29795.75,29816.0,217
20260623  18:13:00,29817.25,29821.0,29802.75,29810.75,106
20260623  18:14:00,29808.0,29820.5,29808.0,29819.5,120
20260623  18:15:00,29817.75,29822.0,29803.25,29812.75,125
20260623  18:16:00,29810.5,29810.75,29785.25,29789.25,167
20260623  18:17:00,29789.5,29792.5,29773.5,29775.0,177
20260623  18:18:00,29774.5,29780.25,29761.0,29778.25,261
20260623  18:19:00,29779.25,29781.5,29761.75,29772.0,187
20260623  18:20:00,29772.25,29783.25,29761.75,29771.25,201
20260623  18:21:00,29770.0,29779.0,29766.5,29771.5,200
20260623  18:22:00,29773.5,29792.75,29773.5,29784.5,227
20260623  18:23:00,29784.25,29806.75,29782.75,29805.5,151
20260623  18:24:00,29804.75,29821.5,29801.75,29814.75,304
20260623  18:25:00,29815.75,29824.0,29810.75,29821.5,175
20260623  18:26:00,29820.25,29827.25,29817.0,29821.75,154
20260623  18:27:00,29817.25,29817.5,29802.25,29804.25,243
20260623  18:28:00,29807.5,29813.0,29798.5,29805.5,184
20260623  18:29:00,29802.0,29818.0,29798.75,29816.0,160
20260623  18:30:00,29814.5,29833.25,29812.0,29832.5,265
20260623  18:31:00,29832.25,29835.0,29823.0,29834.75,152
20260623  18:32:00,29833.25,29838.0,29826.75,29833.25,103
20260623  18:33:00,29832.75,29841.25,29830.5,29837.75,181
20260623  18:34:00,29837.0,29837.25,29829.75,29834.5,128
20260623  18:35:00,29831.0,29831.75,29814.75,29826.25,183
20260623  18:36:00,29826.25,29831.5,29808.0,29812.0,124
20260623  18:37:00,29812.25,29827.0,29811.5,29823.0,113
20260623  18:38:00,29818.0,29832.0,29816.25,29823.75,117
20260623  18:39:00,29823.75,29827.5,29818.5,29825.75,64
20260623  18:40:00,29827.5,29832.75,29810.0,29811.75,128
20260623  18:41:00,29812.75,29839.5,29809.75,29836.25,158
20260623  18:42:00,29840.0,29843.5,29824.25,29830.25,169
20260623  18:43:00,29829.25,29843.75,29821.0,29842.25,131
20260623  18:44:00,29842.0,29845.25,29826.75,29832.25,187
20260623  18:45:00,29832.75,29840.5,29805.0,29819.25,318
20260623  18:46:00,29817.5,29819.25,29811.0,29813.25,75
20260623  18:47:00,29810.75,29822.5,29808.0,29818.25,107
20260623  18:48:00,29820.25,29827.25,29814.5,29817.5,117
20260623  18:49:00,29818.25,29826.75,29813.75,29821.25,70
20260623  18:50:00,29817.5,29836.0,29814.0,29833.5,138
20260623  18:51:00,29831.75,29838.5,29829.5,29831.75,98
20260623  18:52:00,29829.5,29833.0,29817.25,29824.0,119
20260623  18:53:00,29822.0,29838.25,29820.0,29837.5,84
20260623  18:54:00,29837.5,29852.0,29833.25,29846.25,349
20260623  18:55:00,29845.25,29845.25,29822.5,29826.5,230
20260623  18:56:00,29826.5,29837.0,29826.25,29832.0,172
20260623  18:57:00,29831.75,29848.25,29831.75,29838.0,139
20260623  18:58:00,29835.75,29844.0,29830.0,29832.0,100
20260623  18:59:00,29831.5,29831.5,29819.25,29826.5,204
20260623  19:00:00,29827.5,29827.5,29809.25,29813.5,227
20260623  19:01:00,29813.0,29832.0,29813.0,29829.5,385
20260623  19:02:00,29828.0,29837.75,29812.25,29814.25,273
20260623  19:03:00,29815.5,29833.75,29810.5,29827.75,192
20260623  19:04:00,29828.0,29834.0,29821.25,29829.0,422
20260623  19:05:00,29829.75,29829.75,29817.75,29817.75,133
20260623  19:06:00,29819.25,29829.5,29812.5,29815.75,239
20260623  19:07:00,29812.75,29816.75,29801.0,29806.5,133
20260623  19:08:00,29805.25,29811.0,29800.5,29807.25,121
20260623  19:09:00,29811.25,29826.5,29807.75,29821.25,140
20260623  19:10:00,29824.75,29829.25,29824.0,29828.25,65
20260623  19:11:00,29828.5,29838.5,29826.0,29827.5,105
20260623  19:12:00,29828.25,29834.0,29817.5,29821.25,169
20260623  19:13:00,29821.25,29822.75,29816.5,29817.5,71
20260623  19:14:00,29817.0,29821.5,29812.25,29819.5,65
20260623  19:15:00,29816.0,29818.5,29802.25,29809.25,114
20260623  19:16:00,29811.75,29811.75,29798.5,29806.0,104
20260623  19:17:00,29804.25,29808.0,29785.5,29788.25,325
20260623  19:18:00,29789.5,29794.5,29781.75,29794.5,185
20260623  19:19:00,29795.25,29808.5,29793.0,29802.0,170
20260623  19:20:00,29802.25,29807.5,29794.5,29799.75,69
20260623  19:21:00,29797.75,29797.75,29782.75,29783.5,112
20260623  19:22:00,29781.75,29782.5,29766.5,29777.0,283
20260623  19:23:00,29776.5,29778.75,29768.5,29770.0,154
20260623  19:24:00,29770.0,29774.75,29762.25,29774.0,179
20260623  19:25:00,29773.0,29788.75,29772.5,29784.5,209
20260623  19:26:00,29788.0,29789.25,29778.75,29779.5,87
20260623  19:27:00,29779.0,29784.75,29770.75,29782.75,172
20260623  19:28:00,29782.5,29793.5,29782.0,29790.5,141
20260623  19:29:00,29790.5,29799.75,29790.5,29795.5,132
20260623  19:30:00,29796.75,29810.5,29789.5,29789.5,195
20260623  19:31:00,29790.5,29793.75,29781.25,29790.5,136
20260623  19:32:00,29788.75,29788.75,29779.25,29780.5,86
20260623  19:33:00,29779.75,29783.5,29778.5,29783.5,74
20260623  19:34:00,29784.0,29785.25,29775.25,29776.25,77
20260623  19:35:00,29776.75,29780.75,29769.0,29771.25,94
20260623  19:36:00,29772.75,29773.0,29764.5,29768.25,99
20260623  19:37:00,29768.5,29770.0,29752.5,29753.5,199
20260623  19:38:00,29754.0,29760.25,29753.25,29758.75,101
20260623  19:39:00,29759.25,29759.25,29730.0,29737.75,504
20260623  19:40:00,29739.0,29748.0,29727.25,29743.5,368
20260623  19:41:00,29742.25,29748.75,29735.25,29735.25,144
20260623  19:42:00,29734.5,29734.5,29717.5,29723.75,202
20260623  19:43:00,29724.5,29732.0,29722.0,29731.5,96
20260623  19:44:00,29731.75,29732.75,29719.5,29722.75,73
20260623  19:45:00,29724.0,29729.5,29716.0,29717.0,97
20260623  19:46:00,29715.0,29716.0,29699.0,29700.5,216
20260623  19:47:00,29702.0,29706.0,29690.0,29697.0,235
20260623  19:48:00,29697.75,29705.0,29681.25,29699.25,307
20260623  19:49:00,29700.75,29700.75,29684.25,29690.25,192
20260623  19:50:00,29689.5,29694.0,29671.75,29671.75,252
20260623  19:51:00,29673.75,29683.75,29667.75,29679.75,244
20260623  19:52:00,29679.25,29684.5,29672.0,29675.25,157
20260623  19:53:00,29677.75,29689.5,29675.0,29675.25,167
20260623  19:54:00,29675.75,29677.0,29662.25,29674.25,304
20260623  19:55:00,29676.75,29684.0,29669.5,29674.5,142
20260623  19:56:00,29674.25,29674.25,29663.25,29672.25,132
20260623  19:57:00,29672.0,29679.0,29662.5,29663.0,137
20260623  19:58:00,29660.5,29661.5,29646.5,29652.75,374
20260623  19:59:00,29651.0,29651.75,29636.75,29637.75,192
20260623  20:00:00,29638.5,29658.5,29634.5,29646.0,388
20260623  20:01:00,29646.75,29663.25,29637.5,29660.0,343
20260623  20:02:00,29658.0,29659.5,29644.5,29648.25,145
20260623  20:03:00,29648.75,29649.25,29632.5,29646.25,298
20260623  20:04:00,29648.25,29650.5,29632.0,29636.5,214
20260623  20:05:00,29635.75,29639.75,29626.75,29630.25,223
20260623  20:06:00,29630.5,29632.5,29616.5,29625.5,279
20260623  20:07:00,29624.5,29644.0,29624.0,29639.75,177
20260623  20:08:00,29638.75,29650.75,29635.75,29646.75,142
20260623  20:09:00,29646.5,29677.0,29643.25,29670.75,394
20260623  20:10:00,29671.5,29703.5,29669.25,29698.0,521
20260623  20:11:00,29696.75,29716.5,29693.5,29716.5,326
20260623  20:12:00,29716.25,29724.5,29708.75,29719.5,375
20260623  20:13:00,29720.75,29728.0,29715.25,29724.75,181
20260623  20:14:00,29724.0,29735.5,29721.5,29726.0,253
20260623  20:15:00,29726.75,29727.0,29703.0,29711.5,268
20260623  20:16:00,29712.75,29714.25,29692.75,29693.0,205
20260623  20:17:00,29694.25,29695.75,29681.5,29688.75,160
20260623  20:18:00,29689.0,29692.5,29683.25,29687.75,111
20260623  20:19:00,29687.0,29695.5,29679.0,29683.0,160
20260623  20:20:00,29684.0,29704.25,29682.75,29698.25,187
20260623  20:21:00,29697.5,29698.5,29678.0,29680.75,192
20260623  20:22:00,29681.0,29697.25,29680.25,29694.5,136
20260623  20:23:00,29693.25,29700.75,29690.0,29691.0,116
20260623  20:24:00,29688.75,29688.75,29673.0,29681.0,159
20260623  20:25:00,29682.0,29702.0,29682.0,29700.0,171
20260623  20:26:00,29698.25,29709.75,29693.75,29706.5,167
20260623  20:27:00,29705.5,29720.75,29702.75,29718.0,263
20260623  20:28:00,29718.5,29733.75,29716.75,29730.5,183
20260623  20:29:00,29731.75,29751.0,29727.5,29749.25,236
20260623  20:30:00,29749.5,29758.25,29743.5,29750.5,266
20260623  20:31:00,29748.25,29760.0,29744.0,29756.5,198
20260623  20:32:00,29758.0,29771.5,29757.75,29764.75,256
20260623  20:33:00,29763.0,29768.25,29748.75,29750.25,231
20260623  20:34:00,29749.0,29759.0,29745.5,29757.75,131
20260623  20:35:00,29759.25,29779.0,29759.25,29766.5,266
20260623  20:36:00,29766.75,29770.75,29758.75,29769.0,151
20260623  20:37:00,29769.5,29770.0,29749.75,29752.0,184
20260623  20:38:00,29748.5,29751.0,29740.25,29749.25,194
20260623  20:39:00,29749.5,29751.75,29743.0,29750.5,88
20260623  20:40:00,29747.75,29756.0,29736.0,29753.25,167
20260623  20:41:00,29756.25,29761.25,29744.75,29749.25,112
20260623  20:42:00,29747.75,29759.25,29743.0,29748.75,97
20260623  20:43:00,29748.5,29755.0,29744.5,29751.0,190
20260623  20:44:00,29752.5,29752.5,29743.75,29743.75,70
20260623  20:45:00,29743.0,29743.0,29733.0,29738.25,101
20260623  20:46:00,29738.75,29747.0,29730.25,29730.5,94
20260623  20:47:00,29731.5,29738.25,29726.5,29730.0,125
20260623  20:48:00,29729.5,29737.0,29724.0,29734.75,100
20260623  20:49:00,29734.5,29740.25,29726.75,29727.5,93
20260623  20:50:00,29725.75,29729.25,29713.25,29718.5,183
20260623  20:51:00,29719.25,29727.75,29714.75,29723.0,152
20260623  20:52:00,29724.0,29727.75,29710.5,29727.75,151
20260623  20:53:00,29728.5,29737.25,29722.0,29722.5,96
20260623  20:54:00,29719.25,29727.75,29714.25,29721.75,83
20260623  20:55:00,29720.5,29724.0,29715.0,29718.25,31
20260623  20:56:00,29721.75,29736.0,29715.0,29730.5,74
20260623  20:57:00,29731.75,29739.25,29726.0,29732.25,55
20260623  20:58:00,29729.5,29745.0,29727.0,29744.5,103
20260623  20:59:00,29742.25,29749.0,29739.75,29745.25,103
20260623  21:00:00,29746.75,29750.5,29728.75,29732.25,138
20260623  21:01:00,29731.25,29733.75,29722.25,29725.25,98
20260623  21:02:00,29723.25,29728.75,29714.5,29714.75,65
20260623  21:03:00,29714.25,29714.25,29700.75,29700.75,128
20260623  21:04:00,29701.75,29706.25,29696.75,29697.75,100
20260623  21:05:00,29697.25,29698.0,29684.0,29693.75,241
20260623  21:06:00,29694.75,29696.75,29683.0,29690.25,129
20260623  21:07:00,29690.0,29706.25,29690.0,29693.25,123
20260623  21:08:00,29694.0,29695.0,29686.5,29688.5,61
20260623  21:09:00,29687.75,29703.75,29683.75,29700.0,98
20260623  21:10:00,29700.75,29710.25,29698.75,29698.75,78
20260623  21:11:00,29698.75,29700.25,29687.5,29696.5,110
20260623  21:12:00,29698.0,29708.0,29691.5,29691.5,75
20260623  21:13:00,29691.0,29691.0,29682.0,29683.25,84
20260623  21:14:00,29683.0,29691.75,29674.75,29687.0,159
20260623  21:15:00,29686.5,29697.25,29684.75,29691.75,125
20260623  21:16:00,29692.0,29700.0,29683.0,29684.75,87
20260623  21:17:00,29682.0,29682.0,29669.0,29676.75,152
20260623  21:18:00,29676.25,29679.0,29667.0,29675.75,98
20260623  21:19:00,29677.0,29678.5,29663.75,29665.0,98
20260623  21:20:00,29663.75,29668.75,29659.0,29660.0,115
20260623  21:21:00,29660.25,29667.75,29658.0,29662.5,88
20260623  21:22:00,29661.75,29674.5,29654.75,29671.25,173
20260623  21:23:00,29672.5,29680.0,29655.0,29658.25,178
20260623  21:24:00,29658.75,29662.25,29655.75,29661.0,62
20260623  21:25:00,29662.5,29672.0,29662.5,29667.75,48
20260623  21:26:00,29669.0,29674.0,29660.5,29666.5,108
20260623  21:27:00,29666.75,29683.0,29666.25,29677.75,131
20260623  21:28:00,29677.5,29677.5,29670.0,29672.0,75
20260623  21:29:00,29673.5,29675.75,29664.75,29665.25,55
20260623  21:30:00,29668.25,29696.0,29668.0,29682.5,168
20260623  21:31:00,29685.25,29691.25,29675.25,29686.25,71
20260623  21:32:00,29690.25,29708.0,29689.0,29707.0,142
20260623  21:33:00,29708.75,29708.75,29699.75,29703.0,103
20260623  21:34:00,29701.5,29714.25,29699.0,29708.75,177
20260623  21:35:00,29709.5,29710.5,29696.0,29710.25,83
20260623  21:36:00,29709.75,29739.25,29706.75,29736.0,251
20260623  21:37:00,29733.25,29742.75,29731.75,29742.0,143
20260623  21:38:00,29740.0,29745.75,29735.25,29739.0,82
20260623  21:39:00,29739.5,29743.25,29731.75,29743.25,93
20260623  21:40:00,29743.25,29759.75,29738.75,29758.0,147
20260623  21:41:00,29757.25,29762.25,29751.75,29759.75,105
20260623  21:42:00,29758.25,29769.0,29755.75,29768.75,101
20260623  21:43:00,29767.25,29767.5,29756.75,29757.25,82
20260623  21:44:00,29759.0,29761.5,29751.5,29753.0,105
20260623  21:45:00,29754.0,29763.5,29751.75,29754.75,98
20260623  21:46:00,29753.75,29764.75,29751.0,29762.25,78
20260623  21:47:00,29762.75,29771.0,29760.0,29765.0,91
20260623  21:48:00,29763.0,29764.75,29755.5,29759.75,91
20260623  21:49:00,29762.25,29771.75,29759.75,29771.75,201
20260623  21:50:00,29771.5,29776.75,29768.0,29774.75,155
20260623  21:51:00,29775.75,29786.25,29769.75,29778.0,257
20260623  21:52:00,29777.0,29778.75,29768.0,29775.25,150
20260623  21:53:00,29776.75,29777.5,29765.75,29770.5,111
20260623  21:54:00,29770.75,29781.5,29769.5,29777.5,129
20260623  21:55:00,29777.0,29786.0,29768.5,29784.5,122
20260623  21:56:00,29786.0,29790.0,29780.0,29783.75,94
20260623  21:57:00,29785.0,29788.5,29780.0,29782.0,79
20260623  21:58:00,29783.75,29787.5,29778.0,29780.5,72
20260623  21:59:00,29780.25,29785.25,29777.0,29784.5,78
20260623  22:00:00,29784.5,29798.5,29780.0,29783.75,223
20260623  22:01:00,29784.5,29792.75,29783.5,29790.25,90
20260623  22:02:00,29788.5,29807.25,29782.75,29805.5,290
20260623  22:03:00,29805.5,29809.5,29798.75,29804.75,214
20260623  22:04:00,29804.0,29806.5,29797.25,29806.0,72
20260623  22:05:00,29803.75,29814.25,29795.5,29797.0,176
20260623  22:06:00,29797.5,29798.0,29782.5,29791.25,350
20260623  22:07:00,29790.5,29799.0,29786.25,29790.0,123
20260623  22:08:00,29791.0,29802.0,29790.75,29798.5,89
20260623  22:09:00,29798.25,29821.25,29795.5,29817.5,262
20260623  22:10:00,29818.0,29818.0,29808.75,29812.25,95
20260623  22:11:00,29811.0,29826.5,29808.0,29826.5,113
20260623  22:12:00,29825.25,29831.25,29822.0,29823.75,236
20260623  22:13:00,29823.25,29833.75,29818.75,29819.25,130
20260623  22:14:00,29820.5,29821.25,29811.0,29814.75,77
20260623  22:15:00,29816.5,29821.75,29806.75,29820.75,134
20260623  22:16:00,29822.0,29835.0,29822.0,29826.75,196
20260623  22:17:00,29826.75,29840.25,29822.5,29840.25,118
20260623  22:18:00,29839.75,29852.5,29839.25,29849.5,269
20260623  22:19:00,29847.75,29854.5,29844.75,29851.0,134
20260623  22:20:00,29852.5,29856.5,29843.5,29846.0,208
20260623  22:21:00,29846.75,29861.5,29845.0,29858.25,163
20260623  22:22:00,29857.25,29857.25,29842.75,29846.5,234
20260623  22:23:00,29846.75,29848.25,29836.5,29844.0,106
20260623  22:24:00,29843.0,29856.5,29842.5,29855.5,80
20260623  22:25:00,29856.5,29862.25,29839.75,29839.75,189
20260623  22:26:00,29838.5,29849.5,29835.75,29838.75,123
20260623  22:27:00,29838.25,29844.5,29836.0,29842.5,54
20260623  22:28:00,29843.0,29851.0,29840.25,29848.5,82
20260623  22:29:00,29846.0,29846.75,29832.75,29834.5,72
20260623  22:30:00,29836.0,29846.75,29834.5,29841.5,156
20260623  22:31:00,29841.75,29855.75,29840.0,29854.25,121
20260623  22:32:00,29855.0,29873.75,29853.0,29871.25,311
20260623  22:33:00,29870.75,29872.25,29854.0,29855.0,171
20260623  22:34:00,29854.25,29854.25,29839.25,29844.25,151
20260623  22:35:00,29844.0,29855.25,29843.25,29854.75,80
20260623  22:36:00,29854.0,29868.5,29853.25,29868.5,130
20260623  22:37:00,29868.75,29871.75,29863.75,29864.75,85
20260623  22:38:00,29866.25,29875.0,29863.0,29875.0,99
20260623  22:39:00,29875.0,29884.25,29872.0,29877.75,169
20260623  22:40:00,29876.25,29878.25,29863.0,29863.0,171
20260623  22:41:00,29860.75,29862.5,29851.75,29852.5,113
20260623  22:42:00,29851.5,29852.25,29842.75,29848.5,118
20260623  22:43:00,29850.5,29856.25,29845.5,29845.75,66
20260623  22:44:00,29846.0,29848.75,29842.0,29845.0,47
20260623  22:45:00,29845.0,29853.25,29836.25,29846.0,141
20260623  22:46:00,29846.25,29857.5,29845.0,29847.5,76
20260623  22:47:00,29847.0,29851.0,29842.5,29849.0,61
20260623  22:48:00,29849.0,29850.75,29844.0,29844.0,20
20260623  22:49:00,29841.75,29842.25,29833.5,29837.75,44
20260623  22:50:00,29836.75,29838.0,29823.5,29825.0,146
20260623  22:51:00,29825.75,29833.5,29824.5,29827.75,68
20260623  22:52:00,29828.5,29829.0,29821.0,29825.0,76
20260623  22:53:00,29826.0,29827.5,29818.0,29820.5,72
20260623  22:54:00,29821.25,29825.25,29815.5,29820.75,97
20260623  22:55:00,29821.5,29822.5,29813.0,29814.75,74
20260623  22:56:00,29814.5,29825.5,29814.0,29822.75,62
20260623  22:57:00,29823.5,29827.75,29818.75,29821.0,56
20260623  22:58:00,29822.25,29827.25,29821.75,29826.5,26
20260623  22:59:00,29827.0,29827.0,29817.5,29819.0,30
20260623  23:00:00,29819.5,29821.25,29804.5,29810.5,143
20260623  23:01:00,29811.0,29815.0,29803.25,29813.25,89
20260623  23:02:00,29814.25,29821.25,29812.0,29819.25,109
20260623  23:03:00,29820.5,29822.75,29816.0,29817.5,99
20260623  23:04:00,29818.25,29818.75,29797.25,29801.0,147
20260623  23:05:00,29801.5,29817.0,29801.5,29812.25,72
20260623  23:06:00,29812.0,29817.75,29807.5,29807.5,78
20260623  23:07:00,29809.75,29816.0,29809.75,29813.25,50
20260623  23:08:00,29816.0,29829.25,29815.5,29828.5,158
20260623  23:09:00,29829.0,29836.0,29827.25,29832.75,110
20260623  23:10:00,29833.5,29847.25,29830.0,29846.5,151
20260623  23:11:00,29846.25,29851.0,29839.75,29845.5,170
20260623  23:12:00,29846.5,29849.5,29838.0,29849.25,88
20260623  23:13:00,29849.0,29853.0,29847.0,29848.0,59
20260623  23:14:00,29847.25,29848.75,29839.25,29842.0,56
20260623  23:15:00,29841.0,29847.0,29833.75,29834.0,66
20260623  23:16:00,29834.75,29836.25,29816.0,29820.75,149
20260623  23:17:00,29821.0,29825.75,29819.5,29825.25,76
20260623  23:18:00,29825.75,29827.0,29814.75,29822.5,79
20260623  23:19:00,29819.25,29830.0,29819.25,29828.25,68
20260623  23:20:00,29828.75,29828.75,29807.25,29809.25,84
20260623  23:21:00,29810.5,29814.75,29808.25,29811.75,62
20260623  23:22:00,29812.5,29828.75,29809.75,29827.0,82
20260623  23:23:00,29827.0,29828.5,29819.75,29822.75,61
20260623  23:24:00,29821.25,29825.0,29814.0,29822.5,89
20260623  23:25:00,29818.25,29821.0,29813.75,29820.5,68
20260623  23:26:00,29819.25,29823.25,29812.25,29814.25,82
20260623  23:27:00,29816.0,29821.25,29808.25,29813.75,156
20260623  23:28:00,29810.5,29813.25,29806.5,29810.75,54
20260623  23:29:00,29811.0,29814.5,29803.0,29813.25,79
20260623  23:30:00,29816.75,29822.25,29811.5,29818.0,126
20260623  23:31:00,29818.25,29833.0,29814.0,29827.5,111
20260623  23:32:00,29829.25,29833.0,29825.5,29827.5,67
20260623  23:33:00,29828.75,29835.0,29828.5,29833.75,90
20260623  23:34:00,29836.5,29850.5,29834.5,29847.25,152
20260623  23:35:00,29846.5,29864.0,29844.25,29860.75,246
20260623  23:36:00,29860.5,29866.0,29852.25,29856.5,148
20260623  23:37:00,29855.25,29858.0,29848.5,29853.75,51
20260623  23:38:00,29856.25,29861.5,29846.5,29846.5,98
20260623  23:39:00,29845.5,29848.0,29833.75,29837.25,115
20260623  23:40:00,29835.25,29843.25,29833.0,29841.25,87
20260623  23:41:00,29841.5,29843.0,29836.75,29839.5,59
20260623  23:42:00,29841.5,29846.75,29833.5,29836.0,72
20260623  23:43:00,29834.25,29839.5,29833.5,29838.75,49
20260623  23:44:00,29837.75,29837.75,29832.5,29834.75,30
20260623  23:45:00,29834.25,29834.25,29824.25,29832.0,81
20260623  23:46:00,29830.25,29832.0,29825.5,29831.75,33
20260623  23:47:00,29832.25,29836.0,29821.5,29822.5,97
20260623  23:48:00,29821.0,29831.25,29821.0,29827.75,25
20260623  23:49:00,29830.5,29834.5,29817.25,29821.0,173
20260623  23:50:00,29821.0,29831.75,29820.25,29820.25,109
20260623  23:51:00,29819.25,29832.0,29819.25,29829.75,80
20260623  23:52:00,29830.0,29840.5,29830.0,29838.5,99
20260623  23:53:00,29839.25,29839.75,29836.75,29838.5,21
20260623  23:54:00,29835.0,29836.0,29832.5,29833.75,27
20260623  23:55:00,29832.25,29834.5,29825.75,29828.75,78
20260623  23:56:00,29827.75,29837.75,29826.0,29837.0,68
20260623  23:57:00,29837.0,29837.25,29822.25,29827.25,97
20260623  23:58:00,29826.75,29837.0,29823.0,29823.75,210
20260623  23:59:00,29826.0,29828.5,29820.25,29822.75,62
20260624  00:00:00,29824.25,29840.75,29818.25,29820.5,288
20260624  00:01:00,29821.75,29821.75,29803.75,29807.25,227
20260624  00:02:00,29809.75,29811.5,29791.5,29800.0,192
20260624  00:03:00,29797.5,29801.25,29786.25,29790.5,120
20260624  00:04:00,29790.75,29805.5,29786.0,29805.5,105
20260624  00:05:00,29806.25,29810.0,29792.25,29801.0,133
20260624  00:06:00,29803.0,29818.5,29801.5,29811.25,169
20260624  00:07:00,29812.0,29821.5,29797.75,29813.75,240
20260624  00:08:00,29814.0,29824.0,29808.0,29819.75,107
20260624  00:09:00,29819.5,29819.5,29801.5,29803.5,104
20260624  00:10:00,29804.25,29822.0,29799.5,29815.0,175
20260624  00:11:00,29814.0,29826.25,29814.0,29821.25,138
20260624  00:12:00,29824.0,29825.5,29807.25,29808.25,151
20260624  00:13:00,29810.25,29815.25,29806.0,29810.75,78
20260624  00:14:00,29809.0,29815.5,29808.5,29813.25,67
20260624  00:15:00,29813.25,29814.5,29794.25,29797.25,124
20260624  00:16:00,29797.5,29817.0,29796.75,29810.75,115
20260624  00:17:00,29813.0,29814.0,29802.5,29812.25,51
20260624  00:18:00,29814.0,29822.25,29808.75,29819.0,123
20260624  00:19:00,29819.0,29819.0,29802.5,29802.5,61
20260624  00:20:00,29803.0,29810.75,29795.75,29797.25,72
20260624  00:21:00,29797.0,29801.25,29790.5,29800.75,101
20260624  00:22:00,29801.25,29817.5,29799.75,29815.75,121
20260624  00:23:00,29817.25,29827.75,29812.0,29822.0,107
20260624  00:24:00,29822.5,29822.5,29808.75,29813.25,170
20260624  00:25:00,29813.0,29813.0,29790.5,29795.25,184
20260624  00:26:00,29797.0,29805.25,29795.25,29798.0,84
20260624  00:27:00,29795.75,29805.5,29794.0,29801.75,144
20260624  00:28:00,29799.5,29807.0,29792.75,29795.75,69
20260624  00:29:00,29796.25,29798.75,29793.0,29794.25,44
20260624  00:30:00,29792.75,29810.0,29792.25,29807.75,100
20260624  00:31:00,29807.5,29810.5,29796.75,29798.25,67
20260624  00:32:00,29796.75,29809.0,29796.0,29805.25,81
20260624  00:33:00,29805.0,29812.0,29802.25,29805.5,45
20260624  00:34:00,29807.25,29813.25,29800.0,29804.25,38
20260624  00:35:00,29800.75,29800.75,29775.75,29784.25,196
20260624  00:36:00,29783.5,29786.25,29771.75,29772.75,147
20260624  00:37:00,29772.5,29777.5,29765.5,29777.5,151
20260624  00:38:00,29778.75,29792.5,29775.75,29786.75,139
20260624  00:39:00,29788.0,29792.25,29781.0,29791.75,72
20260624  00:40:00,29793.75,29794.5,29779.25,29783.25,119
20260624  00:41:00,29785.75,29804.5,29779.25,29803.25,171
20260624  00:42:00,29803.5,29805.75,29797.5,29805.25,114
20260624  00:43:00,29804.75,29811.75,29791.75,29805.25,163
20260624  00:44:00,29806.5,29821.75,29802.25,29816.0,133
20260624  00:45:00,29815.5,29822.0,29812.0,29817.75,67
20260624  00:46:00,29818.0,29829.0,29816.25,29828.0,112
20260624  00:47:00,29827.5,29836.0,29825.25,29829.5,209
20260624  00:48:00,29828.5,29833.75,29821.0,29823.0,76
20260624  00:49:00,29821.0,29828.5,29820.5,29828.5,54
20260624  00:50:00,29827.75,29828.25,29820.0,29822.5,51
20260624  00:51:00,29822.25,29822.25,29811.0,29812.75,86
20260624  00:52:00,29811.5,29811.5,29795.25,29800.0,105
20260624  00:53:00,29800.25,29802.25,29787.75,29787.75,70
20260624  00:54:00,29787.5,29796.5,29785.25,29796.5,95
20260624  00:55:00,29796.75,29804.25,29787.0,29789.25,115
20260624  00:56:00,29788.25,29790.5,29774.0,29778.25,158
20260624  00:57:00,29778.75,29779.0,29771.75,29776.75,94
20260624  00:58:00,29774.5,29779.5,29772.25,29774.75,72
20260624  00:59:00,29773.75,29773.75,29764.5,29770.0,112
20260624  01:00:00,29771.25,29778.5,29763.0,29770.0,251
20260624  01:01:00,29768.75,29791.5,29767.25,29789.75,213
20260624  01:02:00,29789.75,29800.5,29788.25,29799.75,203
20260624  01:03:00,29797.5,29804.5,29792.5,29793.0,164
20260624  01:04:00,29793.0,29826.75,29793.0,29825.0,297
20260624  01:05:00,29822.25,29835.0,29820.75,29832.5,172
20260624  01:06:00,29830.5,29836.25,29821.25,29822.75,189
20260624  01:07:00,29822.5,29840.0,29818.5,29834.0,172
20260624  01:08:00,29838.5,29842.75,29831.25,29837.5,125
20260624  01:09:00,29836.25,29838.25,29822.0,29825.25,102
20260624  01:10:00,29826.25,29838.75,29823.5,29833.0,107
20260624  01:11:00,29833.25,29839.25,29833.0,29836.5,46
20260624  01:12:00,29833.75,29836.75,29820.5,29825.25,89
20260624  01:13:00,29826.75,29854.5,29826.25,29854.0,182
20260624  01:14:00,29853.25,29860.0,29847.0,29858.25,196
20260624  01:15:00,29857.5,29859.0,29846.75,29852.0,182
20260624  01:16:00,29852.0,29857.25,29846.25,29849.0,102
20260624  01:17:00,29847.0,29863.0,29846.5,29858.25,106
20260624  01:18:00,29857.25,29864.5,29854.0,29861.5,133
20260624  01:19:00,29859.5,29860.25,29833.25,29838.0,151
20260624  01:20:00,29839.5,29845.75,29835.5,29836.0,80
20260624  01:21:00,29836.5,29840.25,29827.0,29835.75,133
20260624  01:22:00,29836.5,29836.5,29826.5,29832.25,79
20260624  01:23:00,29830.5,29842.75,29829.75,29836.75,102
20260624  01:24:00,29835.25,29837.5,29830.0,29832.0,76
20260624  01:25:00,29831.75,29832.0,29817.5,29821.0,95
20260624  01:26:00,29822.75,29830.0,29820.5,29830.0,53
20260624  01:27:00,29828.0,29832.0,29822.75,29828.0,37
20260624  01:28:00,29832.5,29836.75,29827.0,29828.75,93
20260624  01:29:00,29828.25,29837.5,29825.25,29837.25,23
20260624  01:30:00,29837.75,29842.0,29828.25,29835.5,91
20260624  01:31:00,29835.5,29847.75,29831.0,29846.0,69
20260624  01:32:00,29845.5,29862.25,29842.5,29862.25,84
20260624  01:33:00,29859.75,29866.25,29855.5,29860.25,161
20260624  01:34:00,29860.0,29860.0,29845.25,29852.5,162
20260624  01:35:00,29852.25,29858.5,29846.5,29846.5,54
20260624  01:36:00,29843.75,29843.75,29821.0,29828.0,224
20260624  01:37:00,29825.0,29831.75,29819.5,29825.75,114
20260624  01:38:00,29827.0,29838.25,29825.5,29838.0,81
20260624  01:39:00,29836.25,29840.25,29821.25,29823.25,142
20260624  01:40:00,29824.0,29835.75,29823.0,29832.25,58
20260624  01:41:00,29833.5,29833.5,29826.0,29828.25,58
20260624  01:42:00,29827.25,29830.5,29821.5,29830.5,40
20260624  01:43:00,29830.0,29842.75,29830.0,29842.0,114
20260624  01:44:00,29841.0,29844.0,29835.5,29836.25,61
20260624  01:45:00,29834.75,29837.25,29823.0,29825.75,90
20260624  01:46:00,29825.5,29829.75,29820.5,29827.5,107
20260624  01:47:00,29826.5,29833.5,29809.0,29810.25,119
20260624  01:48:00,29810.75,29817.0,29809.75,29814.5,37
20260624  01:49:00,29813.5,29819.25,29807.75,29807.75,66
20260624  01:50:00,29808.75,29815.25,29808.5,29815.25,65
20260624  01:51:00,29815.5,29820.0,29811.5,29814.0,50
20260624  01:52:00,29818.0,29821.75,29813.5,29819.25,42
20260624  01:53:00,29820.0,29826.0,29803.75,29806.75,148
20260624  01:54:00,29807.0,29815.0,29804.75,29815.0,49
20260624  01:55:00,29814.25,29816.75,29809.75,29810.75,90
20260624  01:56:00,29813.0,29820.25,29808.0,29814.25,109
20260624  01:57:00,29813.75,29821.5,29811.0,29820.5,38
20260624  01:58:00,29820.5,29821.5,29817.0,29817.75,51
20260624  01:59:00,29817.0,29821.0,29815.0,29820.0,39
20260624  02:00:00,29819.25,29832.75,29816.5,29822.5,166
20260624  02:01:00,29821.0,29827.25,29811.75,29818.75,131
20260624  02:02:00,29821.0,29822.25,29795.0,29800.0,142
20260624  02:03:00,29801.0,29809.5,29797.0,29805.0,62
20260624  02:04:00,29802.5,29805.75,29797.5,29799.0,40
20260624  02:05:00,29798.5,29808.75,29793.75,29808.75,53
20260624  02:06:00,29808.25,29815.75,29803.0,29806.25,90
20260624  02:07:00,29804.0,29804.0,29795.0,29799.0,76
20260624  02:08:00,29795.5,29816.25,29795.5,29816.25,54
20260624  02:09:00,29815.75,29820.5,29807.0,29811.75,76
20260624  02:10:00,29811.75,29822.75,29809.25,29817.0,55
20260624  02:11:00,29820.25,29828.0,29805.25,29814.25,104
20260624  02:12:00,29818.0,29838.75,29816.75,29836.5,77
20260624  02:13:00,29836.25,29843.75,29833.0,29840.25,88
20260624  02:14:00,29839.0,29843.25,29836.0,29836.25,68
20260624  02:15:00,29836.5,29839.5,29833.75,29834.0,39
20260624  02:16:00,29836.0,29836.25,29810.75,29816.75,117
20260624  02:17:00,29817.0,29821.25,29814.5,29817.25,64
20260624  02:18:00,29816.25,29822.0,29801.0,29804.5,97
20260624  02:19:00,29804.0,29810.25,29794.5,29810.0,140
20260624  02:20:00,29811.75,29815.25,29808.5,29814.0,58
20260624  02:21:00,29813.0,29819.5,29807.5,29810.0,140
20260624  02:22:00,29806.25,29810.0,29805.0,29808.75,31
20260624  02:23:00,29809.75,29811.75,29806.75,29806.75,31
20260624  02:24:00,29805.0,29820.75,29804.0,29814.25,39
20260624  02:25:00,29817.25,29829.0,29815.75,29828.5,57
20260624  02:26:00,29826.5,29827.75,29810.0,29816.75,64
20260624  02:27:00,29815.25,29818.0,29809.25,29809.5,24
20260624  02:28:00,29811.25,29815.5,29808.0,29814.0,36
20260624  02:29:00,29809.75,29814.25,29800.25,29807.0,65
20260624  02:30:00,29806.75,29810.5,29804.0,29810.0,29
20260624  02:31:00,29811.0,29814.5,29792.25,29794.75,83
20260624  02:32:00,29794.5,29803.25,29793.75,29802.25,79
20260624  02:33:00,29801.5,29806.75,29798.5,29798.5,71
20260624  02:34:00,29797.75,29807.5,29797.75,29803.25,40
20260624  02:35:00,29803.25,29806.0,29793.75,29803.25,37
20260624  02:36:00,29797.25,29797.25,29786.5,29791.5,73
20260624  02:37:00,29787.75,29792.0,29782.75,29789.0,55
20260624  02:38:00,29789.0,29791.5,29786.25,29787.75,55
20260624  02:39:00,29787.0,29789.0,29783.5,29788.0,54
20260624  02:40:00,29788.0,29788.0,29767.5,29773.75,139
20260624  02:41:00,29772.75,29776.5,29769.0,29776.5,77
20260624  02:42:00,29775.0,29775.75,29766.25,29769.5,93
20260624  02:43:00,29772.25,29776.0,29768.5,29774.25,51
20260624  02:44:00,29776.0,29777.0,29765.75,29765.75,73
20260624  02:45:00,29766.5,29766.5,29755.0,29763.75,162
20260624  02:46:00,29765.0,29772.75,29756.0,29772.75,153
20260624  02:47:00,29773.5,29786.75,29772.5,29785.0,155
20260624  02:48:00,29783.75,29785.75,29771.25,29773.0,90
20260624  02:49:00,29772.25,29782.25,29772.25,29782.25,70
20260624  02:50:00,29783.25,29791.5,29783.0,29791.5,59
20260624  02:51:00,29789.75,29794.25,29786.25,29794.25,68
20260624  02:52:00,29795.5,29810.25,29795.5,29810.25,83
20260624  02:53:00,29808.75,29810.5,29800.75,29808.5,69
20260624  02:54:00,29808.0,29810.5,29795.75,29797.5,88
20260624  02:55:00,29798.0,29804.25,29796.75,29799.25,48
20260624  02:56:00,29801.25,29808.0,29800.75,29805.0,47
20260624  02:57:00,29803.0,29808.25,29802.25,29807.25,31
20260624  02:58:00,29809.75,29813.0,29801.5,29801.5,72
20260624  02:59:00,29804.25,29810.75,29799.75,29808.25,34
20260624  03:00:00,29809.25,29810.0,29785.0,29788.25,141
20260624  03:01:00,29788.75,29792.75,29781.25,29782.5,58
20260624  03:02:00,29782.0,29782.75,29774.0,29780.5,79
20260624  03:03:00,29780.75,29795.75,29778.75,29795.75,159
20260624  03:04:00,29793.25,29800.5,29788.25,29789.0,113
20260624  03:05:00,29792.5,29799.0,29791.25,29796.25,32
20260624  03:06:00,29794.5,29794.5,29786.0,29792.5,61
20260624  03:07:00,29792.25,29794.25,29787.0,29787.0,29
20260624  03:08:00,29788.75,29808.0,29784.0,29803.0,149
20260624  03:09:00,29803.25,29804.75,29796.5,29797.0,66
20260624  03:10:00,29796.25,29801.0,29784.0,29793.0,78
20260624  03:11:00,29796.0,29801.75,29790.5,29790.5,38
20260624  03:12:00,29792.75,29801.0,29792.25,29800.5,25
20260624  03:13:00,29800.75,29808.75,29800.75,29808.75,37
20260624  03:14:00,29805.0,29809.75,29803.25,29809.0,47
20260624  03:15:00,29807.5,29817.75,29803.75,29813.5,110
20260624  03:16:00,29814.75,29815.25,29808.5,29811.0,79
20260624  03:17:00,29811.5,29821.25,29811.25,29819.25,77
20260624  03:18:00,29818.25,29818.25,29811.5,29817.5,62
20260624  03:19:00,29816.0,29816.0,29804.5,29807.5,59
20260624  03:20:00,29807.5,29809.25,29802.75,29804.0,60
20260624  03:21:00,29800.5,29813.25,29800.0,29810.75,35
20260624  03:22:00,29812.75,29813.25,29809.75,29812.0,18
20260624  03:23:00,29811.0,29811.0,29797.0,29798.5,49
20260624  03:24:00,29797.5,29804.25,29794.25,29797.0,61
20260624  03:25:00,29795.0,29806.5,29795.0,29805.75,60
20260624  03:26:00,29805.5,29811.0,29805.5,29811.0,31
20260624  03:27:00,29812.25,29812.25,29804.25,29804.25,15
20260624  03:28:00,29806.25,29811.0,29804.75,29806.75,51
20260624  03:29:00,29807.25,29819.25,29807.0,29815.75,130
20260624  03:30:00,29817.75,29822.25,29812.0,29820.75,242
20260624  03:31:00,29822.0,29832.5,29818.5,29827.75,223
20260624  03:32:00,29828.75,29830.5,29823.0,29827.75,146
20260624  03:33:00,29829.0,29831.75,29824.75,29829.75,68
20260624  03:34:00,29830.5,29830.75,29824.75,29826.75,64
20260624  03:35:00,29828.5,29833.25,29824.25,29830.75,109
20260624  03:36:00,29829.75,29830.75,29823.75,29825.25,137
20260624  03:37:00,29825.75,29832.25,29824.0,29829.5,82
20260624  03:38:00,29832.0,29834.75,29822.5,29823.5,99
20260624  03:39:00,29824.5,29825.0,29821.25,29821.5,60
20260624  03:40:00,29822.0,29828.0,29817.25,29821.25,70
20260624  03:41:00,29820.75,29827.25,29820.75,29824.75,51
20260624  03:42:00,29824.0,29842.0,29823.75,29838.0,172
20260624  03:43:00,29838.5,29850.5,29831.0,29850.0,317
20260624  03:44:00,29849.75,29851.0,29834.25,29834.25,99
20260624  03:45:00,29833.75,29836.0,29828.25,29828.25,112
20260624  03:46:00,29827.5,29828.25,29817.75,29822.0,114
20260624  03:47:00,29821.5,29826.0,29819.0,29826.0,98
20260624  03:48:00,29825.0,29826.25,29815.25,29824.75,82
20260624  03:49:00,29824.5,29824.5,29817.25,29822.25,53
20260624  03:50:00,29821.5,29822.5,29809.5,29811.0,103
20260624  03:51:00,29812.25,29815.0,29798.25,29802.25,136
20260624  03:52:00,29802.5,29809.75,29802.5,29805.0,40
20260624  03:53:00,29805.25,29805.5,29800.0,29804.5,45
20260624  03:54:00,29803.25,29804.0,29799.25,29803.0,58
20260624  03:55:00,29803.25,29805.0,29790.0,29793.5,177
20260624  03:56:00,29792.5,29800.5,29792.5,29800.5,131
20260624  03:57:00,29800.5,29802.0,29789.5,29793.25,121
20260624  03:58:00,29794.25,29798.75,29792.25,29792.25,36
20260624  03:59:00,29792.5,29803.75,29791.75,29794.75,131
20260624  04:00:00,29794.75,29816.5,29791.5,29815.5,222
20260624  04:01:00,29815.25,29818.5,29808.25,29813.5,102
20260624  04:02:00,29815.25,29823.75,29815.25,29821.0,111
20260624  04:03:00,29820.0,29825.25,29818.0,29820.5,164
20260624  04:04:00,29819.5,29824.0,29810.75,29811.5,100
20260624  04:05:00,29812.25,29813.25,29792.25,29794.0,105
20260624  04:06:00,29794.75,29797.5,29786.75,29788.75,82
20260624  04:07:00,29788.75,29790.0,29775.75,29786.25,289
20260624  04:08:00,29786.25,29788.0,29779.25,29783.25,98
20260624  04:09:00,29783.25,29789.0,29770.0,29775.0,240
20260624  04:10:00,29775.0,29786.5,29772.0,29781.75,178
20260624  04:11:00,29780.25,29786.75,29778.25,29781.5,153
20260624  04:12:00,29781.5,29781.75,29776.5,29780.75,41
20260624  04:13:00,29778.25,29778.25,29771.0,29775.5,62
20260624  04:14:00,29773.75,29773.75,29763.0,29765.5,140
20260624  04:15:00,29765.25,29766.5,29753.25,29756.25,168
20260624  04:16:00,29756.5,29760.0,29750.0,29759.75,339
20260624  04:17:00,29757.5,29758.5,29751.25,29753.0,123
20260624  04:18:00,29754.5,29774.5,29751.5,29764.75,240
20260624  04:19:00,29763.0,29765.75,29754.5,29755.0,98
20260624  04:20:00,29758.0,29758.0,29734.0,29740.0,304
20260624  04:21:00,29740.0,29745.0,29735.0,29745.0,284
20260624  04:22:00,29745.75,29753.25,29745.0,29750.25,122
20260624  04:23:00,29751.75,29760.0,29751.75,29752.5,84
20260624  04:24:00,29754.0,29768.0,29750.75,29765.0,160
20260624  04:25:00,29765.0,29766.5,29752.0,29754.75,99
20260624  04:26:00,29757.5,29759.0,29750.5,29755.25,113
20260624  04:27:00,29753.0,29763.5,29751.25,29761.5,73
20260624  04:28:00,29764.0,29764.5,29749.5,29759.0,111
20260624  04:29:00,29760.5,29761.5,29752.25,29756.25,57
20260624  04:30:00,29755.0,29779.0,29752.5,29773.5,195
20260624  04:31:00,29774.5,29778.0,29770.75,29776.75,116
20260624  04:32:00,29778.25,29791.25,29776.25,29786.75,207
20260624  04:33:00,29787.25,29789.0,29776.75,29779.25,131
20260624  04:34:00,29780.0,29784.75,29777.25,29784.75,70
20260624  04:35:00,29786.75,29788.5,29784.5,29788.5,45
20260624  04:36:00,29786.75,29803.25,29785.75,29800.75,355
20260624  04:37:00,29801.5,29829.25,29798.75,29814.0,594
20260624  04:38:00,29814.0,29824.25,29812.25,29818.75,165
20260624  04:39:00,29815.0,29816.25,29805.75,29811.25,189
20260624  04:40:00,29811.0,29812.5,29799.0,29799.25,107
20260624  04:41:00,29800.0,29809.5,29795.0,29805.5,149
20260624  04:42:00,29807.0,29809.5,29801.5,29807.25,121
20260624  04:43:00,29807.25,29814.75,29803.25,29811.5,50
20260624  04:44:00,29810.75,29816.5,29808.25,29813.25,76
20260624  04:45:00,29815.0,29817.5,29804.0,29806.75,68
20260624  04:46:00,29805.75,29811.5,29802.75,29808.0,97
20260624  04:47:00,29808.25,29810.5,29802.0,29806.0,64
20260624  04:48:00,29803.0,29833.0,29802.75,29829.75,184
20260624  04:49:00,29829.0,29856.25,29827.75,29849.25,604
20260624  04:50:00,29850.0,29855.25,29844.0,29845.0,188
20260624  04:51:00,29844.75,29853.5,29841.0,29845.25,178
20260624  04:52:00,29847.75,29860.5,29843.5,29847.5,193
20260624  04:53:00,29847.75,29861.5,29838.75,29859.25,221
20260624  04:54:00,29858.0,29865.0,29854.25,29857.0,185
20260624  04:55:00,29857.25,29857.25,29838.5,29838.5,182
20260624  04:56:00,29839.5,29843.75,29834.0,29838.0,111
20260624  04:57:00,29838.0,29850.0,29838.0,29848.25,146
20260624  04:58:00,29848.75,29853.5,29846.75,29848.0,91
20260624  04:59:00,29848.75,29862.25,29844.5,29862.25,129
20260624  05:00:00,29861.0,29864.5,29838.25,29839.75,224
20260624  05:01:00,29841.0,29844.25,29826.0,29842.5,307
20260624  05:02:00,29842.75,29851.5,29840.25,29848.75,169
20260624  05:03:00,29849.0,29852.0,29835.75,29840.25,130
20260624  05:04:00,29840.25,29846.0,29836.75,29839.25,70
20260624  05:05:00,29837.75,29846.75,29832.75,29844.75,86
20260624  05:06:00,29845.75,29851.75,29839.0,29844.0,215
20260624  05:07:00,29845.0,29845.0,29834.75,29837.5,164
20260624  05:08:00,29837.25,29843.5,29833.5,29836.75,137
20260624  05:09:00,29837.5,29852.0,29837.25,29847.5,167
20260624  05:10:00,29847.0,29852.5,29834.0,29846.0,259
20260624  05:11:00,29847.25,29860.0,29835.25,29858.0,159
20260624  05:12:00,29858.5,29862.75,29852.0,29854.5,137
20260624  05:13:00,29853.75,29855.25,29841.25,29846.0,187
20260624  05:14:00,29847.5,29854.75,29844.0,29845.25,187
20260624  05:15:00,29846.5,29851.75,29831.75,29833.0,299
20260624  05:16:00,29833.25,29834.75,29823.25,29827.0,165
20260624  05:17:00,29825.75,29844.75,29825.25,29844.75,215
20260624  05:18:00,29845.75,29853.0,29843.25,29851.0,125
20260624  05:19:00,29851.0,29870.75,29848.75,29868.25,216
20260624  05:20:00,29868.0,29872.75,29860.5,29862.0,230
20260624  05:21:00,29863.0,29871.75,29862.5,29866.25,171
20260624  05:22:00,29863.5,29867.5,29855.5,29861.75,148
20260624  05:23:00,29861.5,29861.5,29847.25,29852.5,100
20260624  05:24:00,29853.25,29858.5,29851.75,29857.0,80
20260624  05:25:00,29858.75,29860.75,29848.5,29850.75,153
20260624  05:26:00,29850.5,29855.5,29838.0,29848.0,362
20260624  05:27:00,29847.75,29852.0,29845.5,29847.5,70
20260624  05:28:00,29847.5,29855.25,29845.75,29853.25,64
20260624  05:29:00,29852.0,29861.5,29851.25,29852.75,179
20260624  05:30:00,29851.75,29865.75,29845.25,29848.0,242
20260624  05:31:00,29847.5,29848.75,29839.25,29840.75,171
20260624  05:32:00,29842.25,29845.0,29833.25,29840.5,147
20260624  05:33:00,29841.25,29844.25,29838.5,29840.5,85
20260624  05:34:00,29842.5,29842.5,29820.75,29822.25,213
20260624  05:35:00,29823.0,29825.0,29806.75,29806.75,279
20260624  05:36:00,29807.5,29814.0,29799.0,29801.0,221
20260624  05:37:00,29803.0,29808.75,29796.5,29799.75,170
20260624  05:38:00,29799.75,29813.75,29799.75,29811.75,119
20260624  05:39:00,29811.25,29814.25,29808.25,29811.75,106
20260624  05:40:00,29810.0,29813.0,29802.75,29802.75,92
20260624  05:41:00,29803.25,29804.0,29784.25,29785.75,277
20260624  05:42:00,29786.75,29795.25,29786.0,29793.5,97
20260624  05:43:00,29793.5,29796.5,29792.25,29792.25,74
20260624  05:44:00,29794.0,29798.0,29788.75,29793.0,75
20260624  05:45:00,29792.25,29797.75,29789.0,29791.0,85
20260624  05:46:00,29792.75,29798.0,29787.25,29792.25,141
20260624  05:47:00,29792.5,29794.25,29786.5,29793.0,99
20260624  05:48:00,29790.5,29796.0,29783.75,29789.75,106
20260624  05:49:00,29789.5,29790.0,29772.0,29775.75,178
20260624  05:50:00,29777.25,29779.25,29765.0,29766.5,204
20260624  05:51:00,29766.75,29775.0,29764.5,29767.0,164
20260624  05:52:00,29768.25,29771.5,29766.0,29768.75,106
20260624  05:53:00,29768.75,29776.75,29768.25,29772.5,194
20260624  05:54:00,29772.0,29773.25,29759.25,29770.0,174
20260624  05:55:00,29769.0,29771.75,29754.0,29756.0,195
20260624  05:56:00,29755.25,29763.5,29754.5,29762.5,135
20260624  05:57:00,29761.25,29769.0,29760.25,29768.25,100
20260624  05:58:00,29768.0,29773.25,29760.0,29761.0,124
20260624  05:59:00,29761.75,29763.25,29752.5,29762.0,251
20260624  06:00:00,29764.25,29790.75,29751.5,29755.0,898
20260624  06:01:00,29756.25,29766.75,29752.75,29762.5,261
20260624  06:02:00,29764.0,29779.0,29761.0,29777.25,198
20260624  06:03:00,29774.75,29778.25,29758.75,29763.0,256
20260624  06:04:00,29763.25,29763.75,29747.0,29749.25,272
20260624  06:05:00,29748.75,29763.25,29746.5,29757.75,296
20260624  06:06:00,29757.75,29758.75,29741.25,29747.5,253
20260624  06:07:00,29747.25,29757.0,29741.25,29743.0,257
20260624  06:08:00,29742.75,29747.5,29734.25,29739.5,517
20260624  06:09:00,29738.0,29743.75,29722.0,29731.0,505
20260624  06:10:00,29730.75,29735.0,29719.75,29723.0,365
20260624  06:11:00,29722.75,29724.25,29704.0,29719.0,572
20260624  06:12:00,29718.0,29724.75,29708.0,29712.0,422
20260624  06:13:00,29712.75,29723.25,29710.0,29711.75,331
20260624  06:14:00,29711.25,29712.0,29698.75,29703.0,476
20260624  06:15:00,29705.0,29714.75,29699.5,29711.25,322
20260624  06:16:00,29711.25,29722.0,29706.5,29720.75,485
20260624  06:17:00,29721.25,29726.0,29712.25,29720.0,310
20260624  06:18:00,29721.25,29727.5,29713.75,29726.75,256
20260624  06:19:00,29726.75,29737.0,29724.5,29733.25,339
20260624  06:20:00,29734.0,29751.25,29729.0,29749.25,423
20260624  06:21:00,29750.0,29753.0,29729.0,29729.25,432
20260624  06:22:00,29728.75,29731.5,29722.5,29728.5,337
20260624  06:23:00,29728.5,29730.75,29712.75,29713.25,298
20260624  06:24:00,29713.75,29749.25,29692.5,29735.75,1953
20260624  06:25:00,29737.75,29753.25,29730.5,29747.0,721
20260624  06:26:00,29747.0,29754.25,29742.75,29750.5,544
20260624  06:27:00,29748.75,29756.25,29726.5,29729.75,664
20260624  06:28:00,29728.75,29728.75,29703.0,29706.75,966
20260624  06:29:00,29706.5,29714.5,29703.25,29711.5,955
20260624  06:30:00,29711.25,29712.25,29635.0,29653.5,6655
20260624  06:31:00,29651.5,29689.25,29647.25,29664.75,3241
20260624  06:32:00,29666.0,29812.25,29666.0,29791.25,5081
20260624  06:33:00,29791.0,29840.0,29788.25,29818.25,2163
20260624  06:34:00,29819.75,29826.25,29793.5,29808.25,1638
20260624  06:35:00,29809.0,29832.25,29796.25,29816.75,1986
20260624  06:36:00,29816.5,29841.5,29751.25,29771.25,2626
20260624  06:37:00,29771.5,29807.5,29761.25,29803.5,1451
20260624  06:38:00,29804.25,29807.25,29745.0,29760.75,1709
20260624  06:39:00,29760.75,29770.5,29720.0,29726.25,1928
20260624  06:40:00,29726.75,29741.5,29667.75,29671.75,2791
20260624  06:41:00,29672.5,29690.5,29628.0,29629.75,2663
20260624  06:42:00,29630.0,29662.5,29612.75,29617.25,2146
20260624  06:43:00,29617.75,29644.75,29603.0,29633.5,2141
20260624  06:44:00,29635.75,29675.25,29628.0,29663.75,2152
20260624  06:45:00,29662.5,29711.25,29636.5,29682.5,3440
20260624  06:46:00,29683.75,29714.5,29642.5,29702.25,2759
20260624  06:47:00,29701.5,29706.75,29645.25,29650.5,1641
20260624  06:48:00,29652.25,29655.5,29562.25,29588.0,3354
20260624  06:49:00,29587.5,29687.0,29585.5,29660.75,3603
20260624  06:50:00,29661.25,29730.0,29657.25,29721.25,2299
20260624  06:51:00,29721.75,29772.75,29711.5,29768.0,2112
20260624  06:52:00,29765.25,29783.5,29741.25,29763.5,1757
20260624  06:53:00,29761.5,29778.25,29744.0,29769.25,1212
20260624  06:54:00,29769.5,29790.0,29758.25,29765.75,1491
20260624  06:55:00,29767.25,29770.0,29696.75,29715.75,1998
20260624  06:56:00,29716.5,29727.25,29685.25,29691.25,1629
20260624  06:57:00,29691.75,29717.25,29673.75,29688.5,1496
20260624  06:58:00,29688.25,29711.75,29666.75,29701.5,1030
20260624  06:59:00,29703.25,29720.75,29677.75,29684.25,1321
20260624  07:00:00,29686.75,29717.75,29638.25,29652.0,3050
20260624  07:01:00,29652.25,29690.5,29646.0,29665.75,1260
20260624  07:02:00,29665.25,29685.0,29625.75,29667.75,1445
20260624  07:03:00,29669.0,29674.25,29631.5,29639.75,997
20260624  07:04:00,29642.0,29681.0,29634.5,29666.5,1125
20260624  07:05:00,29665.5,29719.25,29663.5,29694.0,1494
20260624  07:06:00,29694.0,29725.5,29661.25,29676.0,1266
20260624  07:07:00,29677.5,29718.0,29675.75,29676.0,1235
20260624  07:08:00,29676.75,29699.0,29645.75,29653.25,2076
20260624  07:09:00,29654.25,29683.0,29644.5,29677.25,1014
20260624  07:10:00,29676.0,29723.25,29658.5,29699.5,1389
20260624  07:11:00,29700.75,29706.0,29655.0,29670.25,979
20260624  07:12:00,29670.5,29696.75,29635.0,29675.75,2113
20260624  07:13:00,29675.75,29676.5,29636.0,29652.5,1642
20260624  07:14:00,29652.25,29669.25,29637.0,29665.25,715
20260624  07:15:00,29664.5,29695.5,29622.75,29624.5,1640
20260624  07:16:00,29624.5,29639.0,29592.5,29597.25,1599
20260624  07:17:00,29595.75,29621.25,29583.0,29585.75,1289
20260624  07:18:00,29584.75,29613.0,29584.0,29604.75,817
20260624  07:19:00,29605.0,29605.0,29575.5,29584.25,835
20260624  07:20:00,29582.5,29582.5,29525.0,29564.25,3173
20260624  07:21:00,29564.75,29637.5,29549.75,29627.25,2481
20260624  07:22:00,29627.0,29656.75,29621.75,29635.5,1725
20260624  07:23:00,29634.5,29668.0,29618.75,29646.5,1981
20260624  07:24:00,29647.5,29676.5,29639.5,29665.0,1117
20260624  07:25:00,29663.75,29702.0,29658.0,29675.5,1700
20260624  07:26:00,29676.5,29698.0,29652.0,29657.25,1382
20260624  07:27:00,29659.25,29722.25,29657.5,29713.5,1515
20260624  07:28:00,29712.5,29731.75,29702.0,29703.75,1236
20260624  07:29:00,29703.75,29710.0,29686.0,29706.75,1017
20260624  07:30:00,29705.25,29757.5,29703.5,29754.5,2071
20260624  07:31:00,29752.75,29765.25,29736.75,29764.75,1210
20260624  07:32:00,29763.25,29777.0,29748.25,29759.0,922
20260624  07:33:00,29760.0,29761.5,29730.0,29741.0,1115
20260624  07:34:00,29742.5,29768.5,29741.5,29761.5,816
20260624  07:35:00,29761.75,29783.5,29758.5,29775.75,1207
20260624  07:36:00,29776.25,29791.25,29757.5,29776.5,1320
20260624  07:37:00,29774.5,29780.5,29757.25,29771.25,823
20260624  07:38:00,29771.75,29788.5,29760.5,29770.0,899
20260624  07:39:00,29768.25,29769.0,29719.75,29726.25,1459
20260624  07:40:00,29726.0,29764.5,29723.75,29756.25,1274
20260624  07:41:00,29756.75,29760.5,29725.5,29739.75,962
20260624  07:42:00,29738.25,29739.0,29710.25,29721.25,1198
20260624  07:43:00,29720.5,29733.75,29714.25,29731.75,655
20260624  07:44:00,29730.0,29794.0,29727.25,29787.5,1554
20260624  07:45:00,29786.25,29813.0,29780.0,29790.5,1851
20260624  07:46:00,29791.75,29849.25,29782.25,29847.75,2175
20260624  07:47:00,29846.75,29867.5,29836.5,29861.5,1621
20260624  07:48:00,29861.75,29877.75,29842.5,29848.5,1522
20260624  07:49:00,29847.75,29854.75,29827.0,29832.5,1393
20260624  07:50:00,29833.25,29867.5,29833.0,29845.5,1290
20260624  07:51:00,29846.0,29858.25,29829.5,29845.5,1143
20260624  07:52:00,29845.0,29864.5,29839.5,29858.75,760
20260624  07:53:00,29857.75,29865.5,29847.75,29856.5,941
20260624  07:54:00,29854.75,29857.25,29810.5,29812.5,1427
20260624  07:55:00,29812.5,29819.5,29790.25,29801.25,1255
20260624  07:56:00,29801.75,29823.5,29798.25,29817.75,1116
20260624  07:57:00,29817.0,29838.5,29807.0,29833.0,891
20260624  07:58:00,29831.75,29869.5,29830.0,29861.0,1087
20260624  07:59:00,29860.5,29893.25,29853.25,29891.0,1623
20260624  08:00:00,29891.25,29902.0,29880.5,29884.25,1802
20260624  08:01:00,29883.25,29907.5,29877.5,29894.0,1560
20260624  08:02:00,29893.75,29902.25,29861.75,29864.0,1158
20260624  08:03:00,29865.25,29877.0,29849.75,29872.25,1147
20260624  08:04:00,29872.0,29881.25,29840.5,29858.75,938
20260624  08:05:00,29857.0,29866.25,29847.5,29853.75,646
20260624  08:06:00,29853.0,29855.0,29829.75,29838.75,892
20260624  08:07:00,29837.25,29843.25,29814.5,29817.0,1149
20260624  08:08:00,29818.0,29832.75,29794.5,29801.0,1109
20260624  08:09:00,29800.5,29804.75,29772.5,29783.75,1429
20260624  08:10:00,29784.5,29806.0,29773.75,29787.25,1050
20260624  08:11:00,29786.0,29800.5,29783.75,29789.25,589
20260624  08:12:00,29789.75,29790.75,29750.25,29755.0,1232
20260624  08:13:00,29756.25,29767.5,29748.5,29766.0,771
20260624  08:14:00,29764.75,29803.5,29759.25,29783.0,1083
20260624  08:15:00,29781.5,29790.75,29769.0,29780.0,739
20260624  08:16:00,29780.25,29814.25,29767.0,29803.25,1089
20260624  08:17:00,29802.75,29820.25,29784.75,29811.5,769
20260624  08:18:00,29810.25,29821.0,29796.0,29798.0,718
20260624  08:19:00,29798.5,29799.5,29761.75,29789.25,1061
20260624  08:20:00,29789.25,29800.0,29781.5,29792.25,700
20260624  08:21:00,29790.75,29799.75,29770.0,29771.75,636
20260624  08:22:00,29773.5,29784.0,29767.25,29775.25,672
20260624  08:23:00,29775.0,29791.75,29761.5,29788.0,549
20260624  08:24:00,29785.5,29790.75,29732.25,29739.75,1099
20260624  08:25:00,29738.5,29740.25,29704.0,29713.5,1575
20260624  08:26:00,29714.0,29746.25,29713.25,29743.0,1116
20260624  08:27:00,29742.5,29780.75,29742.25,29768.25,928
20260624  08:28:00,29769.5,29772.25,29751.0,29756.75,639
20260624  08:29:00,29756.25,29803.0,29755.75,29801.0,890
20260624  08:30:00,29800.75,29829.25,29785.5,29818.0,1649
20260624  08:31:00,29816.75,29819.25,29786.75,29787.5,853
20260624  08:32:00,29788.0,29802.25,29772.25,29785.75,840
20260624  08:33:00,29784.75,29791.5,29755.0,29760.5,833
20260624  08:34:00,29761.5,29795.75,29760.75,29778.75,816
20260624  08:35:00,29780.0,29809.0,29765.0,29803.75,1043
20260624  08:36:00,29802.25,29809.75,29781.25,29790.75,950
20260624  08:37:00,29789.5,29799.25,29780.0,29796.25,525
20260624  08:38:00,29798.0,29799.25,29775.25,29775.25,578
20260624  08:39:00,29775.5,29776.0,29744.0,29761.75,1291
20260624  08:40:00,29761.75,29773.25,29748.0,29759.0,924
20260624  08:41:00,29757.25,29764.25,29733.75,29739.25,1082
20260624  08:42:00,29740.5,29744.0,29712.75,29722.25,919
20260624  08:43:00,29721.25,29733.75,29713.0,29725.5,739
20260624  08:44:00,29725.25,29744.75,29716.5,29744.0,1001
20260624  08:45:00,29744.0,29745.25,29706.5,29719.0,1222
20260624  08:46:00,29718.5,29734.0,29706.75,29708.5,800
20260624  08:47:00,29707.5,29728.5,29700.0,29717.5,1291
20260624  08:48:00,29717.5,29742.75,29710.0,29716.0,825
20260624  08:49:00,29714.25,29769.25,29710.25,29760.75,988
20260624  08:50:00,29761.25,29789.5,29760.25,29782.5,1295
20260624  08:51:00,29782.25,29796.5,29778.0,29789.5,753
20260624  08:52:00,29789.25,29803.25,29769.5,29803.25,1154
20260624  08:53:00,29802.5,29810.0,29792.0,29802.25,671
20260624  08:54:00,29802.0,29802.0,29776.0,29787.0,681
20260624  08:55:00,29788.25,29805.75,29785.0,29791.5,640
20260624  08:56:00,29790.5,29796.25,29763.0,29779.25,983
20260624  08:57:00,29777.5,29788.0,29773.25,29782.25,559
20260624  08:58:00,29781.25,29781.75,29748.75,29749.5,1006
20260624  08:59:00,29749.75,29762.5,29748.0,29756.0,797
20260624  09:00:00,29757.25,29785.0,29738.0,29766.0,1471
20260624  09:01:00,29767.25,29779.75,29758.75,29758.75,647
20260624  09:02:00,29759.5,29775.25,29756.5,29767.5,589
20260624  09:03:00,29767.0,29774.0,29745.25,29756.75,653
20260624  09:04:00,29756.0,29770.75,29753.25,29762.75,649
20260624  09:05:00,29762.0,29766.25,29744.5,29756.25,861
20260624  09:06:00,29756.25,29771.5,29728.75,29736.5,708
20260624  09:07:00,29736.25,29763.5,29733.75,29762.0,784
20260624  09:08:00,29762.25,29777.0,29747.0,29749.75,742
20260624  09:09:00,29749.25,29763.75,29742.0,29759.75,447
20260624  09:10:00,29759.5,29792.5,29745.5,29792.5,725
20260624  09:11:00,29792.0,29806.25,29784.5,29785.25,1250
20260624  09:12:00,29785.5,29786.75,29767.25,29774.25,693
20260624  09:13:00,29774.0,29774.0,29754.25,29765.75,642
20260624  09:14:00,29766.5,29785.0,29766.5,29773.25,528
20260624  09:15:00,29773.75,29792.25,29773.25,29773.75,810
20260624  09:16:00,29774.75,29781.75,29762.75,29776.0,570
20260624  09:17:00,29776.5,29780.0,29762.0,29769.0,331
20260624  09:18:00,29769.5,29782.25,29760.25,29777.5,402
20260624  09:19:00,29778.0,29784.0,29766.5,29775.5,506
20260624  09:20:00,29775.5,29784.5,29764.5,29771.5,418
20260624  09:21:00,29772.0,29775.5,29755.0,29761.0,407
20260624  09:22:00,29759.75,29797.25,29756.5,29793.25,674
20260624  09:23:00,29794.25,29801.0,29785.0,29787.25,518
20260624  09:24:00,29787.5,29796.5,29774.75,29780.75,493
20260624  09:25:00,29782.0,29784.0,29746.0,29747.25,662
20260624  09:26:00,29747.25,29756.25,29741.0,29752.25,858
20260624  09:27:00,29751.75,29760.5,29743.5,29751.5,444
20260624  09:28:00,29750.75,29760.25,29748.0,29758.5,447
20260624  09:29:00,29759.25,29769.0,29750.25,29752.75,428
20260624  09:30:00,29753.0,29754.0,29724.5,29731.25,962
20260624  09:31:00,29730.25,29738.75,29707.75,29719.25,946
20260624  09:32:00,29720.0,29722.0,29708.5,29712.75,561
20260624  09:33:00,29713.0,29725.0,29705.75,29718.25,512
20260624  09:34:00,29717.75,29723.0,29706.0,29713.25,499
20260624  09:35:00,29713.25,29735.25,29711.5,29728.75,636
20260624  09:36:00,29728.5,29731.0,29678.5,29684.25,1309
20260624  09:37:00,29686.0,29690.25,29660.0,29671.5,1110
20260624  09:38:00,29674.0,29682.0,29663.25,29664.75,671
20260624  09:39:00,29665.0,29671.5,29650.0,29653.25,1038
20260624  09:40:00,29654.25,29655.5,29622.75,29648.0,1475
20260624  09:41:00,29646.5,29651.75,29615.25,29641.75,1632
20260624  09:42:00,29641.25,29641.75,29610.5,29621.5,976
20260624  09:43:00,29622.0,29635.25,29614.25,29626.25,849
20260624  09:44:00,29625.5,29647.0,29623.5,29640.0,866
20260624  09:45:00,29640.25,29640.75,29612.5,29620.5,1139
20260624  09:46:00,29620.5,29633.0,29613.5,29615.0,731
20260624  09:47:00,29614.25,29646.0,29610.75,29639.5,1334
20260624  09:48:00,29637.5,29655.0,29633.75,29645.5,715
20260624  09:49:00,29644.5,29652.5,29637.75,29639.0,594
20260624  09:50:00,29638.75,29672.5,29636.75,29662.5,915
20260624  09:51:00,29663.75,29666.0,29644.25,29650.0,707
20260624  09:52:00,29651.0,29660.0,29632.75,29634.25,617
20260624  09:53:00,29634.75,29646.5,29626.25,29628.25,584
20260624  09:54:00,29629.0,29635.5,29611.75,29614.0,602
20260624  09:55:00,29614.25,29617.0,29596.25,29608.25,1220
20260624  09:56:00,29609.25,29627.0,29607.25,29608.5,731
20260624  09:57:00,29609.25,29614.5,29597.0,29605.5,904
20260624  09:58:00,29605.5,29617.75,29602.5,29609.5,493
20260624  09:59:00,29610.75,29613.75,29597.25,29606.5,333
20260624  10:00:00,29606.5,29622.5,29591.75,29612.5,822
20260624  10:01:00,29613.25,29624.0,29602.5,29622.0,572
20260624  10:02:00,29623.75,29650.0,29609.75,29641.5,936
20260624  10:03:00,29640.0,29657.5,29636.25,29656.25,627
20260624  10:04:00,29656.5,29661.5,29647.75,29658.75,737
20260624  10:05:00,29659.25,29660.75,29632.75,29632.75,528
20260624  10:06:00,29633.75,29636.5,29596.0,29597.75,725
20260624  10:07:00,29597.0,29600.0,29555.25,29560.25,1503
20260624  10:08:00,29560.25,29571.25,29543.75,29553.25,1052
20260624  10:09:00,29554.25,29565.5,29548.0,29564.75,829
20260624  10:10:00,29564.0,29587.75,29551.25,29585.5,1467
20260624  10:11:00,29586.25,29588.0,29561.25,29564.0,859
20260624  10:12:00,29564.75,29586.0,29560.0,29567.5,723
20260624  10:13:00,29566.75,29568.0,29538.5,29545.5,1064
20260624  10:14:00,29545.0,29561.5,29540.25,29547.5,617
20260624  10:15:00,29548.0,29571.75,29543.5,29558.5,749
20260624  10:16:00,29558.5,29558.75,29493.75,29500.0,2335
20260624  10:17:00,29501.75,29522.5,29491.75,29511.5,1553
20260624  10:18:00,29511.0,29513.75,29482.25,29486.75,1194
20260624  10:19:00,29488.5,29507.25,29478.0,29492.25,1852
20260624  10:20:00,29493.25,29495.5,29454.0,29457.75,2020
20260624  10:21:00,29457.5,29475.0,29450.0,29462.5,1619
20260624  10:22:00,29463.25,29487.75,29463.25,29470.25,1648
20260624  10:23:00,29470.25,29472.0,29446.0,29454.5,1221
20260624  10:24:00,29455.0,29471.0,29447.0,29455.75,1182
20260624  10:25:00,29456.75,29464.25,29426.25,29455.0,1715
20260624  10:26:00,29455.0,29464.5,29442.25,29445.25,1229
20260624  10:27:00,29446.25,29456.5,29432.75,29432.75,801
20260624  10:28:00,29433.75,29434.25,29403.0,29406.0,1594
20260624  10:29:00,29405.75,29428.25,29403.0,29411.0,1103
20260624  10:30:00,29411.5,29442.25,29402.25,29431.0,1624
20260624  10:31:00,29431.0,29433.25,29378.25,29388.75,2285
20260624  10:32:00,29387.75,29403.25,29370.0,29392.0,1259
20260624  10:33:00,29391.75,29410.0,29364.75,29398.0,1875
20260624  10:34:00,29398.75,29434.0,29397.5,29426.25,1423
20260624  10:35:00,29427.5,29465.0,29423.25,29430.75,2111
20260624  10:36:00,29429.75,29439.0,29399.75,29408.0,1019
20260624  10:37:00,29408.25,29416.5,29394.25,29408.75,828
20260624  10:38:00,29410.75,29425.75,29391.75,29418.0,986
20260624  10:39:00,29418.0,29444.75,29408.0,29439.5,1288
20260624  10:40:00,29438.75,29451.75,29424.5,29433.25,1010
20260624  10:41:00,29434.25,29459.0,29433.25,29448.0,827
20260624  10:42:00,29447.5,29461.5,29438.0,29451.5,805
20260624  10:43:00,29450.0,29450.0,29421.5,29427.0,879
20260624  10:44:00,29427.5,29430.0,29400.75,29410.25,980
20260624  10:45:00,29411.0,29433.0,29397.75,29397.75,1112
20260624  10:46:00,29398.5,29437.5,29386.5,29434.0,1552
20260624  10:47:00,29432.5,29463.0,29426.5,29455.5,1004
20260624  10:48:00,29453.5,29461.0,29435.0,29441.75,763
20260624  10:49:00,29440.5,29453.0,29428.25,29440.75,612
20260624  10:50:00,29441.5,29451.5,29416.0,29436.25,776
20260624  10:51:00,29436.5,29447.25,29421.5,29430.0,697
20260624  10:52:00,29431.0,29435.25,29411.25,29415.75,705
20260624  10:53:00,29417.0,29433.75,29410.25,29430.5,679
20260624  10:54:00,29431.0,29436.25,29414.0,29426.25,543
20260624  10:55:00,29428.75,29460.75,29428.75,29453.25,1013
20260624  10:56:00,29452.25,29464.0,29437.5,29444.5,736
20260624  10:57:00,29445.75,29445.75,29407.5,29410.5,647
20260624  10:58:00,29410.5,29410.5,29374.0,29383.0,1171
20260624  10:59:00,29383.5,29401.75,29381.25,29387.25,769
20260624  11:00:00,29389.25,29413.0,29376.5,29399.0,1503
20260624  11:01:00,29399.25,29452.0,29393.25,29427.25,2057
20260624  11:02:00,29427.75,29428.5,29401.5,29415.0,954
20260624  11:03:00,29415.75,29417.75,29397.0,29403.25,611
20260624  11:04:00,29403.75,29416.0,29398.0,29407.5,556
20260624  11:05:00,29408.75,29429.25,29404.25,29414.5,659
20260624  11:06:00,29414.25,29458.5,29413.0,29442.5,1145
20260624  11:07:00,29441.75,29463.25,29423.0,29432.25,1145
20260624  11:08:00,29431.75,29452.25,29425.75,29434.5,752
20260624  11:09:00,29434.5,29452.25,29429.5,29449.75,544
20260624  11:10:00,29450.5,29454.0,29438.25,29446.25,584
20260624  11:11:00,29444.75,29451.75,29427.25,29427.25,510
20260624  11:12:00,29428.5,29444.0,29412.0,29425.75,835
20260624  11:13:00,29426.5,29436.75,29422.0,29435.75,342
20260624  11:14:00,29434.5,29447.25,29421.0,29440.75,580
20260624  11:15:00,29442.5,29499.75,29440.75,29492.5,1527
20260624  11:16:00,29493.5,29502.75,29472.0,29498.75,1213
20260624  11:17:00,29498.0,29504.75,29483.75,29492.25,893
20260624  11:18:00,29492.75,29494.5,29450.75,29487.5,1273
20260624  11:19:00,29487.0,29517.0,29481.5,29510.0,1192
20260624  11:20:00,29511.0,29516.0,29496.25,29502.25,710
20260624  11:21:00,29502.5,29513.25,29497.25,29506.5,544
20260624  11:22:00,29505.75,29517.5,29500.75,29512.5,581
20260624  11:23:00,29513.5,29526.0,29512.0,29523.0,822
20260624  11:24:00,29521.75,29538.5,29515.0,29537.75,745
20260624  11:25:00,29537.0,29563.5,29536.5,29559.25,1389
20260624  11:26:00,29559.25,29560.5,29539.0,29542.75,1035
20260624  11:27:00,29540.5,29551.0,29534.0,29538.0,819
20260624  11:28:00,29537.0,29558.5,29529.0,29556.5,822
20260624  11:29:00,29557.0,29559.75,29535.0,29539.75,704
20260624  11:30:00,29540.0,29556.0,29530.5,29543.25,1035
20260624  11:31:00,29542.75,29547.25,29527.75,29540.5,900
20260624  11:32:00,29540.5,29542.0,29525.75,29528.0,665
20260624  11:33:00,29528.0,29531.5,29497.25,29503.0,1284
20260624  11:34:00,29502.0,29522.5,29501.75,29509.5,845
20260624  11:35:00,29510.25,29517.0,29470.25,29481.75,1186
20260624  11:36:00,29482.5,29493.5,29465.25,29493.0,983
20260624  11:37:00,29493.5,29510.75,29481.0,29483.25,846
20260624  11:38:00,29484.5,29496.5,29477.25,29482.0,626
20260624  11:39:00,29482.25,29488.5,29460.25,29469.75,744
20260624  11:40:00,29469.0,29480.0,29423.75,29438.0,1393
20260624  11:41:00,29439.25,29462.5,29431.0,29446.0,732
20260624  11:42:00,29446.0,29464.0,29440.75,29456.5,752
20260624  11:43:00,29455.75,29455.75,29429.0,29435.75,674
20260624  11:44:00,29436.0,29450.0,29427.75,29449.0,842
20260624  11:45:00,29447.5,29448.0,29427.0,29432.25,671
20260624  11:46:00,29432.25,29437.75,29407.25,29408.25,771
20260624  11:47:00,29409.0,29415.75,29381.75,29383.75,961
20260624  11:48:00,29384.5,29389.25,29366.0,29373.25,990
20260624  11:49:00,29373.5,29375.5,29336.75,29356.0,1669
20260624  11:50:00,29355.25,29364.75,29331.25,29340.5,1812
20260624  11:51:00,29340.5,29349.25,29325.0,29329.75,1133
20260624  11:52:00,29329.25,29355.25,29325.75,29338.75,1229
20260624  11:53:00,29337.75,29359.25,29337.25,29348.0,1142
20260624  11:54:00,29346.75,29375.75,29345.75,29365.75,1277
20260624  11:55:00,29365.5,29376.75,29353.75,29368.5,1128
20260624  11:56:00,29368.25,29390.25,29363.5,29387.0,953
20260624  11:57:00,29386.75,29411.25,29370.25,29374.5,1493
20260624  11:58:00,29375.5,29375.5,29336.25,29343.75,963
20260624  11:59:00,29344.0,29348.25,29329.5,29345.25,687
20260624  12:00:00,29346.0,29355.5,29310.75,29332.75,1898
20260624  12:01:00,29332.0,29341.5,29316.75,29318.75,791
20260624  12:02:00,29317.25,29362.25,29313.75,29353.5,1128
20260624  12:03:00,29354.5,29414.25,29350.0,29399.5,1621
20260624  12:04:00,29399.75,29404.0,29384.75,29392.75,1022
20260624  12:05:00,29394.25,29395.0,29341.0,29355.25,1402
20260624  12:06:00,29354.75,29359.25,29305.0,29307.25,1434
20260624  12:07:00,29306.5,29310.0,29280.0,29290.5,1974
20260624  12:08:00,29291.25,29298.5,29279.25,29296.75,997
20260624  12:09:00,29297.75,29312.75,29292.0,29298.5,1212
20260624  12:10:00,29298.25,29313.75,29273.5,29303.25,1606
20260624  12:11:00,29302.25,29306.5,29275.0,29275.0,930
20260624  12:12:00,29276.0,29290.75,29269.0,29273.5,1005
20260624  12:13:00,29274.25,29281.75,29264.75,29270.25,1018
20260624  12:14:00,29270.25,29318.0,29269.25,29312.0,1707
20260624  12:15:00,29311.5,29318.75,29290.0,29303.0,1383
20260624  12:16:00,29301.75,29308.0,29284.25,29292.25,577
20260624  12:17:00,29290.75,29313.25,29290.75,29302.0,755
20260624  12:18:00,29301.75,29312.25,29292.25,29310.5,694
20260624  12:19:00,29310.0,29322.5,29300.75,29313.75,1148
20260624  12:20:00,29312.0,29320.0,29295.0,29304.25,894
20260624  12:21:00,29302.75,29322.5,29301.75,29313.75,1053
20260624  12:22:00,29314.5,29328.5,29303.0,29322.25,1231
20260624  12:23:00,29321.75,29338.75,29319.25,29328.75,1313
20260624  12:24:00,29329.0,29350.25,29317.25,29349.75,919
20260624  12:25:00,29350.25,29375.25,29345.5,29356.5,1331
20260624  12:26:00,29357.0,29381.5,29347.5,29379.5,1021
20260624  12:27:00,29380.75,29390.5,29358.5,29369.0,1153
20260624  12:28:00,29368.75,29383.5,29363.0,29373.5,940
20260624  12:29:00,29373.75,29396.0,29369.5,29384.75,1278
20260624  12:30:00,29384.0,29412.0,29371.5,29405.0,1765
20260624  12:31:00,29405.25,29408.75,29381.5,29389.5,914
20260624  12:32:00,29387.5,29397.5,29372.25,29391.0,1081
20260624  12:33:00,29392.0,29401.0,29378.5,29387.5,769
20260624  12:34:00,29388.75,29405.75,29386.25,29398.75,941
20260624  12:35:00,29399.5,29405.75,29376.75,29391.25,1134
20260624  12:36:00,29391.75,29434.5,29386.25,29432.0,1362
20260624  12:37:00,29432.5,29434.0,29408.75,29408.75,1431
20260624  12:38:00,29410.0,29425.0,29404.0,29411.75,816
20260624  12:39:00,29410.5,29442.25,29405.75,29429.25,1183
20260624  12:40:00,29428.25,29446.75,29418.25,29427.25,1075
20260624  12:41:00,29427.5,29434.25,29402.75,29404.0,952
20260624  12:42:00,29405.5,29407.25,29357.5,29365.75,1436
20260624  12:43:00,29366.25,29395.0,29366.25,29379.0,1075
20260624  12:44:00,29378.25,29401.0,29373.5,29388.0,1068
20260624  12:45:00,29387.5,29426.25,29373.25,29420.0,1419
20260624  12:46:00,29419.5,29420.5,29396.75,29401.75,804
20260624  12:47:00,29402.25,29413.5,29388.0,29408.5,919
20260624  12:48:00,29408.5,29413.5,29396.75,29407.0,694
20260624  12:49:00,29408.25,29424.25,29397.5,29422.0,960
20260624  12:50:00,29421.25,29453.25,29400.0,29435.5,2332
20260624  12:51:00,29435.0,29466.0,29432.25,29456.5,1438
20260624  12:52:00,29455.5,29471.25,29448.0,29460.25,1097
20260624  12:53:00,29459.5,29486.75,29457.0,29482.75,1325
20260624  12:54:00,29483.25,29490.0,29461.0,29482.25,1726
20260624  12:55:00,29483.5,29483.75,29455.5,29479.25,1842
20260624  12:56:00,29479.0,29482.75,29454.5,29454.5,1257
20260624  12:57:00,29454.0,29465.5,29435.0,29464.0,1628
20260624  12:58:00,29463.0,29475.25,29459.0,29465.75,1782
20260624  12:59:00,29465.75,29529.0,29465.75,29514.0,8216
20260624  13:00:00,29514.25,29547.25,29486.75,29544.25,3536
20260624  13:01:00,29544.0,29658.0,29510.0,29654.75,4293
20260624  13:02:00,29653.25,29673.0,29596.75,29656.75,2862
20260624  13:03:00,29654.0,29701.25,29628.75,29697.75,2082
20260624  13:04:00,29698.0,29747.25,29672.75,29747.25,2173
20260624  13:05:00,29745.5,29794.0,29727.25,29787.0,1909
20260624  13:06:00,29789.0,29835.0,29789.0,29820.75,2154
20260624  13:07:00,29821.75,29831.0,29797.0,29800.0,1410
20260624  13:08:00,29800.25,29877.75,29800.25,29874.0,2103
20260624  13:09:00,29873.0,29885.75,29865.0,29865.5,1880
20260624  13:10:00,29866.0,29879.5,29843.0,29870.25,1556
20260624  13:11:00,29869.75,29889.75,29862.75,29864.75,1445
20260624  13:12:00,29863.0,29871.75,29829.5,29844.0,1795
20260624  13:13:00,29844.0,29885.0,29829.5,29883.5,1132
20260624  13:14:00,29883.25,29889.75,29867.5,29883.75,1089
20260624  13:15:00,29884.0,29885.25,29860.75,29868.0,582
20260624  13:16:00,29867.5,29873.75,29856.25,29872.25,596
20260624  13:17:00,29871.75,29891.0,29858.0,29863.25,1361
20260624  13:18:00,29862.0,29884.0,29856.75,29884.0,625
20260624  13:19:00,29883.75,29888.0,29872.25,29880.0,324
20260624  13:20:00,29880.75,29909.5,29878.25,29898.25,1015
20260624  13:21:00,29899.75,29946.0,29899.5,29941.75,1070
20260624  13:22:00,29942.0,29969.75,29938.25,29944.5,1195
20260624  13:23:00,29944.0,29975.25,29943.25,29973.0,902
20260624  13:24:00,29972.25,29992.25,29968.25,29990.75,1061
20260624  13:25:00,29991.5,30009.5,29976.25,30007.25,1218
20260624  13:26:00,30007.75,30030.0,29998.0,30022.25,1091
20260624  13:27:00,30023.0,30024.25,29999.0,30013.5,814
20260624  13:28:00,30013.0,30015.0,29995.75,30011.25,656
20260624  13:29:00,30010.25,30027.0,30008.75,30010.5,630
20260624  13:30:00,30009.0,30018.25,30002.25,30011.25,529
20260624  13:31:00,30012.0,30021.5,29997.5,30017.75,724
20260624  13:32:00,30017.25,30030.5,29998.0,30004.0,641
20260624  13:33:00,30004.5,30012.0,29986.0,29986.25,607
20260624  13:34:00,29986.25,29986.75,29967.0,29968.0,1038
20260624  13:35:00,29968.25,30013.5,29966.0,30000.0,713
20260624  13:36:00,29998.75,29999.5,29986.25,29989.0,353
20260624  13:37:00,29989.25,30016.5,29989.25,30005.0,444
20260624  13:38:00,30004.25,30016.5,30002.0,30014.5,475
20260624  13:39:00,30014.0,30034.5,30011.75,30034.5,578
20260624  13:40:00,30034.75,30045.0,30028.25,30034.0,518
20260624  13:41:00,30035.0,30063.5,30026.5,30049.75,881
20260624  13:42:00,30048.5,30058.75,30042.25,30055.75,465
20260624  13:43:00,30055.5,30090.0,30054.75,30088.5,688
20260624  13:44:00,30087.5,30102.0,30081.5,30094.75,649
20260624  13:45:00,30094.5,30098.5,30083.75,30093.25,692
20260624  13:46:00,30094.25,30107.5,30091.25,30106.75,584
20260624  13:47:00,30106.25,30137.0,30105.75,30127.75,830
20260624  13:48:00,30126.75,30152.25,30115.0,30152.25,723
20260624  13:49:00,30153.25,30157.75,30116.5,30130.25,852
20260624  13:50:00,30130.25,30132.5,30102.5,30121.5,560
20260624  13:51:00,30121.75,30124.0,30093.0,30098.0,586
20260624  13:52:00,30099.0,30119.75,30099.0,30110.0,550
20260624  13:53:00,30111.75,30113.75,30100.0,30108.5,322
20260624  13:54:00,30106.0,30117.25,30105.25,30108.0,346
20260624  13:55:00,30108.0,30108.0,30085.5,30090.5,598
20260624  13:56:00,30091.5,30096.0,30080.0,30080.0,560
20260624  13:57:00,30081.25,30106.5,30081.0,30106.5,403
20260624  13:58:00,30106.0,30106.5,30083.5,30088.5,340
20260624  13:59:00,30089.25,30096.5,30085.5,30095.25,274
20260624  15:00:00,30089.75,30163.5,30084.5,30152.75,998
20260624  15:01:00,30152.5,30168.5,30137.25,30145.5,458
20260624  15:02:00,30143.0,30150.75,30122.0,30135.25,327
20260624  15:03:00,30132.75,30132.75,30110.5,30120.5,271
20260624  15:04:00,30121.25,30132.75,30087.0,30090.75,379
20260624  15:05:00,30090.25,30096.5,30077.5,30078.25,364
20260624  15:06:00,30078.75,30080.25,30064.25,30068.5,267
20260624  15:07:00,30068.0,30074.5,30062.25,30066.0,191
20260624  15:08:00,30064.25,30079.0,30064.25,30073.0,162
20260624  15:09:00,30073.0,30077.75,30066.0,30072.75,114
20260624  15:10:00,30072.75,30089.75,30069.75,30085.5,144
20260624  15:11:00,30085.0,30094.0,30080.25,30093.75,143
20260624  15:12:00,30094.75,30107.0,30089.25,30102.0,190
20260624  15:13:00,30102.75,30102.75,30078.5,30083.75,368
20260624  15:14:00,30081.5,30086.25,30067.0,30073.5,247
20260624  15:15:00,30074.0,30076.5,30065.0,30066.0,259
20260624  15:16:00,30066.75,30075.25,30064.25,30068.5,207
20260624  15:17:00,30066.0,30072.25,30064.0,30068.0,133
20260624  15:18:00,30068.25,30077.0,30060.75,30061.5,194
20260624  15:19:00,30063.5,30064.75,30057.0,30061.0,201
20260624  15:20:00,30062.0,30089.75,30057.25,30079.0,233
20260624  15:21:00,30079.75,30083.0,30070.25,30083.0,111
20260624  15:22:00,30084.5,30085.25,30075.75,30079.75,159
20260624  15:23:00,30078.25,30081.25,30071.0,30075.0,184
20260624  15:24:00,30074.25,30074.5,30062.0,30062.75,199
20260624  15:25:00,30064.75,30074.0,30056.25,30072.25,326
20260624  15:26:00,30072.75,30072.75,30055.25,30057.75,146
20260624  15:27:00,30058.75,30064.75,30052.25,30059.5,259
20260624  15:28:00,30060.0,30077.5,30060.0,30065.0,326
20260624  15:29:00,30064.25,30069.25,30057.0,30059.25,102
20260624  15:30:00,30059.25,30077.25,30059.25,30073.5,139
20260624  15:31:00,30075.0,30076.5,30064.75,30067.75,152
20260624  15:32:00,30068.5,30069.75,30062.0,30067.75,128
20260624  15:33:00,30066.5,30066.5,30056.75,30060.75,123
20260624  15:34:00,30061.25,30073.5,30061.25,30064.5,108
20260624  15:35:00,30065.5,30071.25,30063.5,30069.75,83
20260624  15:36:00,30070.75,30070.75,30060.0,30064.75,142
20260624  15:37:00,30064.0,30070.0,30061.0,30063.5,98
20260624  15:38:00,30064.5,30069.25,30064.5,30065.5,43
20260624  15:39:00,30065.25,30070.5,30063.5,30064.5,61
20260624  15:40:00,30067.0,30072.0,30060.25,30060.5,87
20260624  15:41:00,30060.25,30062.75,30053.25,30062.75,109
20260624  15:42:00,30063.25,30080.0,30061.0,30070.0,179
20260624  15:43:00,30069.75,30074.25,30066.5,30070.0,99
20260624  15:44:00,30072.75,30080.25,30067.5,30072.5,92
20260624  15:45:00,30073.5,30076.0,30068.75,30068.75,71
20260624  15:46:00,30069.5,30073.25,30061.5,30063.75,102
20260624  15:47:00,30063.75,30067.25,30056.5,30066.0,79
20260624  15:48:00,30065.75,30066.75,30055.75,30057.5,59
20260624  15:49:00,30056.75,30060.5,30046.75,30053.5,207
20260624  15:50:00,30052.5,30059.0,30052.5,30055.0,79
20260624  15:51:00,30056.0,30061.0,30053.0,30059.0,126
20260624  15:52:00,30058.0,30068.5,30051.75,30068.25,133
20260624  15:53:00,30066.0,30067.75,30054.5,30057.0,93
20260624  15:54:00,30055.25,30058.25,30053.0,30055.0,74
20260624  15:55:00,30056.0,30058.5,30050.5,30057.0,69
20260624  15:56:00,30056.5,30056.5,30050.25,30052.25,56
20260624  15:57:00,30052.0,30054.0,30046.25,30048.25,74
20260624  15:58:00,30050.0,30053.0,30046.5,30050.5,45
20260624  15:59:00,30051.75,30052.5,30048.5,30049.5,46
20260624  16:00:00,30050.25,30056.5,30047.25,30052.25,80
20260624  16:01:00,30051.0,30062.5,30051.0,30055.5,75
20260624  16:02:00,30054.25,30055.75,30048.25,30050.0,76
20260624  16:03:00,30051.25,30062.0,30051.25,30058.75,61
20260624  16:04:00,30056.75,30072.0,30055.75,30064.5,79
20260624  16:05:00,30065.0,30069.75,30060.5,30068.0,45
20260624  16:06:00,30067.25,30074.75,30065.0,30071.75,93
20260624  16:07:00,30069.5,30073.25,30066.75,30068.75,101
20260624  16:08:00,30067.0,30070.0,30064.5,30068.0,52
20260624  16:09:00,30065.5,30065.5,30057.25,30062.25,71
20260624  16:10:00,30065.5,30073.5,30065.5,30073.5,85
20260624  16:11:00,30074.25,30082.5,30069.25,30069.25,234
20260624  16:12:00,30071.0,30073.75,30051.0,30053.5,192
20260624  16:13:00,30052.5,30060.5,30052.25,30057.25,88
20260624  16:14:00,30056.0,30060.5,30054.75,30060.5,37
20260624  16:15:00,30061.0,30062.0,30056.75,30060.0,55
20260624  16:16:00,30060.0,30064.0,30056.25,30060.75,44
20260624  16:17:00,30059.75,30068.5,30059.0,30061.5,82
20260624  16:18:00,30063.25,30064.25,30058.5,30061.75,31
20260624  16:19:00,30060.5,30063.0,30057.25,30057.75,36
20260624  16:20:00,30058.0,30066.75,30058.0,30064.75,55
20260624  16:21:00,30066.5,30079.75,30064.75,30075.0,65
20260624  16:22:00,30075.0,30075.0,30067.5,30068.25,65
20260624  16:23:00,30067.5,30078.0,30067.5,30077.75,48
20260624  16:24:00,30076.25,30084.0,30073.25,30077.75,96
20260624  16:25:00,30079.5,30086.25,30078.5,30083.25,58
20260624  16:26:00,30082.75,30088.0,30080.0,30086.0,102
20260624  16:27:00,30086.25,30096.5,30085.5,30090.5,195
20260624  16:28:00,30091.75,30093.75,30076.0,30076.0,89
20260624  16:29:00,30078.25,30081.0,30075.25,30077.5,51
20260624  16:30:00,30078.25,30083.25,30075.0,30081.75,46
20260624  16:31:00,30082.5,30089.25,30081.0,30084.5,48
20260624  16:32:00,30082.25,30087.25,30082.25,30085.25,16
20260624  16:33:00,30083.75,30087.5,30083.0,30085.0,20
20260624  16:34:00,30086.0,30094.75,30085.75,30092.0,97
20260624  16:35:00,30092.5,30106.5,30091.75,30105.75,213
20260624  16:36:00,30103.75,30109.0,30103.0,30107.75,82
20260624  16:37:00,30107.0,30110.0,30102.75,30110.0,115
20260624  16:38:00,30110.75,30113.5,30108.75,30112.0,58
20260624  16:39:00,30109.75,30118.75,30106.75,30106.75,131
20260624  16:40:00,30107.5,30108.0,30098.75,30106.5,111
20260624  16:41:00,30107.5,30122.0,30107.5,30118.75,154
20260624  16:42:00,30118.0,30122.5,30114.25,30119.5,51
20260624  16:43:00,30118.25,30122.25,30111.0,30111.5,68
20260624  16:44:00,30111.0,30117.25,30107.75,30115.0,101
20260624  16:45:00,30113.75,30135.0,30113.75,30133.75,262
20260624  16:46:00,30132.25,30135.25,30108.0,30109.5,224
20260624  16:47:00,30110.25,30111.75,30097.0,30103.25,178
20260624  16:48:00,30103.25,30106.5,30096.0,30099.75,68
20260624  16:49:00,30101.5,30106.75,30101.0,30102.25,63
20260624  16:50:00,30103.0,30106.25,30090.25,30093.5,157
20260624  16:51:00,30092.75,30094.25,30085.0,30090.75,101
20260624  16:52:00,30092.75,30098.0,30090.5,30096.75,57
20260624  16:53:00,30097.75,30100.0,30094.25,30097.5,72
20260624  16:54:00,30094.5,30109.0,30094.5,30108.5,80
20260624  16:55:00,30109.0,30110.0,30102.5,30107.25,79
20260624  16:56:00,30105.75,30110.5,30098.5,30104.0,80
20260624  16:57:00,30105.75,30114.25,30105.75,30108.5,82
20260624  16:58:00,30107.75,30110.0,30091.0,30092.0,188
20260624  16:59:00,30091.0,30098.75,30089.0,30096.75,136
20260624  17:00:00,30097.0,30102.5,30080.25,30089.75,285
20260624  17:01:00,30091.5,30091.75,30066.25,30075.0,284
20260624  17:02:00,30074.5,30077.75,30059.0,30060.5,187
20260624  17:03:00,30060.75,30066.75,30055.0,30066.75,178
20260624  17:04:00,30066.75,30068.75,30059.25,30064.75,129
20260624  17:05:00,30062.75,30067.0,30046.0,30059.0,204
20260624  17:06:00,30060.0,30081.75,30060.0,30075.5,173
20260624  17:07:00,30073.75,30075.25,30053.0,30054.25,130
20260624  17:08:00,30057.25,30065.75,30047.0,30062.5,190
20260624  17:09:00,30062.5,30073.25,30056.25,30066.5,198
20260624  17:10:00,30068.0,30077.75,30058.25,30074.5,127
20260624  17:11:00,30076.25,30094.0,30075.5,30084.5,181
20260624  17:12:00,30086.75,30100.5,30084.0,30092.0,210
20260624  17:13:00,30094.5,30099.25,30075.75,30079.5,162
20260624  17:14:00,30080.0,30092.25,30065.0,30091.0,154
20260624  17:15:00,30093.0,30095.0,30071.5,30089.75,204
20260624  17:16:00,30088.75,30092.0,30073.25,30086.5,139
20260624  17:17:00,30086.5,30098.75,30074.25,30074.75,194
20260624  17:18:00,30073.75,30073.75,30062.25,30072.25,113
20260624  17:19:00,30070.25,30082.0,30068.5,30073.0,88
20260624  17:20:00,30070.0,30070.0,30057.25,30058.75,90
20260624  17:21:00,30060.25,30070.25,30059.0,30059.75,73
20260624  17:22:00,30058.25,30071.5,30052.75,30071.5,112
20260624  17:23:00,30073.0,30081.5,30073.0,30077.75,119
20260624  17:24:00,30079.25,30080.0,30062.0,30062.0,112
20260624  17:25:00,30060.75,30063.0,30032.5,30036.0,294
20260624  17:26:00,30036.25,30042.5,30027.25,30039.75,186
20260624  17:27:00,30039.75,30044.0,30026.5,30043.0,164
20260624  17:28:00,30044.25,30050.5,30036.0,30039.75,113
20260624  17:29:00,30037.5,30047.75,30032.5,30036.5,48
20260624  17:30:00,30035.0,30040.75,30031.25,30035.25,109
20260624  17:31:00,30036.0,30036.5,30010.0,30011.75,289
20260624  17:32:00,30011.5,30017.0,29988.5,29999.0,429
20260624  17:33:00,29999.5,30010.0,29989.75,29991.75,212
20260624  17:34:00,29989.75,29997.75,29987.5,29993.25,140
20260624  17:35:00,29993.0,29996.5,29977.5,29983.5,231
20260624  17:36:00,29984.25,29998.75,29981.25,29998.25,150
20260624  17:37:00,29997.0,29997.0,29982.25,29988.25,119
20260624  17:38:00,29985.5,29985.5,29978.0,29981.75,109
20260624  17:39:00,29983.0,29986.5,29971.25,29978.0,144
20260624  17:40:00,29979.25,29982.0,29962.25,29962.5,217
20260624  17:41:00,29963.0,29970.0,29945.25,29952.75,278
20260624  17:42:00,29952.25,29964.25,29943.0,29962.75,195
20260624  17:43:00,29963.75,29972.0,29961.0,29963.0,152
20260624  17:44:00,29960.5,29967.0,29954.25,29963.25,135
20260624  17:45:00,29963.5,29971.0,29954.5,29954.5,210
20260624  17:46:00,29956.0,29963.75,29947.75,29949.5,129
20260624  17:47:00,29947.0,29954.5,29942.0,29943.5,148
20260624  17:48:00,29944.75,29950.25,29936.0,29941.25,188
20260624  17:49:00,29939.0,29947.0,29938.25,29942.5,134
20260624  17:50:00,29941.0,29970.5,29940.25,29968.5,211
20260624  17:51:00,29968.5,29981.0,29964.25,29975.5,235
20260624  17:52:00,29974.25,29985.5,29966.75,29970.25,208
20260624  17:53:00,29971.25,29991.75,29967.5,29990.25,153
20260624  17:54:00,29991.0,29991.5,29980.75,29986.0,114
20260624  17:55:00,29987.5,29988.75,29963.75,29965.25,201
20260624  17:56:00,29964.75,29967.0,29952.25,29962.0,213
20260624  17:57:00,29962.5,29976.25,29960.25,29966.25,142
20260624  17:58:00,29965.75,29965.75,29953.5,29955.5,122
20260624  17:59:00,29956.5,29965.0,29954.75,29965.0,52
20260624  18:00:00,29967.5,29989.0,29958.75,29988.25,209
20260624  18:01:00,29986.75,29996.25,29979.25,29985.25,249
20260624  18:02:00,29987.5,29993.75,29975.25,29977.75,132
20260624  18:03:00,29975.75,29978.0,29965.0,29969.75,119
20260624  18:04:00,29966.5,29968.75,29952.5,29953.5,110
20260624  18:05:00,29955.25,29969.0,29950.25,29967.75,181
20260624  18:06:00,29968.25,29971.25,29955.5,29961.75,160
20260624  18:07:00,29962.0,29968.0,29953.0,29959.5,161
20260624  18:08:00,29959.75,29966.5,29952.75,29959.0,93
20260624  18:09:00,29959.25,29969.5,29956.25,29965.25,83
20260624  18:10:00,29964.75,29971.5,29958.75,29965.75,84
20260624  18:11:00,29963.5,29979.25,29959.75,29968.25,147
20260624  18:12:00,29969.75,29975.25,29967.5,29971.25,73
20260624  18:13:00,29971.75,29975.5,29966.0,29966.5,71
20260624  18:14:00,29969.5,29973.0,29963.75,29969.5,70
20260624  18:15:00,29971.0,29975.5,29963.5,29969.5,120
20260624  18:16:00,29968.25,29970.75,29952.0,29966.25,169
20260624  18:17:00,29966.25,29981.25,29962.75,29975.25,181
20260624  18:18:00,29975.75,29976.0,29957.75,29963.75,98
20260624  18:19:00,29963.0,29974.25,29951.25,29973.75,182
20260624  18:20:00,29973.0,29982.75,29970.75,29979.5,158
20260624  18:21:00,29981.0,29987.25,29980.5,29981.25,133
20260624  18:22:00,29982.25,29989.25,29976.5,29986.75,78
20260624  18:23:00,29982.75,29990.0,29979.0,29988.5,82
20260624  18:24:00,29990.25,29991.0,29976.5,29978.25,79
20260624  18:25:00,29978.0,29982.25,29967.5,29967.75,188
20260624  18:26:00,29967.0,29972.25,29959.5,29965.5,121
20260624  18:27:00,29965.5,29980.0,29965.5,29968.5,170
20260624  18:28:00,29968.5,29977.25,29967.0,29970.5,86
20260624  18:29:00,29968.75,29968.75,29961.75,29965.0,117
20260624  18:30:00,29966.75,29970.25,29960.75,29966.0,100
20260624  18:31:00,29966.5,29979.0,29964.25,29972.0,91
20260624  18:32:00,29974.25,29985.25,29972.75,29974.5,128
20260624  18:33:00,29975.0,29980.25,29974.25,29979.5,40
20260624  18:34:00,29980.5,29994.0,29976.0,29992.25,162
20260624  18:35:00,29991.25,30005.75,29989.5,30005.75,272
20260624  18:36:00,30005.5,30011.5,30000.0,30000.5,192
20260624  18:37:00,29999.5,30023.5,29997.0,30019.5,174
20260624  18:38:00,30020.5,30028.0,30017.25,30022.5,256
20260624  18:39:00,30022.75,30028.25,30013.0,30013.0,321
20260624  18:40:00,30012.5,30018.0,30002.25,30006.5,198
20260624  18:41:00,30005.25,30010.75,29999.0,30000.25,104
20260624  18:42:00,30001.0,30008.75,29993.0,30008.75,149
20260624  18:43:00,30010.25,30018.75,30009.75,30011.25,119
20260624  18:44:00,30011.5,30011.5,29991.75,29995.5,163
20260624  18:45:00,29995.5,29998.25,29987.5,29993.25,90
20260624  18:46:00,29994.75,30000.25,29988.75,29995.25,154
20260624  18:47:00,29995.5,30004.5,29993.5,30001.5,109
20260624  18:48:00,30002.5,30005.0,29993.75,29998.5,47
20260624  18:49:00,29998.25,30013.25,29997.5,30012.0,86
20260624  18:50:00,30015.25,30020.75,30002.75,30014.0,152
20260624  18:51:00,30014.75,30021.0,30008.25,30018.75,85
20260624  18:52:00,30021.25,30026.0,30019.0,30022.75,168
20260624  18:53:00,30024.75,30026.5,30020.75,30020.75,75
20260624  18:54:00,30021.0,30023.5,30016.0,30023.5,72
20260624  18:55:00,30022.5,30030.75,30021.75,30027.25,82
20260624  18:56:00,30027.75,30030.0,30022.75,30028.25,35
20260624  18:57:00,30028.0,30031.0,30012.0,30014.5,98
20260624  18:58:00,30015.0,30015.0,30002.75,30007.25,110
20260624  18:59:00,30008.25,30010.0,29996.75,29998.75,117
20260624  19:00:00,29997.5,30001.5,29988.0,29991.25,192
20260624  19:01:00,29991.5,30007.0,29991.5,30004.25,201
20260624  19:02:00,30006.25,30017.25,30005.5,30008.75,100
20260624  19:03:00,30009.0,30018.5,30008.5,30017.0,60
20260624  19:04:00,30016.75,30017.0,30010.75,30013.0,53
20260624  19:05:00,30011.0,30020.5,30005.0,30012.0,75
20260624  19:06:00,30013.25,30014.5,30004.25,30008.25,54
20260624  19:07:00,30008.0,30009.5,29995.0,29995.25,95
20260624  19:08:00,29995.0,29998.5,29987.25,29995.25,106
20260624  19:09:00,29995.25,29997.75,29984.25,29994.25,168
20260624  19:10:00,29993.75,29993.75,29978.25,29981.75,200
20260624  19:11:00,29981.25,29981.75,29964.5,29964.5,176
20260624  19:12:00,29964.0,29964.25,29941.0,29953.5,604
20260624  19:13:00,29953.5,29956.75,29943.0,29947.5,157
20260624  19:14:00,29949.0,29953.25,29943.25,29944.25,129
20260624  19:15:00,29946.0,29950.5,29931.75,29932.0,193
20260624  19:16:00,29931.75,29943.0,29924.5,29940.75,232
20260624  19:17:00,29939.25,29957.25,29938.75,29955.25,151
20260624  19:18:00,29955.0,29955.0,29944.25,29950.0,83
20260624  19:19:00,29949.75,29973.5,29949.75,29970.5,185
20260624  19:20:00,29970.75,29976.75,29963.0,29964.75,132
20260624  19:21:00,29963.0,29972.75,29958.75,29969.25,79
20260624  19:22:00,29970.0,29987.0,29969.5,29984.25,156
20260624  19:23:00,29985.5,29989.75,29974.0,29975.0,163
20260624  19:24:00,29975.5,29979.75,29966.5,29967.75,72
20260624  19:25:00,29969.25,29978.0,29962.5,29977.0,95
20260624  19:26:00,29976.75,29988.75,29976.25,29985.25,94
20260624  19:27:00,29986.75,29991.75,29979.75,29988.0,92
20260624  19:28:00,29987.5,29992.75,29986.5,29991.0,21
20260624  19:29:00,29993.0,29994.75,29984.75,29986.25,67
20260624  19:30:00,29983.0,29991.25,29976.25,29987.75,84
20260624  19:31:00,29989.25,29991.25,29984.5,29989.5,113
20260624  19:32:00,29989.25,29996.5,29988.5,29993.75,63
20260624  19:33:00,29993.5,29996.5,29982.0,29989.75,61
20260624  19:34:00,29988.75,29991.5,29986.25,29991.5,22
20260624  19:35:00,29989.0,29991.0,29984.25,29990.0,50
20260624  19:36:00,29991.5,29996.75,29984.75,29992.0,55
20260624  19:37:00,29995.5,29995.75,29991.75,29992.0,49
20260624  19:38:00,29992.0,29992.25,29984.5,29984.5,62
20260624  19:39:00,29985.5,29990.75,29978.0,29988.75,56
20260624  19:40:00,29987.5,29989.25,29968.5,29968.5,78
20260624  19:41:00,29968.0,29971.5,29967.5,29969.75,79
20260624  19:42:00,29968.0,29973.0,29967.0,29971.25,57
20260624  19:43:00,29969.75,29975.25,29968.0,29974.25,50
20260624  19:44:00,29972.25,29979.0,29971.75,29975.0,48
20260624  19:45:00,29973.75,29976.25,29970.25,29971.75,43
20260624  19:46:00,29971.75,29973.75,29966.0,29969.75,39
20260624  19:47:00,29972.5,29982.25,29971.0,29979.25,71
20260624  19:48:00,29981.0,29984.0,29977.5,29979.0,79
20260624  19:49:00,29980.0,29982.75,29978.5,29982.0,30
20260624  19:50:00,29981.75,29981.75,29971.5,29974.5,36
20260624  19:51:00,29976.0,29981.75,29973.0,29973.0,50
20260624  19:52:00,29973.75,29990.25,29973.75,29990.25,66
20260624  19:53:00,29991.5,29994.75,29985.25,29987.25,55
20260624  19:54:00,29988.0,29993.0,29987.75,29991.0,45
20260624  19:55:00,29993.0,29993.0,29984.25,29986.5,39
20260624  19:56:00,29986.75,29996.0,29984.25,29996.0,36
20260624  19:57:00,29997.5,29998.25,29990.0,29994.0,96
20260624  19:58:00,29994.5,30003.0,29994.5,30001.25,104
20260624  19:59:00,30000.5,30000.5,29996.25,29998.0,32
20260624  20:00:00,29999.25,30005.0,29992.75,29997.5,78
20260624  20:01:00,29997.5,30015.0,29997.5,30012.5,167
20260624  20:02:00,30013.75,30020.75,30008.75,30008.75,141
20260624  20:03:00,30008.25,30011.5,30002.75,30004.75,72
20260624  20:04:00,30006.0,30014.5,30000.25,30011.75,76
20260624  20:05:00,30012.0,30021.5,30008.5,30019.5,104
20260624  20:06:00,30019.25,30022.0,30016.75,30017.5,56
20260624  20:07:00,30019.0,30020.5,30014.75,30017.25,39
20260624  20:08:00,30016.5,30022.75,30016.0,30017.5,55
20260624  20:09:00,30016.0,30016.0,30005.25,30005.75,64
20260624  20:10:00,30009.0,30012.5,30003.75,30012.5,61
20260624  20:11:00,30012.0,30013.75,30006.0,30012.0,57
20260624  20:12:00,30013.25,30014.5,30003.5,30005.0,70
20260624  20:13:00,30007.25,30009.25,29998.0,30000.75,128
20260624  20:14:00,29999.5,30008.0,29999.5,30008.0,62
20260624  20:15:00,30007.5,30016.5,29981.75,29997.0,453
20260624  20:16:00,29999.5,30014.75,29999.0,30014.75,97
20260624  20:17:00,30013.25,30025.25,30011.0,30021.5,165
20260624  20:18:00,30022.5,30028.5,30014.25,30025.0,251
20260624  20:19:00,30023.75,30028.0,30020.75,30025.25,87
20260624  20:20:00,30024.25,30024.75,30016.25,30023.25,90
20260624  20:21:00,30022.25,30029.25,30017.0,30029.0,88
20260624  20:22:00,30027.25,30029.5,30021.5,30026.75,56
20260624  20:23:00,30027.75,30036.25,30026.25,30035.0,123
20260624  20:24:00,30035.5,30038.75,30029.0,30029.5,138
20260624  20:25:00,30030.0,30032.25,30022.25,30028.75,105
20260624  20:26:00,30028.5,30033.75,30027.0,30032.25,48
20260624  20:27:00,30033.0,30034.75,30023.25,30028.25,104
20260624  20:28:00,30029.0,30030.25,30020.25,30020.5,49
20260624  20:29:00,30022.0,30025.5,30016.25,30025.5,99
20260624  20:30:00,30024.25,30042.0,30024.25,30039.25,228
20260624  20:31:00,30036.0,30045.25,30035.5,30036.0,216
20260624  20:32:00,30036.5,30036.5,30022.5,30030.0,101
20260624  20:33:00,30027.75,30028.0,30019.5,30020.75,69
20260624  20:34:00,30020.25,30026.5,30019.0,30024.0,36
20260624  20:35:00,30024.0,30024.75,30007.5,30010.75,101
20260624  20:36:00,30009.5,30012.75,30003.75,30010.25,85
20260624  20:37:00,30011.5,30026.0,30010.0,30015.75,176
20260624  20:38:00,30014.75,30017.25,30010.25,30010.25,112
20260624  20:39:00,30009.75,30020.0,30009.25,30017.0,51
20260624  20:40:00,30015.0,30016.0,30007.75,30014.25,43
20260624  20:41:00,30014.0,30018.0,30011.0,30014.25,29
20260624  20:42:00,30015.0,30015.0,30006.0,30007.5,51
20260624  20:43:00,30007.25,30007.25,29998.75,30004.25,110
20260624  20:44:00,30003.75,30010.75,30000.75,30010.75,63
20260624  20:45:00,30012.25,30013.25,30003.5,30005.5,45
20260624  20:46:00,30006.75,30016.0,30004.75,30016.0,28
20260624  20:47:00,30018.0,30021.0,30010.75,30015.5,69
20260624  20:48:00,30015.25,30023.0,30014.5,30022.5,37
20260624  20:49:00,30023.25,30035.25,30021.75,30029.75,157
20260624  20:50:00,30031.0,30031.5,30020.5,30029.25,65
20260624  20:51:00,30029.0,30036.5,30028.5,30036.25,40
20260624  20:52:00,30036.75,30043.5,30036.75,30040.25,77
20260624  20:53:00,30039.0,30043.0,30037.25,30037.25,69
20260624  20:54:00,30037.0,30040.0,30032.5,30038.25,75
20260624  20:55:00,30040.75,30043.5,30038.0,30043.5,88
20260624  20:56:00,30043.0,30043.0,30035.5,30038.75,95
20260624  20:57:00,30034.5,30038.0,30031.5,30033.0,170
20260624  20:58:00,30034.75,30039.5,30033.25,30036.75,64
20260624  20:59:00,30036.75,30036.75,30032.0,30032.75,17
20260624  21:00:00,30034.75,30036.5,30028.0,30031.0,78
20260624  21:01:00,30032.25,30039.25,30031.25,30037.0,37
20260624  21:02:00,30037.75,30038.0,30028.5,30030.25,31
20260624  21:03:00,30029.75,30034.0,30029.0,30034.0,29
20260624  21:04:00,30033.0,30039.0,30032.25,30033.5,53
20260624  21:05:00,30033.75,30037.75,30031.25,30036.5,44
20260624  21:06:00,30037.0,30037.5,30032.5,30032.5,26
20260624  21:07:00,30033.75,30040.5,30033.75,30040.25,49
20260624  21:08:00,30038.75,30040.5,30032.5,30033.5,50
20260624  21:09:00,30032.75,30043.25,30032.75,30040.75,35
20260624  21:10:00,30041.75,30045.0,30034.5,30034.5,100
20260624  21:11:00,30033.5,30043.75,30030.5,30040.5,87
20260624  21:12:00,30040.25,30041.25,30033.25,30035.5,51
20260624  21:13:00,30036.5,30040.0,30032.5,30040.0,96
20260624  21:14:00,30040.25,30041.75,30028.75,30029.25,52
20260624  21:15:00,30030.75,30035.25,30026.25,30032.0,68
20260624  21:16:00,30031.75,30036.5,30026.0,30027.5,89
20260624  21:17:00,30027.75,30027.75,30012.75,30017.0,137
20260624  21:18:00,30016.75,30026.5,30015.0,30026.5,183
20260624  21:19:00,30025.75,30028.0,30019.0,30027.5,94
20260624  21:20:00,30027.5,30033.25,30026.75,30027.5,61
20260624  21:21:00,30027.5,30037.0,30027.25,30036.0,58
20260624  21:22:00,30037.0,30044.25,30034.5,30043.5,112
20260624  21:23:00,30040.5,30042.0,30036.75,30038.5,64
20260624  21:24:00,30039.5,30041.75,30030.75,30030.75,59
20260624  21:25:00,30030.5,30031.0,30024.75,30028.75,91
20260624  21:26:00,30028.75,30030.75,30021.5,30021.75,31
20260624  21:27:00,30022.5,30024.75,30021.75,30022.75,31
20260624  21:28:00,30023.5,30023.5,30017.5,30020.5,43
20260624  21:29:00,30018.5,30021.0,30017.75,30017.75,18
20260624  21:30:00,30020.5,30022.25,30014.25,30015.75,43
20260624  21:31:00,30015.75,30015.75,30001.5,30002.25,99
20260624  21:32:00,30003.0,30004.75,29998.5,30002.75,60
20260624  21:33:00,30001.5,30006.75,29999.0,30005.5,41
20260624  21:34:00,30005.0,30012.0,30000.75,30012.0,83
20260624  21:35:00,30012.25,30015.75,30000.25,30004.0,95
20260624  21:36:00,30004.5,30010.25,30004.0,30009.75,71
20260624  21:37:00,30011.75,30019.75,30010.25,30019.75,80
20260624  21:38:00,30018.25,30029.0,30018.25,30023.75,139
20260624  21:39:00,30024.25,30030.5,30023.5,30027.0,56
20260624  21:40:00,30026.75,30031.0,30022.75,30022.75,84
20260624  21:41:00,30022.5,30022.75,30013.5,30016.5,68
20260624  21:42:00,30019.25,30026.5,30019.25,30026.5,44
20260624  21:43:00,30029.0,30034.25,30027.25,30032.25,113
20260624  21:44:00,30031.25,30039.0,30030.25,30038.5,84
20260624  21:45:00,30039.5,30040.75,30033.25,30034.5,66
20260624  21:46:00,30034.5,30038.5,30033.0,30038.5,46
20260624  21:47:00,30038.75,30040.5,30034.5,30040.0,69
20260624  21:48:00,30039.5,30054.75,30037.25,30045.0,315
20260624  21:49:00,30044.5,30044.5,30035.25,30039.5,95
20260624  21:50:00,30040.5,30056.0,30040.5,30054.25,204
20260624  21:51:00,30052.5,30053.0,30048.25,30051.25,47
20260624  21:52:00,30052.75,30057.5,30052.0,30055.5,77
20260624  21:53:00,30056.0,30064.75,30052.5,30061.5,123
20260624  21:54:00,30061.0,30062.25,30052.25,30052.25,47
20260624  21:55:00,30053.25,30054.5,30049.0,30054.0,57
20260624  21:56:00,30052.75,30052.75,30043.75,30044.0,76
20260624  21:57:00,30044.5,30051.5,30044.25,30046.5,54
20260624  21:58:00,30047.0,30047.25,30033.25,30036.0,114
20260624  21:59:00,30036.0,30041.75,30035.0,30041.0,46
20260624  22:00:00,30040.25,30052.75,30040.0,30043.5,132
20260624  22:01:00,30044.5,30062.25,30043.25,30060.0,134
20260624  22:02:00,30060.75,30066.25,30059.75,30064.25,89
20260624  22:03:00,30062.0,30063.0,30055.75,30059.0,47
20260624  22:04:00,30059.5,30064.75,30057.5,30062.75,68
20260624  22:05:00,30062.75,30074.0,30062.5,30072.0,173
20260624  22:06:00,30072.25,30072.75,30065.0,30067.0,87
20260624  22:07:00,30065.75,30073.5,30065.75,30071.0,66
20260624  22:08:00,30068.25,30074.75,30068.25,30073.0,46
20260624  22:09:00,30071.75,30073.25,30067.0,30070.5,42
20260624  22:10:00,30071.5,30071.5,30062.25,30067.0,98
20260624  22:11:00,30066.0,30067.0,30058.0,30060.5,112
20260624  22:12:00,30059.75,30063.75,30057.25,30061.75,56
20260624  22:13:00,30062.75,30070.25,30062.0,30067.0,51
20260624  22:14:00,30066.75,30071.0,30066.5,30068.5,37
20260624  22:15:00,30070.25,30073.25,30067.75,30071.25,27
20260624  22:16:00,30072.0,30076.75,30070.25,30076.0,89
20260624  22:17:00,30076.75,30077.0,30070.0,30074.5,70
20260624  22:18:00,30074.75,30074.75,30065.0,30065.0,58
20260624  22:19:00,30065.0,30067.75,30062.0,30064.0,65
20260624  22:20:00,30064.75,30068.5,30063.0,30066.75,40
20260624  22:21:00,30067.25,30073.5,30067.25,30071.5,81
20260624  22:22:00,30071.25,30076.0,30068.75,30075.75,43
20260624  22:23:00,30076.0,30084.5,30072.75,30084.0,140
20260624  22:24:00,30083.75,30089.25,30081.25,30085.75,100
20260624  22:25:00,30084.75,30088.5,30081.25,30081.25,104
20260624  22:26:00,30080.75,30090.25,30079.75,30089.25,131
20260624  22:27:00,30088.5,30095.0,30087.5,30092.25,101
20260624  22:28:00,30092.0,30097.25,30087.75,30093.25,124
20260624  22:29:00,30092.5,30097.5,30091.25,30094.0,80
20260624  22:30:00,30093.0,30095.75,30089.0,30093.25,94
20260624  22:31:00,30095.25,30100.0,30092.0,30097.25,125
20260624  22:32:00,30096.75,30102.25,30094.0,30094.0,53
20260624  22:33:00,30095.25,30103.25,30092.25,30102.75,66
20260624  22:34:00,30102.75,30108.0,30098.75,30108.0,88
20260624  22:35:00,30106.5,30110.5,30100.75,30103.75,88
20260624  22:36:00,30105.0,30107.75,30094.0,30098.5,188
20260624  22:37:00,30098.25,30104.0,30094.75,30100.5,262
20260624  22:38:00,30099.75,30105.25,30099.25,30101.75,58
20260624  22:39:00,30101.5,30104.0,30099.0,30101.5,66
20260624  22:40:00,30102.0,30116.0,30102.0,30112.0,106
20260624  22:41:00,30111.0,30114.0,30107.0,30113.75,87
20260624  22:42:00,30112.75,30121.25,30110.25,30120.0,180
20260624  22:43:00,30119.0,30119.0,30105.75,30107.0,155
20260624  22:44:00,30107.5,30114.75,30105.5,30106.25,99
20260624  22:45:00,30105.5,30107.0,30100.75,30102.75,102
20260624  22:46:00,30105.0,30106.25,30099.0,30100.25,76
20260624  22:47:00,30099.25,30100.25,30087.5,30097.5,189
20260624  22:48:00,30096.5,30106.0,30095.0,30100.5,206
20260624  22:49:00,30099.0,30101.25,30096.0,30099.5,91
20260624  22:50:00,30098.5,30098.5,30088.75,30092.0,168
20260624  22:51:00,30092.5,30100.0,30090.0,30100.0,70
20260624  22:52:00,30099.25,30106.5,30098.25,30104.75,270
20260624  22:53:00,30103.25,30103.25,30092.75,30092.75,120
20260624  22:54:00,30092.5,30100.5,30089.25,30094.5,91
20260624  22:55:00,30093.25,30095.0,30086.0,30089.5,189
20260624  22:56:00,30088.0,30096.25,30083.25,30094.75,133
20260624  22:57:00,30095.5,30096.75,30085.0,30090.5,55
20260624  22:58:00,30091.25,30093.25,30089.0,30090.0,98
20260624  22:59:00,30090.5,30094.0,30088.25,30089.25,60
20260624  23:00:00,30091.0,30106.5,30090.0,30104.5,264
20260624  23:01:00,30103.5,30104.25,30095.75,30100.25,151
20260624  23:02:00,30101.0,30108.0,30100.25,30107.25,126
20260624  23:03:00,30108.5,30111.0,30091.0,30099.25,179
20260624  23:04:00,30100.5,30102.0,30086.75,30089.0,123
20260624  23:05:00,30090.0,30090.25,30081.25,30086.25,129
20260624  23:06:00,30087.0,30087.0,30077.5,30082.5,161
20260624  23:07:00,30082.5,30097.5,30081.75,30096.25,110
20260624  23:08:00,30095.5,30102.75,30095.5,30102.75,102
20260624  23:09:00,30100.75,30105.75,30096.5,30100.75,185
20260624  23:10:00,30100.25,30101.0,30095.0,30098.5,171
20260624  23:11:00,30100.25,30102.5,30094.25,30102.5,159
20260624  23:12:00,30101.75,30105.0,30099.0,30103.5,103
20260624  23:13:00,30105.0,30120.0,30104.0,30119.75,225
20260624  23:14:00,30119.5,30120.5,30112.5,30112.5,137
20260624  23:15:00,30112.0,30119.5,30107.5,30117.0,140
20260624  23:16:00,30116.25,30123.5,30116.0,30119.25,131
20260624  23:17:00,30119.75,30123.0,30118.5,30120.5,64
20260624  23:18:00,30121.0,30125.5,30119.75,30124.75,119
20260624  23:19:00,30125.75,30126.5,30120.5,30122.0,97
20260624  23:20:00,30122.5,30127.25,30120.75,30126.25,85
20260624  23:21:00,30127.75,30128.25,30118.0,30122.75,121
20260624  23:22:00,30123.25,30130.0,30121.0,30128.75,158
20260624  23:23:00,30130.0,30131.75,30127.25,30128.5,61
20260624  23:24:00,30128.0,30131.0,30126.5,30131.0,90
20260624  23:25:00,30130.5,30131.25,30124.75,30125.0,91
20260624  23:26:00,30127.0,30127.75,30118.0,30125.5,201
20260624  23:27:00,30124.5,30128.0,30118.75,30127.0,163
20260624  23:28:00,30127.5,30127.5,30111.0,30112.0,136
20260624  23:29:00,30111.25,30113.0,30108.5,30110.5,102
20260624  23:30:00,30110.5,30113.0,30104.25,30113.0,181
20260624  23:31:00,30115.25,30116.75,30107.0,30111.5,135
20260624  23:32:00,30110.5,30114.75,30107.25,30114.75,67
20260624  23:33:00,30116.0,30118.75,30113.5,30116.5,83
20260624  23:34:00,30116.5,30119.5,30109.5,30116.5,205
20260624  23:35:00,30117.0,30120.25,30110.0,30115.25,145
20260624  23:36:00,30116.0,30119.0,30114.5,30118.25,53
20260624  23:37:00,30117.0,30117.0,30105.25,30107.5,170
20260624  23:38:00,30106.5,30113.25,30105.0,30111.5,85
20260624  23:39:00,30111.5,30111.75,30108.0,30111.5,29
20260624  23:40:00,30111.25,30111.25,30098.0,30104.0,93
20260624  23:41:00,30105.0,30110.5,30099.0,30110.5,87
20260624  23:42:00,30109.75,30116.0,30107.5,30114.0,76
20260624  23:43:00,30111.0,30111.0,30103.5,30106.0,72
20260624  23:44:00,30106.5,30107.0,30102.75,30104.5,19
20260624  23:45:00,30104.25,30108.0,30102.5,30106.25,120
20260624  23:46:00,30106.75,30112.25,30104.75,30110.75,208
20260624  23:47:00,30111.5,30111.5,30105.5,30105.75,62
20260624  23:48:00,30106.0,30108.5,30103.5,30103.5,77
20260624  23:49:00,30105.25,30105.5,30101.5,30104.0,47
20260624  23:50:00,30104.0,30104.75,30100.5,30102.25,69
20260624  23:51:00,30101.75,30119.5,30101.5,30115.5,178
20260624  23:52:00,30116.0,30116.0,30110.0,30115.25,92
20260624  23:53:00,30113.75,30113.75,30103.5,30103.5,78
20260624  23:54:00,30102.5,30109.0,30102.0,30104.0,62
20260624  23:55:00,30104.0,30108.75,30103.0,30108.75,58
20260624  23:56:00,30108.25,30113.25,30107.5,30108.5,79
20260624  23:57:00,30108.5,30109.25,30102.0,30105.5,61
20260624  23:58:00,30104.25,30108.0,30103.5,30104.5,73
20260624  23:59:00,30105.0,30110.0,30101.75,30105.25,108
20260625  00:00:00,30106.5,30121.75,30105.75,30116.0,267
20260625  00:01:00,30116.25,30125.0,30114.0,30115.25,136
20260625  00:02:00,30115.0,30116.75,30112.0,30112.5,57
20260625  00:03:00,30111.0,30126.5,30111.0,30119.5,275
20260625  00:04:00,30119.25,30121.5,30115.75,30121.25,101
20260625  00:05:00,30122.5,30137.25,30122.0,30132.5,304
20260625  00:06:00,30133.0,30138.5,30131.75,30134.25,183
20260625  00:07:00,30133.0,30135.0,30131.0,30132.5,75
20260625  00:08:00,30134.75,30138.25,30128.25,30130.0,126
20260625  00:09:00,30131.75,30134.0,30130.25,30131.25,58
20260625  00:10:00,30132.0,30132.0,30125.25,30129.0,45
20260625  00:11:00,30127.5,30133.0,30124.75,30126.25,64
20260625  00:12:00,30125.75,30131.5,30123.25,30130.25,67
20260625  00:13:00,30130.75,30130.75,30125.0,30127.5,47
20260625  00:14:00,30126.0,30128.0,30122.0,30126.5,79
20260625  00:15:00,30126.25,30133.25,30126.25,30131.5,67
20260625  00:16:00,30130.5,30144.0,30130.5,30143.0,142
20260625  00:17:00,30143.0,30159.25,30140.75,30155.5,504
20260625  00:18:00,30155.0,30156.75,30152.5,30154.25,96
20260625  00:19:00,30154.75,30155.5,30150.5,30155.5,95
20260625  00:20:00,30156.25,30177.25,30156.25,30176.0,468
20260625  00:21:00,30175.0,30181.25,30170.5,30173.0,182
20260625  00:22:00,30173.5,30181.5,30169.0,30178.5,164
20260625  00:23:00,30178.25,30183.25,30170.0,30180.75,362
20260625  00:24:00,30180.75,30185.75,30177.5,30179.25,203
20260625  00:25:00,30180.5,30186.5,30169.5,30169.5,219
20260625  00:26:00,30171.0,30175.5,30167.0,30170.0,123
20260625  00:27:00,30171.0,30179.0,30170.75,30178.75,83
20260625  00:28:00,30179.25,30181.25,30171.25,30173.5,84
20260625  00:29:00,30172.25,30178.0,30171.5,30171.5,120
20260625  00:30:00,30170.75,30171.75,30161.75,30164.75,136
20260625  00:31:00,30164.5,30170.5,30162.75,30169.75,84
20260625  00:32:00,30170.25,30176.25,30169.75,30173.0,117
20260625  00:33:00,30171.25,30172.5,30166.75,30172.5,69
20260625  00:34:00,30173.0,30176.0,30167.0,30169.5,93
20260625  00:35:00,30168.75,30172.25,30160.0,30161.75,88
20260625  00:36:00,30161.5,30163.0,30150.0,30154.75,174
20260625  00:37:00,30154.0,30162.0,30153.25,30154.75,86
20260625  00:38:00,30153.75,30165.5,30149.25,30163.5,105
20260625  00:39:00,30164.5,30172.25,30164.5,30172.0,73
20260625  00:40:00,30172.5,30176.75,30170.0,30171.25,109
20260625  00:41:00,30172.5,30174.75,30167.5,30174.75,45
20260625  00:42:00,30175.75,30181.25,30172.25,30177.25,102
20260625  00:43:00,30178.0,30182.0,30175.0,30175.0,110
20260625  00:44:00,30175.0,30180.0,30174.75,30176.0,104
20260625  00:45:00,30176.75,30178.0,30164.75,30168.0,129
20260625  00:46:00,30168.75,30170.0,30163.75,30166.0,87
20260625  00:47:00,30168.0,30174.0,30165.75,30172.25,73
20260625  00:48:00,30170.0,30176.0,30167.75,30171.5,88
20260625  00:49:00,30172.0,30172.75,30166.25,30168.5,72
20260625  00:50:00,30167.75,30169.5,30164.25,30164.25,41
20260625  00:51:00,30163.5,30164.5,30157.5,30158.75,68
20260625  00:52:00,30158.75,30163.5,30157.25,30160.75,75
20260625  00:53:00,30161.5,30167.5,30161.5,30165.25,83
20260625  00:54:00,30165.75,30165.75,30161.25,30161.5,32
20260625  00:55:00,30162.25,30162.5,30154.0,30154.5,47
20260625  00:56:00,30156.25,30167.0,30156.25,30164.5,68
20260625  00:57:00,30164.5,30173.25,30164.5,30172.75,84
20260625  00:58:00,30172.75,30178.0,30171.75,30176.75,101
20260625  00:59:00,30175.75,30181.75,30175.75,30181.75,75
20260625  01:00:00,30182.0,30193.75,30165.0,30193.5,399
20260625  01:01:00,30193.75,30198.25,30187.5,30194.5,224
20260625  01:02:00,30195.5,30213.75,30192.0,30212.5,488
20260625  01:03:00,30214.0,30219.0,30199.25,30203.0,278
20260625  01:04:00,30202.5,30203.25,30190.0,30190.0,312
20260625  01:05:00,30189.25,30194.5,30186.25,30189.5,408
20260625  01:06:00,30191.75,30208.75,30191.25,30200.25,145
20260625  01:07:00,30201.5,30205.0,30194.5,30198.5,250
20260625  01:08:00,30199.5,30205.5,30198.25,30199.25,140
20260625  01:09:00,30198.75,30208.5,30198.75,30205.75,165
20260625  01:10:00,30203.25,30213.75,30200.5,30210.75,156
20260625  01:11:00,30209.25,30214.25,30203.5,30212.5,95
20260625  01:12:00,30213.0,30217.75,30205.5,30205.5,108
20260625  01:13:00,30203.5,30204.75,30189.25,30190.5,87
20260625  01:14:00,30190.5,30192.75,30182.25,30182.25,103
20260625  01:15:00,30183.75,30185.0,30173.5,30173.5,179
20260625  01:16:00,30174.25,30177.25,30167.25,30168.0,149
20260625  01:17:00,30166.75,30169.75,30161.25,30167.25,125
20260625  01:18:00,30167.0,30174.5,30164.75,30174.5,77
20260625  01:19:00,30174.25,30176.25,30167.5,30170.5,62
20260625  01:20:00,30170.75,30178.0,30161.75,30164.75,171
20260625  01:21:00,30164.0,30174.0,30158.0,30173.5,100
20260625  01:22:00,30174.25,30176.75,30168.0,30171.0,99
20260625  01:23:00,30169.75,30171.75,30164.75,30168.5,50
20260625  01:24:00,30169.25,30174.0,30167.0,30170.75,50
20260625  01:25:00,30170.25,30173.75,30164.75,30165.0,113
20260625  01:26:00,30165.0,30172.0,30160.25,30171.25,99
20260625  01:27:00,30171.25,30174.0,30167.75,30171.5,66
20260625  01:28:00,30173.5,30185.5,30173.5,30180.0,215
20260625  01:29:00,30180.25,30180.25,30167.5,30172.0,180
20260625  01:30:00,30171.25,30175.5,30163.0,30163.0,190
20260625  01:31:00,30163.5,30169.25,30163.5,30169.25,65
20260625  01:32:00,30168.5,30175.5,30165.5,30167.5,52
20260625  01:33:00,30168.25,30178.5,30167.0,30173.75,69
20260625  01:34:00,30169.75,30169.75,30160.0,30160.0,118
20260625  01:35:00,30161.5,30169.25,30158.75,30164.25,71
20260625  01:36:00,30165.0,30178.0,30165.0,30176.5,90
20260625  01:37:00,30175.75,30177.25,30174.75,30177.25,26
20260625  01:38:00,30181.0,30182.0,30174.25,30176.5,92
20260625  01:39:00,30177.75,30183.75,30177.25,30179.75,50
20260625  01:40:00,30180.25,30180.25,30174.75,30175.5,30
20260625  01:41:00,30173.5,30173.75,30169.5,30172.0,35
20260625  01:42:00,30170.5,30170.5,30162.0,30162.75,56
20260625  01:43:00,30162.25,30164.75,30159.75,30160.75,59
20260625  01:44:00,30161.25,30162.0,30154.0,30154.5,113
20260625  01:45:00,30154.0,30156.5,30147.25,30147.25,151
20260625  01:46:00,30147.75,30149.75,30140.0,30149.75,88
20260625  01:47:00,30149.25,30150.5,30140.0,30141.75,91
20260625  01:48:00,30141.25,30154.75,30141.25,30144.75,162
20260625  01:49:00,30143.5,30146.75,30139.25,30145.5,120
20260625  01:50:00,30146.25,30146.25,30133.75,30134.0,72
20260625  01:51:00,30134.25,30136.0,30129.0,30132.75,108
20260625  01:52:00,30132.25,30134.5,30119.25,30133.5,245
20260625  01:53:00,30131.75,30137.5,30126.75,30130.5,96
20260625  01:54:00,30129.5,30134.5,30127.25,30132.75,48
20260625  01:55:00,30134.25,30138.75,30127.75,30130.5,73
20260625  01:56:00,30130.5,30132.25,30122.75,30123.5,96
20260625  01:57:00,30124.5,30126.5,30122.25,30125.25,73
20260625  01:58:00,30125.75,30127.0,30111.0,30116.5,215
20260625  01:59:00,30116.75,30123.25,30114.5,30119.5,94
20260625  02:00:00,30121.0,30136.75,30119.75,30135.0,149
20260625  02:01:00,30135.25,30136.0,30120.25,30120.75,72
20260625  02:02:00,30119.5,30125.0,30114.0,30125.0,103
20260625  02:03:00,30124.75,30139.75,30123.75,30139.75,98
20260625  02:04:00,30139.25,30139.25,30133.25,30135.25,55
20260625  02:05:00,30134.25,30144.5,30133.0,30143.75,105
20260625  02:06:00,30144.25,30151.0,30142.75,30145.75,159
20260625  02:07:00,30146.75,30150.5,30145.25,30145.25,77
20260625  02:08:00,30147.25,30147.25,30141.25,30144.25,51
20260625  02:09:00,30142.0,30146.25,30134.0,30134.0,69
20260625  02:10:00,30134.5,30137.25,30130.25,30136.75,86
20260625  02:11:00,30137.0,30140.25,30131.25,30139.0,73
20260625  02:12:00,30140.75,30149.25,30140.75,30145.0,132
20260625  02:13:00,30146.75,30150.75,30135.25,30139.25,173
20260625  02:14:00,30138.5,30138.5,30133.75,30137.75,79
20260625  02:15:00,30137.5,30142.75,30135.25,30138.0,117
20260625  02:16:00,30134.75,30150.75,30131.75,30149.25,132
20260625  02:17:00,30149.0,30149.0,30134.0,30137.0,137
20260625  02:18:00,30136.25,30136.25,30122.25,30128.5,120
20260625  02:19:00,30128.75,30131.25,30120.0,30122.5,115
20260625  02:20:00,30121.25,30126.5,30118.25,30122.25,123
20260625  02:21:00,30120.75,30127.5,30120.25,30124.5,104
20260625  02:22:00,30125.25,30127.75,30123.25,30125.0,61
20260625  02:23:00,30122.5,30133.75,30122.5,30131.75,76
20260625  02:24:00,30133.25,30134.0,30129.0,30134.0,45
20260625  02:25:00,30132.0,30132.0,30126.25,30130.75,43
20260625  02:26:00,30129.75,30132.75,30128.25,30130.5,69
20260625  02:27:00,30131.5,30134.5,30126.25,30130.5,76
20260625  02:28:00,30131.0,30140.0,30129.5,30138.75,42
20260625  02:29:00,30138.0,30143.25,30134.5,30137.25,110
20260625  02:30:00,30137.25,30155.0,30135.75,30151.0,141
20260625  02:31:00,30149.0,30149.0,30132.25,30134.25,135
20260625  02:32:00,30134.5,30140.75,30133.25,30137.75,50
20260625  02:33:00,30138.0,30144.25,30135.5,30144.0,84
20260625  02:34:00,30143.5,30147.75,30140.5,30140.5,61
20260625  02:35:00,30140.25,30144.25,30138.25,30142.25,77
20260625  02:36:00,30142.25,30153.25,30140.0,30148.25,98
20260625  02:37:00,30148.5,30156.75,30146.25,30155.25,81
20260625  02:38:00,30153.25,30155.25,30151.5,30152.5,47
20260625  02:39:00,30152.5,30156.25,30151.0,30156.0,44
20260625  02:40:00,30155.25,30155.25,30144.5,30150.5,88
20260625  02:41:00,30151.75,30155.5,30150.0,30152.25,35
20260625  02:42:00,30152.5,30154.0,30147.5,30151.75,37
20260625  02:43:00,30152.25,30156.0,30150.5,30152.5,86
20260625  02:44:00,30151.5,30151.75,30148.25,30150.5,37
20260625  02:45:00,30148.0,30149.0,30143.0,30144.75,55
20260625  02:46:00,30143.5,30148.5,30141.25,30148.5,47
20260625  02:47:00,30147.75,30150.5,30145.25,30146.75,31
20260625  02:48:00,30148.0,30150.0,30145.5,30148.5,23
20260625  02:49:00,30148.0,30151.25,30147.0,30150.5,53
20260625  02:50:00,30149.5,30151.75,30146.5,30146.75,35
20260625  02:51:00,30146.75,30154.0,30146.0,30152.75,28
20260625  02:52:00,30150.0,30158.0,30148.75,30155.75,55
20260625  02:53:00,30156.75,30157.75,30152.5,30155.0,48
20260625  02:54:00,30155.75,30155.75,30144.5,30150.5,110
20260625  02:55:00,30150.25,30150.5,30135.0,30135.5,85
20260625  02:56:00,30136.0,30143.25,30136.0,30140.25,39
20260625  02:57:00,30140.5,30144.0,30135.0,30136.5,46
20260625  02:58:00,30138.0,30140.75,30135.75,30135.75,55
20260625  02:59:00,30138.0,30138.0,30129.0,30131.0,82
20260625  03:00:00,30131.75,30137.0,30128.5,30132.75,96
20260625  03:01:00,30130.75,30140.0,30130.75,30136.5,73
20260625  03:02:00,30137.5,30142.0,30137.5,30137.5,22
20260625  03:03:00,30139.5,30139.5,30125.75,30128.0,65
20260625  03:04:00,30127.75,30139.5,30127.5,30139.5,19
20260625  03:05:00,30139.5,30140.5,30134.75,30137.5,75
20260625  03:06:00,30137.25,30142.0,30132.25,30142.0,62
20260625  03:07:00,30141.5,30149.75,30140.25,30145.0,120
20260625  03:08:00,30144.5,30151.25,30143.25,30146.0,102
20260625  03:09:00,30148.25,30151.5,30148.0,30151.5,20
20260625  03:10:00,30152.0,30152.0,30144.5,30149.75,51
20260625  03:11:00,30151.0,30153.25,30146.0,30149.25,33
20260625  03:12:00,30150.0,30162.5,30147.0,30162.5,120
20260625  03:13:00,30159.75,30160.75,30153.75,30154.0,44
20260625  03:14:00,30154.0,30160.5,30153.25,30159.25,41
20260625  03:15:00,30160.75,30165.25,30155.0,30165.25,62
20260625  03:16:00,30166.0,30169.5,30161.75,30164.25,111
20260625  03:17:00,30164.75,30164.75,30154.25,30154.25,47
20260625  03:18:00,30156.25,30164.0,30156.25,30163.0,54
20260625  03:19:00,30164.0,30165.25,30160.75,30162.0,83
20260625  03:20:00,30159.75,30160.75,30143.0,30146.75,137
20260625  03:21:00,30145.5,30151.5,30145.0,30151.5,55
20260625  03:22:00,30152.25,30156.75,30151.75,30156.75,43
20260625  03:23:00,30155.75,30156.5,30153.25,30155.0,10
20260625  03:24:00,30157.75,30160.0,30155.75,30159.0,46
20260625  03:25:00,30158.25,30167.0,30157.0,30167.0,46
20260625  03:26:00,30167.0,30168.5,30160.0,30160.0,54
20260625  03:27:00,30159.0,30159.5,30157.25,30157.75,27
20260625  03:28:00,30159.75,30160.75,30153.25,30157.5,33
20260625  03:29:00,30157.5,30164.25,30157.5,30164.25,52
20260625  03:30:00,30164.75,30173.5,30164.75,30169.0,139
20260625  03:31:00,30168.0,30175.0,30166.75,30169.75,181
20260625  03:32:00,30167.75,30173.75,30163.5,30173.75,144
20260625  03:33:00,30170.25,30171.0,30163.5,30167.0,70
20260625  03:34:00,30166.0,30167.0,30160.75,30164.5,82
20260625  03:35:00,30164.0,30164.25,30156.5,30159.25,90
20260625  03:36:00,30161.0,30168.0,30157.0,30168.0,67
20260625  03:37:00,30167.25,30181.0,30164.25,30181.0,139
20260625  03:38:00,30180.5,30185.0,30179.5,30179.75,126
20260625  03:39:00,30179.5,30179.5,30170.5,30173.25,77
20260625  03:40:00,30172.0,30173.25,30166.0,30166.25,75
20260625  03:41:00,30168.5,30168.5,30148.0,30155.5,276
20260625  03:42:00,30156.25,30156.75,30152.0,30152.0,53
20260625  03:43:00,30153.25,30156.75,30147.5,30155.25,85
20260625  03:44:00,30153.75,30156.0,30148.5,30153.0,53
20260625  03:45:00,30153.0,30153.0,30140.0,30145.75,89
20260625  03:46:00,30144.75,30153.75,30144.25,30153.25,104
20260625  03:47:00,30152.0,30155.0,30149.25,30154.75,69
20260625  03:48:00,30155.0,30158.0,30152.5,30157.5,87
20260625  03:49:00,30157.5,30162.0,30154.5,30162.0,178
20260625  03:50:00,30161.25,30163.75,30156.75,30158.0,141
20260625  03:51:00,30159.75,30167.5,30159.75,30167.5,40
20260625  03:52:00,30167.5,30175.5,30167.25,30168.0,153
20260625  03:53:00,30167.25,30167.25,30162.25,30166.75,54
20260625  03:54:00,30168.0,30171.0,30167.75,30171.0,49
20260625  03:55:00,30170.25,30176.0,30169.75,30173.5,49
20260625  03:56:00,30174.0,30175.75,30168.75,30168.75,69
20260625  03:57:00,30169.0,30169.75,30166.0,30168.25,30
20260625  03:58:00,30167.0,30167.0,30152.0,30156.25,146
20260625  03:59:00,30156.0,30161.5,30149.75,30160.5,129
20260625  04:00:00,30160.25,30190.0,30160.0,30180.25,405
20260625  04:01:00,30180.75,30190.0,30178.75,30188.5,105
20260625  04:02:00,30187.25,30193.0,30181.0,30188.5,152
20260625  04:03:00,30186.75,30189.5,30175.25,30178.5,156
20260625  04:04:00,30179.5,30190.75,30174.75,30187.5,136
20260625  04:05:00,30185.75,30187.5,30175.5,30176.0,93
20260625  04:06:00,30175.5,30176.0,30160.0,30161.25,167
20260625  04:07:00,30161.0,30165.25,30154.75,30160.5,227
20260625  04:08:00,30159.75,30164.5,30155.75,30163.5,76
20260625  04:09:00,30161.25,30165.0,30157.0,30164.0,137
20260625  04:10:00,30164.5,30167.5,30161.5,30165.0,88
20260625  04:11:00,30164.75,30175.25,30164.25,30171.25,192
20260625  04:12:00,30171.5,30171.5,30157.0,30157.0,136
20260625  04:13:00,30157.25,30159.5,30151.25,30155.75,256
20260625  04:14:00,30155.75,30159.5,30152.5,30153.0,74
20260625  04:15:00,30152.0,30156.75,30143.0,30152.75,201
20260625  04:16:00,30151.5,30157.25,30149.5,30149.75,115
20260625  04:17:00,30150.25,30158.5,30149.25,30156.25,70
20260625  04:18:00,30153.25,30155.5,30146.0,30152.75,108
20260625  04:19:00,30153.75,30156.5,30142.25,30144.0,130
20260625  04:20:00,30143.25,30146.0,30135.25,30136.0,194
20260625  04:21:00,30136.5,30136.5,30129.0,30134.0,167
20260625  04:22:00,30132.5,30135.25,30120.5,30129.5,142
20260625  04:23:00,30130.25,30131.25,30122.5,30122.5,96
20260625  04:24:00,30122.5,30123.5,30115.25,30116.75,139
20260625  04:25:00,30115.75,30121.5,30112.75,30121.0,184
20260625  04:26:00,30120.75,30125.0,30115.75,30123.5,81
20260625  04:27:00,30122.75,30125.75,30115.25,30120.5,124
20260625  04:28:00,30121.25,30121.25,30108.25,30116.75,257
20260625  04:29:00,30115.75,30120.75,30111.25,30117.75,124
20260625  04:30:00,30118.75,30118.75,30099.0,30106.0,258
20260625  04:31:00,30107.0,30118.0,30104.0,30113.75,139
20260625  04:32:00,30114.25,30119.25,30110.25,30110.5,97
20260625  04:33:00,30111.0,30124.5,30107.5,30122.5,105
20260625  04:34:00,30122.75,30124.0,30109.25,30113.0,142
20260625  04:35:00,30113.0,30122.5,30112.5,30119.25,106
20260625  04:36:00,30120.0,30127.0,30120.0,30122.75,90
20260625  04:37:00,30122.0,30122.0,30109.25,30112.75,88
20260625  04:38:00,30109.5,30119.0,30109.0,30117.5,111
20260625  04:39:00,30118.0,30127.25,30117.0,30123.0,104
20260625  04:40:00,30123.75,30126.25,30119.75,30125.75,134
20260625  04:41:00,30126.5,30129.5,30121.25,30126.75,67
20260625  04:42:00,30127.75,30130.75,30123.5,30129.5,79
20260625  04:43:00,30129.75,30135.0,30129.75,30133.25,80
20260625  04:44:00,30133.75,30138.5,30130.0,30130.5,137
20260625  04:45:00,30132.0,30155.0,30131.25,30150.0,226
20260625  04:46:00,30148.75,30150.0,30142.5,30142.5,152
20260625  04:47:00,30142.0,30142.25,30129.0,30134.75,202
20260625  04:48:00,30135.0,30135.25,30128.5,30133.5,69
20260625  04:49:00,30134.0,30138.0,30132.25,30132.25,64
20260625  04:50:00,30132.5,30141.0,30130.25,30133.25,118
20260625  04:51:00,30133.0,30141.0,30129.25,30137.25,126
20260625  04:52:00,30137.5,30140.75,30136.75,30138.5,42
20260625  04:53:00,30136.25,30136.25,30126.5,30127.25,79
20260625  04:54:00,30126.5,30128.0,30118.5,30119.75,103
20260625  04:55:00,30120.25,30121.75,30114.0,30117.5,127
20260625  04:56:00,30118.0,30126.0,30116.5,30123.0,91
20260625  04:57:00,30123.5,30131.75,30123.5,30131.25,109
20260625  04:58:00,30130.75,30133.75,30122.75,30133.0,84
20260625  04:59:00,30132.0,30134.75,30129.25,30131.25,130
20260625  05:00:00,30130.25,30140.75,30126.75,30127.5,156
20260625  05:01:00,30127.25,30130.5,30121.0,30126.75,160
20260625  05:02:00,30125.5,30134.0,30125.5,30131.75,76
20260625  05:03:00,30131.5,30137.75,30126.0,30133.0,167
20260625  05:04:00,30132.25,30144.5,30131.0,30144.5,104
20260625  05:05:00,30144.75,30161.75,30143.5,30159.0,338
20260625  05:06:00,30159.75,30165.0,30154.5,30156.25,221
20260625  05:07:00,30155.5,30160.25,30151.5,30157.5,100
20260625  05:08:00,30159.5,30182.0,30159.5,30176.25,342
20260625  05:09:00,30177.5,30178.25,30168.0,30168.25,133
20260625  05:10:00,30167.25,30168.25,30161.0,30164.5,91
20260625  05:11:00,30165.25,30169.25,30159.0,30163.75,150
20260625  05:12:00,30163.5,30169.0,30161.75,30166.0,87
20260625  05:13:00,30165.5,30167.25,30136.5,30137.5,516
20260625  05:14:00,30136.0,30146.0,30132.5,30141.5,318
20260625  05:15:00,30141.75,30150.0,30139.0,30144.5,165
20260625  05:16:00,30144.0,30153.0,30141.25,30143.5,176
20260625  05:17:00,30143.25,30143.25,30126.5,30135.75,189
20260625  05:18:00,30133.75,30135.0,30127.75,30135.0,115
20260625  05:19:00,30134.5,30139.25,30129.0,30133.75,105
20260625  05:20:00,30132.5,30136.5,30122.25,30135.25,110
20260625  05:21:00,30135.0,30139.25,30129.5,30130.25,86
20260625  05:22:00,30130.5,30130.5,30122.0,30124.5,69
20260625  05:23:00,30122.5,30125.5,30117.0,30122.5,124
20260625  05:24:00,30122.5,30138.75,30122.0,30137.0,191
20260625  05:25:00,30137.5,30146.25,30137.25,30137.75,264
20260625  05:26:00,30137.75,30140.75,30131.0,30132.5,145
20260625  05:27:00,30131.5,30140.75,30129.5,30139.75,83
20260625  05:28:00,30139.5,30140.25,30132.5,30138.0,78
20260625  05:29:00,30137.0,30139.0,30127.0,30131.0,129
20260625  05:30:00,30130.75,30263.75,30126.0,30242.75,1955
20260625  05:31:00,30245.25,30247.5,30205.25,30206.0,1065
20260625  05:32:00,30207.0,30221.25,30177.5,30193.25,883
20260625  05:33:00,30190.75,30202.5,30174.5,30176.25,497
20260625  05:34:00,30176.25,30208.0,30176.25,30205.75,376
20260625  05:35:00,30206.75,30214.25,30193.25,30205.5,471
20260625  05:36:00,30204.75,30227.5,30204.75,30225.0,425
20260625  05:37:00,30224.75,30234.75,30201.75,30204.75,524
20260625  05:38:00,30203.75,30210.5,30186.75,30203.75,336
20260625  05:39:00,30204.25,30209.0,30184.75,30197.75,424
20260625  05:40:00,30198.25,30209.75,30183.5,30185.0,246
20260625  05:41:00,30184.0,30201.25,30175.5,30192.75,336
20260625  05:42:00,30194.25,30215.5,30188.0,30204.25,448
20260625  05:43:00,30204.0,30206.75,30188.25,30190.25,295
20260625  05:44:00,30189.75,30199.0,30186.5,30192.75,222
20260625  05:45:00,30193.75,30200.5,30187.75,30198.5,155
20260625  05:46:00,30197.75,30210.5,30190.75,30205.75,259
20260625  05:47:00,30205.25,30222.25,30199.5,30221.75,362
20260625  05:48:00,30220.75,30227.25,30213.0,30223.0,276
20260625  05:49:00,30223.0,30224.5,30205.75,30207.5,200
20260625  05:50:00,30208.0,30213.75,30204.5,30207.5,229
20260625  05:51:00,30208.25,30221.75,30205.5,30216.0,260
20260625  05:52:00,30215.75,30221.25,30211.0,30214.5,198
20260625  05:53:00,30212.0,30220.0,30205.75,30211.0,141
20260625  05:54:00,30210.5,30215.0,30206.0,30213.75,192
20260625  05:55:00,30213.75,30214.25,30202.0,30210.25,162
20260625  05:56:00,30210.75,30211.5,30198.25,30203.5,153
20260625  05:57:00,30205.0,30211.5,30202.25,30202.25,100
20260625  05:58:00,30201.5,30201.5,30190.75,30193.25,147
20260625  05:59:00,30194.0,30206.5,30193.0,30201.25,233
20260625  06:00:00,30202.75,30214.75,30192.75,30194.25,359
20260625  06:01:00,30193.5,30196.75,30188.25,30190.75,308
20260625  06:02:00,30192.0,30199.75,30186.5,30196.25,299
20260625  06:03:00,30198.0,30201.75,30178.5,30182.5,253
20260625  06:04:00,30183.5,30188.0,30172.0,30179.5,239
20260625  06:05:00,30177.25,30179.25,30165.0,30171.5,452
20260625  06:06:00,30171.75,30180.5,30168.25,30169.75,174
20260625  06:07:00,30169.0,30176.0,30160.75,30163.25,201
20260625  06:08:00,30161.5,30167.75,30160.25,30167.5,199
20260625  06:09:00,30167.5,30172.0,30152.75,30155.0,347
20260625  06:10:00,30156.5,30161.5,30151.75,30159.0,214
20260625  06:11:00,30159.0,30165.25,30144.25,30162.5,419
20260625  06:12:00,30161.5,30168.25,30157.75,30163.25,156
20260625  06:13:00,30163.75,30165.0,30143.5,30160.0,599
20260625  06:14:00,30158.75,30165.0,30153.75,30163.5,200
20260625  06:15:00,30165.0,30165.0,30148.75,30153.5,280
20260625  06:16:00,30152.5,30152.5,30141.5,30145.0,201
20260625  06:17:00,30144.25,30149.0,30138.25,30147.0,166
20260625  06:18:00,30147.5,30147.5,30137.0,30141.5,185
20260625  06:19:00,30141.5,30149.25,30136.75,30144.0,259
20260625  06:20:00,30143.5,30153.0,30141.75,30149.25,300
20260625  06:21:00,30147.25,30151.75,30138.5,30143.75,308
20260625  06:22:00,30142.75,30153.0,30135.75,30151.25,284
20260625  06:23:00,30150.0,30152.75,30141.5,30146.0,213
20260625  06:24:00,30147.0,30147.25,30130.0,30141.75,364
20260625  06:25:00,30142.75,30166.75,30142.75,30161.75,717
20260625  06:26:00,30160.5,30169.5,30159.75,30169.5,337
20260625  06:27:00,30168.75,30179.25,30167.0,30177.5,619
20260625  06:28:00,30178.25,30179.25,30153.5,30161.75,834
20260625  06:29:00,30161.0,30163.5,30149.0,30151.0,1157
20260625  06:30:00,30153.25,30193.0,30108.0,30122.0,6625
20260625  06:31:00,30122.5,30126.75,30065.25,30081.25,4137
20260625  06:32:00,30081.0,30092.5,30060.0,30070.0,2883
20260625  06:33:00,30070.5,30070.5,30040.0,30049.5,2655
20260625  06:34:00,30050.0,30075.5,30045.0,30057.75,2500
20260625  06:35:00,30057.75,30088.25,30057.5,30087.0,2141
20260625  06:36:00,30085.5,30090.5,30047.0,30064.0,1828
20260625  06:37:00,30064.0,30084.0,30026.75,30029.75,2165
20260625  06:38:00,30029.5,30035.75,29991.75,30009.0,2724
20260625  06:39:00,30008.25,30031.5,29994.75,29995.5,2021
20260625  06:40:00,29995.75,30010.5,29944.5,29946.75,3188
20260625  06:41:00,29947.75,29961.75,29904.0,29906.0,2904
20260625  06:42:00,29906.5,29913.0,29844.5,29846.25,3884
20260625  06:43:00,29846.0,29853.75,29758.25,29769.25,4002
20260625  06:44:00,29771.25,29806.0,29747.0,29768.25,4238
20260625  06:45:00,29768.25,29817.0,29690.0,29702.25,5392
20260625  06:46:00,29702.25,29716.75,29587.5,29618.25,5295
20260625  06:47:00,29620.5,29657.75,29572.5,29600.0,3781
20260625  06:48:00,29601.25,29636.75,29530.25,29532.75,4285
20260625  06:49:00,29532.75,29653.0,29528.75,29637.5,3401
20260625  06:50:00,29638.25,29683.0,29600.0,29646.25,4013
20260625  06:51:00,29646.25,29655.75,29535.25,29540.25,3537
20260625  06:52:00,29538.75,29556.25,29486.0,29520.75,3998
20260625  06:53:00,29518.75,29565.0,29444.0,29453.0,3659
20260625  06:54:00,29453.5,29486.5,29405.75,29421.5,3473
20260625  06:55:00,29421.75,29447.25,29335.25,29384.75,4277
20260625  06:56:00,29384.75,29435.75,29364.75,29396.75,3543
20260625  06:57:00,29395.5,29464.0,29380.0,29419.25,3263
20260625  06:58:00,29419.0,29432.0,29355.25,29357.75,2548
20260625  06:59:00,29356.5,29385.0,29295.75,29316.0,3093
20260625  07:00:00,29316.75,29414.75,29306.5,29379.0,3562
20260625  07:01:00,29379.5,29460.75,29349.0,29424.0,2715
20260625  07:02:00,29429.0,29490.0,29401.5,29483.5,2819
20260625  07:03:00,29483.5,29546.25,29465.75,29510.0,3745
20260625  07:04:00,29511.25,29518.5,29464.0,29487.0,2410
20260625  07:05:00,29487.5,29566.0,29484.75,29505.5,3065
20260625  07:06:00,29502.25,29556.5,29489.5,29544.5,2657
20260625  07:07:00,29545.5,29581.5,29540.0,29575.0,2483
20260625  07:08:00,29573.75,29610.25,29543.5,29588.5,2512
20260625  07:09:00,29590.75,29615.25,29576.5,29605.25,1881
20260625  07:10:00,29606.25,29677.5,29593.75,29650.5,3004
20260625  07:11:00,29649.75,29690.0,29635.75,29664.0,2555
20260625  07:12:00,29663.75,29677.75,29618.25,29622.0,2290
20260625  07:13:00,29623.0,29643.5,29553.25,29578.75,2541
20260625  07:14:00,29579.75,29597.5,29542.75,29548.25,2175
20260625  07:15:00,29547.25,29610.5,29528.75,29538.75,2598
20260625  07:16:00,29540.5,29560.75,29477.25,29501.0,2356
20260625  07:17:00,29500.75,29568.5,29485.0,29537.0,2132
20260625  07:18:00,29535.25,29562.75,29508.0,29522.0,1840
20260625  07:19:00,29518.75,29618.75,29488.0,29612.25,2231
20260625  07:20:00,29609.0,29673.25,29593.75,29651.75,2724
20260625  07:21:00,29650.25,29682.25,29635.5,29673.75,1884
20260625  07:22:00,29675.0,29685.5,29590.0,29592.75,2427
20260625  07:23:00,29593.25,29614.75,29559.75,29588.0,2033
20260625  07:24:00,29588.25,29590.25,29524.0,29569.75,1729
20260625  07:25:00,29570.0,29614.5,29570.0,29591.75,1744
20260625  07:26:00,29592.5,29627.75,29562.0,29608.5,1390
20260625  07:27:00,29609.0,29638.25,29562.5,29575.25,1421
20260625  07:28:00,29575.25,29614.5,29551.0,29587.0,1385
20260625  07:29:00,29590.0,29608.25,29566.25,29586.25,1486
20260625  07:30:00,29586.0,29622.5,29584.0,29601.25,1282
20260625  07:31:00,29603.75,29638.0,29599.25,29600.25,1472
20260625  07:32:00,29603.0,29666.5,29584.25,29658.5,1986
20260625  07:33:00,29656.75,29716.25,29647.0,29689.5,2190
20260625  07:34:00,29689.75,29695.0,29618.75,29670.25,1994
20260625  07:35:00,29666.5,29694.0,29661.0,29670.0,1249
20260625  07:36:00,29671.0,29687.25,29654.0,29670.0,1210
20260625  07:37:00,29671.25,29691.25,29607.75,29631.75,1687
20260625  07:38:00,29630.75,29658.5,29623.0,29639.5,951
20260625  07:39:00,29639.25,29709.75,29637.5,29698.0,1459
20260625  07:40:00,29697.5,29711.5,29672.0,29696.5,1194
20260625  07:41:00,29697.75,29703.5,29657.25,29668.75,1120
20260625  07:42:00,29669.0,29669.5,29629.75,29636.25,1139
20260625  07:43:00,29635.25,29648.75,29595.0,29599.5,1377
20260625  07:44:00,29600.25,29620.75,29564.25,29603.75,2047
20260625  07:45:00,29604.0,29622.25,29562.0,29597.25,1481
20260625  07:46:00,29596.25,29613.25,29576.75,29581.75,879
20260625  07:47:00,29583.0,29611.0,29573.0,29595.75,842
20260625  07:48:00,29597.5,29654.25,29594.75,29654.25,1297
20260625  07:49:00,29654.0,29685.25,29652.0,29672.0,1234
20260625  07:50:00,29670.75,29700.0,29646.25,29657.25,1593
20260625  07:51:00,29655.5,29738.25,29646.5,29728.75,1937
20260625  07:52:00,29729.0,29774.0,29722.5,29765.25,1802
20260625  07:53:00,29766.25,29771.0,29726.0,29741.75,1521
20260625  07:54:00,29741.75,29776.75,29738.5,29772.25,1230
20260625  07:55:00,29772.0,29772.5,29735.5,29746.75,1472
20260625  07:56:00,29745.0,29752.5,29716.0,29718.25,1341
20260625  07:57:00,29719.5,29721.0,29616.25,29621.75,3022
20260625  07:58:00,29623.0,29659.75,29611.75,29615.5,2152
20260625  07:59:00,29617.5,29665.0,29612.0,29633.25,2603
20260625  08:00:00,29633.25,29649.0,29607.25,29648.75,1387
20260625  08:01:00,29646.0,29687.25,29641.25,29654.25,1482
20260625  08:02:00,29657.0,29698.0,29642.0,29696.75,1003
20260625  08:03:00,29696.75,29697.25,29656.5,29676.25,744
20260625  08:04:00,29676.75,29733.25,29673.75,29726.5,1121
20260625  08:05:00,29727.25,29746.25,29660.0,29672.0,2710
20260625  08:06:00,29670.5,29687.25,29631.0,29652.75,2068
20260625  08:07:00,29655.75,29665.0,29633.25,29651.5,929
20260625  08:08:00,29652.75,29677.25,29640.5,29649.5,727
20260625  08:09:00,29650.75,29663.75,29624.75,29643.5,841
20260625  08:10:00,29642.75,29661.0,29630.0,29650.0,748
20260625  08:11:00,29652.25,29652.75,29581.0,29595.5,2233
20260625  08:12:00,29596.5,29608.0,29541.0,29551.0,2059
20260625  08:13:00,29550.25,29563.5,29527.75,29539.25,1507
20260625  08:14:00,29539.5,29550.0,29509.75,29534.25,1188
20260625  08:15:00,29534.0,29535.25,29462.5,29488.5,2486
20260625  08:16:00,29488.75,29503.0,29469.0,29501.5,1306
20260625  08:17:00,29499.75,29545.0,29495.0,29533.0,1508
20260625  08:18:00,29532.5,29584.0,29526.0,29560.0,1444
20260625  08:19:00,29560.5,29608.75,29552.25,29591.25,1171
20260625  08:20:00,29591.0,29593.75,29542.5,29558.75,1965
20260625  08:21:00,29558.25,29621.25,29558.0,29618.5,1097
20260625  08:22:00,29618.75,29628.25,29597.5,29614.75,802
20260625  08:23:00,29615.0,29639.0,29606.25,29618.75,843
20260625  08:24:00,29619.0,29666.75,29618.25,29645.5,1834
20260625  08:25:00,29644.5,29644.5,29609.0,29609.0,1050
20260625  08:26:00,29610.75,29622.0,29583.25,29615.0,821
20260625  08:27:00,29617.25,29644.75,29603.75,29627.25,761
20260625  08:28:00,29630.25,29633.25,29593.5,29619.5,606
20260625  08:29:00,29617.25,29624.25,29592.5,29612.75,947
20260625  08:30:00,29614.5,29636.75,29605.5,29631.0,865
20260625  08:31:00,29628.0,29668.5,29622.75,29647.5,1198
20260625  08:32:00,29650.5,29693.0,29644.0,29682.75,940
20260625  08:33:00,29682.75,29686.25,29653.25,29669.75,1254
20260625  08:34:00,29669.0,29677.5,29616.25,29620.25,1497
20260625  08:35:00,29621.75,29656.0,29620.5,29644.0,672
20260625  08:36:00,29644.0,29672.75,29641.25,29665.0,662
20260625  08:37:00,29665.0,29680.25,29649.5,29654.0,607
20260625  08:38:00,29654.25,29672.25,29643.0,29657.75,418
20260625  08:39:00,29657.0,29657.0,29636.25,29641.0,485
20260625  08:40:00,29639.75,29665.0,29631.5,29657.0,567
20260625  08:41:00,29656.25,29670.25,29632.25,29655.25,604
20260625  08:42:00,29654.75,29661.25,29639.25,29656.75,343
20260625  08:43:00,29656.25,29686.0,29654.25,29665.25,642
20260625  08:44:00,29667.5,29702.0,29664.25,29695.75,980
20260625  08:45:00,29695.5,29745.0,29683.75,29735.5,1699
20260625  08:46:00,29736.0,29761.5,29730.75,29739.5,1339
20260625  08:47:00,29739.25,29752.0,29733.25,29743.5,664
20260625  08:48:00,29744.75,29747.0,29691.5,29700.25,1118
20260625  08:49:00,29700.75,29707.0,29668.5,29678.25,816
20260625  08:50:00,29678.25,29690.5,29652.25,29674.5,936
20260625  08:51:00,29674.0,29714.25,29671.75,29688.25,844
20260625  08:52:00,29686.25,29694.5,29674.5,29683.75,448
20260625  08:53:00,29685.0,29691.0,29664.5,29680.25,625
20260625  08:54:00,29678.5,29711.25,29678.5,29698.75,555
20260625  08:55:00,29698.0,29707.0,29683.75,29689.0,447
20260625  08:56:00,29689.25,29700.25,29678.5,29686.0,496
20260625  08:57:00,29686.0,29714.5,29676.0,29692.25,550
20260625  08:58:00,29692.75,29694.0,29666.0,29673.25,506
20260625  08:59:00,29671.25,29675.25,29652.0,29659.75,691
20260625  09:00:00,29661.75,29675.5,29643.75,29671.25,922
20260625  09:01:00,29672.5,29684.5,29644.5,29672.25,917
20260625  09:02:00,29671.0,29676.75,29655.0,29657.25,665
20260625  09:03:00,29656.5,29670.25,29647.75,29657.5,724
20260625  09:04:00,29659.0,29689.0,29658.25,29684.5,661
20260625  09:05:00,29686.0,29718.25,29677.0,29711.0,709
20260625  09:06:00,29711.5,29765.75,29703.0,29763.25,1401
20260625  09:07:00,29764.5,29765.5,29743.25,29745.75,886
20260625  09:08:00,29746.5,29773.0,29734.75,29770.0,796
20260625  09:09:00,29770.75,29797.25,29759.75,29790.5,1262
20260625  09:10:00,29791.25,29828.5,29781.75,29823.25,1633
20260625  09:11:00,29823.0,29843.0,29802.0,29811.25,1251
20260625  09:12:00,29811.75,29818.25,29791.75,29809.75,899
20260625  09:13:00,29811.5,29844.25,29809.5,29841.0,1006
20260625  09:14:00,29839.5,29839.5,29819.0,29825.5,779
20260625  09:15:00,29826.5,29855.25,29825.0,29850.5,1385
20260625  09:16:00,29849.5,29865.25,29843.0,29863.25,1622
20260625  09:17:00,29863.0,29872.0,29843.0,29855.75,1298
20260625  09:18:00,29856.0,29865.0,29837.0,29841.75,854
20260625  09:19:00,29842.5,29843.0,29810.75,29819.75,1589
20260625  09:20:00,29819.25,29837.25,29807.5,29807.5,1049
20260625  09:21:00,29807.25,29821.5,29796.5,29818.25,1069
20260625  09:22:00,29818.25,29825.5,29787.5,29789.5,730
20260625  09:23:00,29789.25,29798.5,29753.75,29756.5,1210
20260625  09:24:00,29756.0,29774.25,29743.25,29760.75,1106
20260625  09:25:00,29760.25,29771.5,29732.0,29743.0,1057
20260625  09:26:00,29743.0,29765.75,29742.25,29756.5,630
20260625  09:27:00,29755.5,29760.5,29742.5,29756.25,436
20260625  09:28:00,29756.5,29771.25,29748.5,29753.5,766
20260625  09:29:00,29753.5,29769.5,29741.75,29763.0,601
20260625  09:30:00,29765.0,29768.5,29727.25,29739.25,878
20260625  09:31:00,29739.5,29750.25,29712.75,29717.25,921
20260625  09:32:00,29716.5,29733.25,29708.0,29708.25,847
20260625  09:33:00,29707.5,29713.5,29673.25,29705.5,1388
20260625  09:34:00,29705.0,29710.75,29685.5,29710.75,741
20260625  09:35:00,29710.0,29721.5,29684.75,29713.75,796
20260625  09:36:00,29713.0,29735.25,29702.0,29710.0,977
20260625  09:37:00,29709.5,29710.5,29691.75,29704.75,722
20260625  09:38:00,29703.25,29703.25,29682.5,29697.0,569
20260625  09:39:00,29696.75,29705.25,29672.75,29683.75,780
20260625  09:40:00,29683.75,29689.5,29667.75,29680.0,736
20260625  09:41:00,29678.75,29697.25,29661.25,29664.5,799
20260625  09:42:00,29663.5,29686.75,29660.0,29669.25,619
20260625  09:43:00,29668.5,29683.25,29646.75,29647.5,918
20260625  09:44:00,29648.25,29655.75,29638.0,29651.0,928
20260625  09:45:00,29650.0,29651.5,29586.5,29592.0,2205
20260625  09:46:00,29591.75,29645.25,29589.25,29639.5,1441
20260625  09:47:00,29639.75,29681.25,29633.25,29666.0,1339
20260625  09:48:00,29665.75,29697.25,29664.25,29685.0,1046
20260625  09:49:00,29685.0,29706.75,29677.5,29698.5,934
20260625  09:50:00,29698.75,29710.25,29679.5,29701.5,840
20260625  09:51:00,29700.0,29708.0,29676.25,29681.0,668
20260625  09:52:00,29680.25,29694.75,29662.5,29693.25,748
20260625  09:53:00,29693.25,29715.75,29687.5,29695.5,806
20260625  09:54:00,29696.75,29713.0,29688.0,29688.75,432
20260625  09:55:00,29690.0,29693.0,29654.5,29666.25,848
20260625  09:56:00,29666.5,29682.5,29648.0,29654.75,860
20260625  09:57:00,29656.25,29675.25,29649.0,29653.75,489
20260625  09:58:00,29653.75,29678.25,29653.75,29676.0,431
20260625  09:59:00,29675.75,29684.25,29668.5,29682.0,351
20260625  10:00:00,29681.5,29717.5,29680.25,29702.5,822
20260625  10:01:00,29705.75,29710.0,29685.25,29699.5,471
20260625  10:02:00,29699.25,29710.25,29678.75,29692.75,559
20260625  10:03:00,29691.5,29709.0,29684.5,29700.75,524
20260625  10:04:00,29704.5,29709.75,29687.0,29687.75,502
20260625  10:05:00,29688.5,29698.25,29678.25,29691.25,414
20260625  10:06:00,29689.5,29692.25,29674.75,29675.5,352
20260625  10:07:00,29674.75,29699.0,29671.75,29697.25,460
20260625  10:08:00,29697.5,29715.5,29692.5,29694.75,572
20260625  10:09:00,29694.0,29711.75,29693.0,29705.25,342
20260625  10:10:00,29706.75,29750.0,29706.75,29745.25,1141
20260625  10:11:00,29744.0,29778.75,29742.0,29756.0,1272
20260625  10:12:00,29755.75,29758.25,29729.5,29748.0,595
20260625  10:13:00,29746.5,29767.25,29742.0,29763.25,674
20260625  10:14:00,29762.5,29771.0,29743.75,29748.5,1066
20260625  10:15:00,29747.75,29803.75,29747.75,29798.75,1374
20260625  10:16:00,29798.25,29811.0,29785.0,29789.75,826
20260625  10:17:00,29788.75,29799.5,29763.75,29775.75,824
20260625  10:18:00,29776.5,29776.75,29734.25,29735.75,1043
20260625  10:19:00,29735.0,29746.0,29700.0,29702.0,1069
20260625  10:20:00,29701.0,29720.5,29674.0,29710.25,1217
20260625  10:21:00,29711.25,29730.5,29704.75,29719.5,548
20260625  10:22:00,29719.0,29730.0,29706.75,29714.25,408
20260625  10:23:00,29715.0,29722.25,29699.0,29720.5,1126
20260625  10:24:00,29720.5,29744.0,29717.25,29734.5,524
20260625  10:25:00,29734.5,29749.75,29725.25,29738.0,524
20260625  10:26:00,29739.25,29774.0,29739.25,29771.0,632
20260625  10:27:00,29772.25,29779.75,29764.5,29772.0,553
20260625  10:28:00,29772.0,29772.0,29740.25,29746.25,1191
20260625  10:29:00,29746.75,29767.25,29745.75,29764.5,434
20260625  10:30:00,29764.75,29779.25,29756.25,29772.0,670
20260625  10:31:00,29770.75,29771.5,29746.25,29751.25,450
20260625  10:32:00,29751.0,29760.75,29732.75,29735.0,451
20260625  10:33:00,29735.5,29747.0,29720.0,29737.25,580
20260625  10:34:00,29737.0,29742.75,29726.75,29732.75,276
20260625  10:35:00,29733.25,29756.0,29729.75,29745.5,455
20260625  10:36:00,29745.5,29773.25,29744.5,29760.75,451
20260625  10:37:00,29761.75,29761.75,29743.5,29751.0,344
20260625  10:38:00,29751.75,29771.75,29747.75,29769.0,308
20260625  10:39:00,29770.0,29773.25,29754.5,29768.0,391
20260625  10:40:00,29768.0,29795.25,29766.0,29787.75,640
20260625  10:41:00,29788.75,29798.25,29765.0,29769.0,889
20260625  10:42:00,29770.0,29776.5,29758.5,29762.25,402
20260625  10:43:00,29763.0,29775.75,29742.75,29742.75,519
20260625  10:44:00,29743.5,29745.75,29726.5,29735.25,683
20260625  10:45:00,29735.5,29737.5,29694.75,29702.0,1016
20260625  10:46:00,29702.25,29724.5,29698.25,29709.75,548
20260625  10:47:00,29709.5,29711.5,29686.25,29703.0,750
20260625  10:48:00,29701.75,29706.75,29683.75,29696.5,518
20260625  10:49:00,29695.75,29698.5,29681.75,29695.75,588
20260625  10:50:00,29694.0,29710.5,29681.25,29700.0,743
20260625  10:51:00,29700.25,29709.25,29688.75,29694.0,410
20260625  10:52:00,29694.25,29717.5,29693.75,29707.0,544
20260625  10:53:00,29707.5,29753.0,29702.0,29743.25,953
20260625  10:54:00,29744.25,29760.5,29738.5,29746.75,846
20260625  10:55:00,29745.75,29757.0,29733.0,29756.0,664
20260625  10:56:00,29755.0,29758.5,29725.25,29757.5,1146
20260625  10:57:00,29758.25,29780.0,29757.0,29771.25,920
20260625  10:58:00,29771.0,29797.25,29769.25,29793.5,734
20260625  10:59:00,29793.0,29804.0,29782.25,29794.5,991
20260625  11:00:00,29793.75,29802.0,29772.5,29782.75,1044
20260625  11:01:00,29784.25,29800.0,29777.5,29782.75,794
20260625  11:02:00,29781.75,29783.0,29689.5,29695.5,2385
20260625  11:03:00,29698.75,29728.5,29680.75,29683.25,3100
20260625  11:04:00,29683.5,29722.5,29678.75,29708.75,1582
20260625  11:05:00,29709.75,29721.0,29692.0,29715.5,1019
20260625  11:06:00,29715.25,29763.75,29713.0,29761.75,1261
20260625  11:07:00,29761.5,29786.5,29749.0,29774.25,975
20260625  11:08:00,29776.0,29789.0,29769.0,29774.25,863
20260625  11:09:00,29774.5,29811.5,29773.0,29798.5,2301
20260625  11:10:00,29797.75,29813.75,29780.75,29787.0,1056
20260625  11:11:00,29787.75,29805.75,29786.0,29799.5,606
20260625  11:12:00,29800.5,29818.0,29791.0,29793.25,776
20260625  11:13:00,29792.75,29793.75,29757.75,29763.5,1220
20260625  11:14:00,29763.25,29781.25,29751.5,29773.0,892
20260625  11:15:00,29772.5,29775.5,29747.5,29758.75,594
20260625  11:16:00,29759.0,29795.75,29759.0,29791.0,800
20260625  11:17:00,29790.75,29801.75,29785.0,29789.5,689
20260625  11:18:00,29788.75,29830.75,29782.75,29828.25,1519
20260625  11:19:00,29827.5,29869.75,29825.75,29838.25,2425
20260625  11:20:00,29836.5,29858.75,29823.0,29826.25,1045
20260625  11:21:00,29826.5,29826.5,29790.5,29805.5,1022
20260625  11:22:00,29804.75,29832.5,29803.0,29811.25,1326
20260625  11:23:00,29811.5,29824.25,29806.25,29824.25,480
20260625  11:24:00,29823.25,29843.25,29817.75,29824.75,1197
20260625  11:25:00,29824.25,29862.0,29824.0,29859.0,1318
20260625  11:26:00,29858.75,29872.75,29852.0,29868.25,728
20260625  11:27:00,29868.25,29871.5,29848.75,29870.25,635
20260625  11:28:00,29869.0,29891.25,29866.5,29870.75,980
20260625  11:29:00,29871.5,29885.5,29866.0,29877.25,426
20260625  11:30:00,29877.25,29878.0,29827.25,29827.25,1054
20260625  11:31:00,29829.25,29834.25,29808.0,29823.25,990
20260625  11:32:00,29823.0,29828.25,29796.75,29799.25,751
20260625  11:33:00,29799.0,29799.5,29769.5,29774.5,1028
20260625  11:34:00,29773.75,29786.75,29765.5,29769.75,672
20260625  11:35:00,29768.5,29778.75,29739.25,29768.75,1179
20260625  11:36:00,29767.25,29790.25,29764.25,29777.75,873
20260625  11:37:00,29776.75,29793.75,29761.5,29791.75,1269
20260625  11:38:00,29790.5,29806.5,29781.75,29791.75,548
20260625  11:39:00,29791.0,29801.25,29764.25,29789.0,793
20260625  11:40:00,29789.0,29794.75,29772.0,29782.5,590
20260625  11:41:00,29784.25,29784.75,29754.25,29761.25,662
20260625  11:42:00,29761.0,29781.25,29757.25,29778.5,566
20260625  11:43:00,29779.25,29795.75,29776.0,29794.0,525
20260625  11:44:00,29793.25,29801.0,29785.75,29789.0,482
20260625  11:45:00,29789.25,29789.25,29745.0,29757.25,966
20260625  11:46:00,29757.0,29766.0,29722.0,29723.5,789
20260625  11:47:00,29722.0,29732.0,29703.25,29729.5,889
20260625  11:48:00,29728.0,29742.5,29724.0,29740.0,547
20260625  11:49:00,29741.0,29766.75,29741.0,29764.75,667
20260625  11:50:00,29764.5,29781.5,29761.0,29774.5,812
20260625  11:51:00,29776.0,29784.75,29752.25,29756.75,565
20260625  11:52:00,29755.75,29812.0,29751.0,29811.5,858
20260625  11:53:00,29809.0,29811.25,29783.5,29785.5,507
20260625  11:54:00,29786.25,29793.0,29761.75,29771.0,509
20260625  11:55:00,29770.25,29794.5,29769.5,29781.75,498
20260625  11:56:00,29783.0,29786.25,29761.75,29777.25,393
20260625  11:57:00,29777.5,29780.75,29752.0,29764.75,465
20260625  11:58:00,29765.5,29775.75,29754.0,29755.75,439
20260625  11:59:00,29755.75,29773.5,29750.5,29773.5,438
20260625  12:00:00,29773.75,29777.5,29754.75,29760.75,540
20260625  12:01:00,29760.25,29766.5,29740.25,29741.5,594
20260625  12:02:00,29742.0,29743.5,29717.25,29719.0,924
20260625  12:03:00,29719.25,29723.0,29690.5,29712.5,895
20260625  12:04:00,29711.25,29718.5,29690.0,29694.0,793
20260625  12:05:00,29693.25,29711.75,29680.0,29680.0,751
20260625  12:06:00,29681.0,29703.75,29676.0,29695.25,710
20260625  12:07:00,29696.75,29713.5,29691.5,29708.25,606
20260625  12:08:00,29709.0,29720.25,29698.0,29703.25,617
20260625  12:09:00,29703.25,29712.75,29690.5,29705.75,578
20260625  12:10:00,29706.75,29714.5,29688.5,29701.25,653
20260625  12:11:00,29705.0,29713.75,29695.25,29696.0,485
20260625  12:12:00,29696.5,29703.25,29687.25,29697.25,425
20260625  12:13:00,29698.25,29710.75,29671.5,29680.0,722
20260625  12:14:00,29678.5,29687.0,29661.0,29672.25,747
20260625  12:15:00,29670.25,29671.25,29640.0,29655.25,1248
20260625  12:16:00,29654.0,29682.0,29653.75,29670.75,1045
20260625  12:17:00,29671.5,29672.75,29630.75,29632.0,835
20260625  12:18:00,29633.0,29655.5,29626.5,29631.75,773
20260625  12:19:00,29631.25,29655.0,29626.0,29651.75,1104
20260625  12:20:00,29651.5,29665.75,29638.5,29642.75,761
20260625  12:21:00,29642.25,29665.0,29635.25,29646.25,914
20260625  12:22:00,29647.25,29669.25,29640.75,29662.75,663
20260625  12:23:00,29663.75,29677.25,29651.25,29659.25,968
20260625  12:24:00,29657.5,29673.5,29652.5,29672.5,492
20260625  12:25:00,29673.25,29692.75,29668.75,29677.5,843
20260625  12:26:00,29677.25,29692.75,29667.0,29688.75,642
20260625  12:27:00,29688.75,29693.25,29670.0,29670.0,620
20260625  12:28:00,29671.75,29672.25,29652.75,29660.25,765
20260625  12:29:00,29658.75,29699.25,29656.25,29682.75,867
20260625  12:30:00,29682.75,29688.75,29658.25,29661.5,951
20260625  12:31:00,29660.75,29662.0,29629.5,29640.25,933
20260625  12:32:00,29640.25,29657.5,29631.5,29631.5,580
20260625  12:33:00,29631.75,29650.5,29630.5,29646.5,409
20260625  12:34:00,29645.75,29674.0,29643.75,29667.5,718
20260625  12:35:00,29667.0,29667.5,29645.0,29650.75,488
20260625  12:36:00,29650.75,29664.5,29635.75,29638.5,672
20260625  12:37:00,29638.75,29648.25,29623.75,29642.75,857
20260625  12:38:00,29644.0,29644.0,29624.75,29628.5,417
20260625  12:39:00,29628.0,29648.0,29620.5,29646.25,550
20260625  12:40:00,29648.75,29674.75,29642.75,29647.0,1001
20260625  12:41:00,29647.25,29677.25,29629.0,29671.25,1018
20260625  12:42:00,29669.5,29685.0,29665.75,29672.75,655
20260625  12:43:00,29672.25,29683.0,29663.5,29680.75,625
20260625  12:44:00,29680.5,29687.5,29668.25,29673.0,558
20260625  12:45:00,29672.75,29678.25,29654.25,29661.25,783
20260625  12:46:00,29660.75,29665.0,29635.5,29649.25,645
20260625  12:47:00,29649.25,29680.25,29649.0,29659.0,836
20260625  12:48:00,29659.5,29659.75,29642.25,29644.0,509
20260625  12:49:00,29644.0,29655.25,29634.75,29654.25,629
20260625  12:50:00,29652.5,29663.25,29616.25,29639.5,1362
20260625  12:51:00,29640.75,29671.25,29631.0,29666.5,1058
20260625  12:52:00,29664.75,29689.25,29661.5,29689.25,899
20260625  12:53:00,29689.0,29709.5,29680.0,29685.25,1366
20260625  12:54:00,29684.25,29695.0,29669.25,29692.75,1051
20260625  12:55:00,29693.5,29717.5,29684.5,29704.25,1255
20260625  12:56:00,29704.25,29710.25,29687.5,29689.75,1037
20260625  12:57:00,29689.75,29711.25,29689.0,29692.25,905
20260625  12:58:00,29693.0,29696.75,29681.0,29685.75,1172
20260625  12:59:00,29686.5,29751.5,29683.25,29749.5,7123
20260625  13:00:00,29750.0,29836.0,29747.75,29833.25,5012
20260625  13:01:00,29834.5,29922.5,29832.25,29896.75,3902
20260625  13:02:00,29896.25,29899.75,29853.25,29853.25,2308
20260625  13:03:00,29852.25,29853.75,29825.0,29826.25,1165
20260625  13:04:00,29828.0,29842.5,29826.25,29838.25,662
20260625  13:05:00,29837.25,29850.0,29820.0,29827.25,854
20260625  13:06:00,29827.75,29836.25,29820.75,29824.0,608
20260625  13:07:00,29823.75,29832.0,29813.0,29819.5,627
20260625  13:08:00,29819.75,29825.25,29813.75,29825.25,280
20260625  13:09:00,29825.0,29831.5,29806.0,29808.75,566
20260625  13:10:00,29808.75,29809.0,29797.5,29798.75,334
20260625  13:11:00,29797.5,29808.75,29795.75,29807.0,709
20260625  13:12:00,29808.0,29814.0,29803.75,29806.25,197
20260625  13:13:00,29805.25,29807.5,29795.0,29803.5,224
20260625  13:14:00,29803.75,29807.5,29802.0,29806.75,258
20260625  13:15:00,29806.5,29821.75,29804.0,29815.75,392
20260625  13:16:00,29817.25,29822.5,29812.75,29822.5,333
20260625  13:17:00,29821.5,29834.0,29814.0,29823.5,649
20260625  13:18:00,29823.5,29838.0,29822.5,29829.0,314
20260625  13:19:00,29828.75,29839.0,29824.5,29834.5,331
20260625  13:20:00,29834.25,29837.0,29830.25,29837.0,219
20260625  13:21:00,29837.5,29858.0,29833.0,29856.0,449
20260625  13:22:00,29857.0,29857.0,29841.0,29848.75,325
20260625  13:23:00,29848.0,29868.25,29847.75,29856.0,640
20260625  13:24:00,29855.0,29856.0,29843.0,29843.0,216
20260625  13:25:00,29843.5,29846.0,29825.5,29827.5,257
20260625  13:26:00,29827.0,29833.25,29823.5,29830.25,255
20260625  13:27:00,29829.75,29834.5,29827.25,29829.0,263
20260625  13:28:00,29828.25,29828.25,29814.25,29821.25,432
20260625  13:29:00,29822.5,29824.25,29816.5,29818.5,119
20260625  13:30:00,29820.5,29823.5,29805.0,29808.5,191
20260625  13:31:00,29808.75,29815.25,29786.0,29790.25,433
20260625  13:32:00,29791.0,29792.5,29780.0,29786.75,278
20260625  13:33:00,29787.5,29798.0,29785.25,29798.0,181
20260625  13:34:00,29796.75,29806.0,29794.75,29801.5,154
20260625  13:35:00,29801.25,29806.0,29798.5,29800.75,96
20260625  13:36:00,29799.25,29804.25,29791.5,29800.0,112
20260625  13:37:00,29802.25,29802.25,29789.5,29791.0,57
20260625  13:38:00,29792.25,29792.25,29781.5,29783.0,80
20260625  13:39:00,29784.0,29787.5,29772.0,29776.5,120
20260625  13:40:00,29776.5,29781.0,29770.0,29779.0,152
20260625  13:41:00,29777.25,29783.0,29775.75,29781.75,53
20260625  13:42:00,29782.25,29789.0,29780.25,29781.75,110
20260625  13:43:00,29780.75,29782.5,29775.5,29778.25,48
20260625  13:44:00,29776.5,29779.25,29774.75,29777.75,95
20260625  13:45:00,29778.75,29780.5,29774.0,29775.5,85
20260625  13:46:00,29777.25,29779.75,29770.0,29772.0,60
20260625  13:47:00,29771.25,29775.5,29766.75,29772.0,83
20260625  13:48:00,29772.0,29772.5,29761.25,29763.5,87
20260625  13:49:00,29763.0,29771.5,29762.25,29767.25,85
20260625  13:50:00,29768.75,29770.5,29764.5,29766.0,43
20260625  13:51:00,29767.0,29767.0,29761.25,29766.0,37
20260625  13:52:00,29768.0,29769.75,29764.25,29764.5,38
20260625  13:53:00,29761.0,29763.5,29753.0,29761.75,107
20260625  13:54:00,29759.75,29763.0,29759.0,29759.0,61
20260625  13:55:00,29759.75,29763.5,29756.0,29762.25,69
20260625  13:56:00,29761.5,29763.0,29757.0,29761.5,50
20260625  13:57:00,29761.5,29767.25,29759.0,29762.0,56
20260625  13:58:00,29761.5,29762.25,29753.75,29758.5,48
20260625  13:59:00,29761.0,29763.75,29750.25,29759.25,273
20260625  15:00:00,29742.0,29761.25,29715.5,29722.5,812
20260625  15:01:00,29722.25,29730.0,29703.75,29705.75,255
20260625  15:02:00,29707.25,29722.0,29702.25,29719.75,172
20260625  15:03:00,29719.5,29733.75,29705.25,29706.75,178
20260625  15:04:00,29705.5,29707.75,29696.75,29699.5,189
20260625  15:05:00,29698.5,29699.25,29681.75,29692.5,236
20260625  15:06:00,29690.75,29691.5,29679.25,29684.0,252
20260625  15:07:00,29682.0,29690.75,29679.75,29690.25,119
20260625  15:08:00,29689.5,29689.5,29672.0,29674.75,340
20260625  15:09:00,29674.5,29678.0,29664.75,29665.75,192
20260625  15:10:00,29667.25,29667.5,29635.0,29649.0,386
20260625  15:11:00,29647.0,29649.75,29630.0,29638.25,247
20260625  15:12:00,29637.75,29647.75,29637.5,29643.5,81
20260625  15:13:00,29640.25,29642.25,29624.5,29636.75,329
20260625  15:14:00,29636.25,29663.75,29634.5,29646.0,505
20260625  15:15:00,29646.0,29663.5,29645.0,29659.5,289
20260625  15:16:00,29657.25,29672.75,29656.5,29667.75,218
20260625  15:17:00,29667.5,29680.25,29667.5,29674.25,133
20260625  15:18:00,29673.75,29684.5,29670.25,29670.75,80
20260625  15:19:00,29670.5,29670.5,29636.5,29644.25,384
20260625  15:20:00,29644.25,29645.5,29628.0,29634.75,173
20260625  15:21:00,29635.0,29637.25,29626.5,29634.5,105
20260625  15:22:00,29637.0,29661.5,29637.0,29651.5,293
20260625  15:23:00,29651.75,29665.25,29651.25,29659.75,143
20260625  15:24:00,29658.75,29659.25,29646.5,29658.75,135
20260625  15:25:00,29659.0,29659.0,29641.0,29643.25,95
20260625  15:26:00,29640.25,29654.5,29632.0,29632.5,330
20260625  15:27:00,29631.5,29636.0,29619.0,29628.5,216
20260625  15:28:00,29629.0,29639.0,29623.75,29623.75,145
20260625  15:29:00,29623.0,29629.5,29614.0,29616.0,192
20260625  15:30:00,29617.75,29636.5,29605.5,29628.25,316
20260625  15:31:00,29630.5,29639.0,29628.5,29634.5,119
20260625  15:32:00,29637.25,29638.25,29622.0,29629.5,109
20260625  15:33:00,29629.5,29634.25,29620.0,29627.25,134
20260625  15:34:00,29630.0,29647.0,29627.75,29644.0,186
20260625  15:35:00,29643.75,29652.0,29639.5,29651.75,151
20260625  15:36:00,29648.5,29658.0,29648.25,29657.0,99
20260625  15:37:00,29656.0,29666.0,29652.5,29657.0,170
20260625  15:38:00,29655.0,29661.0,29650.5,29660.75,111
20260625  15:39:00,29660.75,29661.5,29648.75,29650.0,85
20260625  15:40:00,29650.0,29657.5,29647.5,29653.0,86
20260625  15:41:00,29652.25,29658.5,29651.0,29654.25,89
20260625  15:42:00,29652.5,29654.5,29645.0,29653.0,113
20260625  15:43:00,29653.0,29659.75,29653.0,29657.75,57
20260625  15:44:00,29659.0,29667.75,29657.0,29662.0,122
20260625  15:45:00,29661.75,29665.0,29655.0,29664.5,49
20260625  15:46:00,29662.75,29667.0,29655.75,29658.0,64
20260625  15:47:00,29656.5,29656.5,29645.0,29651.5,129
20260625  15:48:00,29649.25,29656.0,29643.25,29645.75,103
20260625  15:49:00,29645.75,29651.25,29640.75,29650.0,147
20260625  15:50:00,29653.5,29660.75,29648.5,29655.75,91
20260625  15:51:00,29653.0,29653.0,29645.5,29652.5,71
20260625  15:52:00,29653.25,29673.75,29653.25,29669.75,176
20260625  15:53:00,29669.0,29670.5,29666.25,29668.75,62
20260625  15:54:00,29670.0,29684.0,29667.25,29684.0,197
20260625  15:55:00,29684.0,29685.25,29676.75,29678.25,66
20260625  15:56:00,29678.75,29688.0,29668.5,29686.25,255
20260625  15:57:00,29686.0,29686.25,29677.5,29680.0,67
20260625  15:58:00,29678.0,29687.0,29678.0,29686.25,76
20260625  15:59:00,29685.0,29687.75,29678.25,29678.25,126
20260625  16:00:00,29678.75,29686.5,29675.5,29684.5,53
20260625  16:01:00,29684.75,29688.0,29677.75,29681.0,95
20260625  16:02:00,29684.25,29686.0,29679.5,29685.0,71
20260625  16:03:00,29685.75,29686.0,29680.0,29680.0,36
20260625  16:04:00,29679.25,29687.0,29676.5,29684.75,92
20260625  16:05:00,29683.5,29687.5,29682.25,29686.75,42
20260625  16:06:00,29684.0,29687.0,29680.25,29681.5,33
20260625  16:07:00,29681.5,29685.25,29678.75,29684.25,72
20260625  16:08:00,29683.5,29685.25,29672.5,29678.0,110
20260625  16:09:00,29678.0,29678.0,29668.0,29675.25,117
20260625  16:10:00,29676.0,29689.5,29674.75,29686.5,109
20260625  16:11:00,29687.0,29693.25,29684.75,29691.25,208
20260625  16:12:00,29691.0,29707.25,29688.0,29705.25,278
20260625  16:13:00,29704.5,29722.5,29702.0,29719.75,293
20260625  16:14:00,29717.25,29744.75,29716.75,29742.0,403
20260625  16:15:00,29743.0,29743.75,29733.5,29738.25,181
20260625  16:16:00,29739.0,29770.0,29735.75,29765.75,523
20260625  16:17:00,29767.5,29801.75,29764.0,29799.75,569
20260625  16:18:00,29802.0,29835.75,29802.0,29821.25,565
20260625  16:19:00,29824.0,29847.0,29820.25,29836.0,436
20260625  16:20:00,29836.0,29870.5,29830.0,29858.5,472
20260625  16:21:00,29858.75,29878.25,29846.75,29868.0,499
20260625  16:22:00,29870.0,29873.5,29849.0,29856.75,346
20260625  16:23:00,29856.75,29877.5,29848.75,29871.25,372
20260625  16:24:00,29870.0,29879.75,29859.25,29860.75,197
20260625  16:25:00,29860.25,29892.75,29858.75,29887.0,428
20260625  16:26:00,29886.25,29886.25,29874.0,29875.5,119
20260625  16:27:00,29875.75,29881.25,29863.5,29872.5,271
20260625  16:28:00,29869.75,29881.0,29869.75,29878.5,71
20260625  16:29:00,29875.0,29890.75,29866.0,29868.75,258
20260625  16:30:00,29868.5,29878.25,29850.25,29850.75,382
20260625  16:31:00,29851.75,29878.0,29850.75,29873.25,372
20260625  16:32:00,29871.25,29878.5,29865.0,29872.0,182
20260625  16:33:00,29873.5,29875.25,29855.0,29858.75,156
20260625  16:34:00,29859.5,29860.0,29843.75,29846.0,149
20260625  16:35:00,29845.0,29849.0,29837.0,29843.75,166
20260625  16:36:00,29841.75,29842.75,29826.5,29833.25,266
20260625  16:37:00,29833.5,29849.0,29831.5,29841.5,192
20260625  16:38:00,29842.5,29846.75,29821.75,29829.5,298
20260625  16:39:00,29828.5,29832.0,29810.0,29813.25,387
20260625  16:40:00,29813.25,29813.25,29801.5,29803.5,239
20260625  16:41:00,29801.5,29812.0,29791.0,29791.75,254
20260625  16:42:00,29791.75,29793.5,29777.5,29777.5,224
20260625  16:43:00,29777.25,29788.0,29771.25,29783.5,243
20260625  16:44:00,29781.75,29781.75,29763.0,29763.5,301
20260625  16:45:00,29763.5,29763.5,29731.0,29736.75,391
20260625  16:46:00,29735.75,29744.75,29731.25,29734.0,418
20260625  16:47:00,29733.5,29733.5,29714.5,29724.25,361
20260625  16:48:00,29722.25,29731.25,29717.0,29723.25,234
20260625  16:49:00,29723.25,29726.0,29709.75,29711.25,200
20260625  16:50:00,29711.0,29712.25,29683.0,29684.25,567
20260625  16:51:00,29685.75,29700.25,29679.5,29688.0,462
20260625  16:52:00,29692.0,29701.75,29688.0,29694.25,162
20260625  16:53:00,29690.75,29694.0,29683.25,29689.5,160
20260625  16:54:00,29690.75,29698.0,29678.0,29697.0,295
20260625  16:55:00,29695.5,29699.5,29688.25,29689.75,130
20260625  16:56:00,29689.75,29694.0,29666.25,29685.75,394
20260625  16:57:00,29686.5,29702.0,29686.0,29697.0,136
20260625  16:58:00,29697.0,29704.75,29687.25,29694.75,154
20260625  16:59:00,29692.0,29707.0,29689.5,29707.0,140
20260625  17:00:00,29704.25,29723.0,29703.0,29718.75,454
20260625  17:01:00,29719.25,29727.5,29690.5,29691.5,469
20260625  17:02:00,29691.75,29729.25,29683.0,29726.75,380
20260625  17:03:00,29723.5,29736.75,29720.25,29731.0,354
20260625  17:04:00,29730.75,29750.0,29730.75,29737.0,303
20260625  17:05:00,29739.0,29754.5,29731.25,29751.75,206
20260625  17:06:00,29752.0,29770.0,29746.25,29766.0,409
20260625  17:07:00,29767.0,29768.25,29743.0,29759.75,293
20260625  17:08:00,29761.5,29765.25,29740.5,29741.75,219
20260625  17:09:00,29743.25,29772.75,29737.0,29766.75,212
20260625  17:10:00,29766.25,29768.0,29754.5,29754.5,98
20260625  17:11:00,29758.25,29758.75,29737.75,29741.75,125
20260625  17:12:00,29741.75,29748.0,29727.25,29732.75,175
20260625  17:13:00,29730.0,29747.0,29721.0,29746.0,336
20260625  17:14:00,29747.25,29762.25,29742.25,29751.25,239
20260625  17:15:00,29752.25,29760.75,29731.25,29758.75,306
20260625  17:16:00,29759.25,29763.25,29731.25,29732.5,140
20260625  17:17:00,29730.0,29766.0,29729.0,29758.0,190
20260625  17:18:00,29759.0,29767.0,29732.75,29736.5,208
20260625  17:19:00,29734.75,29742.5,29721.75,29721.75,254
20260625  17:20:00,29724.0,29740.25,29711.0,29737.75,264
20260625  17:21:00,29736.25,29736.25,29720.0,29731.5,102
20260625  17:22:00,29728.25,29728.5,29712.25,29721.5,131
20260625  17:23:00,29720.75,29736.0,29720.75,29725.25,102
20260625  17:24:00,29723.5,29723.5,29704.0,29704.25,124
20260625  17:25:00,29704.0,29710.25,29696.0,29700.5,184
20260625  17:26:00,29705.0,29706.75,29667.75,29668.75,364
20260625  17:27:00,29669.75,29683.0,29650.25,29665.75,375
20260625  17:28:00,29665.75,29697.0,29662.75,29690.0,283
20260625  17:29:00,29690.75,29712.0,29678.25,29709.75,290
20260625  17:30:00,29707.75,29714.75,29683.5,29689.0,214
20260625  17:31:00,29690.0,29694.75,29673.0,29685.5,197
20260625  17:32:00,29687.25,29703.75,29666.75,29673.25,206
20260625  17:33:00,29671.75,29676.0,29659.5,29664.5,177
20260625  17:34:00,29663.25,29669.75,29648.25,29660.0,311
20260625  17:35:00,29661.5,29666.5,29644.75,29646.75,219
20260625  17:36:00,29649.25,29682.0,29644.25,29676.5,240
20260625  17:37:00,29674.25,29682.25,29666.0,29680.5,151
20260625  17:38:00,29679.0,29679.0,29662.75,29666.5,76
20260625  17:39:00,29665.0,29673.0,29649.0,29671.25,147
20260625  17:40:00,29674.0,29696.0,29674.0,29689.0,253
20260625  17:41:00,29687.5,29687.75,29661.5,29672.25,179
20260625  17:42:00,29673.0,29695.5,29672.0,29673.75,171
20260625  17:43:00,29674.25,29691.5,29671.75,29680.75,65
20260625  17:44:00,29680.0,29681.0,29666.0,29667.75,77
20260625  17:45:00,29669.0,29678.25,29665.0,29665.5,93
20260625  17:46:00,29673.25,29678.0,29666.0,29674.25,66
20260625  17:47:00,29668.75,29693.0,29663.25,29685.5,104
20260625  17:48:00,29687.5,29694.75,29684.25,29690.0,90
20260625  17:49:00,29691.0,29694.0,29669.75,29669.75,110
20260625  17:50:00,29669.75,29670.5,29655.5,29660.0,119
20260625  17:51:00,29662.75,29692.25,29662.75,29683.25,108
20260625  17:52:00,29684.5,29694.0,29681.25,29683.5,91
20260625  17:53:00,29682.25,29689.0,29669.0,29673.5,48
20260625  17:54:00,29678.25,29678.5,29646.5,29651.0,138
20260625  17:55:00,29650.5,29652.25,29642.0,29645.75,128
20260625  17:56:00,29649.25,29660.0,29629.75,29634.5,332
20260625  17:57:00,29633.5,29645.5,29615.75,29643.75,344
20260625  17:58:00,29641.75,29657.5,29632.75,29653.25,154
20260625  17:59:00,29652.0,29653.0,29635.0,29636.0,97
20260625  18:00:00,29638.0,29652.25,29632.5,29652.25,227
20260625  18:01:00,29649.75,29676.75,29649.25,29657.0,327
20260625  18:02:00,29657.75,29659.5,29645.0,29649.25,127
20260625  18:03:00,29651.5,29657.75,29634.25,29640.75,163
20260625  18:04:00,29641.25,29646.25,29609.0,29611.5,234
20260625  18:05:00,29610.75,29613.0,29574.5,29575.25,529
20260625  18:06:00,29576.5,29593.25,29565.75,29588.25,559
20260625  18:07:00,29590.0,29604.75,29585.75,29588.75,255
20260625  18:08:00,29588.75,29621.5,29588.0,29617.75,224
20260625  18:09:00,29617.75,29620.25,29605.0,29611.5,136
20260625  18:10:00,29613.0,29629.0,29613.0,29628.0,204
20260625  18:11:00,29627.5,29653.5,29625.5,29645.25,227
20260625  18:12:00,29644.0,29654.75,29637.5,29650.25,115
20260625  18:13:00,29651.25,29655.0,29633.0,29633.0,115
20260625  18:14:00,29632.25,29637.5,29622.25,29637.5,82
20260625  18:15:00,29637.0,29656.75,29630.5,29650.5,206
20260625  18:16:00,29647.5,29669.25,29645.75,29669.25,181
20260625  18:17:00,29666.75,29673.75,29654.5,29657.25,168
20260625  18:18:00,29658.75,29659.75,29643.5,29651.75,63
